scenario,diet_id,diet_group,combo,solved
baseline_no_ablation,person_1,real,full_day,False
baseline_no_ablation,person_1,real,lunch_snack_dinner,False
baseline_no_ablation,person_1,real,lunch_dinner,False
baseline_no_ablation,person_1,real,lunch_only,False
baseline_no_ablation,person_1,real,dinner_only,False
baseline_no_ablation,person_1,real,lunch_snack,False
baseline_no_ablation,person_2,real,full_day,True
baseline_no_ablation,person_2,real,lunch_snack_dinner,True
baseline_no_ablation,person_2,real,lunch_dinner,True
baseline_no_ablation,person_2,real,lunch_only,False
baseline_no_ablation,person_2,real,dinner_only,False
baseline_no_ablation,person_2,real,lunch_snack,True
baseline_no_ablation,person_3,real,full_day,True
baseline_no_ablation,person_3,real,lunch_snack_dinner,True
baseline_no_ablation,person_3,real,lunch_dinner,True
baseline_no_ablation,person_3,real,lunch_only,False
baseline_no_ablation,person_3,real,dinner_only,False
baseline_no_ablation,person_3,real,lunch_snack,False
baseline_no_ablation,person_4,real,full_day,True
baseline_no_ablation,person_4,real,lunch_snack_dinner,False
baseline_no_ablation,person_4,real,lunch_dinner,True
baseline_no_ablation,person_4,real,lunch_only,True
baseline_no_ablation,person_4,real,dinner_only,False
baseline_no_ablation,person_4,real,lunch_snack,True
baseline_no_ablation,person_5,real,full_day,True
baseline_no_ablation,person_5,real,lunch_snack_dinner,True
baseline_no_ablation,person_5,real,lunch_dinner,True
baseline_no_ablation,person_5,real,lunch_only,False
baseline_no_ablation,person_5,real,dinner_only,False
baseline_no_ablation,person_5,real,lunch_snack,True
baseline_no_ablation,person_6,real,full_day,True
baseline_no_ablation,person_6,real,lunch_snack_dinner,True
baseline_no_ablation,person_6,real,lunch_dinner,True
baseline_no_ablation,person_6,real,lunch_only,False
baseline_no_ablation,person_6,real,dinner_only,False
baseline_no_ablation,person_6,real,lunch_snack,False
baseline_no_ablation,person_7,real,full_day,True
baseline_no_ablation,person_7,real,lunch_snack_dinner,True
baseline_no_ablation,person_7,real,lunch_dinner,True
baseline_no_ablation,person_7,real,lunch_only,False
baseline_no_ablation,person_7,real,dinner_only,False
baseline_no_ablation,person_7,real,lunch_snack,False
baseline_no_ablation,person_8,real,full_day,True
baseline_no_ablation,person_8,real,lunch_snack_dinner,True
baseline_no_ablation,person_8,real,lunch_dinner,True
baseline_no_ablation,person_8,real,lunch_only,False
baseline_no_ablation,person_8,real,dinner_only,False
baseline_no_ablation,person_8,real,lunch_snack,False
baseline_no_ablation,person_9,real,full_day,True
baseline_no_ablation,person_9,real,lunch_snack_dinner,False
baseline_no_ablation,person_9,real,lunch_dinner,True
baseline_no_ablation,person_9,real,lunch_only,True
baseline_no_ablation,person_9,real,dinner_only,False
baseline_no_ablation,person_9,real,lunch_snack,True
baseline_no_ablation,person_10,real,full_day,True
baseline_no_ablation,person_10,real,lunch_snack_dinner,True
baseline_no_ablation,person_10,real,lunch_dinner,True
baseline_no_ablation,person_10,real,lunch_only,False
baseline_no_ablation,person_10,real,dinner_only,False
baseline_no_ablation,person_10,real,lunch_snack,True
baseline_no_ablation,synth_1000_balanced,synthetic,full_day,True
baseline_no_ablation,synth_1000_balanced,synthetic,lunch_snack_dinner,True
baseline_no_ablation,synth_1000_balanced,synthetic,lunch_dinner,True
baseline_no_ablation,synth_1000_balanced,synthetic,lunch_only,False
baseline_no_ablation,synth_1000_balanced,synthetic,dinner_only,True
baseline_no_ablation,synth_1000_balanced,synthetic,lunch_snack,True
baseline_no_ablation,synth_1000_low_protein,synthetic,full_day,True
baseline_no_ablation,synth_1000_low_protein,synthetic,lunch_snack_dinner,True
baseline_no_ablation,synth_1000_low_protein,synthetic,lunch_dinner,False
baseline_no_ablation,synth_1000_low_protein,synthetic,lunch_only,False
baseline_no_ablation,synth_1000_low_protein,synthetic,dinner_only,True
baseline_no_ablation,synth_1000_low_protein,synthetic,lunch_snack,False
baseline_no_ablation,synth_1000_extremely_low_protein,synthetic,full_day,False
baseline_no_ablation,synth_1000_extremely_low_protein,synthetic,lunch_snack_dinner,False
baseline_no_ablation,synth_1000_extremely_low_protein,synthetic,lunch_dinner,False
baseline_no_ablation,synth_1000_extremely_low_protein,synthetic,lunch_only,False
baseline_no_ablation,synth_1000_extremely_low_protein,synthetic,dinner_only,False
baseline_no_ablation,synth_1000_extremely_low_protein,synthetic,lunch_snack,False
baseline_no_ablation,synth_1000_high_protein,synthetic,full_day,True
baseline_no_ablation,synth_1000_high_protein,synthetic,lunch_snack_dinner,False
baseline_no_ablation,synth_1000_high_protein,synthetic,lunch_dinner,True
baseline_no_ablation,synth_1000_high_protein,synthetic,lunch_only,True
baseline_no_ablation,synth_1000_high_protein,synthetic,dinner_only,False
baseline_no_ablation,synth_1000_high_protein,synthetic,lunch_snack,True
baseline_no_ablation,synth_1000_extremely_high_protein,synthetic,full_day,False
baseline_no_ablation,synth_1000_extremely_high_protein,synthetic,lunch_snack_dinner,False
baseline_no_ablation,synth_1000_extremely_high_protein,synthetic,lunch_dinner,False
baseline_no_ablation,synth_1000_extremely_high_protein,synthetic,lunch_only,False
baseline_no_ablation,synth_1000_extremely_high_protein,synthetic,dinner_only,False
baseline_no_ablation,synth_1000_extremely_high_protein,synthetic,lunch_snack,False
baseline_no_ablation,synth_1000_low_fat,synthetic,full_day,False
baseline_no_ablation,synth_1000_low_fat,synthetic,lunch_snack_dinner,False
baseline_no_ablation,synth_1000_low_fat,synthetic,lunch_dinner,False
baseline_no_ablation,synth_1000_low_fat,synthetic,lunch_only,False
baseline_no_ablation,synth_1000_low_fat,synthetic,dinner_only,False
baseline_no_ablation,synth_1000_low_fat,synthetic,lunch_snack,False
baseline_no_ablation,synth_1000_extremely_low_fat,synthetic,full_day,False
baseline_no_ablation,synth_1000_extremely_low_fat,synthetic,lunch_snack_dinner,False
baseline_no_ablation,synth_1000_extremely_low_fat,synthetic,lunch_dinner,False
baseline_no_ablation,synth_1000_extremely_low_fat,synthetic,lunch_only,False
baseline_no_ablation,synth_1000_extremely_low_fat,synthetic,dinner_only,False
baseline_no_ablation,synth_1000_extremely_low_fat,synthetic,lunch_snack,False
baseline_no_ablation,synth_1000_high_fat,synthetic,full_day,False
baseline_no_ablation,synth_1000_high_fat,synthetic,lunch_snack_dinner,False
baseline_no_ablation,synth_1000_high_fat,synthetic,lunch_dinner,False
baseline_no_ablation,synth_1000_high_fat,synthetic,lunch_only,False
baseline_no_ablation,synth_1000_high_fat,synthetic,dinner_only,True
baseline_no_ablation,synth_1000_high_fat,synthetic,lunch_snack,False
baseline_no_ablation,synth_1000_extremely_high_fat,synthetic,full_day,False
baseline_no_ablation,synth_1000_extremely_high_fat,synthetic,lunch_snack_dinner,False
baseline_no_ablation,synth_1000_extremely_high_fat,synthetic,lunch_dinner,False
baseline_no_ablation,synth_1000_extremely_high_fat,synthetic,lunch_only,False
baseline_no_ablation,synth_1000_extremely_high_fat,synthetic,dinner_only,False
baseline_no_ablation,synth_1000_extremely_high_fat,synthetic,lunch_snack,False
baseline_no_ablation,synth_1000_low_carbs,synthetic,full_day,False
baseline_no_ablation,synth_1000_low_carbs,synthetic,lunch_snack_dinner,False
baseline_no_ablation,synth_1000_low_carbs,synthetic,lunch_dinner,False
baseline_no_ablation,synth_1000_low_carbs,synthetic,lunch_only,False
baseline_no_ablation,synth_1000_low_carbs,synthetic,dinner_only,True
baseline_no_ablation,synth_1000_low_carbs,synthetic,lunch_snack,False
baseline_no_ablation,synth_1000_extremely_low_carbs,synthetic,full_day,False
baseline_no_ablation,synth_1000_extremely_low_carbs,synthetic,lunch_snack_dinner,False
baseline_no_ablation,synth_1000_extremely_low_carbs,synthetic,lunch_dinner,False
baseline_no_ablation,synth_1000_extremely_low_carbs,synthetic,lunch_only,False
baseline_no_ablation,synth_1000_extremely_low_carbs,synthetic,dinner_only,True
baseline_no_ablation,synth_1000_extremely_low_carbs,synthetic,lunch_snack,False
baseline_no_ablation,synth_1000_high_carbs,synthetic,full_day,True
baseline_no_ablation,synth_1000_high_carbs,synthetic,lunch_snack_dinner,True
baseline_no_ablation,synth_1000_high_carbs,synthetic,lunch_dinner,True
baseline_no_ablation,synth_1000_high_carbs,synthetic,lunch_only,False
baseline_no_ablation,synth_1000_high_carbs,synthetic,dinner_only,False
baseline_no_ablation,synth_1000_high_carbs,synthetic,lunch_snack,False
baseline_no_ablation,synth_1000_extremely_high_carbs,synthetic,full_day,False
baseline_no_ablation,synth_1000_extremely_high_carbs,synthetic,lunch_snack_dinner,False
baseline_no_ablation,synth_1000_extremely_high_carbs,synthetic,lunch_dinner,False
baseline_no_ablation,synth_1000_extremely_high_carbs,synthetic,lunch_only,False
baseline_no_ablation,synth_1000_extremely_high_carbs,synthetic,dinner_only,False
baseline_no_ablation,synth_1000_extremely_high_carbs,synthetic,lunch_snack,False
baseline_no_ablation,synth_1500_balanced,synthetic,full_day,True
baseline_no_ablation,synth_1500_balanced,synthetic,lunch_snack_dinner,True
baseline_no_ablation,synth_1500_balanced,synthetic,lunch_dinner,True
baseline_no_ablation,synth_1500_balanced,synthetic,lunch_only,False
baseline_no_ablation,synth_1500_balanced,synthetic,dinner_only,False
baseline_no_ablation,synth_1500_balanced,synthetic,lunch_snack,True
baseline_no_ablation,synth_1500_low_protein,synthetic,full_day,True
baseline_no_ablation,synth_1500_low_protein,synthetic,lunch_snack_dinner,True
baseline_no_ablation,synth_1500_low_protein,synthetic,lunch_dinner,True
baseline_no_ablation,synth_1500_low_protein,synthetic,lunch_only,False
baseline_no_ablation,synth_1500_low_protein,synthetic,dinner_only,False
baseline_no_ablation,synth_1500_low_protein,synthetic,lunch_snack,False
baseline_no_ablation,synth_1500_extremely_low_protein,synthetic,full_day,False
baseline_no_ablation,synth_1500_extremely_low_protein,synthetic,lunch_snack_dinner,False
baseline_no_ablation,synth_1500_extremely_low_protein,synthetic,lunch_dinner,False
baseline_no_ablation,synth_1500_extremely_low_protein,synthetic,lunch_only,False
baseline_no_ablation,synth_1500_extremely_low_protein,synthetic,dinner_only,False
baseline_no_ablation,synth_1500_extremely_low_protein,synthetic,lunch_snack,False
baseline_no_ablation,synth_1500_high_protein,synthetic,full_day,True
baseline_no_ablation,synth_1500_high_protein,synthetic,lunch_snack_dinner,True
baseline_no_ablation,synth_1500_high_protein,synthetic,lunch_dinner,True
baseline_no_ablation,synth_1500_high_protein,synthetic,lunch_only,False
baseline_no_ablation,synth_1500_high_protein,synthetic,dinner_only,False
baseline_no_ablation,synth_1500_high_protein,synthetic,lunch_snack,False
baseline_no_ablation,synth_1500_extremely_high_protein,synthetic,full_day,False
baseline_no_ablation,synth_1500_extremely_high_protein,synthetic,lunch_snack_dinner,False
baseline_no_ablation,synth_1500_extremely_high_protein,synthetic,lunch_dinner,False
baseline_no_ablation,synth_1500_extremely_high_protein,synthetic,lunch_only,False
baseline_no_ablation,synth_1500_extremely_high_protein,synthetic,dinner_only,False
baseline_no_ablation,synth_1500_extremely_high_protein,synthetic,lunch_snack,False
baseline_no_ablation,synth_1500_low_fat,synthetic,full_day,False
baseline_no_ablation,synth_1500_low_fat,synthetic,lunch_snack_dinner,False
baseline_no_ablation,synth_1500_low_fat,synthetic,lunch_dinner,False
baseline_no_ablation,synth_1500_low_fat,synthetic,lunch_only,False
baseline_no_ablation,synth_1500_low_fat,synthetic,dinner_only,False
baseline_no_ablation,synth_1500_low_fat,synthetic,lunch_snack,False
baseline_no_ablation,synth_1500_extremely_low_fat,synthetic,full_day,False
baseline_no_ablation,synth_1500_extremely_low_fat,synthetic,lunch_snack_dinner,False
baseline_no_ablation,synth_1500_extremely_low_fat,synthetic,lunch_dinner,False
baseline_no_ablation,synth_1500_extremely_low_fat,synthetic,lunch_only,False
baseline_no_ablation,synth_1500_extremely_low_fat,synthetic,dinner_only,False
baseline_no_ablation,synth_1500_extremely_low_fat,synthetic,lunch_snack,False
baseline_no_ablation,synth_1500_high_fat,synthetic,full_day,True
baseline_no_ablation,synth_1500_high_fat,synthetic,lunch_snack_dinner,False
baseline_no_ablation,synth_1500_high_fat,synthetic,lunch_dinner,False
baseline_no_ablation,synth_1500_high_fat,synthetic,lunch_only,False
baseline_no_ablation,synth_1500_high_fat,synthetic,dinner_only,False
baseline_no_ablation,synth_1500_high_fat,synthetic,lunch_snack,False
baseline_no_ablation,synth_1500_extremely_high_fat,synthetic,full_day,False
baseline_no_ablation,synth_1500_extremely_high_fat,synthetic,lunch_snack_dinner,False
baseline_no_ablation,synth_1500_extremely_high_fat,synthetic,lunch_dinner,False
baseline_no_ablation,synth_1500_extremely_high_fat,synthetic,lunch_only,False
baseline_no_ablation,synth_1500_extremely_high_fat,synthetic,dinner_only,False
baseline_no_ablation,synth_1500_extremely_high_fat,synthetic,lunch_snack,False
baseline_no_ablation,synth_1500_low_carbs,synthetic,full_day,True
baseline_no_ablation,synth_1500_low_carbs,synthetic,lunch_snack_dinner,True
baseline_no_ablation,synth_1500_low_carbs,synthetic,lunch_dinner,True
baseline_no_ablation,synth_1500_low_carbs,synthetic,lunch_only,False
baseline_no_ablation,synth_1500_low_carbs,synthetic,dinner_only,False
baseline_no_ablation,synth_1500_low_carbs,synthetic,lunch_snack,False
baseline_no_ablation,synth_1500_extremely_low_carbs,synthetic,full_day,False
baseline_no_ablation,synth_1500_extremely_low_carbs,synthetic,lunch_snack_dinner,False
baseline_no_ablation,synth_1500_extremely_low_carbs,synthetic,lunch_dinner,False
baseline_no_ablation,synth_1500_extremely_low_carbs,synthetic,lunch_only,False
baseline_no_ablation,synth_1500_extremely_low_carbs,synthetic,dinner_only,False
baseline_no_ablation,synth_1500_extremely_low_carbs,synthetic,lunch_snack,False
baseline_no_ablation,synth_1500_high_carbs,synthetic,full_day,True
baseline_no_ablation,synth_1500_high_carbs,synthetic,lunch_snack_dinner,True
baseline_no_ablation,synth_1500_high_carbs,synthetic,lunch_dinner,True
baseline_no_ablation,synth_1500_high_carbs,synthetic,lunch_only,False
baseline_no_ablation,synth_1500_high_carbs,synthetic,dinner_only,False
baseline_no_ablation,synth_1500_high_carbs,synthetic,lunch_snack,False
baseline_no_ablation,synth_1500_extremely_high_carbs,synthetic,full_day,False
baseline_no_ablation,synth_1500_extremely_high_carbs,synthetic,lunch_snack_dinner,False
baseline_no_ablation,synth_1500_extremely_high_carbs,synthetic,lunch_dinner,False
baseline_no_ablation,synth_1500_extremely_high_carbs,synthetic,lunch_only,False
baseline_no_ablation,synth_1500_extremely_high_carbs,synthetic,dinner_only,False
baseline_no_ablation,synth_1500_extremely_high_carbs,synthetic,lunch_snack,False
baseline_no_ablation,synth_2000_balanced,synthetic,full_day,True
baseline_no_ablation,synth_2000_balanced,synthetic,lunch_snack_dinner,True
baseline_no_ablation,synth_2000_balanced,synthetic,lunch_dinner,True
baseline_no_ablation,synth_2000_balanced,synthetic,lunch_only,False
baseline_no_ablation,synth_2000_balanced,synthetic,dinner_only,False
baseline_no_ablation,synth_2000_balanced,synthetic,lunch_snack,False
baseline_no_ablation,synth_2000_low_protein,synthetic,full_day,True
baseline_no_ablation,synth_2000_low_protein,synthetic,lunch_snack_dinner,True
baseline_no_ablation,synth_2000_low_protein,synthetic,lunch_dinner,False
baseline_no_ablation,synth_2000_low_protein,synthetic,lunch_only,False
baseline_no_ablation,synth_2000_low_protein,synthetic,dinner_only,False
baseline_no_ablation,synth_2000_low_protein,synthetic,lunch_snack,False
baseline_no_ablation,synth_2000_extremely_low_protein,synthetic,full_day,False
baseline_no_ablation,synth_2000_extremely_low_protein,synthetic,lunch_snack_dinner,False
baseline_no_ablation,synth_2000_extremely_low_protein,synthetic,lunch_dinner,False
baseline_no_ablation,synth_2000_extremely_low_protein,synthetic,lunch_only,False
baseline_no_ablation,synth_2000_extremely_low_protein,synthetic,dinner_only,False
baseline_no_ablation,synth_2000_extremely_low_protein,synthetic,lunch_snack,False
baseline_no_ablation,synth_2000_high_protein,synthetic,full_day,True
baseline_no_ablation,synth_2000_high_protein,synthetic,lunch_snack_dinner,True
baseline_no_ablation,synth_2000_high_protein,synthetic,lunch_dinner,True
baseline_no_ablation,synth_2000_high_protein,synthetic,lunch_only,False
baseline_no_ablation,synth_2000_high_protein,synthetic,dinner_only,False
baseline_no_ablation,synth_2000_high_protein,synthetic,lunch_snack,False
baseline_no_ablation,synth_2000_extremely_high_protein,synthetic,full_day,False
baseline_no_ablation,synth_2000_extremely_high_protein,synthetic,lunch_snack_dinner,False
baseline_no_ablation,synth_2000_extremely_high_protein,synthetic,lunch_dinner,False
baseline_no_ablation,synth_2000_extremely_high_protein,synthetic,lunch_only,False
baseline_no_ablation,synth_2000_extremely_high_protein,synthetic,dinner_only,False
baseline_no_ablation,synth_2000_extremely_high_protein,synthetic,lunch_snack,False
baseline_no_ablation,synth_2000_low_fat,synthetic,full_day,False
baseline_no_ablation,synth_2000_low_fat,synthetic,lunch_snack_dinner,False
baseline_no_ablation,synth_2000_low_fat,synthetic,lunch_dinner,False
baseline_no_ablation,synth_2000_low_fat,synthetic,lunch_only,False
baseline_no_ablation,synth_2000_low_fat,synthetic,dinner_only,False
baseline_no_ablation,synth_2000_low_fat,synthetic,lunch_snack,False
baseline_no_ablation,synth_2000_extremely_low_fat,synthetic,full_day,False
baseline_no_ablation,synth_2000_extremely_low_fat,synthetic,lunch_snack_dinner,False
baseline_no_ablation,synth_2000_extremely_low_fat,synthetic,lunch_dinner,False
baseline_no_ablation,synth_2000_extremely_low_fat,synthetic,lunch_only,False
baseline_no_ablation,synth_2000_extremely_low_fat,synthetic,dinner_only,False
baseline_no_ablation,synth_2000_extremely_low_fat,synthetic,lunch_snack,False
baseline_no_ablation,synth_2000_high_fat,synthetic,full_day,True
baseline_no_ablation,synth_2000_high_fat,synthetic,lunch_snack_dinner,True
baseline_no_ablation,synth_2000_high_fat,synthetic,lunch_dinner,False
baseline_no_ablation,synth_2000_high_fat,synthetic,lunch_only,False
baseline_no_ablation,synth_2000_high_fat,synthetic,dinner_only,False
baseline_no_ablation,synth_2000_high_fat,synthetic,lunch_snack,False
baseline_no_ablation,synth_2000_extremely_high_fat,synthetic,full_day,False
baseline_no_ablation,synth_2000_extremely_high_fat,synthetic,lunch_snack_dinner,False
baseline_no_ablation,synth_2000_extremely_high_fat,synthetic,lunch_dinner,False
baseline_no_ablation,synth_2000_extremely_high_fat,synthetic,lunch_only,False
baseline_no_ablation,synth_2000_extremely_high_fat,synthetic,dinner_only,False
baseline_no_ablation,synth_2000_extremely_high_fat,synthetic,lunch_snack,False
baseline_no_ablation,synth_2000_low_carbs,synthetic,full_day,True
baseline_no_ablation,synth_2000_low_carbs,synthetic,lunch_snack_dinner,True
baseline_no_ablation,synth_2000_low_carbs,synthetic,lunch_dinner,True
baseline_no_ablation,synth_2000_low_carbs,synthetic,lunch_only,False
baseline_no_ablation,synth_2000_low_carbs,synthetic,dinner_only,False
baseline_no_ablation,synth_2000_low_carbs,synthetic,lunch_snack,False
baseline_no_ablation,synth_2000_extremely_low_carbs,synthetic,full_day,False
baseline_no_ablation,synth_2000_extremely_low_carbs,synthetic,lunch_snack_dinner,False
baseline_no_ablation,synth_2000_extremely_low_carbs,synthetic,lunch_dinner,False
baseline_no_ablation,synth_2000_extremely_low_carbs,synthetic,lunch_only,False
baseline_no_ablation,synth_2000_extremely_low_carbs,synthetic,dinner_only,False
baseline_no_ablation,synth_2000_extremely_low_carbs,synthetic,lunch_snack,False
baseline_no_ablation,synth_2000_high_carbs,synthetic,full_day,False
baseline_no_ablation,synth_2000_high_carbs,synthetic,lunch_snack_dinner,False
baseline_no_ablation,synth_2000_high_carbs,synthetic,lunch_dinner,False
baseline_no_ablation,synth_2000_high_carbs,synthetic,lunch_only,False
baseline_no_ablation,synth_2000_high_carbs,synthetic,dinner_only,False
baseline_no_ablation,synth_2000_high_carbs,synthetic,lunch_snack,False
baseline_no_ablation,synth_2000_extremely_high_carbs,synthetic,full_day,False
baseline_no_ablation,synth_2000_extremely_high_carbs,synthetic,lunch_snack_dinner,False
baseline_no_ablation,synth_2000_extremely_high_carbs,synthetic,lunch_dinner,False
baseline_no_ablation,synth_2000_extremely_high_carbs,synthetic,lunch_only,False
baseline_no_ablation,synth_2000_extremely_high_carbs,synthetic,dinner_only,False
baseline_no_ablation,synth_2000_extremely_high_carbs,synthetic,lunch_snack,False
baseline_no_ablation,synth_2500_balanced,synthetic,full_day,True
baseline_no_ablation,synth_2500_balanced,synthetic,lunch_snack_dinner,True
baseline_no_ablation,synth_2500_balanced,synthetic,lunch_dinner,False
baseline_no_ablation,synth_2500_balanced,synthetic,lunch_only,False
baseline_no_ablation,synth_2500_balanced,synthetic,dinner_only,False
baseline_no_ablation,synth_2500_balanced,synthetic,lunch_snack,False
baseline_no_ablation,synth_2500_low_protein,synthetic,full_day,True
baseline_no_ablation,synth_2500_low_protein,synthetic,lunch_snack_dinner,False
baseline_no_ablation,synth_2500_low_protein,synthetic,lunch_dinner,False
baseline_no_ablation,synth_2500_low_protein,synthetic,lunch_only,False
baseline_no_ablation,synth_2500_low_protein,synthetic,dinner_only,False
baseline_no_ablation,synth_2500_low_protein,synthetic,lunch_snack,False
baseline_no_ablation,synth_2500_extremely_low_protein,synthetic,full_day,False
baseline_no_ablation,synth_2500_extremely_low_protein,synthetic,lunch_snack_dinner,False
baseline_no_ablation,synth_2500_extremely_low_protein,synthetic,lunch_dinner,False
baseline_no_ablation,synth_2500_extremely_low_protein,synthetic,lunch_only,False
baseline_no_ablation,synth_2500_extremely_low_protein,synthetic,dinner_only,False
baseline_no_ablation,synth_2500_extremely_low_protein,synthetic,lunch_snack,False
baseline_no_ablation,synth_2500_high_protein,synthetic,full_day,True
baseline_no_ablation,synth_2500_high_protein,synthetic,lunch_snack_dinner,True
baseline_no_ablation,synth_2500_high_protein,synthetic,lunch_dinner,False
baseline_no_ablation,synth_2500_high_protein,synthetic,lunch_only,False
baseline_no_ablation,synth_2500_high_protein,synthetic,dinner_only,False
baseline_no_ablation,synth_2500_high_protein,synthetic,lunch_snack,False
baseline_no_ablation,synth_2500_extremely_high_protein,synthetic,full_day,False
baseline_no_ablation,synth_2500_extremely_high_protein,synthetic,lunch_snack_dinner,False
baseline_no_ablation,synth_2500_extremely_high_protein,synthetic,lunch_dinner,False
baseline_no_ablation,synth_2500_extremely_high_protein,synthetic,lunch_only,False
baseline_no_ablation,synth_2500_extremely_high_protein,synthetic,dinner_only,False
baseline_no_ablation,synth_2500_extremely_high_protein,synthetic,lunch_snack,False
baseline_no_ablation,synth_2500_low_fat,synthetic,full_day,False
baseline_no_ablation,synth_2500_low_fat,synthetic,lunch_snack_dinner,False
baseline_no_ablation,synth_2500_low_fat,synthetic,lunch_dinner,False
baseline_no_ablation,synth_2500_low_fat,synthetic,lunch_only,False
baseline_no_ablation,synth_2500_low_fat,synthetic,dinner_only,False
baseline_no_ablation,synth_2500_low_fat,synthetic,lunch_snack,False
baseline_no_ablation,synth_2500_extremely_low_fat,synthetic,full_day,False
baseline_no_ablation,synth_2500_extremely_low_fat,synthetic,lunch_snack_dinner,False
baseline_no_ablation,synth_2500_extremely_low_fat,synthetic,lunch_dinner,False
baseline_no_ablation,synth_2500_extremely_low_fat,synthetic,lunch_only,False
baseline_no_ablation,synth_2500_extremely_low_fat,synthetic,dinner_only,False
baseline_no_ablation,synth_2500_extremely_low_fat,synthetic,lunch_snack,False
baseline_no_ablation,synth_2500_high_fat,synthetic,full_day,True
baseline_no_ablation,synth_2500_high_fat,synthetic,lunch_snack_dinner,True
baseline_no_ablation,synth_2500_high_fat,synthetic,lunch_dinner,False
baseline_no_ablation,synth_2500_high_fat,synthetic,lunch_only,False
baseline_no_ablation,synth_2500_high_fat,synthetic,dinner_only,True
baseline_no_ablation,synth_2500_high_fat,synthetic,lunch_snack,False
baseline_no_ablation,synth_2500_extremely_high_fat,synthetic,full_day,False
baseline_no_ablation,synth_2500_extremely_high_fat,synthetic,lunch_snack_dinner,False
baseline_no_ablation,synth_2500_extremely_high_fat,synthetic,lunch_dinner,False
baseline_no_ablation,synth_2500_extremely_high_fat,synthetic,lunch_only,False
baseline_no_ablation,synth_2500_extremely_high_fat,synthetic,dinner_only,False
baseline_no_ablation,synth_2500_extremely_high_fat,synthetic,lunch_snack,False
baseline_no_ablation,synth_2500_low_carbs,synthetic,full_day,True
baseline_no_ablation,synth_2500_low_carbs,synthetic,lunch_snack_dinner,True
baseline_no_ablation,synth_2500_low_carbs,synthetic,lunch_dinner,True
baseline_no_ablation,synth_2500_low_carbs,synthetic,lunch_only,False
baseline_no_ablation,synth_2500_low_carbs,synthetic,dinner_only,True
baseline_no_ablation,synth_2500_low_carbs,synthetic,lunch_snack,False
baseline_no_ablation,synth_2500_extremely_low_carbs,synthetic,full_day,True
baseline_no_ablation,synth_2500_extremely_low_carbs,synthetic,lunch_snack_dinner,False
baseline_no_ablation,synth_2500_extremely_low_carbs,synthetic,lunch_dinner,False
baseline_no_ablation,synth_2500_extremely_low_carbs,synthetic,lunch_only,False
baseline_no_ablation,synth_2500_extremely_low_carbs,synthetic,dinner_only,False
baseline_no_ablation,synth_2500_extremely_low_carbs,synthetic,lunch_snack,False
baseline_no_ablation,synth_2500_high_carbs,synthetic,full_day,False
baseline_no_ablation,synth_2500_high_carbs,synthetic,lunch_snack_dinner,False
baseline_no_ablation,synth_2500_high_carbs,synthetic,lunch_dinner,False
baseline_no_ablation,synth_2500_high_carbs,synthetic,lunch_only,False
baseline_no_ablation,synth_2500_high_carbs,synthetic,dinner_only,False
baseline_no_ablation,synth_2500_high_carbs,synthetic,lunch_snack,False
baseline_no_ablation,synth_2500_extremely_high_carbs,synthetic,full_day,False
baseline_no_ablation,synth_2500_extremely_high_carbs,synthetic,lunch_snack_dinner,False
baseline_no_ablation,synth_2500_extremely_high_carbs,synthetic,lunch_dinner,False
baseline_no_ablation,synth_2500_extremely_high_carbs,synthetic,lunch_only,False
baseline_no_ablation,synth_2500_extremely_high_carbs,synthetic,dinner_only,False
baseline_no_ablation,synth_2500_extremely_high_carbs,synthetic,lunch_snack,False
baseline_no_ablation,synth_3000_balanced,synthetic,full_day,False
baseline_no_ablation,synth_3000_balanced,synthetic,lunch_snack_dinner,False
baseline_no_ablation,synth_3000_balanced,synthetic,lunch_dinner,False
baseline_no_ablation,synth_3000_balanced,synthetic,lunch_only,False
baseline_no_ablation,synth_3000_balanced,synthetic,dinner_only,False
baseline_no_ablation,synth_3000_balanced,synthetic,lunch_snack,False
baseline_no_ablation,synth_3000_low_protein,synthetic,full_day,False
baseline_no_ablation,synth_3000_low_protein,synthetic,lunch_snack_dinner,False
baseline_no_ablation,synth_3000_low_protein,synthetic,lunch_dinner,False
baseline_no_ablation,synth_3000_low_protein,synthetic,lunch_only,False
baseline_no_ablation,synth_3000_low_protein,synthetic,dinner_only,False
baseline_no_ablation,synth_3000_low_protein,synthetic,lunch_snack,False
baseline_no_ablation,synth_3000_extremely_low_protein,synthetic,full_day,False
baseline_no_ablation,synth_3000_extremely_low_protein,synthetic,lunch_snack_dinner,False
baseline_no_ablation,synth_3000_extremely_low_protein,synthetic,lunch_dinner,False
baseline_no_ablation,synth_3000_extremely_low_protein,synthetic,lunch_only,False
baseline_no_ablation,synth_3000_extremely_low_protein,synthetic,dinner_only,False
baseline_no_ablation,synth_3000_extremely_low_protein,synthetic,lunch_snack,False
baseline_no_ablation,synth_3000_high_protein,synthetic,full_day,True
baseline_no_ablation,synth_3000_high_protein,synthetic,lunch_snack_dinner,False
baseline_no_ablation,synth_3000_high_protein,synthetic,lunch_dinner,False
baseline_no_ablation,synth_3000_high_protein,synthetic,lunch_only,False
baseline_no_ablation,synth_3000_high_protein,synthetic,dinner_only,False
baseline_no_ablation,synth_3000_high_protein,synthetic,lunch_snack,False
baseline_no_ablation,synth_3000_extremely_high_protein,synthetic,full_day,False
baseline_no_ablation,synth_3000_extremely_high_protein,synthetic,lunch_snack_dinner,False
baseline_no_ablation,synth_3000_extremely_high_protein,synthetic,lunch_dinner,False
baseline_no_ablation,synth_3000_extremely_high_protein,synthetic,lunch_only,False
baseline_no_ablation,synth_3000_extremely_high_protein,synthetic,dinner_only,False
baseline_no_ablation,synth_3000_extremely_high_protein,synthetic,lunch_snack,False
baseline_no_ablation,synth_3000_low_fat,synthetic,full_day,False
baseline_no_ablation,synth_3000_low_fat,synthetic,lunch_snack_dinner,False
baseline_no_ablation,synth_3000_low_fat,synthetic,lunch_dinner,False
baseline_no_ablation,synth_3000_low_fat,synthetic,lunch_only,False
baseline_no_ablation,synth_3000_low_fat,synthetic,dinner_only,False
baseline_no_ablation,synth_3000_low_fat,synthetic,lunch_snack,False
baseline_no_ablation,synth_3000_extremely_low_fat,synthetic,full_day,False
baseline_no_ablation,synth_3000_extremely_low_fat,synthetic,lunch_snack_dinner,False
baseline_no_ablation,synth_3000_extremely_low_fat,synthetic,lunch_dinner,False
baseline_no_ablation,synth_3000_extremely_low_fat,synthetic,lunch_only,False
baseline_no_ablation,synth_3000_extremely_low_fat,synthetic,dinner_only,False
baseline_no_ablation,synth_3000_extremely_low_fat,synthetic,lunch_snack,False
baseline_no_ablation,synth_3000_high_fat,synthetic,full_day,True
baseline_no_ablation,synth_3000_high_fat,synthetic,lunch_snack_dinner,True
baseline_no_ablation,synth_3000_high_fat,synthetic,lunch_dinner,False
baseline_no_ablation,synth_3000_high_fat,synthetic,lunch_only,False
baseline_no_ablation,synth_3000_high_fat,synthetic,dinner_only,True
baseline_no_ablation,synth_3000_high_fat,synthetic,lunch_snack,False
baseline_no_ablation,synth_3000_extremely_high_fat,synthetic,full_day,False
baseline_no_ablation,synth_3000_extremely_high_fat,synthetic,lunch_snack_dinner,False
baseline_no_ablation,synth_3000_extremely_high_fat,synthetic,lunch_dinner,False
baseline_no_ablation,synth_3000_extremely_high_fat,synthetic,lunch_only,False
baseline_no_ablation,synth_3000_extremely_high_fat,synthetic,dinner_only,False
baseline_no_ablation,synth_3000_extremely_high_fat,synthetic,lunch_snack,False
baseline_no_ablation,synth_3000_low_carbs,synthetic,full_day,True
baseline_no_ablation,synth_3000_low_carbs,synthetic,lunch_snack_dinner,True
baseline_no_ablation,synth_3000_low_carbs,synthetic,lunch_dinner,False
baseline_no_ablation,synth_3000_low_carbs,synthetic,lunch_only,False
baseline_no_ablation,synth_3000_low_carbs,synthetic,dinner_only,True
baseline_no_ablation,synth_3000_low_carbs,synthetic,lunch_snack,False
baseline_no_ablation,synth_3000_extremely_low_carbs,synthetic,full_day,True
baseline_no_ablation,synth_3000_extremely_low_carbs,synthetic,lunch_snack_dinner,False
baseline_no_ablation,synth_3000_extremely_low_carbs,synthetic,lunch_dinner,False
baseline_no_ablation,synth_3000_extremely_low_carbs,synthetic,lunch_only,False
baseline_no_ablation,synth_3000_extremely_low_carbs,synthetic,dinner_only,False
baseline_no_ablation,synth_3000_extremely_low_carbs,synthetic,lunch_snack,False
baseline_no_ablation,synth_3000_high_carbs,synthetic,full_day,False
baseline_no_ablation,synth_3000_high_carbs,synthetic,lunch_snack_dinner,False
baseline_no_ablation,synth_3000_high_carbs,synthetic,lunch_dinner,False
baseline_no_ablation,synth_3000_high_carbs,synthetic,lunch_only,False
baseline_no_ablation,synth_3000_high_carbs,synthetic,dinner_only,False
baseline_no_ablation,synth_3000_high_carbs,synthetic,lunch_snack,False
baseline_no_ablation,synth_3000_extremely_high_carbs,synthetic,full_day,False
baseline_no_ablation,synth_3000_extremely_high_carbs,synthetic,lunch_snack_dinner,False
baseline_no_ablation,synth_3000_extremely_high_carbs,synthetic,lunch_dinner,False
baseline_no_ablation,synth_3000_extremely_high_carbs,synthetic,lunch_only,False
baseline_no_ablation,synth_3000_extremely_high_carbs,synthetic,dinner_only,False
baseline_no_ablation,synth_3000_extremely_high_carbs,synthetic,lunch_snack,False
baseline_no_ablation,synth_3500_balanced,synthetic,full_day,False
baseline_no_ablation,synth_3500_balanced,synthetic,lunch_snack_dinner,False
baseline_no_ablation,synth_3500_balanced,synthetic,lunch_dinner,False
baseline_no_ablation,synth_3500_balanced,synthetic,lunch_only,False
baseline_no_ablation,synth_3500_balanced,synthetic,dinner_only,False
baseline_no_ablation,synth_3500_balanced,synthetic,lunch_snack,False
baseline_no_ablation,synth_3500_low_protein,synthetic,full_day,False
baseline_no_ablation,synth_3500_low_protein,synthetic,lunch_snack_dinner,False
baseline_no_ablation,synth_3500_low_protein,synthetic,lunch_dinner,False
baseline_no_ablation,synth_3500_low_protein,synthetic,lunch_only,False
baseline_no_ablation,synth_3500_low_protein,synthetic,dinner_only,False
baseline_no_ablation,synth_3500_low_protein,synthetic,lunch_snack,False
baseline_no_ablation,synth_3500_extremely_low_protein,synthetic,full_day,False
baseline_no_ablation,synth_3500_extremely_low_protein,synthetic,lunch_snack_dinner,False
baseline_no_ablation,synth_3500_extremely_low_protein,synthetic,lunch_dinner,False
baseline_no_ablation,synth_3500_extremely_low_protein,synthetic,lunch_only,False
baseline_no_ablation,synth_3500_extremely_low_protein,synthetic,dinner_only,False
baseline_no_ablation,synth_3500_extremely_low_protein,synthetic,lunch_snack,False
baseline_no_ablation,synth_3500_high_protein,synthetic,full_day,False
baseline_no_ablation,synth_3500_high_protein,synthetic,lunch_snack_dinner,False
baseline_no_ablation,synth_3500_high_protein,synthetic,lunch_dinner,False
baseline_no_ablation,synth_3500_high_protein,synthetic,lunch_only,False
baseline_no_ablation,synth_3500_high_protein,synthetic,dinner_only,False
baseline_no_ablation,synth_3500_high_protein,synthetic,lunch_snack,False
baseline_no_ablation,synth_3500_extremely_high_protein,synthetic,full_day,False
baseline_no_ablation,synth_3500_extremely_high_protein,synthetic,lunch_snack_dinner,False
baseline_no_ablation,synth_3500_extremely_high_protein,synthetic,lunch_dinner,False
baseline_no_ablation,synth_3500_extremely_high_protein,synthetic,lunch_only,False
baseline_no_ablation,synth_3500_extremely_high_protein,synthetic,dinner_only,False
baseline_no_ablation,synth_3500_extremely_high_protein,synthetic,lunch_snack,False
baseline_no_ablation,synth_3500_low_fat,synthetic,full_day,False
baseline_no_ablation,synth_3500_low_fat,synthetic,lunch_snack_dinner,False
baseline_no_ablation,synth_3500_low_fat,synthetic,lunch_dinner,False
baseline_no_ablation,synth_3500_low_fat,synthetic,lunch_only,False
baseline_no_ablation,synth_3500_low_fat,synthetic,dinner_only,False
baseline_no_ablation,synth_3500_low_fat,synthetic,lunch_snack,False
baseline_no_ablation,synth_3500_extremely_low_fat,synthetic,full_day,False
baseline_no_ablation,synth_3500_extremely_low_fat,synthetic,lunch_snack_dinner,False
baseline_no_ablation,synth_3500_extremely_low_fat,synthetic,lunch_dinner,False
baseline_no_ablation,synth_3500_extremely_low_fat,synthetic,lunch_only,False
baseline_no_ablation,synth_3500_extremely_low_fat,synthetic,dinner_only,False
baseline_no_ablation,synth_3500_extremely_low_fat,synthetic,lunch_snack,False
baseline_no_ablation,synth_3500_high_fat,synthetic,full_day,True
baseline_no_ablation,synth_3500_high_fat,synthetic,lunch_snack_dinner,False
baseline_no_ablation,synth_3500_high_fat,synthetic,lunch_dinner,False
baseline_no_ablation,synth_3500_high_fat,synthetic,lunch_only,False
baseline_no_ablation,synth_3500_high_fat,synthetic,dinner_only,True
baseline_no_ablation,synth_3500_high_fat,synthetic,lunch_snack,False
baseline_no_ablation,synth_3500_extremely_high_fat,synthetic,full_day,False
baseline_no_ablation,synth_3500_extremely_high_fat,synthetic,lunch_snack_dinner,False
baseline_no_ablation,synth_3500_extremely_high_fat,synthetic,lunch_dinner,False
baseline_no_ablation,synth_3500_extremely_high_fat,synthetic,lunch_only,False
baseline_no_ablation,synth_3500_extremely_high_fat,synthetic,dinner_only,False
baseline_no_ablation,synth_3500_extremely_high_fat,synthetic,lunch_snack,False
baseline_no_ablation,synth_3500_low_carbs,synthetic,full_day,True
baseline_no_ablation,synth_3500_low_carbs,synthetic,lunch_snack_dinner,True
baseline_no_ablation,synth_3500_low_carbs,synthetic,lunch_dinner,False
baseline_no_ablation,synth_3500_low_carbs,synthetic,lunch_only,False
baseline_no_ablation,synth_3500_low_carbs,synthetic,dinner_only,True
baseline_no_ablation,synth_3500_low_carbs,synthetic,lunch_snack,False
baseline_no_ablation,synth_3500_extremely_low_carbs,synthetic,full_day,False
baseline_no_ablation,synth_3500_extremely_low_carbs,synthetic,lunch_snack_dinner,False
baseline_no_ablation,synth_3500_extremely_low_carbs,synthetic,lunch_dinner,False
baseline_no_ablation,synth_3500_extremely_low_carbs,synthetic,lunch_only,False
baseline_no_ablation,synth_3500_extremely_low_carbs,synthetic,dinner_only,False
baseline_no_ablation,synth_3500_extremely_low_carbs,synthetic,lunch_snack,False
baseline_no_ablation,synth_3500_high_carbs,synthetic,full_day,False
baseline_no_ablation,synth_3500_high_carbs,synthetic,lunch_snack_dinner,False
baseline_no_ablation,synth_3500_high_carbs,synthetic,lunch_dinner,False
baseline_no_ablation,synth_3500_high_carbs,synthetic,lunch_only,False
baseline_no_ablation,synth_3500_high_carbs,synthetic,dinner_only,False
baseline_no_ablation,synth_3500_high_carbs,synthetic,lunch_snack,False
baseline_no_ablation,synth_3500_extremely_high_carbs,synthetic,full_day,False
baseline_no_ablation,synth_3500_extremely_high_carbs,synthetic,lunch_snack_dinner,False
baseline_no_ablation,synth_3500_extremely_high_carbs,synthetic,lunch_dinner,False
baseline_no_ablation,synth_3500_extremely_high_carbs,synthetic,lunch_only,False
baseline_no_ablation,synth_3500_extremely_high_carbs,synthetic,dinner_only,False
baseline_no_ablation,synth_3500_extremely_high_carbs,synthetic,lunch_snack,False
kcal_tolerance,person_1,real,full_day,False
kcal_tolerance,person_1,real,lunch_snack_dinner,False
kcal_tolerance,person_1,real,lunch_dinner,False
kcal_tolerance,person_1,real,lunch_only,False
kcal_tolerance,person_1,real,dinner_only,False
kcal_tolerance,person_1,real,lunch_snack,False
kcal_tolerance,person_2,real,full_day,True
kcal_tolerance,person_2,real,lunch_snack_dinner,True
kcal_tolerance,person_2,real,lunch_dinner,True
kcal_tolerance,person_2,real,lunch_only,False
kcal_tolerance,person_2,real,dinner_only,False
kcal_tolerance,person_2,real,lunch_snack,True
kcal_tolerance,person_3,real,full_day,True
kcal_tolerance,person_3,real,lunch_snack_dinner,True
kcal_tolerance,person_3,real,lunch_dinner,True
kcal_tolerance,person_3,real,lunch_only,False
kcal_tolerance,person_3,real,dinner_only,False
kcal_tolerance,person_3,real,lunch_snack,False
kcal_tolerance,person_4,real,full_day,True
kcal_tolerance,person_4,real,lunch_snack_dinner,False
kcal_tolerance,person_4,real,lunch_dinner,True
kcal_tolerance,person_4,real,lunch_only,True
kcal_tolerance,person_4,real,dinner_only,False
kcal_tolerance,person_4,real,lunch_snack,True
kcal_tolerance,person_5,real,full_day,True
kcal_tolerance,person_5,real,lunch_snack_dinner,True
kcal_tolerance,person_5,real,lunch_dinner,True
kcal_tolerance,person_5,real,lunch_only,False
kcal_tolerance,person_5,real,dinner_only,False
kcal_tolerance,person_5,real,lunch_snack,True
kcal_tolerance,person_6,real,full_day,True
kcal_tolerance,person_6,real,lunch_snack_dinner,True
kcal_tolerance,person_6,real,lunch_dinner,True
kcal_tolerance,person_6,real,lunch_only,False
kcal_tolerance,person_6,real,dinner_only,False
kcal_tolerance,person_6,real,lunch_snack,False
kcal_tolerance,person_7,real,full_day,True
kcal_tolerance,person_7,real,lunch_snack_dinner,True
kcal_tolerance,person_7,real,lunch_dinner,True
kcal_tolerance,person_7,real,lunch_only,False
kcal_tolerance,person_7,real,dinner_only,False
kcal_tolerance,person_7,real,lunch_snack,False
kcal_tolerance,person_8,real,full_day,True
kcal_tolerance,person_8,real,lunch_snack_dinner,True
kcal_tolerance,person_8,real,lunch_dinner,True
kcal_tolerance,person_8,real,lunch_only,False
kcal_tolerance,person_8,real,dinner_only,False
kcal_tolerance,person_8,real,lunch_snack,False
kcal_tolerance,person_9,real,full_day,True
kcal_tolerance,person_9,real,lunch_snack_dinner,False
kcal_tolerance,person_9,real,lunch_dinner,True
kcal_tolerance,person_9,real,lunch_only,True
kcal_tolerance,person_9,real,dinner_only,False
kcal_tolerance,person_9,real,lunch_snack,True
kcal_tolerance,person_10,real,full_day,True
kcal_tolerance,person_10,real,lunch_snack_dinner,True
kcal_tolerance,person_10,real,lunch_dinner,True
kcal_tolerance,person_10,real,lunch_only,False
kcal_tolerance,person_10,real,dinner_only,False
kcal_tolerance,person_10,real,lunch_snack,True
kcal_tolerance,synth_1000_balanced,synthetic,full_day,True
kcal_tolerance,synth_1000_balanced,synthetic,lunch_snack_dinner,True
kcal_tolerance,synth_1000_balanced,synthetic,lunch_dinner,True
kcal_tolerance,synth_1000_balanced,synthetic,lunch_only,False
kcal_tolerance,synth_1000_balanced,synthetic,dinner_only,True
kcal_tolerance,synth_1000_balanced,synthetic,lunch_snack,True
kcal_tolerance,synth_1000_low_protein,synthetic,full_day,True
kcal_tolerance,synth_1000_low_protein,synthetic,lunch_snack_dinner,True
kcal_tolerance,synth_1000_low_protein,synthetic,lunch_dinner,False
kcal_tolerance,synth_1000_low_protein,synthetic,lunch_only,False
kcal_tolerance,synth_1000_low_protein,synthetic,dinner_only,True
kcal_tolerance,synth_1000_low_protein,synthetic,lunch_snack,False
kcal_tolerance,synth_1000_extremely_low_protein,synthetic,full_day,False
kcal_tolerance,synth_1000_extremely_low_protein,synthetic,lunch_snack_dinner,False
kcal_tolerance,synth_1000_extremely_low_protein,synthetic,lunch_dinner,False
kcal_tolerance,synth_1000_extremely_low_protein,synthetic,lunch_only,False
kcal_tolerance,synth_1000_extremely_low_protein,synthetic,dinner_only,False
kcal_tolerance,synth_1000_extremely_low_protein,synthetic,lunch_snack,False
kcal_tolerance,synth_1000_high_protein,synthetic,full_day,True
kcal_tolerance,synth_1000_high_protein,synthetic,lunch_snack_dinner,False
kcal_tolerance,synth_1000_high_protein,synthetic,lunch_dinner,True
kcal_tolerance,synth_1000_high_protein,synthetic,lunch_only,True
kcal_tolerance,synth_1000_high_protein,synthetic,dinner_only,False
kcal_tolerance,synth_1000_high_protein,synthetic,lunch_snack,True
kcal_tolerance,synth_1000_extremely_high_protein,synthetic,full_day,False
kcal_tolerance,synth_1000_extremely_high_protein,synthetic,lunch_snack_dinner,False
kcal_tolerance,synth_1000_extremely_high_protein,synthetic,lunch_dinner,False
kcal_tolerance,synth_1000_extremely_high_protein,synthetic,lunch_only,False
kcal_tolerance,synth_1000_extremely_high_protein,synthetic,dinner_only,False
kcal_tolerance,synth_1000_extremely_high_protein,synthetic,lunch_snack,False
kcal_tolerance,synth_1000_low_fat,synthetic,full_day,False
kcal_tolerance,synth_1000_low_fat,synthetic,lunch_snack_dinner,False
kcal_tolerance,synth_1000_low_fat,synthetic,lunch_dinner,False
kcal_tolerance,synth_1000_low_fat,synthetic,lunch_only,False
kcal_tolerance,synth_1000_low_fat,synthetic,dinner_only,False
kcal_tolerance,synth_1000_low_fat,synthetic,lunch_snack,False
kcal_tolerance,synth_1000_extremely_low_fat,synthetic,full_day,False
kcal_tolerance,synth_1000_extremely_low_fat,synthetic,lunch_snack_dinner,False
kcal_tolerance,synth_1000_extremely_low_fat,synthetic,lunch_dinner,False
kcal_tolerance,synth_1000_extremely_low_fat,synthetic,lunch_only,False
kcal_tolerance,synth_1000_extremely_low_fat,synthetic,dinner_only,False
kcal_tolerance,synth_1000_extremely_low_fat,synthetic,lunch_snack,False
kcal_tolerance,synth_1000_high_fat,synthetic,full_day,False
kcal_tolerance,synth_1000_high_fat,synthetic,lunch_snack_dinner,False
kcal_tolerance,synth_1000_high_fat,synthetic,lunch_dinner,False
kcal_tolerance,synth_1000_high_fat,synthetic,lunch_only,False
kcal_tolerance,synth_1000_high_fat,synthetic,dinner_only,True
kcal_tolerance,synth_1000_high_fat,synthetic,lunch_snack,False
kcal_tolerance,synth_1000_extremely_high_fat,synthetic,full_day,False
kcal_tolerance,synth_1000_extremely_high_fat,synthetic,lunch_snack_dinner,False
kcal_tolerance,synth_1000_extremely_high_fat,synthetic,lunch_dinner,False
kcal_tolerance,synth_1000_extremely_high_fat,synthetic,lunch_only,False
kcal_tolerance,synth_1000_extremely_high_fat,synthetic,dinner_only,False
kcal_tolerance,synth_1000_extremely_high_fat,synthetic,lunch_snack,False
kcal_tolerance,synth_1000_low_carbs,synthetic,full_day,False
kcal_tolerance,synth_1000_low_carbs,synthetic,lunch_snack_dinner,False
kcal_tolerance,synth_1000_low_carbs,synthetic,lunch_dinner,False
kcal_tolerance,synth_1000_low_carbs,synthetic,lunch_only,False
kcal_tolerance,synth_1000_low_carbs,synthetic,dinner_only,True
kcal_tolerance,synth_1000_low_carbs,synthetic,lunch_snack,False
kcal_tolerance,synth_1000_extremely_low_carbs,synthetic,full_day,False
kcal_tolerance,synth_1000_extremely_low_carbs,synthetic,lunch_snack_dinner,False
kcal_tolerance,synth_1000_extremely_low_carbs,synthetic,lunch_dinner,False
kcal_tolerance,synth_1000_extremely_low_carbs,synthetic,lunch_only,False
kcal_tolerance,synth_1000_extremely_low_carbs,synthetic,dinner_only,True
kcal_tolerance,synth_1000_extremely_low_carbs,synthetic,lunch_snack,False
kcal_tolerance,synth_1000_high_carbs,synthetic,full_day,True
kcal_tolerance,synth_1000_high_carbs,synthetic,lunch_snack_dinner,True
kcal_tolerance,synth_1000_high_carbs,synthetic,lunch_dinner,True
kcal_tolerance,synth_1000_high_carbs,synthetic,lunch_only,False
kcal_tolerance,synth_1000_high_carbs,synthetic,dinner_only,False
kcal_tolerance,synth_1000_high_carbs,synthetic,lunch_snack,False
kcal_tolerance,synth_1000_extremely_high_carbs,synthetic,full_day,False
kcal_tolerance,synth_1000_extremely_high_carbs,synthetic,lunch_snack_dinner,False
kcal_tolerance,synth_1000_extremely_high_carbs,synthetic,lunch_dinner,False
kcal_tolerance,synth_1000_extremely_high_carbs,synthetic,lunch_only,False
kcal_tolerance,synth_1000_extremely_high_carbs,synthetic,dinner_only,False
kcal_tolerance,synth_1000_extremely_high_carbs,synthetic,lunch_snack,False
kcal_tolerance,synth_1500_balanced,synthetic,full_day,True
kcal_tolerance,synth_1500_balanced,synthetic,lunch_snack_dinner,True
kcal_tolerance,synth_1500_balanced,synthetic,lunch_dinner,True
kcal_tolerance,synth_1500_balanced,synthetic,lunch_only,False
kcal_tolerance,synth_1500_balanced,synthetic,dinner_only,False
kcal_tolerance,synth_1500_balanced,synthetic,lunch_snack,True
kcal_tolerance,synth_1500_low_protein,synthetic,full_day,True
kcal_tolerance,synth_1500_low_protein,synthetic,lunch_snack_dinner,True
kcal_tolerance,synth_1500_low_protein,synthetic,lunch_dinner,True
kcal_tolerance,synth_1500_low_protein,synthetic,lunch_only,False
kcal_tolerance,synth_1500_low_protein,synthetic,dinner_only,False
kcal_tolerance,synth_1500_low_protein,synthetic,lunch_snack,False
kcal_tolerance,synth_1500_extremely_low_protein,synthetic,full_day,False
kcal_tolerance,synth_1500_extremely_low_protein,synthetic,lunch_snack_dinner,False
kcal_tolerance,synth_1500_extremely_low_protein,synthetic,lunch_dinner,False
kcal_tolerance,synth_1500_extremely_low_protein,synthetic,lunch_only,False
kcal_tolerance,synth_1500_extremely_low_protein,synthetic,dinner_only,False
kcal_tolerance,synth_1500_extremely_low_protein,synthetic,lunch_snack,False
kcal_tolerance,synth_1500_high_protein,synthetic,full_day,True
kcal_tolerance,synth_1500_high_protein,synthetic,lunch_snack_dinner,True
kcal_tolerance,synth_1500_high_protein,synthetic,lunch_dinner,True
kcal_tolerance,synth_1500_high_protein,synthetic,lunch_only,False
kcal_tolerance,synth_1500_high_protein,synthetic,dinner_only,False
kcal_tolerance,synth_1500_high_protein,synthetic,lunch_snack,False
kcal_tolerance,synth_1500_extremely_high_protein,synthetic,full_day,False
kcal_tolerance,synth_1500_extremely_high_protein,synthetic,lunch_snack_dinner,False
kcal_tolerance,synth_1500_extremely_high_protein,synthetic,lunch_dinner,False
kcal_tolerance,synth_1500_extremely_high_protein,synthetic,lunch_only,False
kcal_tolerance,synth_1500_extremely_high_protein,synthetic,dinner_only,False
kcal_tolerance,synth_1500_extremely_high_protein,synthetic,lunch_snack,False
kcal_tolerance,synth_1500_low_fat,synthetic,full_day,False
kcal_tolerance,synth_1500_low_fat,synthetic,lunch_snack_dinner,False
kcal_tolerance,synth_1500_low_fat,synthetic,lunch_dinner,False
kcal_tolerance,synth_1500_low_fat,synthetic,lunch_only,False
kcal_tolerance,synth_1500_low_fat,synthetic,dinner_only,False
kcal_tolerance,synth_1500_low_fat,synthetic,lunch_snack,False
kcal_tolerance,synth_1500_extremely_low_fat,synthetic,full_day,False
kcal_tolerance,synth_1500_extremely_low_fat,synthetic,lunch_snack_dinner,False
kcal_tolerance,synth_1500_extremely_low_fat,synthetic,lunch_dinner,False
kcal_tolerance,synth_1500_extremely_low_fat,synthetic,lunch_only,False
kcal_tolerance,synth_1500_extremely_low_fat,synthetic,dinner_only,False
kcal_tolerance,synth_1500_extremely_low_fat,synthetic,lunch_snack,False
kcal_tolerance,synth_1500_high_fat,synthetic,full_day,True
kcal_tolerance,synth_1500_high_fat,synthetic,lunch_snack_dinner,False
kcal_tolerance,synth_1500_high_fat,synthetic,lunch_dinner,False
kcal_tolerance,synth_1500_high_fat,synthetic,lunch_only,False
kcal_tolerance,synth_1500_high_fat,synthetic,dinner_only,False
kcal_tolerance,synth_1500_high_fat,synthetic,lunch_snack,False
kcal_tolerance,synth_1500_extremely_high_fat,synthetic,full_day,False
kcal_tolerance,synth_1500_extremely_high_fat,synthetic,lunch_snack_dinner,False
kcal_tolerance,synth_1500_extremely_high_fat,synthetic,lunch_dinner,False
kcal_tolerance,synth_1500_extremely_high_fat,synthetic,lunch_only,False
kcal_tolerance,synth_1500_extremely_high_fat,synthetic,dinner_only,False
kcal_tolerance,synth_1500_extremely_high_fat,synthetic,lunch_snack,False
kcal_tolerance,synth_1500_low_carbs,synthetic,full_day,True
kcal_tolerance,synth_1500_low_carbs,synthetic,lunch_snack_dinner,True
kcal_tolerance,synth_1500_low_carbs,synthetic,lunch_dinner,True
kcal_tolerance,synth_1500_low_carbs,synthetic,lunch_only,False
kcal_tolerance,synth_1500_low_carbs,synthetic,dinner_only,False
kcal_tolerance,synth_1500_low_carbs,synthetic,lunch_snack,False
kcal_tolerance,synth_1500_extremely_low_carbs,synthetic,full_day,False
kcal_tolerance,synth_1500_extremely_low_carbs,synthetic,lunch_snack_dinner,False
kcal_tolerance,synth_1500_extremely_low_carbs,synthetic,lunch_dinner,False
kcal_tolerance,synth_1500_extremely_low_carbs,synthetic,lunch_only,False
kcal_tolerance,synth_1500_extremely_low_carbs,synthetic,dinner_only,False
kcal_tolerance,synth_1500_extremely_low_carbs,synthetic,lunch_snack,False
kcal_tolerance,synth_1500_high_carbs,synthetic,full_day,True
kcal_tolerance,synth_1500_high_carbs,synthetic,lunch_snack_dinner,True
kcal_tolerance,synth_1500_high_carbs,synthetic,lunch_dinner,True
kcal_tolerance,synth_1500_high_carbs,synthetic,lunch_only,False
kcal_tolerance,synth_1500_high_carbs,synthetic,dinner_only,False
kcal_tolerance,synth_1500_high_carbs,synthetic,lunch_snack,False
kcal_tolerance,synth_1500_extremely_high_carbs,synthetic,full_day,False
kcal_tolerance,synth_1500_extremely_high_carbs,synthetic,lunch_snack_dinner,False
kcal_tolerance,synth_1500_extremely_high_carbs,synthetic,lunch_dinner,False
kcal_tolerance,synth_1500_extremely_high_carbs,synthetic,lunch_only,False
kcal_tolerance,synth_1500_extremely_high_carbs,synthetic,dinner_only,False
kcal_tolerance,synth_1500_extremely_high_carbs,synthetic,lunch_snack,False
kcal_tolerance,synth_2000_balanced,synthetic,full_day,True
kcal_tolerance,synth_2000_balanced,synthetic,lunch_snack_dinner,True
kcal_tolerance,synth_2000_balanced,synthetic,lunch_dinner,True
kcal_tolerance,synth_2000_balanced,synthetic,lunch_only,False
kcal_tolerance,synth_2000_balanced,synthetic,dinner_only,False
kcal_tolerance,synth_2000_balanced,synthetic,lunch_snack,False
kcal_tolerance,synth_2000_low_protein,synthetic,full_day,True
kcal_tolerance,synth_2000_low_protein,synthetic,lunch_snack_dinner,True
kcal_tolerance,synth_2000_low_protein,synthetic,lunch_dinner,False
kcal_tolerance,synth_2000_low_protein,synthetic,lunch_only,False
kcal_tolerance,synth_2000_low_protein,synthetic,dinner_only,False
kcal_tolerance,synth_2000_low_protein,synthetic,lunch_snack,False
kcal_tolerance,synth_2000_extremely_low_protein,synthetic,full_day,False
kcal_tolerance,synth_2000_extremely_low_protein,synthetic,lunch_snack_dinner,False
kcal_tolerance,synth_2000_extremely_low_protein,synthetic,lunch_dinner,False
kcal_tolerance,synth_2000_extremely_low_protein,synthetic,lunch_only,False
kcal_tolerance,synth_2000_extremely_low_protein,synthetic,dinner_only,False
kcal_tolerance,synth_2000_extremely_low_protein,synthetic,lunch_snack,False
kcal_tolerance,synth_2000_high_protein,synthetic,full_day,True
kcal_tolerance,synth_2000_high_protein,synthetic,lunch_snack_dinner,True
kcal_tolerance,synth_2000_high_protein,synthetic,lunch_dinner,True
kcal_tolerance,synth_2000_high_protein,synthetic,lunch_only,False
kcal_tolerance,synth_2000_high_protein,synthetic,dinner_only,False
kcal_tolerance,synth_2000_high_protein,synthetic,lunch_snack,False
kcal_tolerance,synth_2000_extremely_high_protein,synthetic,full_day,False
kcal_tolerance,synth_2000_extremely_high_protein,synthetic,lunch_snack_dinner,False
kcal_tolerance,synth_2000_extremely_high_protein,synthetic,lunch_dinner,False
kcal_tolerance,synth_2000_extremely_high_protein,synthetic,lunch_only,False
kcal_tolerance,synth_2000_extremely_high_protein,synthetic,dinner_only,False
kcal_tolerance,synth_2000_extremely_high_protein,synthetic,lunch_snack,False
kcal_tolerance,synth_2000_low_fat,synthetic,full_day,False
kcal_tolerance,synth_2000_low_fat,synthetic,lunch_snack_dinner,False
kcal_tolerance,synth_2000_low_fat,synthetic,lunch_dinner,False
kcal_tolerance,synth_2000_low_fat,synthetic,lunch_only,False
kcal_tolerance,synth_2000_low_fat,synthetic,dinner_only,False
kcal_tolerance,synth_2000_low_fat,synthetic,lunch_snack,False
kcal_tolerance,synth_2000_extremely_low_fat,synthetic,full_day,False
kcal_tolerance,synth_2000_extremely_low_fat,synthetic,lunch_snack_dinner,False
kcal_tolerance,synth_2000_extremely_low_fat,synthetic,lunch_dinner,False
kcal_tolerance,synth_2000_extremely_low_fat,synthetic,lunch_only,False
kcal_tolerance,synth_2000_extremely_low_fat,synthetic,dinner_only,False
kcal_tolerance,synth_2000_extremely_low_fat,synthetic,lunch_snack,False
kcal_tolerance,synth_2000_high_fat,synthetic,full_day,True
kcal_tolerance,synth_2000_high_fat,synthetic,lunch_snack_dinner,True
kcal_tolerance,synth_2000_high_fat,synthetic,lunch_dinner,False
kcal_tolerance,synth_2000_high_fat,synthetic,lunch_only,False
kcal_tolerance,synth_2000_high_fat,synthetic,dinner_only,False
kcal_tolerance,synth_2000_high_fat,synthetic,lunch_snack,False
kcal_tolerance,synth_2000_extremely_high_fat,synthetic,full_day,False
kcal_tolerance,synth_2000_extremely_high_fat,synthetic,lunch_snack_dinner,False
kcal_tolerance,synth_2000_extremely_high_fat,synthetic,lunch_dinner,False
kcal_tolerance,synth_2000_extremely_high_fat,synthetic,lunch_only,False
kcal_tolerance,synth_2000_extremely_high_fat,synthetic,dinner_only,False
kcal_tolerance,synth_2000_extremely_high_fat,synthetic,lunch_snack,False
kcal_tolerance,synth_2000_low_carbs,synthetic,full_day,True
kcal_tolerance,synth_2000_low_carbs,synthetic,lunch_snack_dinner,True
kcal_tolerance,synth_2000_low_carbs,synthetic,lunch_dinner,True
kcal_tolerance,synth_2000_low_carbs,synthetic,lunch_only,False
kcal_tolerance,synth_2000_low_carbs,synthetic,dinner_only,False
kcal_tolerance,synth_2000_low_carbs,synthetic,lunch_snack,False
kcal_tolerance,synth_2000_extremely_low_carbs,synthetic,full_day,False
kcal_tolerance,synth_2000_extremely_low_carbs,synthetic,lunch_snack_dinner,False
kcal_tolerance,synth_2000_extremely_low_carbs,synthetic,lunch_dinner,False
kcal_tolerance,synth_2000_extremely_low_carbs,synthetic,lunch_only,False
kcal_tolerance,synth_2000_extremely_low_carbs,synthetic,dinner_only,False
kcal_tolerance,synth_2000_extremely_low_carbs,synthetic,lunch_snack,False
kcal_tolerance,synth_2000_high_carbs,synthetic,full_day,False
kcal_tolerance,synth_2000_high_carbs,synthetic,lunch_snack_dinner,False
kcal_tolerance,synth_2000_high_carbs,synthetic,lunch_dinner,False
kcal_tolerance,synth_2000_high_carbs,synthetic,lunch_only,False
kcal_tolerance,synth_2000_high_carbs,synthetic,dinner_only,False
kcal_tolerance,synth_2000_high_carbs,synthetic,lunch_snack,False
kcal_tolerance,synth_2000_extremely_high_carbs,synthetic,full_day,False
kcal_tolerance,synth_2000_extremely_high_carbs,synthetic,lunch_snack_dinner,False
kcal_tolerance,synth_2000_extremely_high_carbs,synthetic,lunch_dinner,False
kcal_tolerance,synth_2000_extremely_high_carbs,synthetic,lunch_only,False
kcal_tolerance,synth_2000_extremely_high_carbs,synthetic,dinner_only,False
kcal_tolerance,synth_2000_extremely_high_carbs,synthetic,lunch_snack,False
kcal_tolerance,synth_2500_balanced,synthetic,full_day,True
kcal_tolerance,synth_2500_balanced,synthetic,lunch_snack_dinner,True
kcal_tolerance,synth_2500_balanced,synthetic,lunch_dinner,False
kcal_tolerance,synth_2500_balanced,synthetic,lunch_only,False
kcal_tolerance,synth_2500_balanced,synthetic,dinner_only,False
kcal_tolerance,synth_2500_balanced,synthetic,lunch_snack,False
kcal_tolerance,synth_2500_low_protein,synthetic,full_day,True
kcal_tolerance,synth_2500_low_protein,synthetic,lunch_snack_dinner,False
kcal_tolerance,synth_2500_low_protein,synthetic,lunch_dinner,False
kcal_tolerance,synth_2500_low_protein,synthetic,lunch_only,False
kcal_tolerance,synth_2500_low_protein,synthetic,dinner_only,False
kcal_tolerance,synth_2500_low_protein,synthetic,lunch_snack,False
kcal_tolerance,synth_2500_extremely_low_protein,synthetic,full_day,False
kcal_tolerance,synth_2500_extremely_low_protein,synthetic,lunch_snack_dinner,False
kcal_tolerance,synth_2500_extremely_low_protein,synthetic,lunch_dinner,False
kcal_tolerance,synth_2500_extremely_low_protein,synthetic,lunch_only,False
kcal_tolerance,synth_2500_extremely_low_protein,synthetic,dinner_only,False
kcal_tolerance,synth_2500_extremely_low_protein,synthetic,lunch_snack,False
kcal_tolerance,synth_2500_high_protein,synthetic,full_day,True
kcal_tolerance,synth_2500_high_protein,synthetic,lunch_snack_dinner,True
kcal_tolerance,synth_2500_high_protein,synthetic,lunch_dinner,False
kcal_tolerance,synth_2500_high_protein,synthetic,lunch_only,False
kcal_tolerance,synth_2500_high_protein,synthetic,dinner_only,False
kcal_tolerance,synth_2500_high_protein,synthetic,lunch_snack,False
kcal_tolerance,synth_2500_extremely_high_protein,synthetic,full_day,False
kcal_tolerance,synth_2500_extremely_high_protein,synthetic,lunch_snack_dinner,False
kcal_tolerance,synth_2500_extremely_high_protein,synthetic,lunch_dinner,False
kcal_tolerance,synth_2500_extremely_high_protein,synthetic,lunch_only,False
kcal_tolerance,synth_2500_extremely_high_protein,synthetic,dinner_only,False
kcal_tolerance,synth_2500_extremely_high_protein,synthetic,lunch_snack,False
kcal_tolerance,synth_2500_low_fat,synthetic,full_day,False
kcal_tolerance,synth_2500_low_fat,synthetic,lunch_snack_dinner,False
kcal_tolerance,synth_2500_low_fat,synthetic,lunch_dinner,False
kcal_tolerance,synth_2500_low_fat,synthetic,lunch_only,False
kcal_tolerance,synth_2500_low_fat,synthetic,dinner_only,False
kcal_tolerance,synth_2500_low_fat,synthetic,lunch_snack,False
kcal_tolerance,synth_2500_extremely_low_fat,synthetic,full_day,False
kcal_tolerance,synth_2500_extremely_low_fat,synthetic,lunch_snack_dinner,False
kcal_tolerance,synth_2500_extremely_low_fat,synthetic,lunch_dinner,False
kcal_tolerance,synth_2500_extremely_low_fat,synthetic,lunch_only,False
kcal_tolerance,synth_2500_extremely_low_fat,synthetic,dinner_only,False
kcal_tolerance,synth_2500_extremely_low_fat,synthetic,lunch_snack,False
kcal_tolerance,synth_2500_high_fat,synthetic,full_day,True
kcal_tolerance,synth_2500_high_fat,synthetic,lunch_snack_dinner,True
kcal_tolerance,synth_2500_high_fat,synthetic,lunch_dinner,False
kcal_tolerance,synth_2500_high_fat,synthetic,lunch_only,False
kcal_tolerance,synth_2500_high_fat,synthetic,dinner_only,True
kcal_tolerance,synth_2500_high_fat,synthetic,lunch_snack,False
kcal_tolerance,synth_2500_extremely_high_fat,synthetic,full_day,False
kcal_tolerance,synth_2500_extremely_high_fat,synthetic,lunch_snack_dinner,False
kcal_tolerance,synth_2500_extremely_high_fat,synthetic,lunch_dinner,False
kcal_tolerance,synth_2500_extremely_high_fat,synthetic,lunch_only,False
kcal_tolerance,synth_2500_extremely_high_fat,synthetic,dinner_only,False
kcal_tolerance,synth_2500_extremely_high_fat,synthetic,lunch_snack,False
kcal_tolerance,synth_2500_low_carbs,synthetic,full_day,True
kcal_tolerance,synth_2500_low_carbs,synthetic,lunch_snack_dinner,True
kcal_tolerance,synth_2500_low_carbs,synthetic,lunch_dinner,True
kcal_tolerance,synth_2500_low_carbs,synthetic,lunch_only,False
kcal_tolerance,synth_2500_low_carbs,synthetic,dinner_only,True
kcal_tolerance,synth_2500_low_carbs,synthetic,lunch_snack,False
kcal_tolerance,synth_2500_extremely_low_carbs,synthetic,full_day,True
kcal_tolerance,synth_2500_extremely_low_carbs,synthetic,lunch_snack_dinner,False
kcal_tolerance,synth_2500_extremely_low_carbs,synthetic,lunch_dinner,False
kcal_tolerance,synth_2500_extremely_low_carbs,synthetic,lunch_only,False
kcal_tolerance,synth_2500_extremely_low_carbs,synthetic,dinner_only,False
kcal_tolerance,synth_2500_extremely_low_carbs,synthetic,lunch_snack,False
kcal_tolerance,synth_2500_high_carbs,synthetic,full_day,False
kcal_tolerance,synth_2500_high_carbs,synthetic,lunch_snack_dinner,False
kcal_tolerance,synth_2500_high_carbs,synthetic,lunch_dinner,False
kcal_tolerance,synth_2500_high_carbs,synthetic,lunch_only,False
kcal_tolerance,synth_2500_high_carbs,synthetic,dinner_only,False
kcal_tolerance,synth_2500_high_carbs,synthetic,lunch_snack,False
kcal_tolerance,synth_2500_extremely_high_carbs,synthetic,full_day,False
kcal_tolerance,synth_2500_extremely_high_carbs,synthetic,lunch_snack_dinner,False
kcal_tolerance,synth_2500_extremely_high_carbs,synthetic,lunch_dinner,False
kcal_tolerance,synth_2500_extremely_high_carbs,synthetic,lunch_only,False
kcal_tolerance,synth_2500_extremely_high_carbs,synthetic,dinner_only,False
kcal_tolerance,synth_2500_extremely_high_carbs,synthetic,lunch_snack,False
kcal_tolerance,synth_3000_balanced,synthetic,full_day,False
kcal_tolerance,synth_3000_balanced,synthetic,lunch_snack_dinner,False
kcal_tolerance,synth_3000_balanced,synthetic,lunch_dinner,False
kcal_tolerance,synth_3000_balanced,synthetic,lunch_only,False
kcal_tolerance,synth_3000_balanced,synthetic,dinner_only,False
kcal_tolerance,synth_3000_balanced,synthetic,lunch_snack,False
kcal_tolerance,synth_3000_low_protein,synthetic,full_day,False
kcal_tolerance,synth_3000_low_protein,synthetic,lunch_snack_dinner,False
kcal_tolerance,synth_3000_low_protein,synthetic,lunch_dinner,False
kcal_tolerance,synth_3000_low_protein,synthetic,lunch_only,False
kcal_tolerance,synth_3000_low_protein,synthetic,dinner_only,False
kcal_tolerance,synth_3000_low_protein,synthetic,lunch_snack,False
kcal_tolerance,synth_3000_extremely_low_protein,synthetic,full_day,False
kcal_tolerance,synth_3000_extremely_low_protein,synthetic,lunch_snack_dinner,False
kcal_tolerance,synth_3000_extremely_low_protein,synthetic,lunch_dinner,False
kcal_tolerance,synth_3000_extremely_low_protein,synthetic,lunch_only,False
kcal_tolerance,synth_3000_extremely_low_protein,synthetic,dinner_only,False
kcal_tolerance,synth_3000_extremely_low_protein,synthetic,lunch_snack,False
kcal_tolerance,synth_3000_high_protein,synthetic,full_day,True
kcal_tolerance,synth_3000_high_protein,synthetic,lunch_snack_dinner,False
kcal_tolerance,synth_3000_high_protein,synthetic,lunch_dinner,False
kcal_tolerance,synth_3000_high_protein,synthetic,lunch_only,False
kcal_tolerance,synth_3000_high_protein,synthetic,dinner_only,False
kcal_tolerance,synth_3000_high_protein,synthetic,lunch_snack,False
kcal_tolerance,synth_3000_extremely_high_protein,synthetic,full_day,False
kcal_tolerance,synth_3000_extremely_high_protein,synthetic,lunch_snack_dinner,False
kcal_tolerance,synth_3000_extremely_high_protein,synthetic,lunch_dinner,False
kcal_tolerance,synth_3000_extremely_high_protein,synthetic,lunch_only,False
kcal_tolerance,synth_3000_extremely_high_protein,synthetic,dinner_only,False
kcal_tolerance,synth_3000_extremely_high_protein,synthetic,lunch_snack,False
kcal_tolerance,synth_3000_low_fat,synthetic,full_day,False
kcal_tolerance,synth_3000_low_fat,synthetic,lunch_snack_dinner,False
kcal_tolerance,synth_3000_low_fat,synthetic,lunch_dinner,False
kcal_tolerance,synth_3000_low_fat,synthetic,lunch_only,False
kcal_tolerance,synth_3000_low_fat,synthetic,dinner_only,False
kcal_tolerance,synth_3000_low_fat,synthetic,lunch_snack,False
kcal_tolerance,synth_3000_extremely_low_fat,synthetic,full_day,False
kcal_tolerance,synth_3000_extremely_low_fat,synthetic,lunch_snack_dinner,False
kcal_tolerance,synth_3000_extremely_low_fat,synthetic,lunch_dinner,False
kcal_tolerance,synth_3000_extremely_low_fat,synthetic,lunch_only,False
kcal_tolerance,synth_3000_extremely_low_fat,synthetic,dinner_only,False
kcal_tolerance,synth_3000_extremely_low_fat,synthetic,lunch_snack,False
kcal_tolerance,synth_3000_high_fat,synthetic,full_day,True
kcal_tolerance,synth_3000_high_fat,synthetic,lunch_snack_dinner,True
kcal_tolerance,synth_3000_high_fat,synthetic,lunch_dinner,False
kcal_tolerance,synth_3000_high_fat,synthetic,lunch_only,False
kcal_tolerance,synth_3000_high_fat,synthetic,dinner_only,True
kcal_tolerance,synth_3000_high_fat,synthetic,lunch_snack,False
kcal_tolerance,synth_3000_extremely_high_fat,synthetic,full_day,False
kcal_tolerance,synth_3000_extremely_high_fat,synthetic,lunch_snack_dinner,False
kcal_tolerance,synth_3000_extremely_high_fat,synthetic,lunch_dinner,False
kcal_tolerance,synth_3000_extremely_high_fat,synthetic,lunch_only,False
kcal_tolerance,synth_3000_extremely_high_fat,synthetic,dinner_only,False
kcal_tolerance,synth_3000_extremely_high_fat,synthetic,lunch_snack,False
kcal_tolerance,synth_3000_low_carbs,synthetic,full_day,True
kcal_tolerance,synth_3000_low_carbs,synthetic,lunch_snack_dinner,True
kcal_tolerance,synth_3000_low_carbs,synthetic,lunch_dinner,False
kcal_tolerance,synth_3000_low_carbs,synthetic,lunch_only,False
kcal_tolerance,synth_3000_low_carbs,synthetic,dinner_only,True
kcal_tolerance,synth_3000_low_carbs,synthetic,lunch_snack,False
kcal_tolerance,synth_3000_extremely_low_carbs,synthetic,full_day,True
kcal_tolerance,synth_3000_extremely_low_carbs,synthetic,lunch_snack_dinner,False
kcal_tolerance,synth_3000_extremely_low_carbs,synthetic,lunch_dinner,False
kcal_tolerance,synth_3000_extremely_low_carbs,synthetic,lunch_only,False
kcal_tolerance,synth_3000_extremely_low_carbs,synthetic,dinner_only,False
kcal_tolerance,synth_3000_extremely_low_carbs,synthetic,lunch_snack,False
kcal_tolerance,synth_3000_high_carbs,synthetic,full_day,False
kcal_tolerance,synth_3000_high_carbs,synthetic,lunch_snack_dinner,False
kcal_tolerance,synth_3000_high_carbs,synthetic,lunch_dinner,False
kcal_tolerance,synth_3000_high_carbs,synthetic,lunch_only,False
kcal_tolerance,synth_3000_high_carbs,synthetic,dinner_only,False
kcal_tolerance,synth_3000_high_carbs,synthetic,lunch_snack,False
kcal_tolerance,synth_3000_extremely_high_carbs,synthetic,full_day,False
kcal_tolerance,synth_3000_extremely_high_carbs,synthetic,lunch_snack_dinner,False
kcal_tolerance,synth_3000_extremely_high_carbs,synthetic,lunch_dinner,False
kcal_tolerance,synth_3000_extremely_high_carbs,synthetic,lunch_only,False
kcal_tolerance,synth_3000_extremely_high_carbs,synthetic,dinner_only,False
kcal_tolerance,synth_3000_extremely_high_carbs,synthetic,lunch_snack,False
kcal_tolerance,synth_3500_balanced,synthetic,full_day,False
kcal_tolerance,synth_3500_balanced,synthetic,lunch_snack_dinner,False
kcal_tolerance,synth_3500_balanced,synthetic,lunch_dinner,False
kcal_tolerance,synth_3500_balanced,synthetic,lunch_only,False
kcal_tolerance,synth_3500_balanced,synthetic,dinner_only,False
kcal_tolerance,synth_3500_balanced,synthetic,lunch_snack,False
kcal_tolerance,synth_3500_low_protein,synthetic,full_day,False
kcal_tolerance,synth_3500_low_protein,synthetic,lunch_snack_dinner,False
kcal_tolerance,synth_3500_low_protein,synthetic,lunch_dinner,False
kcal_tolerance,synth_3500_low_protein,synthetic,lunch_only,False
kcal_tolerance,synth_3500_low_protein,synthetic,dinner_only,False
kcal_tolerance,synth_3500_low_protein,synthetic,lunch_snack,False
kcal_tolerance,synth_3500_extremely_low_protein,synthetic,full_day,False
kcal_tolerance,synth_3500_extremely_low_protein,synthetic,lunch_snack_dinner,False
kcal_tolerance,synth_3500_extremely_low_protein,synthetic,lunch_dinner,False
kcal_tolerance,synth_3500_extremely_low_protein,synthetic,lunch_only,False
kcal_tolerance,synth_3500_extremely_low_protein,synthetic,dinner_only,False
kcal_tolerance,synth_3500_extremely_low_protein,synthetic,lunch_snack,False
kcal_tolerance,synth_3500_high_protein,synthetic,full_day,False
kcal_tolerance,synth_3500_high_protein,synthetic,lunch_snack_dinner,False
kcal_tolerance,synth_3500_high_protein,synthetic,lunch_dinner,False
kcal_tolerance,synth_3500_high_protein,synthetic,lunch_only,False
kcal_tolerance,synth_3500_high_protein,synthetic,dinner_only,False
kcal_tolerance,synth_3500_high_protein,synthetic,lunch_snack,False
kcal_tolerance,synth_3500_extremely_high_protein,synthetic,full_day,False
kcal_tolerance,synth_3500_extremely_high_protein,synthetic,lunch_snack_dinner,False
kcal_tolerance,synth_3500_extremely_high_protein,synthetic,lunch_dinner,False
kcal_tolerance,synth_3500_extremely_high_protein,synthetic,lunch_only,False
kcal_tolerance,synth_3500_extremely_high_protein,synthetic,dinner_only,False
kcal_tolerance,synth_3500_extremely_high_protein,synthetic,lunch_snack,False
kcal_tolerance,synth_3500_low_fat,synthetic,full_day,False
kcal_tolerance,synth_3500_low_fat,synthetic,lunch_snack_dinner,False
kcal_tolerance,synth_3500_low_fat,synthetic,lunch_dinner,False
kcal_tolerance,synth_3500_low_fat,synthetic,lunch_only,False
kcal_tolerance,synth_3500_low_fat,synthetic,dinner_only,False
kcal_tolerance,synth_3500_low_fat,synthetic,lunch_snack,False
kcal_tolerance,synth_3500_extremely_low_fat,synthetic,full_day,False
kcal_tolerance,synth_3500_extremely_low_fat,synthetic,lunch_snack_dinner,False
kcal_tolerance,synth_3500_extremely_low_fat,synthetic,lunch_dinner,False
kcal_tolerance,synth_3500_extremely_low_fat,synthetic,lunch_only,False
kcal_tolerance,synth_3500_extremely_low_fat,synthetic,dinner_only,False
kcal_tolerance,synth_3500_extremely_low_fat,synthetic,lunch_snack,False
kcal_tolerance,synth_3500_high_fat,synthetic,full_day,True
kcal_tolerance,synth_3500_high_fat,synthetic,lunch_snack_dinner,False
kcal_tolerance,synth_3500_high_fat,synthetic,lunch_dinner,False
kcal_tolerance,synth_3500_high_fat,synthetic,lunch_only,False
kcal_tolerance,synth_3500_high_fat,synthetic,dinner_only,True
kcal_tolerance,synth_3500_high_fat,synthetic,lunch_snack,False
kcal_tolerance,synth_3500_extremely_high_fat,synthetic,full_day,False
kcal_tolerance,synth_3500_extremely_high_fat,synthetic,lunch_snack_dinner,False
kcal_tolerance,synth_3500_extremely_high_fat,synthetic,lunch_dinner,False
kcal_tolerance,synth_3500_extremely_high_fat,synthetic,lunch_only,False
kcal_tolerance,synth_3500_extremely_high_fat,synthetic,dinner_only,False
kcal_tolerance,synth_3500_extremely_high_fat,synthetic,lunch_snack,False
kcal_tolerance,synth_3500_low_carbs,synthetic,full_day,True
kcal_tolerance,synth_3500_low_carbs,synthetic,lunch_snack_dinner,True
kcal_tolerance,synth_3500_low_carbs,synthetic,lunch_dinner,False
kcal_tolerance,synth_3500_low_carbs,synthetic,lunch_only,False
kcal_tolerance,synth_3500_low_carbs,synthetic,dinner_only,True
kcal_tolerance,synth_3500_low_carbs,synthetic,lunch_snack,False
kcal_tolerance,synth_3500_extremely_low_carbs,synthetic,full_day,False
kcal_tolerance,synth_3500_extremely_low_carbs,synthetic,lunch_snack_dinner,False
kcal_tolerance,synth_3500_extremely_low_carbs,synthetic,lunch_dinner,False
kcal_tolerance,synth_3500_extremely_low_carbs,synthetic,lunch_only,False
kcal_tolerance,synth_3500_extremely_low_carbs,synthetic,dinner_only,False
kcal_tolerance,synth_3500_extremely_low_carbs,synthetic,lunch_snack,False
kcal_tolerance,synth_3500_high_carbs,synthetic,full_day,False
kcal_tolerance,synth_3500_high_carbs,synthetic,lunch_snack_dinner,False
kcal_tolerance,synth_3500_high_carbs,synthetic,lunch_dinner,False
kcal_tolerance,synth_3500_high_carbs,synthetic,lunch_only,False
kcal_tolerance,synth_3500_high_carbs,synthetic,dinner_only,False
kcal_tolerance,synth_3500_high_carbs,synthetic,lunch_snack,False
kcal_tolerance,synth_3500_extremely_high_carbs,synthetic,full_day,False
kcal_tolerance,synth_3500_extremely_high_carbs,synthetic,lunch_snack_dinner,False
kcal_tolerance,synth_3500_extremely_high_carbs,synthetic,lunch_dinner,False
kcal_tolerance,synth_3500_extremely_high_carbs,synthetic,lunch_only,False
kcal_tolerance,synth_3500_extremely_high_carbs,synthetic,dinner_only,False
kcal_tolerance,synth_3500_extremely_high_carbs,synthetic,lunch_snack,False
macro_tolerance,person_1,real,full_day,True
macro_tolerance,person_1,real,lunch_snack_dinner,True
macro_tolerance,person_1,real,lunch_dinner,True
macro_tolerance,person_1,real,lunch_only,False
macro_tolerance,person_1,real,dinner_only,False
macro_tolerance,person_1,real,lunch_snack,False
macro_tolerance,person_2,real,full_day,True
macro_tolerance,person_2,real,lunch_snack_dinner,True
macro_tolerance,person_2,real,lunch_dinner,True
macro_tolerance,person_2,real,lunch_only,False
macro_tolerance,person_2,real,dinner_only,True
macro_tolerance,person_2,real,lunch_snack,True
macro_tolerance,person_3,real,full_day,True
macro_tolerance,person_3,real,lunch_snack_dinner,True
macro_tolerance,person_3,real,lunch_dinner,True
macro_tolerance,person_3,real,lunch_only,False
macro_tolerance,person_3,real,dinner_only,True
macro_tolerance,person_3,real,lunch_snack,False
macro_tolerance,person_4,real,full_day,True
macro_tolerance,person_4,real,lunch_snack_dinner,True
macro_tolerance,person_4,real,lunch_dinner,True
macro_tolerance,person_4,real,lunch_only,True
macro_tolerance,person_4,real,dinner_only,True
macro_tolerance,person_4,real,lunch_snack,True
macro_tolerance,person_5,real,full_day,True
macro_tolerance,person_5,real,lunch_snack_dinner,True
macro_tolerance,person_5,real,lunch_dinner,True
macro_tolerance,person_5,real,lunch_only,False
macro_tolerance,person_5,real,dinner_only,True
macro_tolerance,person_5,real,lunch_snack,True
macro_tolerance,person_6,real,full_day,True
macro_tolerance,person_6,real,lunch_snack_dinner,True
macro_tolerance,person_6,real,lunch_dinner,True
macro_tolerance,person_6,real,lunch_only,False
macro_tolerance,person_6,real,dinner_only,True
macro_tolerance,person_6,real,lunch_snack,False
macro_tolerance,person_7,real,full_day,True
macro_tolerance,person_7,real,lunch_snack_dinner,True
macro_tolerance,person_7,real,lunch_dinner,True
macro_tolerance,person_7,real,lunch_only,False
macro_tolerance,person_7,real,dinner_only,True
macro_tolerance,person_7,real,lunch_snack,False
macro_tolerance,person_8,real,full_day,True
macro_tolerance,person_8,real,lunch_snack_dinner,True
macro_tolerance,person_8,real,lunch_dinner,True
macro_tolerance,person_8,real,lunch_only,False
macro_tolerance,person_8,real,dinner_only,True
macro_tolerance,person_8,real,lunch_snack,True
macro_tolerance,person_9,real,full_day,True
macro_tolerance,person_9,real,lunch_snack_dinner,True
macro_tolerance,person_9,real,lunch_dinner,True
macro_tolerance,person_9,real,lunch_only,True
macro_tolerance,person_9,real,dinner_only,True
macro_tolerance,person_9,real,lunch_snack,True
macro_tolerance,person_10,real,full_day,True
macro_tolerance,person_10,real,lunch_snack_dinner,True
macro_tolerance,person_10,real,lunch_dinner,True
macro_tolerance,person_10,real,lunch_only,True
macro_tolerance,person_10,real,dinner_only,True
macro_tolerance,person_10,real,lunch_snack,True
macro_tolerance,synth_1000_balanced,synthetic,full_day,True
macro_tolerance,synth_1000_balanced,synthetic,lunch_snack_dinner,True
macro_tolerance,synth_1000_balanced,synthetic,lunch_dinner,True
macro_tolerance,synth_1000_balanced,synthetic,lunch_only,True
macro_tolerance,synth_1000_balanced,synthetic,dinner_only,True
macro_tolerance,synth_1000_balanced,synthetic,lunch_snack,True
macro_tolerance,synth_1000_low_protein,synthetic,full_day,True
macro_tolerance,synth_1000_low_protein,synthetic,lunch_snack_dinner,True
macro_tolerance,synth_1000_low_protein,synthetic,lunch_dinner,True
macro_tolerance,synth_1000_low_protein,synthetic,lunch_only,True
macro_tolerance,synth_1000_low_protein,synthetic,dinner_only,True
macro_tolerance,synth_1000_low_protein,synthetic,lunch_snack,True
macro_tolerance,synth_1000_extremely_low_protein,synthetic,full_day,True
macro_tolerance,synth_1000_extremely_low_protein,synthetic,lunch_snack_dinner,True
macro_tolerance,synth_1000_extremely_low_protein,synthetic,lunch_dinner,True
macro_tolerance,synth_1000_extremely_low_protein,synthetic,lunch_only,True
macro_tolerance,synth_1000_extremely_low_protein,synthetic,dinner_only,True
macro_tolerance,synth_1000_extremely_low_protein,synthetic,lunch_snack,True
macro_tolerance,synth_1000_high_protein,synthetic,full_day,True
macro_tolerance,synth_1000_high_protein,synthetic,lunch_snack_dinner,True
macro_tolerance,synth_1000_high_protein,synthetic,lunch_dinner,True
macro_tolerance,synth_1000_high_protein,synthetic,lunch_only,True
macro_tolerance,synth_1000_high_protein,synthetic,dinner_only,True
macro_tolerance,synth_1000_high_protein,synthetic,lunch_snack,True
macro_tolerance,synth_1000_extremely_high_protein,synthetic,full_day,True
macro_tolerance,synth_1000_extremely_high_protein,synthetic,lunch_snack_dinner,True
macro_tolerance,synth_1000_extremely_high_protein,synthetic,lunch_dinner,True
macro_tolerance,synth_1000_extremely_high_protein,synthetic,lunch_only,True
macro_tolerance,synth_1000_extremely_high_protein,synthetic,dinner_only,True
macro_tolerance,synth_1000_extremely_high_protein,synthetic,lunch_snack,True
macro_tolerance,synth_1000_low_fat,synthetic,full_day,True
macro_tolerance,synth_1000_low_fat,synthetic,lunch_snack_dinner,True
macro_tolerance,synth_1000_low_fat,synthetic,lunch_dinner,True
macro_tolerance,synth_1000_low_fat,synthetic,lunch_only,True
macro_tolerance,synth_1000_low_fat,synthetic,dinner_only,True
macro_tolerance,synth_1000_low_fat,synthetic,lunch_snack,True
macro_tolerance,synth_1000_extremely_low_fat,synthetic,full_day,True
macro_tolerance,synth_1000_extremely_low_fat,synthetic,lunch_snack_dinner,True
macro_tolerance,synth_1000_extremely_low_fat,synthetic,lunch_dinner,True
macro_tolerance,synth_1000_extremely_low_fat,synthetic,lunch_only,True
macro_tolerance,synth_1000_extremely_low_fat,synthetic,dinner_only,True
macro_tolerance,synth_1000_extremely_low_fat,synthetic,lunch_snack,True
macro_tolerance,synth_1000_high_fat,synthetic,full_day,True
macro_tolerance,synth_1000_high_fat,synthetic,lunch_snack_dinner,True
macro_tolerance,synth_1000_high_fat,synthetic,lunch_dinner,True
macro_tolerance,synth_1000_high_fat,synthetic,lunch_only,True
macro_tolerance,synth_1000_high_fat,synthetic,dinner_only,True
macro_tolerance,synth_1000_high_fat,synthetic,lunch_snack,True
macro_tolerance,synth_1000_extremely_high_fat,synthetic,full_day,True
macro_tolerance,synth_1000_extremely_high_fat,synthetic,lunch_snack_dinner,True
macro_tolerance,synth_1000_extremely_high_fat,synthetic,lunch_dinner,True
macro_tolerance,synth_1000_extremely_high_fat,synthetic,lunch_only,True
macro_tolerance,synth_1000_extremely_high_fat,synthetic,dinner_only,True
macro_tolerance,synth_1000_extremely_high_fat,synthetic,lunch_snack,True
macro_tolerance,synth_1000_low_carbs,synthetic,full_day,True
macro_tolerance,synth_1000_low_carbs,synthetic,lunch_snack_dinner,True
macro_tolerance,synth_1000_low_carbs,synthetic,lunch_dinner,True
macro_tolerance,synth_1000_low_carbs,synthetic,lunch_only,True
macro_tolerance,synth_1000_low_carbs,synthetic,dinner_only,True
macro_tolerance,synth_1000_low_carbs,synthetic,lunch_snack,True
macro_tolerance,synth_1000_extremely_low_carbs,synthetic,full_day,True
macro_tolerance,synth_1000_extremely_low_carbs,synthetic,lunch_snack_dinner,True
macro_tolerance,synth_1000_extremely_low_carbs,synthetic,lunch_dinner,True
macro_tolerance,synth_1000_extremely_low_carbs,synthetic,lunch_only,True
macro_tolerance,synth_1000_extremely_low_carbs,synthetic,dinner_only,True
macro_tolerance,synth_1000_extremely_low_carbs,synthetic,lunch_snack,True
macro_tolerance,synth_1000_high_carbs,synthetic,full_day,True
macro_tolerance,synth_1000_high_carbs,synthetic,lunch_snack_dinner,True
macro_tolerance,synth_1000_high_carbs,synthetic,lunch_dinner,True
macro_tolerance,synth_1000_high_carbs,synthetic,lunch_only,True
macro_tolerance,synth_1000_high_carbs,synthetic,dinner_only,True
macro_tolerance,synth_1000_high_carbs,synthetic,lunch_snack,True
macro_tolerance,synth_1000_extremely_high_carbs,synthetic,full_day,True
macro_tolerance,synth_1000_extremely_high_carbs,synthetic,lunch_snack_dinner,True
macro_tolerance,synth_1000_extremely_high_carbs,synthetic,lunch_dinner,True
macro_tolerance,synth_1000_extremely_high_carbs,synthetic,lunch_only,True
macro_tolerance,synth_1000_extremely_high_carbs,synthetic,dinner_only,True
macro_tolerance,synth_1000_extremely_high_carbs,synthetic,lunch_snack,True
macro_tolerance,synth_1500_balanced,synthetic,full_day,True
macro_tolerance,synth_1500_balanced,synthetic,lunch_snack_dinner,True
macro_tolerance,synth_1500_balanced,synthetic,lunch_dinner,True
macro_tolerance,synth_1500_balanced,synthetic,lunch_only,False
macro_tolerance,synth_1500_balanced,synthetic,dinner_only,True
macro_tolerance,synth_1500_balanced,synthetic,lunch_snack,True
macro_tolerance,synth_1500_low_protein,synthetic,full_day,True
macro_tolerance,synth_1500_low_protein,synthetic,lunch_snack_dinner,True
macro_tolerance,synth_1500_low_protein,synthetic,lunch_dinner,True
macro_tolerance,synth_1500_low_protein,synthetic,lunch_only,False
macro_tolerance,synth_1500_low_protein,synthetic,dinner_only,True
macro_tolerance,synth_1500_low_protein,synthetic,lunch_snack,True
macro_tolerance,synth_1500_extremely_low_protein,synthetic,full_day,True
macro_tolerance,synth_1500_extremely_low_protein,synthetic,lunch_snack_dinner,True
macro_tolerance,synth_1500_extremely_low_protein,synthetic,lunch_dinner,True
macro_tolerance,synth_1500_extremely_low_protein,synthetic,lunch_only,False
macro_tolerance,synth_1500_extremely_low_protein,synthetic,dinner_only,True
macro_tolerance,synth_1500_extremely_low_protein,synthetic,lunch_snack,True
macro_tolerance,synth_1500_high_protein,synthetic,full_day,True
macro_tolerance,synth_1500_high_protein,synthetic,lunch_snack_dinner,True
macro_tolerance,synth_1500_high_protein,synthetic,lunch_dinner,True
macro_tolerance,synth_1500_high_protein,synthetic,lunch_only,False
macro_tolerance,synth_1500_high_protein,synthetic,dinner_only,True
macro_tolerance,synth_1500_high_protein,synthetic,lunch_snack,True
macro_tolerance,synth_1500_extremely_high_protein,synthetic,full_day,True
macro_tolerance,synth_1500_extremely_high_protein,synthetic,lunch_snack_dinner,True
macro_tolerance,synth_1500_extremely_high_protein,synthetic,lunch_dinner,True
macro_tolerance,synth_1500_extremely_high_protein,synthetic,lunch_only,False
macro_tolerance,synth_1500_extremely_high_protein,synthetic,dinner_only,True
macro_tolerance,synth_1500_extremely_high_protein,synthetic,lunch_snack,True
macro_tolerance,synth_1500_low_fat,synthetic,full_day,True
macro_tolerance,synth_1500_low_fat,synthetic,lunch_snack_dinner,True
macro_tolerance,synth_1500_low_fat,synthetic,lunch_dinner,True
macro_tolerance,synth_1500_low_fat,synthetic,lunch_only,False
macro_tolerance,synth_1500_low_fat,synthetic,dinner_only,True
macro_tolerance,synth_1500_low_fat,synthetic,lunch_snack,True
macro_tolerance,synth_1500_extremely_low_fat,synthetic,full_day,True
macro_tolerance,synth_1500_extremely_low_fat,synthetic,lunch_snack_dinner,True
macro_tolerance,synth_1500_extremely_low_fat,synthetic,lunch_dinner,True
macro_tolerance,synth_1500_extremely_low_fat,synthetic,lunch_only,False
macro_tolerance,synth_1500_extremely_low_fat,synthetic,dinner_only,True
macro_tolerance,synth_1500_extremely_low_fat,synthetic,lunch_snack,True
macro_tolerance,synth_1500_high_fat,synthetic,full_day,True
macro_tolerance,synth_1500_high_fat,synthetic,lunch_snack_dinner,True
macro_tolerance,synth_1500_high_fat,synthetic,lunch_dinner,True
macro_tolerance,synth_1500_high_fat,synthetic,lunch_only,False
macro_tolerance,synth_1500_high_fat,synthetic,dinner_only,True
macro_tolerance,synth_1500_high_fat,synthetic,lunch_snack,True
macro_tolerance,synth_1500_extremely_high_fat,synthetic,full_day,True
macro_tolerance,synth_1500_extremely_high_fat,synthetic,lunch_snack_dinner,True
macro_tolerance,synth_1500_extremely_high_fat,synthetic,lunch_dinner,True
macro_tolerance,synth_1500_extremely_high_fat,synthetic,lunch_only,False
macro_tolerance,synth_1500_extremely_high_fat,synthetic,dinner_only,True
macro_tolerance,synth_1500_extremely_high_fat,synthetic,lunch_snack,True
macro_tolerance,synth_1500_low_carbs,synthetic,full_day,True
macro_tolerance,synth_1500_low_carbs,synthetic,lunch_snack_dinner,True
macro_tolerance,synth_1500_low_carbs,synthetic,lunch_dinner,True
macro_tolerance,synth_1500_low_carbs,synthetic,lunch_only,False
macro_tolerance,synth_1500_low_carbs,synthetic,dinner_only,True
macro_tolerance,synth_1500_low_carbs,synthetic,lunch_snack,True
macro_tolerance,synth_1500_extremely_low_carbs,synthetic,full_day,True
macro_tolerance,synth_1500_extremely_low_carbs,synthetic,lunch_snack_dinner,True
macro_tolerance,synth_1500_extremely_low_carbs,synthetic,lunch_dinner,True
macro_tolerance,synth_1500_extremely_low_carbs,synthetic,lunch_only,False
macro_tolerance,synth_1500_extremely_low_carbs,synthetic,dinner_only,True
macro_tolerance,synth_1500_extremely_low_carbs,synthetic,lunch_snack,True
macro_tolerance,synth_1500_high_carbs,synthetic,full_day,True
macro_tolerance,synth_1500_high_carbs,synthetic,lunch_snack_dinner,True
macro_tolerance,synth_1500_high_carbs,synthetic,lunch_dinner,True
macro_tolerance,synth_1500_high_carbs,synthetic,lunch_only,False
macro_tolerance,synth_1500_high_carbs,synthetic,dinner_only,True
macro_tolerance,synth_1500_high_carbs,synthetic,lunch_snack,True
macro_tolerance,synth_1500_extremely_high_carbs,synthetic,full_day,True
macro_tolerance,synth_1500_extremely_high_carbs,synthetic,lunch_snack_dinner,True
macro_tolerance,synth_1500_extremely_high_carbs,synthetic,lunch_dinner,True
macro_tolerance,synth_1500_extremely_high_carbs,synthetic,lunch_only,False
macro_tolerance,synth_1500_extremely_high_carbs,synthetic,dinner_only,True
macro_tolerance,synth_1500_extremely_high_carbs,synthetic,lunch_snack,True
macro_tolerance,synth_2000_balanced,synthetic,full_day,True
macro_tolerance,synth_2000_balanced,synthetic,lunch_snack_dinner,True
macro_tolerance,synth_2000_balanced,synthetic,lunch_dinner,True
macro_tolerance,synth_2000_balanced,synthetic,lunch_only,False
macro_tolerance,synth_2000_balanced,synthetic,dinner_only,False
macro_tolerance,synth_2000_balanced,synthetic,lunch_snack,False
macro_tolerance,synth_2000_low_protein,synthetic,full_day,True
macro_tolerance,synth_2000_low_protein,synthetic,lunch_snack_dinner,True
macro_tolerance,synth_2000_low_protein,synthetic,lunch_dinner,True
macro_tolerance,synth_2000_low_protein,synthetic,lunch_only,False
macro_tolerance,synth_2000_low_protein,synthetic,dinner_only,False
macro_tolerance,synth_2000_low_protein,synthetic,lunch_snack,False
macro_tolerance,synth_2000_extremely_low_protein,synthetic,full_day,True
macro_tolerance,synth_2000_extremely_low_protein,synthetic,lunch_snack_dinner,True
macro_tolerance,synth_2000_extremely_low_protein,synthetic,lunch_dinner,True
macro_tolerance,synth_2000_extremely_low_protein,synthetic,lunch_only,False
macro_tolerance,synth_2000_extremely_low_protein,synthetic,dinner_only,False
macro_tolerance,synth_2000_extremely_low_protein,synthetic,lunch_snack,False
macro_tolerance,synth_2000_high_protein,synthetic,full_day,True
macro_tolerance,synth_2000_high_protein,synthetic,lunch_snack_dinner,True
macro_tolerance,synth_2000_high_protein,synthetic,lunch_dinner,True
macro_tolerance,synth_2000_high_protein,synthetic,lunch_only,False
macro_tolerance,synth_2000_high_protein,synthetic,dinner_only,False
macro_tolerance,synth_2000_high_protein,synthetic,lunch_snack,False
macro_tolerance,synth_2000_extremely_high_protein,synthetic,full_day,True
macro_tolerance,synth_2000_extremely_high_protein,synthetic,lunch_snack_dinner,True
macro_tolerance,synth_2000_extremely_high_protein,synthetic,lunch_dinner,True
macro_tolerance,synth_2000_extremely_high_protein,synthetic,lunch_only,False
macro_tolerance,synth_2000_extremely_high_protein,synthetic,dinner_only,False
macro_tolerance,synth_2000_extremely_high_protein,synthetic,lunch_snack,False
macro_tolerance,synth_2000_low_fat,synthetic,full_day,True
macro_tolerance,synth_2000_low_fat,synthetic,lunch_snack_dinner,True
macro_tolerance,synth_2000_low_fat,synthetic,lunch_dinner,True
macro_tolerance,synth_2000_low_fat,synthetic,lunch_only,False
macro_tolerance,synth_2000_low_fat,synthetic,dinner_only,False
macro_tolerance,synth_2000_low_fat,synthetic,lunch_snack,False
macro_tolerance,synth_2000_extremely_low_fat,synthetic,full_day,True
macro_tolerance,synth_2000_extremely_low_fat,synthetic,lunch_snack_dinner,True
macro_tolerance,synth_2000_extremely_low_fat,synthetic,lunch_dinner,True
macro_tolerance,synth_2000_extremely_low_fat,synthetic,lunch_only,False
macro_tolerance,synth_2000_extremely_low_fat,synthetic,dinner_only,False
macro_tolerance,synth_2000_extremely_low_fat,synthetic,lunch_snack,False
macro_tolerance,synth_2000_high_fat,synthetic,full_day,True
macro_tolerance,synth_2000_high_fat,synthetic,lunch_snack_dinner,True
macro_tolerance,synth_2000_high_fat,synthetic,lunch_dinner,True
macro_tolerance,synth_2000_high_fat,synthetic,lunch_only,False
macro_tolerance,synth_2000_high_fat,synthetic,dinner_only,False
macro_tolerance,synth_2000_high_fat,synthetic,lunch_snack,False
macro_tolerance,synth_2000_extremely_high_fat,synthetic,full_day,True
macro_tolerance,synth_2000_extremely_high_fat,synthetic,lunch_snack_dinner,True
macro_tolerance,synth_2000_extremely_high_fat,synthetic,lunch_dinner,True
macro_tolerance,synth_2000_extremely_high_fat,synthetic,lunch_only,False
macro_tolerance,synth_2000_extremely_high_fat,synthetic,dinner_only,False
macro_tolerance,synth_2000_extremely_high_fat,synthetic,lunch_snack,False
macro_tolerance,synth_2000_low_carbs,synthetic,full_day,True
macro_tolerance,synth_2000_low_carbs,synthetic,lunch_snack_dinner,True
macro_tolerance,synth_2000_low_carbs,synthetic,lunch_dinner,True
macro_tolerance,synth_2000_low_carbs,synthetic,lunch_only,False
macro_tolerance,synth_2000_low_carbs,synthetic,dinner_only,False
macro_tolerance,synth_2000_low_carbs,synthetic,lunch_snack,False
macro_tolerance,synth_2000_extremely_low_carbs,synthetic,full_day,True
macro_tolerance,synth_2000_extremely_low_carbs,synthetic,lunch_snack_dinner,True
macro_tolerance,synth_2000_extremely_low_carbs,synthetic,lunch_dinner,True
macro_tolerance,synth_2000_extremely_low_carbs,synthetic,lunch_only,False
macro_tolerance,synth_2000_extremely_low_carbs,synthetic,dinner_only,False
macro_tolerance,synth_2000_extremely_low_carbs,synthetic,lunch_snack,False
macro_tolerance,synth_2000_high_carbs,synthetic,full_day,True
macro_tolerance,synth_2000_high_carbs,synthetic,lunch_snack_dinner,True
macro_tolerance,synth_2000_high_carbs,synthetic,lunch_dinner,True
macro_tolerance,synth_2000_high_carbs,synthetic,lunch_only,False
macro_tolerance,synth_2000_high_carbs,synthetic,dinner_only,False
macro_tolerance,synth_2000_high_carbs,synthetic,lunch_snack,False
macro_tolerance,synth_2000_extremely_high_carbs,synthetic,full_day,True
macro_tolerance,synth_2000_extremely_high_carbs,synthetic,lunch_snack_dinner,True
macro_tolerance,synth_2000_extremely_high_carbs,synthetic,lunch_dinner,True
macro_tolerance,synth_2000_extremely_high_carbs,synthetic,lunch_only,False
macro_tolerance,synth_2000_extremely_high_carbs,synthetic,dinner_only,False
macro_tolerance,synth_2000_extremely_high_carbs,synthetic,lunch_snack,False
macro_tolerance,synth_2500_balanced,synthetic,full_day,True
macro_tolerance,synth_2500_balanced,synthetic,lunch_snack_dinner,True
macro_tolerance,synth_2500_balanced,synthetic,lunch_dinner,True
macro_tolerance,synth_2500_balanced,synthetic,lunch_only,False
macro_tolerance,synth_2500_balanced,synthetic,dinner_only,True
macro_tolerance,synth_2500_balanced,synthetic,lunch_snack,False
macro_tolerance,synth_2500_low_protein,synthetic,full_day,True
macro_tolerance,synth_2500_low_protein,synthetic,lunch_snack_dinner,True
macro_tolerance,synth_2500_low_protein,synthetic,lunch_dinner,True
macro_tolerance,synth_2500_low_protein,synthetic,lunch_only,False
macro_tolerance,synth_2500_low_protein,synthetic,dinner_only,True
macro_tolerance,synth_2500_low_protein,synthetic,lunch_snack,False
macro_tolerance,synth_2500_extremely_low_protein,synthetic,full_day,True
macro_tolerance,synth_2500_extremely_low_protein,synthetic,lunch_snack_dinner,True
macro_tolerance,synth_2500_extremely_low_protein,synthetic,lunch_dinner,True
macro_tolerance,synth_2500_extremely_low_protein,synthetic,lunch_only,False
macro_tolerance,synth_2500_extremely_low_protein,synthetic,dinner_only,True
macro_tolerance,synth_2500_extremely_low_protein,synthetic,lunch_snack,False
macro_tolerance,synth_2500_high_protein,synthetic,full_day,True
macro_tolerance,synth_2500_high_protein,synthetic,lunch_snack_dinner,True
macro_tolerance,synth_2500_high_protein,synthetic,lunch_dinner,True
macro_tolerance,synth_2500_high_protein,synthetic,lunch_only,False
macro_tolerance,synth_2500_high_protein,synthetic,dinner_only,True
macro_tolerance,synth_2500_high_protein,synthetic,lunch_snack,False
macro_tolerance,synth_2500_extremely_high_protein,synthetic,full_day,True
macro_tolerance,synth_2500_extremely_high_protein,synthetic,lunch_snack_dinner,True
macro_tolerance,synth_2500_extremely_high_protein,synthetic,lunch_dinner,True
macro_tolerance,synth_2500_extremely_high_protein,synthetic,lunch_only,False
macro_tolerance,synth_2500_extremely_high_protein,synthetic,dinner_only,True
macro_tolerance,synth_2500_extremely_high_protein,synthetic,lunch_snack,False
macro_tolerance,synth_2500_low_fat,synthetic,full_day,True
macro_tolerance,synth_2500_low_fat,synthetic,lunch_snack_dinner,True
macro_tolerance,synth_2500_low_fat,synthetic,lunch_dinner,True
macro_tolerance,synth_2500_low_fat,synthetic,lunch_only,False
macro_tolerance,synth_2500_low_fat,synthetic,dinner_only,True
macro_tolerance,synth_2500_low_fat,synthetic,lunch_snack,False
macro_tolerance,synth_2500_extremely_low_fat,synthetic,full_day,True
macro_tolerance,synth_2500_extremely_low_fat,synthetic,lunch_snack_dinner,True
macro_tolerance,synth_2500_extremely_low_fat,synthetic,lunch_dinner,True
macro_tolerance,synth_2500_extremely_low_fat,synthetic,lunch_only,False
macro_tolerance,synth_2500_extremely_low_fat,synthetic,dinner_only,True
macro_tolerance,synth_2500_extremely_low_fat,synthetic,lunch_snack,False
macro_tolerance,synth_2500_high_fat,synthetic,full_day,True
macro_tolerance,synth_2500_high_fat,synthetic,lunch_snack_dinner,True
macro_tolerance,synth_2500_high_fat,synthetic,lunch_dinner,True
macro_tolerance,synth_2500_high_fat,synthetic,lunch_only,False
macro_tolerance,synth_2500_high_fat,synthetic,dinner_only,True
macro_tolerance,synth_2500_high_fat,synthetic,lunch_snack,False
macro_tolerance,synth_2500_extremely_high_fat,synthetic,full_day,True
macro_tolerance,synth_2500_extremely_high_fat,synthetic,lunch_snack_dinner,True
macro_tolerance,synth_2500_extremely_high_fat,synthetic,lunch_dinner,True
macro_tolerance,synth_2500_extremely_high_fat,synthetic,lunch_only,False
macro_tolerance,synth_2500_extremely_high_fat,synthetic,dinner_only,True
macro_tolerance,synth_2500_extremely_high_fat,synthetic,lunch_snack,False
macro_tolerance,synth_2500_low_carbs,synthetic,full_day,True
macro_tolerance,synth_2500_low_carbs,synthetic,lunch_snack_dinner,True
macro_tolerance,synth_2500_low_carbs,synthetic,lunch_dinner,True
macro_tolerance,synth_2500_low_carbs,synthetic,lunch_only,False
macro_tolerance,synth_2500_low_carbs,synthetic,dinner_only,True
macro_tolerance,synth_2500_low_carbs,synthetic,lunch_snack,False
macro_tolerance,synth_2500_extremely_low_carbs,synthetic,full_day,True
macro_tolerance,synth_2500_extremely_low_carbs,synthetic,lunch_snack_dinner,True
macro_tolerance,synth_2500_extremely_low_carbs,synthetic,lunch_dinner,True
macro_tolerance,synth_2500_extremely_low_carbs,synthetic,lunch_only,False
macro_tolerance,synth_2500_extremely_low_carbs,synthetic,dinner_only,True
macro_tolerance,synth_2500_extremely_low_carbs,synthetic,lunch_snack,False
macro_tolerance,synth_2500_high_carbs,synthetic,full_day,True
macro_tolerance,synth_2500_high_carbs,synthetic,lunch_snack_dinner,True
macro_tolerance,synth_2500_high_carbs,synthetic,lunch_dinner,True
macro_tolerance,synth_2500_high_carbs,synthetic,lunch_only,False
macro_tolerance,synth_2500_high_carbs,synthetic,dinner_only,True
macro_tolerance,synth_2500_high_carbs,synthetic,lunch_snack,False
macro_tolerance,synth_2500_extremely_high_carbs,synthetic,full_day,True
macro_tolerance,synth_2500_extremely_high_carbs,synthetic,lunch_snack_dinner,True
macro_tolerance,synth_2500_extremely_high_carbs,synthetic,lunch_dinner,True
macro_tolerance,synth_2500_extremely_high_carbs,synthetic,lunch_only,False
macro_tolerance,synth_2500_extremely_high_carbs,synthetic,dinner_only,True
macro_tolerance,synth_2500_extremely_high_carbs,synthetic,lunch_snack,False
macro_tolerance,synth_3000_balanced,synthetic,full_day,True
macro_tolerance,synth_3000_balanced,synthetic,lunch_snack_dinner,True
macro_tolerance,synth_3000_balanced,synthetic,lunch_dinner,False
macro_tolerance,synth_3000_balanced,synthetic,lunch_only,False
macro_tolerance,synth_3000_balanced,synthetic,dinner_only,True
macro_tolerance,synth_3000_balanced,synthetic,lunch_snack,False
macro_tolerance,synth_3000_low_protein,synthetic,full_day,True
macro_tolerance,synth_3000_low_protein,synthetic,lunch_snack_dinner,True
macro_tolerance,synth_3000_low_protein,synthetic,lunch_dinner,False
macro_tolerance,synth_3000_low_protein,synthetic,lunch_only,False
macro_tolerance,synth_3000_low_protein,synthetic,dinner_only,True
macro_tolerance,synth_3000_low_protein,synthetic,lunch_snack,False
macro_tolerance,synth_3000_extremely_low_protein,synthetic,full_day,True
macro_tolerance,synth_3000_extremely_low_protein,synthetic,lunch_snack_dinner,True
macro_tolerance,synth_3000_extremely_low_protein,synthetic,lunch_dinner,False
macro_tolerance,synth_3000_extremely_low_protein,synthetic,lunch_only,False
macro_tolerance,synth_3000_extremely_low_protein,synthetic,dinner_only,True
macro_tolerance,synth_3000_extremely_low_protein,synthetic,lunch_snack,False
macro_tolerance,synth_3000_high_protein,synthetic,full_day,True
macro_tolerance,synth_3000_high_protein,synthetic,lunch_snack_dinner,True
macro_tolerance,synth_3000_high_protein,synthetic,lunch_dinner,False
macro_tolerance,synth_3000_high_protein,synthetic,lunch_only,False
macro_tolerance,synth_3000_high_protein,synthetic,dinner_only,True
macro_tolerance,synth_3000_high_protein,synthetic,lunch_snack,False
macro_tolerance,synth_3000_extremely_high_protein,synthetic,full_day,True
macro_tolerance,synth_3000_extremely_high_protein,synthetic,lunch_snack_dinner,True
macro_tolerance,synth_3000_extremely_high_protein,synthetic,lunch_dinner,False
macro_tolerance,synth_3000_extremely_high_protein,synthetic,lunch_only,False
macro_tolerance,synth_3000_extremely_high_protein,synthetic,dinner_only,True
macro_tolerance,synth_3000_extremely_high_protein,synthetic,lunch_snack,False
macro_tolerance,synth_3000_low_fat,synthetic,full_day,True
macro_tolerance,synth_3000_low_fat,synthetic,lunch_snack_dinner,True
macro_tolerance,synth_3000_low_fat,synthetic,lunch_dinner,False
macro_tolerance,synth_3000_low_fat,synthetic,lunch_only,False
macro_tolerance,synth_3000_low_fat,synthetic,dinner_only,True
macro_tolerance,synth_3000_low_fat,synthetic,lunch_snack,False
macro_tolerance,synth_3000_extremely_low_fat,synthetic,full_day,True
macro_tolerance,synth_3000_extremely_low_fat,synthetic,lunch_snack_dinner,True
macro_tolerance,synth_3000_extremely_low_fat,synthetic,lunch_dinner,False
macro_tolerance,synth_3000_extremely_low_fat,synthetic,lunch_only,False
macro_tolerance,synth_3000_extremely_low_fat,synthetic,dinner_only,True
macro_tolerance,synth_3000_extremely_low_fat,synthetic,lunch_snack,False
macro_tolerance,synth_3000_high_fat,synthetic,full_day,True
macro_tolerance,synth_3000_high_fat,synthetic,lunch_snack_dinner,True
macro_tolerance,synth_3000_high_fat,synthetic,lunch_dinner,False
macro_tolerance,synth_3000_high_fat,synthetic,lunch_only,False
macro_tolerance,synth_3000_high_fat,synthetic,dinner_only,True
macro_tolerance,synth_3000_high_fat,synthetic,lunch_snack,False
macro_tolerance,synth_3000_extremely_high_fat,synthetic,full_day,True
macro_tolerance,synth_3000_extremely_high_fat,synthetic,lunch_snack_dinner,True
macro_tolerance,synth_3000_extremely_high_fat,synthetic,lunch_dinner,False
macro_tolerance,synth_3000_extremely_high_fat,synthetic,lunch_only,False
macro_tolerance,synth_3000_extremely_high_fat,synthetic,dinner_only,True
macro_tolerance,synth_3000_extremely_high_fat,synthetic,lunch_snack,False
macro_tolerance,synth_3000_low_carbs,synthetic,full_day,True
macro_tolerance,synth_3000_low_carbs,synthetic,lunch_snack_dinner,True
macro_tolerance,synth_3000_low_carbs,synthetic,lunch_dinner,False
macro_tolerance,synth_3000_low_carbs,synthetic,lunch_only,False
macro_tolerance,synth_3000_low_carbs,synthetic,dinner_only,True
macro_tolerance,synth_3000_low_carbs,synthetic,lunch_snack,False
macro_tolerance,synth_3000_extremely_low_carbs,synthetic,full_day,True
macro_tolerance,synth_3000_extremely_low_carbs,synthetic,lunch_snack_dinner,True
macro_tolerance,synth_3000_extremely_low_carbs,synthetic,lunch_dinner,False
macro_tolerance,synth_3000_extremely_low_carbs,synthetic,lunch_only,False
macro_tolerance,synth_3000_extremely_low_carbs,synthetic,dinner_only,True
macro_tolerance,synth_3000_extremely_low_carbs,synthetic,lunch_snack,False
macro_tolerance,synth_3000_high_carbs,synthetic,full_day,True
macro_tolerance,synth_3000_high_carbs,synthetic,lunch_snack_dinner,True
macro_tolerance,synth_3000_high_carbs,synthetic,lunch_dinner,False
macro_tolerance,synth_3000_high_carbs,synthetic,lunch_only,False
macro_tolerance,synth_3000_high_carbs,synthetic,dinner_only,True
macro_tolerance,synth_3000_high_carbs,synthetic,lunch_snack,False
macro_tolerance,synth_3000_extremely_high_carbs,synthetic,full_day,True
macro_tolerance,synth_3000_extremely_high_carbs,synthetic,lunch_snack_dinner,True
macro_tolerance,synth_3000_extremely_high_carbs,synthetic,lunch_dinner,False
macro_tolerance,synth_3000_extremely_high_carbs,synthetic,lunch_only,False
macro_tolerance,synth_3000_extremely_high_carbs,synthetic,dinner_only,True
macro_tolerance,synth_3000_extremely_high_carbs,synthetic,lunch_snack,False
macro_tolerance,synth_3500_balanced,synthetic,full_day,True
macro_tolerance,synth_3500_balanced,synthetic,lunch_snack_dinner,True
macro_tolerance,synth_3500_balanced,synthetic,lunch_dinner,False
macro_tolerance,synth_3500_balanced,synthetic,lunch_only,False
macro_tolerance,synth_3500_balanced,synthetic,dinner_only,True
macro_tolerance,synth_3500_balanced,synthetic,lunch_snack,False
macro_tolerance,synth_3500_low_protein,synthetic,full_day,True
macro_tolerance,synth_3500_low_protein,synthetic,lunch_snack_dinner,True
macro_tolerance,synth_3500_low_protein,synthetic,lunch_dinner,False
macro_tolerance,synth_3500_low_protein,synthetic,lunch_only,False
macro_tolerance,synth_3500_low_protein,synthetic,dinner_only,True
macro_tolerance,synth_3500_low_protein,synthetic,lunch_snack,False
macro_tolerance,synth_3500_extremely_low_protein,synthetic,full_day,True
macro_tolerance,synth_3500_extremely_low_protein,synthetic,lunch_snack_dinner,True
macro_tolerance,synth_3500_extremely_low_protein,synthetic,lunch_dinner,False
macro_tolerance,synth_3500_extremely_low_protein,synthetic,lunch_only,False
macro_tolerance,synth_3500_extremely_low_protein,synthetic,dinner_only,True
macro_tolerance,synth_3500_extremely_low_protein,synthetic,lunch_snack,False
macro_tolerance,synth_3500_high_protein,synthetic,full_day,True
macro_tolerance,synth_3500_high_protein,synthetic,lunch_snack_dinner,True
macro_tolerance,synth_3500_high_protein,synthetic,lunch_dinner,False
macro_tolerance,synth_3500_high_protein,synthetic,lunch_only,False
macro_tolerance,synth_3500_high_protein,synthetic,dinner_only,True
macro_tolerance,synth_3500_high_protein,synthetic,lunch_snack,False
macro_tolerance,synth_3500_extremely_high_protein,synthetic,full_day,True
macro_tolerance,synth_3500_extremely_high_protein,synthetic,lunch_snack_dinner,True
macro_tolerance,synth_3500_extremely_high_protein,synthetic,lunch_dinner,False
macro_tolerance,synth_3500_extremely_high_protein,synthetic,lunch_only,False
macro_tolerance,synth_3500_extremely_high_protein,synthetic,dinner_only,True
macro_tolerance,synth_3500_extremely_high_protein,synthetic,lunch_snack,False
macro_tolerance,synth_3500_low_fat,synthetic,full_day,True
macro_tolerance,synth_3500_low_fat,synthetic,lunch_snack_dinner,True
macro_tolerance,synth_3500_low_fat,synthetic,lunch_dinner,False
macro_tolerance,synth_3500_low_fat,synthetic,lunch_only,False
macro_tolerance,synth_3500_low_fat,synthetic,dinner_only,True
macro_tolerance,synth_3500_low_fat,synthetic,lunch_snack,False
macro_tolerance,synth_3500_extremely_low_fat,synthetic,full_day,True
macro_tolerance,synth_3500_extremely_low_fat,synthetic,lunch_snack_dinner,True
macro_tolerance,synth_3500_extremely_low_fat,synthetic,lunch_dinner,False
macro_tolerance,synth_3500_extremely_low_fat,synthetic,lunch_only,False
macro_tolerance,synth_3500_extremely_low_fat,synthetic,dinner_only,True
macro_tolerance,synth_3500_extremely_low_fat,synthetic,lunch_snack,False
macro_tolerance,synth_3500_high_fat,synthetic,full_day,True
macro_tolerance,synth_3500_high_fat,synthetic,lunch_snack_dinner,True
macro_tolerance,synth_3500_high_fat,synthetic,lunch_dinner,False
macro_tolerance,synth_3500_high_fat,synthetic,lunch_only,False
macro_tolerance,synth_3500_high_fat,synthetic,dinner_only,True
macro_tolerance,synth_3500_high_fat,synthetic,lunch_snack,False
macro_tolerance,synth_3500_extremely_high_fat,synthetic,full_day,True
macro_tolerance,synth_3500_extremely_high_fat,synthetic,lunch_snack_dinner,True
macro_tolerance,synth_3500_extremely_high_fat,synthetic,lunch_dinner,False
macro_tolerance,synth_3500_extremely_high_fat,synthetic,lunch_only,False
macro_tolerance,synth_3500_extremely_high_fat,synthetic,dinner_only,True
macro_tolerance,synth_3500_extremely_high_fat,synthetic,lunch_snack,False
macro_tolerance,synth_3500_low_carbs,synthetic,full_day,True
macro_tolerance,synth_3500_low_carbs,synthetic,lunch_snack_dinner,True
macro_tolerance,synth_3500_low_carbs,synthetic,lunch_dinner,False
macro_tolerance,synth_3500_low_carbs,synthetic,lunch_only,False
macro_tolerance,synth_3500_low_carbs,synthetic,dinner_only,True
macro_tolerance,synth_3500_low_carbs,synthetic,lunch_snack,False
macro_tolerance,synth_3500_extremely_low_carbs,synthetic,full_day,True
macro_tolerance,synth_3500_extremely_low_carbs,synthetic,lunch_snack_dinner,True
macro_tolerance,synth_3500_extremely_low_carbs,synthetic,lunch_dinner,False
macro_tolerance,synth_3500_extremely_low_carbs,synthetic,lunch_only,False
macro_tolerance,synth_3500_extremely_low_carbs,synthetic,dinner_only,True
macro_tolerance,synth_3500_extremely_low_carbs,synthetic,lunch_snack,False
macro_tolerance,synth_3500_high_carbs,synthetic,full_day,True
macro_tolerance,synth_3500_high_carbs,synthetic,lunch_snack_dinner,True
macro_tolerance,synth_3500_high_carbs,synthetic,lunch_dinner,False
macro_tolerance,synth_3500_high_carbs,synthetic,lunch_only,False
macro_tolerance,synth_3500_high_carbs,synthetic,dinner_only,True
macro_tolerance,synth_3500_high_carbs,synthetic,lunch_snack,False
macro_tolerance,synth_3500_extremely_high_carbs,synthetic,full_day,True
macro_tolerance,synth_3500_extremely_high_carbs,synthetic,lunch_snack_dinner,True
macro_tolerance,synth_3500_extremely_high_carbs,synthetic,lunch_dinner,False
macro_tolerance,synth_3500_extremely_high_carbs,synthetic,lunch_only,False
macro_tolerance,synth_3500_extremely_high_carbs,synthetic,dinner_only,True
macro_tolerance,synth_3500_extremely_high_carbs,synthetic,lunch_snack,False
breakfast_cap,person_1,real,full_day,False
breakfast_cap,person_1,real,lunch_snack_dinner,False
breakfast_cap,person_1,real,lunch_dinner,False
breakfast_cap,person_1,real,lunch_only,False
breakfast_cap,person_1,real,dinner_only,False
breakfast_cap,person_1,real,lunch_snack,False
breakfast_cap,person_2,real,full_day,True
breakfast_cap,person_2,real,lunch_snack_dinner,True
breakfast_cap,person_2,real,lunch_dinner,True
breakfast_cap,person_2,real,lunch_only,False
breakfast_cap,person_2,real,dinner_only,False
breakfast_cap,person_2,real,lunch_snack,True
breakfast_cap,person_3,real,full_day,True
breakfast_cap,person_3,real,lunch_snack_dinner,True
breakfast_cap,person_3,real,lunch_dinner,True
breakfast_cap,person_3,real,lunch_only,False
breakfast_cap,person_3,real,dinner_only,False
breakfast_cap,person_3,real,lunch_snack,False
breakfast_cap,person_4,real,full_day,True
breakfast_cap,person_4,real,lunch_snack_dinner,False
breakfast_cap,person_4,real,lunch_dinner,True
breakfast_cap,person_4,real,lunch_only,True
breakfast_cap,person_4,real,dinner_only,False
breakfast_cap,person_4,real,lunch_snack,True
breakfast_cap,person_5,real,full_day,True
breakfast_cap,person_5,real,lunch_snack_dinner,True
breakfast_cap,person_5,real,lunch_dinner,True
breakfast_cap,person_5,real,lunch_only,False
breakfast_cap,person_5,real,dinner_only,False
breakfast_cap,person_5,real,lunch_snack,True
breakfast_cap,person_6,real,full_day,True
breakfast_cap,person_6,real,lunch_snack_dinner,True
breakfast_cap,person_6,real,lunch_dinner,True
breakfast_cap,person_6,real,lunch_only,False
breakfast_cap,person_6,real,dinner_only,False
breakfast_cap,person_6,real,lunch_snack,False
breakfast_cap,person_7,real,full_day,True
breakfast_cap,person_7,real,lunch_snack_dinner,True
breakfast_cap,person_7,real,lunch_dinner,True
breakfast_cap,person_7,real,lunch_only,False
breakfast_cap,person_7,real,dinner_only,False
breakfast_cap,person_7,real,lunch_snack,False
breakfast_cap,person_8,real,full_day,True
breakfast_cap,person_8,real,lunch_snack_dinner,True
breakfast_cap,person_8,real,lunch_dinner,True
breakfast_cap,person_8,real,lunch_only,False
breakfast_cap,person_8,real,dinner_only,False
breakfast_cap,person_8,real,lunch_snack,False
breakfast_cap,person_9,real,full_day,True
breakfast_cap,person_9,real,lunch_snack_dinner,False
breakfast_cap,person_9,real,lunch_dinner,True
breakfast_cap,person_9,real,lunch_only,True
breakfast_cap,person_9,real,dinner_only,False
breakfast_cap,person_9,real,lunch_snack,True
breakfast_cap,person_10,real,full_day,True
breakfast_cap,person_10,real,lunch_snack_dinner,True
breakfast_cap,person_10,real,lunch_dinner,True
breakfast_cap,person_10,real,lunch_only,False
breakfast_cap,person_10,real,dinner_only,False
breakfast_cap,person_10,real,lunch_snack,True
breakfast_cap,synth_1000_balanced,synthetic,full_day,True
breakfast_cap,synth_1000_balanced,synthetic,lunch_snack_dinner,True
breakfast_cap,synth_1000_balanced,synthetic,lunch_dinner,True
breakfast_cap,synth_1000_balanced,synthetic,lunch_only,False
breakfast_cap,synth_1000_balanced,synthetic,dinner_only,True
breakfast_cap,synth_1000_balanced,synthetic,lunch_snack,True
breakfast_cap,synth_1000_low_protein,synthetic,full_day,True
breakfast_cap,synth_1000_low_protein,synthetic,lunch_snack_dinner,True
breakfast_cap,synth_1000_low_protein,synthetic,lunch_dinner,False
breakfast_cap,synth_1000_low_protein,synthetic,lunch_only,False
breakfast_cap,synth_1000_low_protein,synthetic,dinner_only,True
breakfast_cap,synth_1000_low_protein,synthetic,lunch_snack,False
breakfast_cap,synth_1000_extremely_low_protein,synthetic,full_day,False
breakfast_cap,synth_1000_extremely_low_protein,synthetic,lunch_snack_dinner,False
breakfast_cap,synth_1000_extremely_low_protein,synthetic,lunch_dinner,False
breakfast_cap,synth_1000_extremely_low_protein,synthetic,lunch_only,False
breakfast_cap,synth_1000_extremely_low_protein,synthetic,dinner_only,False
breakfast_cap,synth_1000_extremely_low_protein,synthetic,lunch_snack,False
breakfast_cap,synth_1000_high_protein,synthetic,full_day,True
breakfast_cap,synth_1000_high_protein,synthetic,lunch_snack_dinner,False
breakfast_cap,synth_1000_high_protein,synthetic,lunch_dinner,True
breakfast_cap,synth_1000_high_protein,synthetic,lunch_only,True
breakfast_cap,synth_1000_high_protein,synthetic,dinner_only,False
breakfast_cap,synth_1000_high_protein,synthetic,lunch_snack,True
breakfast_cap,synth_1000_extremely_high_protein,synthetic,full_day,False
breakfast_cap,synth_1000_extremely_high_protein,synthetic,lunch_snack_dinner,False
breakfast_cap,synth_1000_extremely_high_protein,synthetic,lunch_dinner,False
breakfast_cap,synth_1000_extremely_high_protein,synthetic,lunch_only,False
breakfast_cap,synth_1000_extremely_high_protein,synthetic,dinner_only,False
breakfast_cap,synth_1000_extremely_high_protein,synthetic,lunch_snack,False
breakfast_cap,synth_1000_low_fat,synthetic,full_day,False
breakfast_cap,synth_1000_low_fat,synthetic,lunch_snack_dinner,False
breakfast_cap,synth_1000_low_fat,synthetic,lunch_dinner,False
breakfast_cap,synth_1000_low_fat,synthetic,lunch_only,False
breakfast_cap,synth_1000_low_fat,synthetic,dinner_only,False
breakfast_cap,synth_1000_low_fat,synthetic,lunch_snack,False
breakfast_cap,synth_1000_extremely_low_fat,synthetic,full_day,False
breakfast_cap,synth_1000_extremely_low_fat,synthetic,lunch_snack_dinner,False
breakfast_cap,synth_1000_extremely_low_fat,synthetic,lunch_dinner,False
breakfast_cap,synth_1000_extremely_low_fat,synthetic,lunch_only,False
breakfast_cap,synth_1000_extremely_low_fat,synthetic,dinner_only,False
breakfast_cap,synth_1000_extremely_low_fat,synthetic,lunch_snack,False
breakfast_cap,synth_1000_high_fat,synthetic,full_day,False
breakfast_cap,synth_1000_high_fat,synthetic,lunch_snack_dinner,False
breakfast_cap,synth_1000_high_fat,synthetic,lunch_dinner,False
breakfast_cap,synth_1000_high_fat,synthetic,lunch_only,False
breakfast_cap,synth_1000_high_fat,synthetic,dinner_only,True
breakfast_cap,synth_1000_high_fat,synthetic,lunch_snack,False
breakfast_cap,synth_1000_extremely_high_fat,synthetic,full_day,False
breakfast_cap,synth_1000_extremely_high_fat,synthetic,lunch_snack_dinner,False
breakfast_cap,synth_1000_extremely_high_fat,synthetic,lunch_dinner,False
breakfast_cap,synth_1000_extremely_high_fat,synthetic,lunch_only,False
breakfast_cap,synth_1000_extremely_high_fat,synthetic,dinner_only,False
breakfast_cap,synth_1000_extremely_high_fat,synthetic,lunch_snack,False
breakfast_cap,synth_1000_low_carbs,synthetic,full_day,False
breakfast_cap,synth_1000_low_carbs,synthetic,lunch_snack_dinner,False
breakfast_cap,synth_1000_low_carbs,synthetic,lunch_dinner,False
breakfast_cap,synth_1000_low_carbs,synthetic,lunch_only,False
breakfast_cap,synth_1000_low_carbs,synthetic,dinner_only,True
breakfast_cap,synth_1000_low_carbs,synthetic,lunch_snack,False
breakfast_cap,synth_1000_extremely_low_carbs,synthetic,full_day,False
breakfast_cap,synth_1000_extremely_low_carbs,synthetic,lunch_snack_dinner,False
breakfast_cap,synth_1000_extremely_low_carbs,synthetic,lunch_dinner,False
breakfast_cap,synth_1000_extremely_low_carbs,synthetic,lunch_only,False
breakfast_cap,synth_1000_extremely_low_carbs,synthetic,dinner_only,True
breakfast_cap,synth_1000_extremely_low_carbs,synthetic,lunch_snack,False
breakfast_cap,synth_1000_high_carbs,synthetic,full_day,True
breakfast_cap,synth_1000_high_carbs,synthetic,lunch_snack_dinner,True
breakfast_cap,synth_1000_high_carbs,synthetic,lunch_dinner,True
breakfast_cap,synth_1000_high_carbs,synthetic,lunch_only,False
breakfast_cap,synth_1000_high_carbs,synthetic,dinner_only,False
breakfast_cap,synth_1000_high_carbs,synthetic,lunch_snack,False
breakfast_cap,synth_1000_extremely_high_carbs,synthetic,full_day,False
breakfast_cap,synth_1000_extremely_high_carbs,synthetic,lunch_snack_dinner,False
breakfast_cap,synth_1000_extremely_high_carbs,synthetic,lunch_dinner,False
breakfast_cap,synth_1000_extremely_high_carbs,synthetic,lunch_only,False
breakfast_cap,synth_1000_extremely_high_carbs,synthetic,dinner_only,False
breakfast_cap,synth_1000_extremely_high_carbs,synthetic,lunch_snack,False
breakfast_cap,synth_1500_balanced,synthetic,full_day,True
breakfast_cap,synth_1500_balanced,synthetic,lunch_snack_dinner,True
breakfast_cap,synth_1500_balanced,synthetic,lunch_dinner,True
breakfast_cap,synth_1500_balanced,synthetic,lunch_only,False
breakfast_cap,synth_1500_balanced,synthetic,dinner_only,False
breakfast_cap,synth_1500_balanced,synthetic,lunch_snack,True
breakfast_cap,synth_1500_low_protein,synthetic,full_day,True
breakfast_cap,synth_1500_low_protein,synthetic,lunch_snack_dinner,True
breakfast_cap,synth_1500_low_protein,synthetic,lunch_dinner,True
breakfast_cap,synth_1500_low_protein,synthetic,lunch_only,False
breakfast_cap,synth_1500_low_protein,synthetic,dinner_only,False
breakfast_cap,synth_1500_low_protein,synthetic,lunch_snack,False
breakfast_cap,synth_1500_extremely_low_protein,synthetic,full_day,False
breakfast_cap,synth_1500_extremely_low_protein,synthetic,lunch_snack_dinner,False
breakfast_cap,synth_1500_extremely_low_protein,synthetic,lunch_dinner,False
breakfast_cap,synth_1500_extremely_low_protein,synthetic,lunch_only,False
breakfast_cap,synth_1500_extremely_low_protein,synthetic,dinner_only,False
breakfast_cap,synth_1500_extremely_low_protein,synthetic,lunch_snack,False
breakfast_cap,synth_1500_high_protein,synthetic,full_day,True
breakfast_cap,synth_1500_high_protein,synthetic,lunch_snack_dinner,True
breakfast_cap,synth_1500_high_protein,synthetic,lunch_dinner,True
breakfast_cap,synth_1500_high_protein,synthetic,lunch_only,False
breakfast_cap,synth_1500_high_protein,synthetic,dinner_only,False
breakfast_cap,synth_1500_high_protein,synthetic,lunch_snack,False
breakfast_cap,synth_1500_extremely_high_protein,synthetic,full_day,False
breakfast_cap,synth_1500_extremely_high_protein,synthetic,lunch_snack_dinner,False
breakfast_cap,synth_1500_extremely_high_protein,synthetic,lunch_dinner,False
breakfast_cap,synth_1500_extremely_high_protein,synthetic,lunch_only,False
breakfast_cap,synth_1500_extremely_high_protein,synthetic,dinner_only,False
breakfast_cap,synth_1500_extremely_high_protein,synthetic,lunch_snack,False
breakfast_cap,synth_1500_low_fat,synthetic,full_day,False
breakfast_cap,synth_1500_low_fat,synthetic,lunch_snack_dinner,False
breakfast_cap,synth_1500_low_fat,synthetic,lunch_dinner,False
breakfast_cap,synth_1500_low_fat,synthetic,lunch_only,False
breakfast_cap,synth_1500_low_fat,synthetic,dinner_only,False
breakfast_cap,synth_1500_low_fat,synthetic,lunch_snack,False
breakfast_cap,synth_1500_extremely_low_fat,synthetic,full_day,False
breakfast_cap,synth_1500_extremely_low_fat,synthetic,lunch_snack_dinner,False
breakfast_cap,synth_1500_extremely_low_fat,synthetic,lunch_dinner,False
breakfast_cap,synth_1500_extremely_low_fat,synthetic,lunch_only,False
breakfast_cap,synth_1500_extremely_low_fat,synthetic,dinner_only,False
breakfast_cap,synth_1500_extremely_low_fat,synthetic,lunch_snack,False
breakfast_cap,synth_1500_high_fat,synthetic,full_day,True
breakfast_cap,synth_1500_high_fat,synthetic,lunch_snack_dinner,False
breakfast_cap,synth_1500_high_fat,synthetic,lunch_dinner,False
breakfast_cap,synth_1500_high_fat,synthetic,lunch_only,False
breakfast_cap,synth_1500_high_fat,synthetic,dinner_only,False
breakfast_cap,synth_1500_high_fat,synthetic,lunch_snack,False
breakfast_cap,synth_1500_extremely_high_fat,synthetic,full_day,False
breakfast_cap,synth_1500_extremely_high_fat,synthetic,lunch_snack_dinner,False
breakfast_cap,synth_1500_extremely_high_fat,synthetic,lunch_dinner,False
breakfast_cap,synth_1500_extremely_high_fat,synthetic,lunch_only,False
breakfast_cap,synth_1500_extremely_high_fat,synthetic,dinner_only,False
breakfast_cap,synth_1500_extremely_high_fat,synthetic,lunch_snack,False
breakfast_cap,synth_1500_low_carbs,synthetic,full_day,True
breakfast_cap,synth_1500_low_carbs,synthetic,lunch_snack_dinner,True
breakfast_cap,synth_1500_low_carbs,synthetic,lunch_dinner,True
breakfast_cap,synth_1500_low_carbs,synthetic,lunch_only,False
breakfast_cap,synth_1500_low_carbs,synthetic,dinner_only,False
breakfast_cap,synth_1500_low_carbs,synthetic,lunch_snack,False
breakfast_cap,synth_1500_extremely_low_carbs,synthetic,full_day,False
breakfast_cap,synth_1500_extremely_low_carbs,synthetic,lunch_snack_dinner,False
breakfast_cap,synth_1500_extremely_low_carbs,synthetic,lunch_dinner,False
breakfast_cap,synth_1500_extremely_low_carbs,synthetic,lunch_only,False
breakfast_cap,synth_1500_extremely_low_carbs,synthetic,dinner_only,False
breakfast_cap,synth_1500_extremely_low_carbs,synthetic,lunch_snack,False
breakfast_cap,synth_1500_high_carbs,synthetic,full_day,True
breakfast_cap,synth_1500_high_carbs,synthetic,lunch_snack_dinner,True
breakfast_cap,synth_1500_high_carbs,synthetic,lunch_dinner,True
breakfast_cap,synth_1500_high_carbs,synthetic,lunch_only,False
breakfast_cap,synth_1500_high_carbs,synthetic,dinner_only,False
breakfast_cap,synth_1500_high_carbs,synthetic,lunch_snack,False
breakfast_cap,synth_1500_extremely_high_carbs,synthetic,full_day,False
breakfast_cap,synth_1500_extremely_high_carbs,synthetic,lunch_snack_dinner,False
breakfast_cap,synth_1500_extremely_high_carbs,synthetic,lunch_dinner,False
breakfast_cap,synth_1500_extremely_high_carbs,synthetic,lunch_only,False
breakfast_cap,synth_1500_extremely_high_carbs,synthetic,dinner_only,False
breakfast_cap,synth_1500_extremely_high_carbs,synthetic,lunch_snack,False
breakfast_cap,synth_2000_balanced,synthetic,full_day,True
breakfast_cap,synth_2000_balanced,synthetic,lunch_snack_dinner,True
breakfast_cap,synth_2000_balanced,synthetic,lunch_dinner,True
breakfast_cap,synth_2000_balanced,synthetic,lunch_only,False
breakfast_cap,synth_2000_balanced,synthetic,dinner_only,False
breakfast_cap,synth_2000_balanced,synthetic,lunch_snack,False
breakfast_cap,synth_2000_low_protein,synthetic,full_day,True
breakfast_cap,synth_2000_low_protein,synthetic,lunch_snack_dinner,True
breakfast_cap,synth_2000_low_protein,synthetic,lunch_dinner,False
breakfast_cap,synth_2000_low_protein,synthetic,lunch_only,False
breakfast_cap,synth_2000_low_protein,synthetic,dinner_only,False
breakfast_cap,synth_2000_low_protein,synthetic,lunch_snack,False
breakfast_cap,synth_2000_extremely_low_protein,synthetic,full_day,False
breakfast_cap,synth_2000_extremely_low_protein,synthetic,lunch_snack_dinner,False
breakfast_cap,synth_2000_extremely_low_protein,synthetic,lunch_dinner,False
breakfast_cap,synth_2000_extremely_low_protein,synthetic,lunch_only,False
breakfast_cap,synth_2000_extremely_low_protein,synthetic,dinner_only,False
breakfast_cap,synth_2000_extremely_low_protein,synthetic,lunch_snack,False
breakfast_cap,synth_2000_high_protein,synthetic,full_day,True
breakfast_cap,synth_2000_high_protein,synthetic,lunch_snack_dinner,True
breakfast_cap,synth_2000_high_protein,synthetic,lunch_dinner,True
breakfast_cap,synth_2000_high_protein,synthetic,lunch_only,False
breakfast_cap,synth_2000_high_protein,synthetic,dinner_only,False
breakfast_cap,synth_2000_high_protein,synthetic,lunch_snack,False
breakfast_cap,synth_2000_extremely_high_protein,synthetic,full_day,False
breakfast_cap,synth_2000_extremely_high_protein,synthetic,lunch_snack_dinner,False
breakfast_cap,synth_2000_extremely_high_protein,synthetic,lunch_dinner,False
breakfast_cap,synth_2000_extremely_high_protein,synthetic,lunch_only,False
breakfast_cap,synth_2000_extremely_high_protein,synthetic,dinner_only,False
breakfast_cap,synth_2000_extremely_high_protein,synthetic,lunch_snack,False
breakfast_cap,synth_2000_low_fat,synthetic,full_day,False
breakfast_cap,synth_2000_low_fat,synthetic,lunch_snack_dinner,False
breakfast_cap,synth_2000_low_fat,synthetic,lunch_dinner,False
breakfast_cap,synth_2000_low_fat,synthetic,lunch_only,False
breakfast_cap,synth_2000_low_fat,synthetic,dinner_only,False
breakfast_cap,synth_2000_low_fat,synthetic,lunch_snack,False
breakfast_cap,synth_2000_extremely_low_fat,synthetic,full_day,False
breakfast_cap,synth_2000_extremely_low_fat,synthetic,lunch_snack_dinner,False
breakfast_cap,synth_2000_extremely_low_fat,synthetic,lunch_dinner,False
breakfast_cap,synth_2000_extremely_low_fat,synthetic,lunch_only,False
breakfast_cap,synth_2000_extremely_low_fat,synthetic,dinner_only,False
breakfast_cap,synth_2000_extremely_low_fat,synthetic,lunch_snack,False
breakfast_cap,synth_2000_high_fat,synthetic,full_day,True
breakfast_cap,synth_2000_high_fat,synthetic,lunch_snack_dinner,True
breakfast_cap,synth_2000_high_fat,synthetic,lunch_dinner,False
breakfast_cap,synth_2000_high_fat,synthetic,lunch_only,False
breakfast_cap,synth_2000_high_fat,synthetic,dinner_only,False
breakfast_cap,synth_2000_high_fat,synthetic,lunch_snack,False
breakfast_cap,synth_2000_extremely_high_fat,synthetic,full_day,False
breakfast_cap,synth_2000_extremely_high_fat,synthetic,lunch_snack_dinner,False
breakfast_cap,synth_2000_extremely_high_fat,synthetic,lunch_dinner,False
breakfast_cap,synth_2000_extremely_high_fat,synthetic,lunch_only,False
breakfast_cap,synth_2000_extremely_high_fat,synthetic,dinner_only,False
breakfast_cap,synth_2000_extremely_high_fat,synthetic,lunch_snack,False
breakfast_cap,synth_2000_low_carbs,synthetic,full_day,True
breakfast_cap,synth_2000_low_carbs,synthetic,lunch_snack_dinner,True
breakfast_cap,synth_2000_low_carbs,synthetic,lunch_dinner,True
breakfast_cap,synth_2000_low_carbs,synthetic,lunch_only,False
breakfast_cap,synth_2000_low_carbs,synthetic,dinner_only,False
breakfast_cap,synth_2000_low_carbs,synthetic,lunch_snack,False
breakfast_cap,synth_2000_extremely_low_carbs,synthetic,full_day,False
breakfast_cap,synth_2000_extremely_low_carbs,synthetic,lunch_snack_dinner,False
breakfast_cap,synth_2000_extremely_low_carbs,synthetic,lunch_dinner,False
breakfast_cap,synth_2000_extremely_low_carbs,synthetic,lunch_only,False
breakfast_cap,synth_2000_extremely_low_carbs,synthetic,dinner_only,False
breakfast_cap,synth_2000_extremely_low_carbs,synthetic,lunch_snack,False
breakfast_cap,synth_2000_high_carbs,synthetic,full_day,False
breakfast_cap,synth_2000_high_carbs,synthetic,lunch_snack_dinner,False
breakfast_cap,synth_2000_high_carbs,synthetic,lunch_dinner,False
breakfast_cap,synth_2000_high_carbs,synthetic,lunch_only,False
breakfast_cap,synth_2000_high_carbs,synthetic,dinner_only,False
breakfast_cap,synth_2000_high_carbs,synthetic,lunch_snack,False
breakfast_cap,synth_2000_extremely_high_carbs,synthetic,full_day,False
breakfast_cap,synth_2000_extremely_high_carbs,synthetic,lunch_snack_dinner,False
breakfast_cap,synth_2000_extremely_high_carbs,synthetic,lunch_dinner,False
breakfast_cap,synth_2000_extremely_high_carbs,synthetic,lunch_only,False
breakfast_cap,synth_2000_extremely_high_carbs,synthetic,dinner_only,False
breakfast_cap,synth_2000_extremely_high_carbs,synthetic,lunch_snack,False
breakfast_cap,synth_2500_balanced,synthetic,full_day,True
breakfast_cap,synth_2500_balanced,synthetic,lunch_snack_dinner,True
breakfast_cap,synth_2500_balanced,synthetic,lunch_dinner,False
breakfast_cap,synth_2500_balanced,synthetic,lunch_only,False
breakfast_cap,synth_2500_balanced,synthetic,dinner_only,False
breakfast_cap,synth_2500_balanced,synthetic,lunch_snack,False
breakfast_cap,synth_2500_low_protein,synthetic,full_day,True
breakfast_cap,synth_2500_low_protein,synthetic,lunch_snack_dinner,False
breakfast_cap,synth_2500_low_protein,synthetic,lunch_dinner,False
breakfast_cap,synth_2500_low_protein,synthetic,lunch_only,False
breakfast_cap,synth_2500_low_protein,synthetic,dinner_only,False
breakfast_cap,synth_2500_low_protein,synthetic,lunch_snack,False
breakfast_cap,synth_2500_extremely_low_protein,synthetic,full_day,False
breakfast_cap,synth_2500_extremely_low_protein,synthetic,lunch_snack_dinner,False
breakfast_cap,synth_2500_extremely_low_protein,synthetic,lunch_dinner,False
breakfast_cap,synth_2500_extremely_low_protein,synthetic,lunch_only,False
breakfast_cap,synth_2500_extremely_low_protein,synthetic,dinner_only,False
breakfast_cap,synth_2500_extremely_low_protein,synthetic,lunch_snack,False
breakfast_cap,synth_2500_high_protein,synthetic,full_day,True
breakfast_cap,synth_2500_high_protein,synthetic,lunch_snack_dinner,True
breakfast_cap,synth_2500_high_protein,synthetic,lunch_dinner,False
breakfast_cap,synth_2500_high_protein,synthetic,lunch_only,False
breakfast_cap,synth_2500_high_protein,synthetic,dinner_only,False
breakfast_cap,synth_2500_high_protein,synthetic,lunch_snack,False
breakfast_cap,synth_2500_extremely_high_protein,synthetic,full_day,False
breakfast_cap,synth_2500_extremely_high_protein,synthetic,lunch_snack_dinner,False
breakfast_cap,synth_2500_extremely_high_protein,synthetic,lunch_dinner,False
breakfast_cap,synth_2500_extremely_high_protein,synthetic,lunch_only,False
breakfast_cap,synth_2500_extremely_high_protein,synthetic,dinner_only,False
breakfast_cap,synth_2500_extremely_high_protein,synthetic,lunch_snack,False
breakfast_cap,synth_2500_low_fat,synthetic,full_day,False
breakfast_cap,synth_2500_low_fat,synthetic,lunch_snack_dinner,False
breakfast_cap,synth_2500_low_fat,synthetic,lunch_dinner,False
breakfast_cap,synth_2500_low_fat,synthetic,lunch_only,False
breakfast_cap,synth_2500_low_fat,synthetic,dinner_only,False
breakfast_cap,synth_2500_low_fat,synthetic,lunch_snack,False
breakfast_cap,synth_2500_extremely_low_fat,synthetic,full_day,False
breakfast_cap,synth_2500_extremely_low_fat,synthetic,lunch_snack_dinner,False
breakfast_cap,synth_2500_extremely_low_fat,synthetic,lunch_dinner,False
breakfast_cap,synth_2500_extremely_low_fat,synthetic,lunch_only,False
breakfast_cap,synth_2500_extremely_low_fat,synthetic,dinner_only,False
breakfast_cap,synth_2500_extremely_low_fat,synthetic,lunch_snack,False
breakfast_cap,synth_2500_high_fat,synthetic,full_day,True
breakfast_cap,synth_2500_high_fat,synthetic,lunch_snack_dinner,True
breakfast_cap,synth_2500_high_fat,synthetic,lunch_dinner,False
breakfast_cap,synth_2500_high_fat,synthetic,lunch_only,False
breakfast_cap,synth_2500_high_fat,synthetic,dinner_only,True
breakfast_cap,synth_2500_high_fat,synthetic,lunch_snack,False
breakfast_cap,synth_2500_extremely_high_fat,synthetic,full_day,False
breakfast_cap,synth_2500_extremely_high_fat,synthetic,lunch_snack_dinner,False
breakfast_cap,synth_2500_extremely_high_fat,synthetic,lunch_dinner,False
breakfast_cap,synth_2500_extremely_high_fat,synthetic,lunch_only,False
breakfast_cap,synth_2500_extremely_high_fat,synthetic,dinner_only,False
breakfast_cap,synth_2500_extremely_high_fat,synthetic,lunch_snack,False
breakfast_cap,synth_2500_low_carbs,synthetic,full_day,True
breakfast_cap,synth_2500_low_carbs,synthetic,lunch_snack_dinner,True
breakfast_cap,synth_2500_low_carbs,synthetic,lunch_dinner,True
breakfast_cap,synth_2500_low_carbs,synthetic,lunch_only,False
breakfast_cap,synth_2500_low_carbs,synthetic,dinner_only,True
breakfast_cap,synth_2500_low_carbs,synthetic,lunch_snack,False
breakfast_cap,synth_2500_extremely_low_carbs,synthetic,full_day,True
breakfast_cap,synth_2500_extremely_low_carbs,synthetic,lunch_snack_dinner,False
breakfast_cap,synth_2500_extremely_low_carbs,synthetic,lunch_dinner,False
breakfast_cap,synth_2500_extremely_low_carbs,synthetic,lunch_only,False
breakfast_cap,synth_2500_extremely_low_carbs,synthetic,dinner_only,False
breakfast_cap,synth_2500_extremely_low_carbs,synthetic,lunch_snack,False
breakfast_cap,synth_2500_high_carbs,synthetic,full_day,False
breakfast_cap,synth_2500_high_carbs,synthetic,lunch_snack_dinner,False
breakfast_cap,synth_2500_high_carbs,synthetic,lunch_dinner,False
breakfast_cap,synth_2500_high_carbs,synthetic,lunch_only,False
breakfast_cap,synth_2500_high_carbs,synthetic,dinner_only,False
breakfast_cap,synth_2500_high_carbs,synthetic,lunch_snack,False
breakfast_cap,synth_2500_extremely_high_carbs,synthetic,full_day,False
breakfast_cap,synth_2500_extremely_high_carbs,synthetic,lunch_snack_dinner,False
breakfast_cap,synth_2500_extremely_high_carbs,synthetic,lunch_dinner,False
breakfast_cap,synth_2500_extremely_high_carbs,synthetic,lunch_only,False
breakfast_cap,synth_2500_extremely_high_carbs,synthetic,dinner_only,False
breakfast_cap,synth_2500_extremely_high_carbs,synthetic,lunch_snack,False
breakfast_cap,synth_3000_balanced,synthetic,full_day,False
breakfast_cap,synth_3000_balanced,synthetic,lunch_snack_dinner,False
breakfast_cap,synth_3000_balanced,synthetic,lunch_dinner,False
breakfast_cap,synth_3000_balanced,synthetic,lunch_only,False
breakfast_cap,synth_3000_balanced,synthetic,dinner_only,False
breakfast_cap,synth_3000_balanced,synthetic,lunch_snack,False
breakfast_cap,synth_3000_low_protein,synthetic,full_day,False
breakfast_cap,synth_3000_low_protein,synthetic,lunch_snack_dinner,False
breakfast_cap,synth_3000_low_protein,synthetic,lunch_dinner,False
breakfast_cap,synth_3000_low_protein,synthetic,lunch_only,False
breakfast_cap,synth_3000_low_protein,synthetic,dinner_only,False
breakfast_cap,synth_3000_low_protein,synthetic,lunch_snack,False
breakfast_cap,synth_3000_extremely_low_protein,synthetic,full_day,False
breakfast_cap,synth_3000_extremely_low_protein,synthetic,lunch_snack_dinner,False
breakfast_cap,synth_3000_extremely_low_protein,synthetic,lunch_dinner,False
breakfast_cap,synth_3000_extremely_low_protein,synthetic,lunch_only,False
breakfast_cap,synth_3000_extremely_low_protein,synthetic,dinner_only,False
breakfast_cap,synth_3000_extremely_low_protein,synthetic,lunch_snack,False
breakfast_cap,synth_3000_high_protein,synthetic,full_day,True
breakfast_cap,synth_3000_high_protein,synthetic,lunch_snack_dinner,False
breakfast_cap,synth_3000_high_protein,synthetic,lunch_dinner,False
breakfast_cap,synth_3000_high_protein,synthetic,lunch_only,False
breakfast_cap,synth_3000_high_protein,synthetic,dinner_only,False
breakfast_cap,synth_3000_high_protein,synthetic,lunch_snack,False
breakfast_cap,synth_3000_extremely_high_protein,synthetic,full_day,False
breakfast_cap,synth_3000_extremely_high_protein,synthetic,lunch_snack_dinner,False
breakfast_cap,synth_3000_extremely_high_protein,synthetic,lunch_dinner,False
breakfast_cap,synth_3000_extremely_high_protein,synthetic,lunch_only,False
breakfast_cap,synth_3000_extremely_high_protein,synthetic,dinner_only,False
breakfast_cap,synth_3000_extremely_high_protein,synthetic,lunch_snack,False
breakfast_cap,synth_3000_low_fat,synthetic,full_day,False
breakfast_cap,synth_3000_low_fat,synthetic,lunch_snack_dinner,False
breakfast_cap,synth_3000_low_fat,synthetic,lunch_dinner,False
breakfast_cap,synth_3000_low_fat,synthetic,lunch_only,False
breakfast_cap,synth_3000_low_fat,synthetic,dinner_only,False
breakfast_cap,synth_3000_low_fat,synthetic,lunch_snack,False
breakfast_cap,synth_3000_extremely_low_fat,synthetic,full_day,False
breakfast_cap,synth_3000_extremely_low_fat,synthetic,lunch_snack_dinner,False
breakfast_cap,synth_3000_extremely_low_fat,synthetic,lunch_dinner,False
breakfast_cap,synth_3000_extremely_low_fat,synthetic,lunch_only,False
breakfast_cap,synth_3000_extremely_low_fat,synthetic,dinner_only,False
breakfast_cap,synth_3000_extremely_low_fat,synthetic,lunch_snack,False
breakfast_cap,synth_3000_high_fat,synthetic,full_day,True
breakfast_cap,synth_3000_high_fat,synthetic,lunch_snack_dinner,True
breakfast_cap,synth_3000_high_fat,synthetic,lunch_dinner,False
breakfast_cap,synth_3000_high_fat,synthetic,lunch_only,False
breakfast_cap,synth_3000_high_fat,synthetic,dinner_only,True
breakfast_cap,synth_3000_high_fat,synthetic,lunch_snack,False
breakfast_cap,synth_3000_extremely_high_fat,synthetic,full_day,False
breakfast_cap,synth_3000_extremely_high_fat,synthetic,lunch_snack_dinner,False
breakfast_cap,synth_3000_extremely_high_fat,synthetic,lunch_dinner,False
breakfast_cap,synth_3000_extremely_high_fat,synthetic,lunch_only,False
breakfast_cap,synth_3000_extremely_high_fat,synthetic,dinner_only,False
breakfast_cap,synth_3000_extremely_high_fat,synthetic,lunch_snack,False
breakfast_cap,synth_3000_low_carbs,synthetic,full_day,True
breakfast_cap,synth_3000_low_carbs,synthetic,lunch_snack_dinner,True
breakfast_cap,synth_3000_low_carbs,synthetic,lunch_dinner,False
breakfast_cap,synth_3000_low_carbs,synthetic,lunch_only,False
breakfast_cap,synth_3000_low_carbs,synthetic,dinner_only,True
breakfast_cap,synth_3000_low_carbs,synthetic,lunch_snack,False
breakfast_cap,synth_3000_extremely_low_carbs,synthetic,full_day,True
breakfast_cap,synth_3000_extremely_low_carbs,synthetic,lunch_snack_dinner,False
breakfast_cap,synth_3000_extremely_low_carbs,synthetic,lunch_dinner,False
breakfast_cap,synth_3000_extremely_low_carbs,synthetic,lunch_only,False
breakfast_cap,synth_3000_extremely_low_carbs,synthetic,dinner_only,False
breakfast_cap,synth_3000_extremely_low_carbs,synthetic,lunch_snack,False
breakfast_cap,synth_3000_high_carbs,synthetic,full_day,False
breakfast_cap,synth_3000_high_carbs,synthetic,lunch_snack_dinner,False
breakfast_cap,synth_3000_high_carbs,synthetic,lunch_dinner,False
breakfast_cap,synth_3000_high_carbs,synthetic,lunch_only,False
breakfast_cap,synth_3000_high_carbs,synthetic,dinner_only,False
breakfast_cap,synth_3000_high_carbs,synthetic,lunch_snack,False
breakfast_cap,synth_3000_extremely_high_carbs,synthetic,full_day,False
breakfast_cap,synth_3000_extremely_high_carbs,synthetic,lunch_snack_dinner,False
breakfast_cap,synth_3000_extremely_high_carbs,synthetic,lunch_dinner,False
breakfast_cap,synth_3000_extremely_high_carbs,synthetic,lunch_only,False
breakfast_cap,synth_3000_extremely_high_carbs,synthetic,dinner_only,False
breakfast_cap,synth_3000_extremely_high_carbs,synthetic,lunch_snack,False
breakfast_cap,synth_3500_balanced,synthetic,full_day,False
breakfast_cap,synth_3500_balanced,synthetic,lunch_snack_dinner,False
breakfast_cap,synth_3500_balanced,synthetic,lunch_dinner,False
breakfast_cap,synth_3500_balanced,synthetic,lunch_only,False
breakfast_cap,synth_3500_balanced,synthetic,dinner_only,False
breakfast_cap,synth_3500_balanced,synthetic,lunch_snack,False
breakfast_cap,synth_3500_low_protein,synthetic,full_day,False
breakfast_cap,synth_3500_low_protein,synthetic,lunch_snack_dinner,False
breakfast_cap,synth_3500_low_protein,synthetic,lunch_dinner,False
breakfast_cap,synth_3500_low_protein,synthetic,lunch_only,False
breakfast_cap,synth_3500_low_protein,synthetic,dinner_only,False
breakfast_cap,synth_3500_low_protein,synthetic,lunch_snack,False
breakfast_cap,synth_3500_extremely_low_protein,synthetic,full_day,False
breakfast_cap,synth_3500_extremely_low_protein,synthetic,lunch_snack_dinner,False
breakfast_cap,synth_3500_extremely_low_protein,synthetic,lunch_dinner,False
breakfast_cap,synth_3500_extremely_low_protein,synthetic,lunch_only,False
breakfast_cap,synth_3500_extremely_low_protein,synthetic,dinner_only,False
breakfast_cap,synth_3500_extremely_low_protein,synthetic,lunch_snack,False
breakfast_cap,synth_3500_high_protein,synthetic,full_day,False
breakfast_cap,synth_3500_high_protein,synthetic,lunch_snack_dinner,False
breakfast_cap,synth_3500_high_protein,synthetic,lunch_dinner,False
breakfast_cap,synth_3500_high_protein,synthetic,lunch_only,False
breakfast_cap,synth_3500_high_protein,synthetic,dinner_only,False
breakfast_cap,synth_3500_high_protein,synthetic,lunch_snack,False
breakfast_cap,synth_3500_extremely_high_protein,synthetic,full_day,False
breakfast_cap,synth_3500_extremely_high_protein,synthetic,lunch_snack_dinner,False
breakfast_cap,synth_3500_extremely_high_protein,synthetic,lunch_dinner,False
breakfast_cap,synth_3500_extremely_high_protein,synthetic,lunch_only,False
breakfast_cap,synth_3500_extremely_high_protein,synthetic,dinner_only,False
breakfast_cap,synth_3500_extremely_high_protein,synthetic,lunch_snack,False
breakfast_cap,synth_3500_low_fat,synthetic,full_day,False
breakfast_cap,synth_3500_low_fat,synthetic,lunch_snack_dinner,False
breakfast_cap,synth_3500_low_fat,synthetic,lunch_dinner,False
breakfast_cap,synth_3500_low_fat,synthetic,lunch_only,False
breakfast_cap,synth_3500_low_fat,synthetic,dinner_only,False
breakfast_cap,synth_3500_low_fat,synthetic,lunch_snack,False
breakfast_cap,synth_3500_extremely_low_fat,synthetic,full_day,False
breakfast_cap,synth_3500_extremely_low_fat,synthetic,lunch_snack_dinner,False
breakfast_cap,synth_3500_extremely_low_fat,synthetic,lunch_dinner,False
breakfast_cap,synth_3500_extremely_low_fat,synthetic,lunch_only,False
breakfast_cap,synth_3500_extremely_low_fat,synthetic,dinner_only,False
breakfast_cap,synth_3500_extremely_low_fat,synthetic,lunch_snack,False
breakfast_cap,synth_3500_high_fat,synthetic,full_day,True
breakfast_cap,synth_3500_high_fat,synthetic,lunch_snack_dinner,False
breakfast_cap,synth_3500_high_fat,synthetic,lunch_dinner,False
breakfast_cap,synth_3500_high_fat,synthetic,lunch_only,False
breakfast_cap,synth_3500_high_fat,synthetic,dinner_only,True
breakfast_cap,synth_3500_high_fat,synthetic,lunch_snack,False
breakfast_cap,synth_3500_extremely_high_fat,synthetic,full_day,False
breakfast_cap,synth_3500_extremely_high_fat,synthetic,lunch_snack_dinner,False
breakfast_cap,synth_3500_extremely_high_fat,synthetic,lunch_dinner,False
breakfast_cap,synth_3500_extremely_high_fat,synthetic,lunch_only,False
breakfast_cap,synth_3500_extremely_high_fat,synthetic,dinner_only,False
breakfast_cap,synth_3500_extremely_high_fat,synthetic,lunch_snack,False
breakfast_cap,synth_3500_low_carbs,synthetic,full_day,True
breakfast_cap,synth_3500_low_carbs,synthetic,lunch_snack_dinner,True
breakfast_cap,synth_3500_low_carbs,synthetic,lunch_dinner,False
breakfast_cap,synth_3500_low_carbs,synthetic,lunch_only,False
breakfast_cap,synth_3500_low_carbs,synthetic,dinner_only,True
breakfast_cap,synth_3500_low_carbs,synthetic,lunch_snack,False
breakfast_cap,synth_3500_extremely_low_carbs,synthetic,full_day,False
breakfast_cap,synth_3500_extremely_low_carbs,synthetic,lunch_snack_dinner,False
breakfast_cap,synth_3500_extremely_low_carbs,synthetic,lunch_dinner,False
breakfast_cap,synth_3500_extremely_low_carbs,synthetic,lunch_only,False
breakfast_cap,synth_3500_extremely_low_carbs,synthetic,dinner_only,False
breakfast_cap,synth_3500_extremely_low_carbs,synthetic,lunch_snack,False
breakfast_cap,synth_3500_high_carbs,synthetic,full_day,False
breakfast_cap,synth_3500_high_carbs,synthetic,lunch_snack_dinner,False
breakfast_cap,synth_3500_high_carbs,synthetic,lunch_dinner,False
breakfast_cap,synth_3500_high_carbs,synthetic,lunch_only,False
breakfast_cap,synth_3500_high_carbs,synthetic,dinner_only,False
breakfast_cap,synth_3500_high_carbs,synthetic,lunch_snack,False
breakfast_cap,synth_3500_extremely_high_carbs,synthetic,full_day,False
breakfast_cap,synth_3500_extremely_high_carbs,synthetic,lunch_snack_dinner,False
breakfast_cap,synth_3500_extremely_high_carbs,synthetic,lunch_dinner,False
breakfast_cap,synth_3500_extremely_high_carbs,synthetic,lunch_only,False
breakfast_cap,synth_3500_extremely_high_carbs,synthetic,dinner_only,False
breakfast_cap,synth_3500_extremely_high_carbs,synthetic,lunch_snack,False
snack_cap,person_1,real,full_day,False
snack_cap,person_1,real,lunch_snack_dinner,False
snack_cap,person_1,real,lunch_dinner,False
snack_cap,person_1,real,lunch_only,False
snack_cap,person_1,real,dinner_only,False
snack_cap,person_1,real,lunch_snack,False
snack_cap,person_2,real,full_day,True
snack_cap,person_2,real,lunch_snack_dinner,True
snack_cap,person_2,real,lunch_dinner,True
snack_cap,person_2,real,lunch_only,False
snack_cap,person_2,real,dinner_only,False
snack_cap,person_2,real,lunch_snack,True
snack_cap,person_3,real,full_day,True
snack_cap,person_3,real,lunch_snack_dinner,True
snack_cap,person_3,real,lunch_dinner,True
snack_cap,person_3,real,lunch_only,False
snack_cap,person_3,real,dinner_only,False
snack_cap,person_3,real,lunch_snack,False
snack_cap,person_4,real,full_day,True
snack_cap,person_4,real,lunch_snack_dinner,False
snack_cap,person_4,real,lunch_dinner,True
snack_cap,person_4,real,lunch_only,True
snack_cap,person_4,real,dinner_only,False
snack_cap,person_4,real,lunch_snack,True
snack_cap,person_5,real,full_day,True
snack_cap,person_5,real,lunch_snack_dinner,True
snack_cap,person_5,real,lunch_dinner,True
snack_cap,person_5,real,lunch_only,False
snack_cap,person_5,real,dinner_only,False
snack_cap,person_5,real,lunch_snack,True
snack_cap,person_6,real,full_day,True
snack_cap,person_6,real,lunch_snack_dinner,True
snack_cap,person_6,real,lunch_dinner,True
snack_cap,person_6,real,lunch_only,False
snack_cap,person_6,real,dinner_only,False
snack_cap,person_6,real,lunch_snack,False
snack_cap,person_7,real,full_day,True
snack_cap,person_7,real,lunch_snack_dinner,True
snack_cap,person_7,real,lunch_dinner,True
snack_cap,person_7,real,lunch_only,False
snack_cap,person_7,real,dinner_only,False
snack_cap,person_7,real,lunch_snack,False
snack_cap,person_8,real,full_day,True
snack_cap,person_8,real,lunch_snack_dinner,True
snack_cap,person_8,real,lunch_dinner,True
snack_cap,person_8,real,lunch_only,False
snack_cap,person_8,real,dinner_only,False
snack_cap,person_8,real,lunch_snack,True
snack_cap,person_9,real,full_day,True
snack_cap,person_9,real,lunch_snack_dinner,False
snack_cap,person_9,real,lunch_dinner,True
snack_cap,person_9,real,lunch_only,True
snack_cap,person_9,real,dinner_only,False
snack_cap,person_9,real,lunch_snack,True
snack_cap,person_10,real,full_day,True
snack_cap,person_10,real,lunch_snack_dinner,True
snack_cap,person_10,real,lunch_dinner,True
snack_cap,person_10,real,lunch_only,False
snack_cap,person_10,real,dinner_only,False
snack_cap,person_10,real,lunch_snack,True
snack_cap,synth_1000_balanced,synthetic,full_day,True
snack_cap,synth_1000_balanced,synthetic,lunch_snack_dinner,True
snack_cap,synth_1000_balanced,synthetic,lunch_dinner,True
snack_cap,synth_1000_balanced,synthetic,lunch_only,False
snack_cap,synth_1000_balanced,synthetic,dinner_only,True
snack_cap,synth_1000_balanced,synthetic,lunch_snack,True
snack_cap,synth_1000_low_protein,synthetic,full_day,True
snack_cap,synth_1000_low_protein,synthetic,lunch_snack_dinner,True
snack_cap,synth_1000_low_protein,synthetic,lunch_dinner,False
snack_cap,synth_1000_low_protein,synthetic,lunch_only,False
snack_cap,synth_1000_low_protein,synthetic,dinner_only,True
snack_cap,synth_1000_low_protein,synthetic,lunch_snack,True
snack_cap,synth_1000_extremely_low_protein,synthetic,full_day,False
snack_cap,synth_1000_extremely_low_protein,synthetic,lunch_snack_dinner,False
snack_cap,synth_1000_extremely_low_protein,synthetic,lunch_dinner,False
snack_cap,synth_1000_extremely_low_protein,synthetic,lunch_only,False
snack_cap,synth_1000_extremely_low_protein,synthetic,dinner_only,False
snack_cap,synth_1000_extremely_low_protein,synthetic,lunch_snack,False
snack_cap,synth_1000_high_protein,synthetic,full_day,True
snack_cap,synth_1000_high_protein,synthetic,lunch_snack_dinner,False
snack_cap,synth_1000_high_protein,synthetic,lunch_dinner,True
snack_cap,synth_1000_high_protein,synthetic,lunch_only,True
snack_cap,synth_1000_high_protein,synthetic,dinner_only,False
snack_cap,synth_1000_high_protein,synthetic,lunch_snack,True
snack_cap,synth_1000_extremely_high_protein,synthetic,full_day,False
snack_cap,synth_1000_extremely_high_protein,synthetic,lunch_snack_dinner,False
snack_cap,synth_1000_extremely_high_protein,synthetic,lunch_dinner,False
snack_cap,synth_1000_extremely_high_protein,synthetic,lunch_only,False
snack_cap,synth_1000_extremely_high_protein,synthetic,dinner_only,False
snack_cap,synth_1000_extremely_high_protein,synthetic,lunch_snack,False
snack_cap,synth_1000_low_fat,synthetic,full_day,False
snack_cap,synth_1000_low_fat,synthetic,lunch_snack_dinner,False
snack_cap,synth_1000_low_fat,synthetic,lunch_dinner,False
snack_cap,synth_1000_low_fat,synthetic,lunch_only,False
snack_cap,synth_1000_low_fat,synthetic,dinner_only,False
snack_cap,synth_1000_low_fat,synthetic,lunch_snack,False
snack_cap,synth_1000_extremely_low_fat,synthetic,full_day,False
snack_cap,synth_1000_extremely_low_fat,synthetic,lunch_snack_dinner,False
snack_cap,synth_1000_extremely_low_fat,synthetic,lunch_dinner,False
snack_cap,synth_1000_extremely_low_fat,synthetic,lunch_only,False
snack_cap,synth_1000_extremely_low_fat,synthetic,dinner_only,False
snack_cap,synth_1000_extremely_low_fat,synthetic,lunch_snack,False
snack_cap,synth_1000_high_fat,synthetic,full_day,False
snack_cap,synth_1000_high_fat,synthetic,lunch_snack_dinner,False
snack_cap,synth_1000_high_fat,synthetic,lunch_dinner,False
snack_cap,synth_1000_high_fat,synthetic,lunch_only,False
snack_cap,synth_1000_high_fat,synthetic,dinner_only,True
snack_cap,synth_1000_high_fat,synthetic,lunch_snack,False
snack_cap,synth_1000_extremely_high_fat,synthetic,full_day,False
snack_cap,synth_1000_extremely_high_fat,synthetic,lunch_snack_dinner,False
snack_cap,synth_1000_extremely_high_fat,synthetic,lunch_dinner,False
snack_cap,synth_1000_extremely_high_fat,synthetic,lunch_only,False
snack_cap,synth_1000_extremely_high_fat,synthetic,dinner_only,False
snack_cap,synth_1000_extremely_high_fat,synthetic,lunch_snack,False
snack_cap,synth_1000_low_carbs,synthetic,full_day,False
snack_cap,synth_1000_low_carbs,synthetic,lunch_snack_dinner,False
snack_cap,synth_1000_low_carbs,synthetic,lunch_dinner,False
snack_cap,synth_1000_low_carbs,synthetic,lunch_only,False
snack_cap,synth_1000_low_carbs,synthetic,dinner_only,True
snack_cap,synth_1000_low_carbs,synthetic,lunch_snack,False
snack_cap,synth_1000_extremely_low_carbs,synthetic,full_day,False
snack_cap,synth_1000_extremely_low_carbs,synthetic,lunch_snack_dinner,False
snack_cap,synth_1000_extremely_low_carbs,synthetic,lunch_dinner,False
snack_cap,synth_1000_extremely_low_carbs,synthetic,lunch_only,False
snack_cap,synth_1000_extremely_low_carbs,synthetic,dinner_only,True
snack_cap,synth_1000_extremely_low_carbs,synthetic,lunch_snack,False
snack_cap,synth_1000_high_carbs,synthetic,full_day,True
snack_cap,synth_1000_high_carbs,synthetic,lunch_snack_dinner,True
snack_cap,synth_1000_high_carbs,synthetic,lunch_dinner,True
snack_cap,synth_1000_high_carbs,synthetic,lunch_only,False
snack_cap,synth_1000_high_carbs,synthetic,dinner_only,False
snack_cap,synth_1000_high_carbs,synthetic,lunch_snack,False
snack_cap,synth_1000_extremely_high_carbs,synthetic,full_day,False
snack_cap,synth_1000_extremely_high_carbs,synthetic,lunch_snack_dinner,False
snack_cap,synth_1000_extremely_high_carbs,synthetic,lunch_dinner,False
snack_cap,synth_1000_extremely_high_carbs,synthetic,lunch_only,False
snack_cap,synth_1000_extremely_high_carbs,synthetic,dinner_only,False
snack_cap,synth_1000_extremely_high_carbs,synthetic,lunch_snack,False
snack_cap,synth_1500_balanced,synthetic,full_day,True
snack_cap,synth_1500_balanced,synthetic,lunch_snack_dinner,True
snack_cap,synth_1500_balanced,synthetic,lunch_dinner,True
snack_cap,synth_1500_balanced,synthetic,lunch_only,False
snack_cap,synth_1500_balanced,synthetic,dinner_only,False
snack_cap,synth_1500_balanced,synthetic,lunch_snack,True
snack_cap,synth_1500_low_protein,synthetic,full_day,True
snack_cap,synth_1500_low_protein,synthetic,lunch_snack_dinner,True
snack_cap,synth_1500_low_protein,synthetic,lunch_dinner,True
snack_cap,synth_1500_low_protein,synthetic,lunch_only,False
snack_cap,synth_1500_low_protein,synthetic,dinner_only,False
snack_cap,synth_1500_low_protein,synthetic,lunch_snack,True
snack_cap,synth_1500_extremely_low_protein,synthetic,full_day,False
snack_cap,synth_1500_extremely_low_protein,synthetic,lunch_snack_dinner,False
snack_cap,synth_1500_extremely_low_protein,synthetic,lunch_dinner,False
snack_cap,synth_1500_extremely_low_protein,synthetic,lunch_only,False
snack_cap,synth_1500_extremely_low_protein,synthetic,dinner_only,False
snack_cap,synth_1500_extremely_low_protein,synthetic,lunch_snack,False
snack_cap,synth_1500_high_protein,synthetic,full_day,True
snack_cap,synth_1500_high_protein,synthetic,lunch_snack_dinner,True
snack_cap,synth_1500_high_protein,synthetic,lunch_dinner,True
snack_cap,synth_1500_high_protein,synthetic,lunch_only,False
snack_cap,synth_1500_high_protein,synthetic,dinner_only,False
snack_cap,synth_1500_high_protein,synthetic,lunch_snack,False
snack_cap,synth_1500_extremely_high_protein,synthetic,full_day,False
snack_cap,synth_1500_extremely_high_protein,synthetic,lunch_snack_dinner,False
snack_cap,synth_1500_extremely_high_protein,synthetic,lunch_dinner,False
snack_cap,synth_1500_extremely_high_protein,synthetic,lunch_only,False
snack_cap,synth_1500_extremely_high_protein,synthetic,dinner_only,False
snack_cap,synth_1500_extremely_high_protein,synthetic,lunch_snack,False
snack_cap,synth_1500_low_fat,synthetic,full_day,False
snack_cap,synth_1500_low_fat,synthetic,lunch_snack_dinner,False
snack_cap,synth_1500_low_fat,synthetic,lunch_dinner,False
snack_cap,synth_1500_low_fat,synthetic,lunch_only,False
snack_cap,synth_1500_low_fat,synthetic,dinner_only,False
snack_cap,synth_1500_low_fat,synthetic,lunch_snack,False
snack_cap,synth_1500_extremely_low_fat,synthetic,full_day,False
snack_cap,synth_1500_extremely_low_fat,synthetic,lunch_snack_dinner,False
snack_cap,synth_1500_extremely_low_fat,synthetic,lunch_dinner,False
snack_cap,synth_1500_extremely_low_fat,synthetic,lunch_only,False
snack_cap,synth_1500_extremely_low_fat,synthetic,dinner_only,False
snack_cap,synth_1500_extremely_low_fat,synthetic,lunch_snack,False
snack_cap,synth_1500_high_fat,synthetic,full_day,True
snack_cap,synth_1500_high_fat,synthetic,lunch_snack_dinner,False
snack_cap,synth_1500_high_fat,synthetic,lunch_dinner,False
snack_cap,synth_1500_high_fat,synthetic,lunch_only,False
snack_cap,synth_1500_high_fat,synthetic,dinner_only,False
snack_cap,synth_1500_high_fat,synthetic,lunch_snack,False
snack_cap,synth_1500_extremely_high_fat,synthetic,full_day,False
snack_cap,synth_1500_extremely_high_fat,synthetic,lunch_snack_dinner,False
snack_cap,synth_1500_extremely_high_fat,synthetic,lunch_dinner,False
snack_cap,synth_1500_extremely_high_fat,synthetic,lunch_only,False
snack_cap,synth_1500_extremely_high_fat,synthetic,dinner_only,False
snack_cap,synth_1500_extremely_high_fat,synthetic,lunch_snack,False
snack_cap,synth_1500_low_carbs,synthetic,full_day,True
snack_cap,synth_1500_low_carbs,synthetic,lunch_snack_dinner,True
snack_cap,synth_1500_low_carbs,synthetic,lunch_dinner,True
snack_cap,synth_1500_low_carbs,synthetic,lunch_only,False
snack_cap,synth_1500_low_carbs,synthetic,dinner_only,False
snack_cap,synth_1500_low_carbs,synthetic,lunch_snack,False
snack_cap,synth_1500_extremely_low_carbs,synthetic,full_day,False
snack_cap,synth_1500_extremely_low_carbs,synthetic,lunch_snack_dinner,False
snack_cap,synth_1500_extremely_low_carbs,synthetic,lunch_dinner,False
snack_cap,synth_1500_extremely_low_carbs,synthetic,lunch_only,False
snack_cap,synth_1500_extremely_low_carbs,synthetic,dinner_only,False
snack_cap,synth_1500_extremely_low_carbs,synthetic,lunch_snack,False
snack_cap,synth_1500_high_carbs,synthetic,full_day,True
snack_cap,synth_1500_high_carbs,synthetic,lunch_snack_dinner,True
snack_cap,synth_1500_high_carbs,synthetic,lunch_dinner,True
snack_cap,synth_1500_high_carbs,synthetic,lunch_only,False
snack_cap,synth_1500_high_carbs,synthetic,dinner_only,False
snack_cap,synth_1500_high_carbs,synthetic,lunch_snack,False
snack_cap,synth_1500_extremely_high_carbs,synthetic,full_day,False
snack_cap,synth_1500_extremely_high_carbs,synthetic,lunch_snack_dinner,False
snack_cap,synth_1500_extremely_high_carbs,synthetic,lunch_dinner,False
snack_cap,synth_1500_extremely_high_carbs,synthetic,lunch_only,False
snack_cap,synth_1500_extremely_high_carbs,synthetic,dinner_only,False
snack_cap,synth_1500_extremely_high_carbs,synthetic,lunch_snack,False
snack_cap,synth_2000_balanced,synthetic,full_day,True
snack_cap,synth_2000_balanced,synthetic,lunch_snack_dinner,True
snack_cap,synth_2000_balanced,synthetic,lunch_dinner,True
snack_cap,synth_2000_balanced,synthetic,lunch_only,False
snack_cap,synth_2000_balanced,synthetic,dinner_only,False
snack_cap,synth_2000_balanced,synthetic,lunch_snack,False
snack_cap,synth_2000_low_protein,synthetic,full_day,True
snack_cap,synth_2000_low_protein,synthetic,lunch_snack_dinner,True
snack_cap,synth_2000_low_protein,synthetic,lunch_dinner,False
snack_cap,synth_2000_low_protein,synthetic,lunch_only,False
snack_cap,synth_2000_low_protein,synthetic,dinner_only,False
snack_cap,synth_2000_low_protein,synthetic,lunch_snack,False
snack_cap,synth_2000_extremely_low_protein,synthetic,full_day,False
snack_cap,synth_2000_extremely_low_protein,synthetic,lunch_snack_dinner,False
snack_cap,synth_2000_extremely_low_protein,synthetic,lunch_dinner,False
snack_cap,synth_2000_extremely_low_protein,synthetic,lunch_only,False
snack_cap,synth_2000_extremely_low_protein,synthetic,dinner_only,False
snack_cap,synth_2000_extremely_low_protein,synthetic,lunch_snack,False
snack_cap,synth_2000_high_protein,synthetic,full_day,True
snack_cap,synth_2000_high_protein,synthetic,lunch_snack_dinner,True
snack_cap,synth_2000_high_protein,synthetic,lunch_dinner,True
snack_cap,synth_2000_high_protein,synthetic,lunch_only,False
snack_cap,synth_2000_high_protein,synthetic,dinner_only,False
snack_cap,synth_2000_high_protein,synthetic,lunch_snack,False
snack_cap,synth_2000_extremely_high_protein,synthetic,full_day,False
snack_cap,synth_2000_extremely_high_protein,synthetic,lunch_snack_dinner,False
snack_cap,synth_2000_extremely_high_protein,synthetic,lunch_dinner,False
snack_cap,synth_2000_extremely_high_protein,synthetic,lunch_only,False
snack_cap,synth_2000_extremely_high_protein,synthetic,dinner_only,False
snack_cap,synth_2000_extremely_high_protein,synthetic,lunch_snack,False
snack_cap,synth_2000_low_fat,synthetic,full_day,False
snack_cap,synth_2000_low_fat,synthetic,lunch_snack_dinner,False
snack_cap,synth_2000_low_fat,synthetic,lunch_dinner,False
snack_cap,synth_2000_low_fat,synthetic,lunch_only,False
snack_cap,synth_2000_low_fat,synthetic,dinner_only,False
snack_cap,synth_2000_low_fat,synthetic,lunch_snack,False
snack_cap,synth_2000_extremely_low_fat,synthetic,full_day,False
snack_cap,synth_2000_extremely_low_fat,synthetic,lunch_snack_dinner,False
snack_cap,synth_2000_extremely_low_fat,synthetic,lunch_dinner,False
snack_cap,synth_2000_extremely_low_fat,synthetic,lunch_only,False
snack_cap,synth_2000_extremely_low_fat,synthetic,dinner_only,False
snack_cap,synth_2000_extremely_low_fat,synthetic,lunch_snack,False
snack_cap,synth_2000_high_fat,synthetic,full_day,True
snack_cap,synth_2000_high_fat,synthetic,lunch_snack_dinner,True
snack_cap,synth_2000_high_fat,synthetic,lunch_dinner,False
snack_cap,synth_2000_high_fat,synthetic,lunch_only,False
snack_cap,synth_2000_high_fat,synthetic,dinner_only,False
snack_cap,synth_2000_high_fat,synthetic,lunch_snack,False
snack_cap,synth_2000_extremely_high_fat,synthetic,full_day,False
snack_cap,synth_2000_extremely_high_fat,synthetic,lunch_snack_dinner,False
snack_cap,synth_2000_extremely_high_fat,synthetic,lunch_dinner,False
snack_cap,synth_2000_extremely_high_fat,synthetic,lunch_only,False
snack_cap,synth_2000_extremely_high_fat,synthetic,dinner_only,False
snack_cap,synth_2000_extremely_high_fat,synthetic,lunch_snack,False
snack_cap,synth_2000_low_carbs,synthetic,full_day,True
snack_cap,synth_2000_low_carbs,synthetic,lunch_snack_dinner,True
snack_cap,synth_2000_low_carbs,synthetic,lunch_dinner,True
snack_cap,synth_2000_low_carbs,synthetic,lunch_only,False
snack_cap,synth_2000_low_carbs,synthetic,dinner_only,False
snack_cap,synth_2000_low_carbs,synthetic,lunch_snack,False
snack_cap,synth_2000_extremely_low_carbs,synthetic,full_day,False
snack_cap,synth_2000_extremely_low_carbs,synthetic,lunch_snack_dinner,False
snack_cap,synth_2000_extremely_low_carbs,synthetic,lunch_dinner,False
snack_cap,synth_2000_extremely_low_carbs,synthetic,lunch_only,False
snack_cap,synth_2000_extremely_low_carbs,synthetic,dinner_only,False
snack_cap,synth_2000_extremely_low_carbs,synthetic,lunch_snack,False
snack_cap,synth_2000_high_carbs,synthetic,full_day,False
snack_cap,synth_2000_high_carbs,synthetic,lunch_snack_dinner,False
snack_cap,synth_2000_high_carbs,synthetic,lunch_dinner,False
snack_cap,synth_2000_high_carbs,synthetic,lunch_only,False
snack_cap,synth_2000_high_carbs,synthetic,dinner_only,False
snack_cap,synth_2000_high_carbs,synthetic,lunch_snack,False
snack_cap,synth_2000_extremely_high_carbs,synthetic,full_day,False
snack_cap,synth_2000_extremely_high_carbs,synthetic,lunch_snack_dinner,False
snack_cap,synth_2000_extremely_high_carbs,synthetic,lunch_dinner,False
snack_cap,synth_2000_extremely_high_carbs,synthetic,lunch_only,False
snack_cap,synth_2000_extremely_high_carbs,synthetic,dinner_only,False
snack_cap,synth_2000_extremely_high_carbs,synthetic,lunch_snack,False
snack_cap,synth_2500_balanced,synthetic,full_day,True
snack_cap,synth_2500_balanced,synthetic,lunch_snack_dinner,True
snack_cap,synth_2500_balanced,synthetic,lunch_dinner,False
snack_cap,synth_2500_balanced,synthetic,lunch_only,False
snack_cap,synth_2500_balanced,synthetic,dinner_only,False
snack_cap,synth_2500_balanced,synthetic,lunch_snack,False
snack_cap,synth_2500_low_protein,synthetic,full_day,True
snack_cap,synth_2500_low_protein,synthetic,lunch_snack_dinner,False
snack_cap,synth_2500_low_protein,synthetic,lunch_dinner,False
snack_cap,synth_2500_low_protein,synthetic,lunch_only,False
snack_cap,synth_2500_low_protein,synthetic,dinner_only,False
snack_cap,synth_2500_low_protein,synthetic,lunch_snack,False
snack_cap,synth_2500_extremely_low_protein,synthetic,full_day,False
snack_cap,synth_2500_extremely_low_protein,synthetic,lunch_snack_dinner,False
snack_cap,synth_2500_extremely_low_protein,synthetic,lunch_dinner,False
snack_cap,synth_2500_extremely_low_protein,synthetic,lunch_only,False
snack_cap,synth_2500_extremely_low_protein,synthetic,dinner_only,False
snack_cap,synth_2500_extremely_low_protein,synthetic,lunch_snack,False
snack_cap,synth_2500_high_protein,synthetic,full_day,True
snack_cap,synth_2500_high_protein,synthetic,lunch_snack_dinner,True
snack_cap,synth_2500_high_protein,synthetic,lunch_dinner,False
snack_cap,synth_2500_high_protein,synthetic,lunch_only,False
snack_cap,synth_2500_high_protein,synthetic,dinner_only,False
snack_cap,synth_2500_high_protein,synthetic,lunch_snack,False
snack_cap,synth_2500_extremely_high_protein,synthetic,full_day,False
snack_cap,synth_2500_extremely_high_protein,synthetic,lunch_snack_dinner,False
snack_cap,synth_2500_extremely_high_protein,synthetic,lunch_dinner,False
snack_cap,synth_2500_extremely_high_protein,synthetic,lunch_only,False
snack_cap,synth_2500_extremely_high_protein,synthetic,dinner_only,False
snack_cap,synth_2500_extremely_high_protein,synthetic,lunch_snack,False
snack_cap,synth_2500_low_fat,synthetic,full_day,False
snack_cap,synth_2500_low_fat,synthetic,lunch_snack_dinner,False
snack_cap,synth_2500_low_fat,synthetic,lunch_dinner,False
snack_cap,synth_2500_low_fat,synthetic,lunch_only,False
snack_cap,synth_2500_low_fat,synthetic,dinner_only,False
snack_cap,synth_2500_low_fat,synthetic,lunch_snack,False
snack_cap,synth_2500_extremely_low_fat,synthetic,full_day,False
snack_cap,synth_2500_extremely_low_fat,synthetic,lunch_snack_dinner,False
snack_cap,synth_2500_extremely_low_fat,synthetic,lunch_dinner,False
snack_cap,synth_2500_extremely_low_fat,synthetic,lunch_only,False
snack_cap,synth_2500_extremely_low_fat,synthetic,dinner_only,False
snack_cap,synth_2500_extremely_low_fat,synthetic,lunch_snack,False
snack_cap,synth_2500_high_fat,synthetic,full_day,True
snack_cap,synth_2500_high_fat,synthetic,lunch_snack_dinner,True
snack_cap,synth_2500_high_fat,synthetic,lunch_dinner,False
snack_cap,synth_2500_high_fat,synthetic,lunch_only,False
snack_cap,synth_2500_high_fat,synthetic,dinner_only,True
snack_cap,synth_2500_high_fat,synthetic,lunch_snack,False
snack_cap,synth_2500_extremely_high_fat,synthetic,full_day,False
snack_cap,synth_2500_extremely_high_fat,synthetic,lunch_snack_dinner,False
snack_cap,synth_2500_extremely_high_fat,synthetic,lunch_dinner,False
snack_cap,synth_2500_extremely_high_fat,synthetic,lunch_only,False
snack_cap,synth_2500_extremely_high_fat,synthetic,dinner_only,False
snack_cap,synth_2500_extremely_high_fat,synthetic,lunch_snack,False
snack_cap,synth_2500_low_carbs,synthetic,full_day,True
snack_cap,synth_2500_low_carbs,synthetic,lunch_snack_dinner,True
snack_cap,synth_2500_low_carbs,synthetic,lunch_dinner,True
snack_cap,synth_2500_low_carbs,synthetic,lunch_only,False
snack_cap,synth_2500_low_carbs,synthetic,dinner_only,True
snack_cap,synth_2500_low_carbs,synthetic,lunch_snack,False
snack_cap,synth_2500_extremely_low_carbs,synthetic,full_day,True
snack_cap,synth_2500_extremely_low_carbs,synthetic,lunch_snack_dinner,False
snack_cap,synth_2500_extremely_low_carbs,synthetic,lunch_dinner,False
snack_cap,synth_2500_extremely_low_carbs,synthetic,lunch_only,False
snack_cap,synth_2500_extremely_low_carbs,synthetic,dinner_only,False
snack_cap,synth_2500_extremely_low_carbs,synthetic,lunch_snack,False
snack_cap,synth_2500_high_carbs,synthetic,full_day,False
snack_cap,synth_2500_high_carbs,synthetic,lunch_snack_dinner,False
snack_cap,synth_2500_high_carbs,synthetic,lunch_dinner,False
snack_cap,synth_2500_high_carbs,synthetic,lunch_only,False
snack_cap,synth_2500_high_carbs,synthetic,dinner_only,False
snack_cap,synth_2500_high_carbs,synthetic,lunch_snack,False
snack_cap,synth_2500_extremely_high_carbs,synthetic,full_day,False
snack_cap,synth_2500_extremely_high_carbs,synthetic,lunch_snack_dinner,False
snack_cap,synth_2500_extremely_high_carbs,synthetic,lunch_dinner,False
snack_cap,synth_2500_extremely_high_carbs,synthetic,lunch_only,False
snack_cap,synth_2500_extremely_high_carbs,synthetic,dinner_only,False
snack_cap,synth_2500_extremely_high_carbs,synthetic,lunch_snack,False
snack_cap,synth_3000_balanced,synthetic,full_day,False
snack_cap,synth_3000_balanced,synthetic,lunch_snack_dinner,False
snack_cap,synth_3000_balanced,synthetic,lunch_dinner,False
snack_cap,synth_3000_balanced,synthetic,lunch_only,False
snack_cap,synth_3000_balanced,synthetic,dinner_only,False
snack_cap,synth_3000_balanced,synthetic,lunch_snack,False
snack_cap,synth_3000_low_protein,synthetic,full_day,False
snack_cap,synth_3000_low_protein,synthetic,lunch_snack_dinner,False
snack_cap,synth_3000_low_protein,synthetic,lunch_dinner,False
snack_cap,synth_3000_low_protein,synthetic,lunch_only,False
snack_cap,synth_3000_low_protein,synthetic,dinner_only,False
snack_cap,synth_3000_low_protein,synthetic,lunch_snack,False
snack_cap,synth_3000_extremely_low_protein,synthetic,full_day,False
snack_cap,synth_3000_extremely_low_protein,synthetic,lunch_snack_dinner,False
snack_cap,synth_3000_extremely_low_protein,synthetic,lunch_dinner,False
snack_cap,synth_3000_extremely_low_protein,synthetic,lunch_only,False
snack_cap,synth_3000_extremely_low_protein,synthetic,dinner_only,False
snack_cap,synth_3000_extremely_low_protein,synthetic,lunch_snack,False
snack_cap,synth_3000_high_protein,synthetic,full_day,True
snack_cap,synth_3000_high_protein,synthetic,lunch_snack_dinner,False
snack_cap,synth_3000_high_protein,synthetic,lunch_dinner,False
snack_cap,synth_3000_high_protein,synthetic,lunch_only,False
snack_cap,synth_3000_high_protein,synthetic,dinner_only,False
snack_cap,synth_3000_high_protein,synthetic,lunch_snack,False
snack_cap,synth_3000_extremely_high_protein,synthetic,full_day,False
snack_cap,synth_3000_extremely_high_protein,synthetic,lunch_snack_dinner,False
snack_cap,synth_3000_extremely_high_protein,synthetic,lunch_dinner,False
snack_cap,synth_3000_extremely_high_protein,synthetic,lunch_only,False
snack_cap,synth_3000_extremely_high_protein,synthetic,dinner_only,False
snack_cap,synth_3000_extremely_high_protein,synthetic,lunch_snack,False
snack_cap,synth_3000_low_fat,synthetic,full_day,False
snack_cap,synth_3000_low_fat,synthetic,lunch_snack_dinner,False
snack_cap,synth_3000_low_fat,synthetic,lunch_dinner,False
snack_cap,synth_3000_low_fat,synthetic,lunch_only,False
snack_cap,synth_3000_low_fat,synthetic,dinner_only,False
snack_cap,synth_3000_low_fat,synthetic,lunch_snack,False
snack_cap,synth_3000_extremely_low_fat,synthetic,full_day,False
snack_cap,synth_3000_extremely_low_fat,synthetic,lunch_snack_dinner,False
snack_cap,synth_3000_extremely_low_fat,synthetic,lunch_dinner,False
snack_cap,synth_3000_extremely_low_fat,synthetic,lunch_only,False
snack_cap,synth_3000_extremely_low_fat,synthetic,dinner_only,False
snack_cap,synth_3000_extremely_low_fat,synthetic,lunch_snack,False
snack_cap,synth_3000_high_fat,synthetic,full_day,True
snack_cap,synth_3000_high_fat,synthetic,lunch_snack_dinner,True
snack_cap,synth_3000_high_fat,synthetic,lunch_dinner,False
snack_cap,synth_3000_high_fat,synthetic,lunch_only,False
snack_cap,synth_3000_high_fat,synthetic,dinner_only,True
snack_cap,synth_3000_high_fat,synthetic,lunch_snack,False
snack_cap,synth_3000_extremely_high_fat,synthetic,full_day,False
snack_cap,synth_3000_extremely_high_fat,synthetic,lunch_snack_dinner,False
snack_cap,synth_3000_extremely_high_fat,synthetic,lunch_dinner,False
snack_cap,synth_3000_extremely_high_fat,synthetic,lunch_only,False
snack_cap,synth_3000_extremely_high_fat,synthetic,dinner_only,False
snack_cap,synth_3000_extremely_high_fat,synthetic,lunch_snack,False
snack_cap,synth_3000_low_carbs,synthetic,full_day,True
snack_cap,synth_3000_low_carbs,synthetic,lunch_snack_dinner,True
snack_cap,synth_3000_low_carbs,synthetic,lunch_dinner,False
snack_cap,synth_3000_low_carbs,synthetic,lunch_only,False
snack_cap,synth_3000_low_carbs,synthetic,dinner_only,True
snack_cap,synth_3000_low_carbs,synthetic,lunch_snack,False
snack_cap,synth_3000_extremely_low_carbs,synthetic,full_day,True
snack_cap,synth_3000_extremely_low_carbs,synthetic,lunch_snack_dinner,False
snack_cap,synth_3000_extremely_low_carbs,synthetic,lunch_dinner,False
snack_cap,synth_3000_extremely_low_carbs,synthetic,lunch_only,False
snack_cap,synth_3000_extremely_low_carbs,synthetic,dinner_only,False
snack_cap,synth_3000_extremely_low_carbs,synthetic,lunch_snack,False
snack_cap,synth_3000_high_carbs,synthetic,full_day,False
snack_cap,synth_3000_high_carbs,synthetic,lunch_snack_dinner,False
snack_cap,synth_3000_high_carbs,synthetic,lunch_dinner,False
snack_cap,synth_3000_high_carbs,synthetic,lunch_only,False
snack_cap,synth_3000_high_carbs,synthetic,dinner_only,False
snack_cap,synth_3000_high_carbs,synthetic,lunch_snack,False
snack_cap,synth_3000_extremely_high_carbs,synthetic,full_day,False
snack_cap,synth_3000_extremely_high_carbs,synthetic,lunch_snack_dinner,False
snack_cap,synth_3000_extremely_high_carbs,synthetic,lunch_dinner,False
snack_cap,synth_3000_extremely_high_carbs,synthetic,lunch_only,False
snack_cap,synth_3000_extremely_high_carbs,synthetic,dinner_only,False
snack_cap,synth_3000_extremely_high_carbs,synthetic,lunch_snack,False
snack_cap,synth_3500_balanced,synthetic,full_day,False
snack_cap,synth_3500_balanced,synthetic,lunch_snack_dinner,False
snack_cap,synth_3500_balanced,synthetic,lunch_dinner,False
snack_cap,synth_3500_balanced,synthetic,lunch_only,False
snack_cap,synth_3500_balanced,synthetic,dinner_only,False
snack_cap,synth_3500_balanced,synthetic,lunch_snack,False
snack_cap,synth_3500_low_protein,synthetic,full_day,False
snack_cap,synth_3500_low_protein,synthetic,lunch_snack_dinner,False
snack_cap,synth_3500_low_protein,synthetic,lunch_dinner,False
snack_cap,synth_3500_low_protein,synthetic,lunch_only,False
snack_cap,synth_3500_low_protein,synthetic,dinner_only,False
snack_cap,synth_3500_low_protein,synthetic,lunch_snack,False
snack_cap,synth_3500_extremely_low_protein,synthetic,full_day,False
snack_cap,synth_3500_extremely_low_protein,synthetic,lunch_snack_dinner,False
snack_cap,synth_3500_extremely_low_protein,synthetic,lunch_dinner,False
snack_cap,synth_3500_extremely_low_protein,synthetic,lunch_only,False
snack_cap,synth_3500_extremely_low_protein,synthetic,dinner_only,False
snack_cap,synth_3500_extremely_low_protein,synthetic,lunch_snack,False
snack_cap,synth_3500_high_protein,synthetic,full_day,False
snack_cap,synth_3500_high_protein,synthetic,lunch_snack_dinner,False
snack_cap,synth_3500_high_protein,synthetic,lunch_dinner,False
snack_cap,synth_3500_high_protein,synthetic,lunch_only,False
snack_cap,synth_3500_high_protein,synthetic,dinner_only,False
snack_cap,synth_3500_high_protein,synthetic,lunch_snack,False
snack_cap,synth_3500_extremely_high_protein,synthetic,full_day,False
snack_cap,synth_3500_extremely_high_protein,synthetic,lunch_snack_dinner,False
snack_cap,synth_3500_extremely_high_protein,synthetic,lunch_dinner,False
snack_cap,synth_3500_extremely_high_protein,synthetic,lunch_only,False
snack_cap,synth_3500_extremely_high_protein,synthetic,dinner_only,False
snack_cap,synth_3500_extremely_high_protein,synthetic,lunch_snack,False
snack_cap,synth_3500_low_fat,synthetic,full_day,False
snack_cap,synth_3500_low_fat,synthetic,lunch_snack_dinner,False
snack_cap,synth_3500_low_fat,synthetic,lunch_dinner,False
snack_cap,synth_3500_low_fat,synthetic,lunch_only,False
snack_cap,synth_3500_low_fat,synthetic,dinner_only,False
snack_cap,synth_3500_low_fat,synthetic,lunch_snack,False
snack_cap,synth_3500_extremely_low_fat,synthetic,full_day,False
snack_cap,synth_3500_extremely_low_fat,synthetic,lunch_snack_dinner,False
snack_cap,synth_3500_extremely_low_fat,synthetic,lunch_dinner,False
snack_cap,synth_3500_extremely_low_fat,synthetic,lunch_only,False
snack_cap,synth_3500_extremely_low_fat,synthetic,dinner_only,False
snack_cap,synth_3500_extremely_low_fat,synthetic,lunch_snack,False
snack_cap,synth_3500_high_fat,synthetic,full_day,True
snack_cap,synth_3500_high_fat,synthetic,lunch_snack_dinner,False
snack_cap,synth_3500_high_fat,synthetic,lunch_dinner,False
snack_cap,synth_3500_high_fat,synthetic,lunch_only,False
snack_cap,synth_3500_high_fat,synthetic,dinner_only,True
snack_cap,synth_3500_high_fat,synthetic,lunch_snack,False
snack_cap,synth_3500_extremely_high_fat,synthetic,full_day,False
snack_cap,synth_3500_extremely_high_fat,synthetic,lunch_snack_dinner,False
snack_cap,synth_3500_extremely_high_fat,synthetic,lunch_dinner,False
snack_cap,synth_3500_extremely_high_fat,synthetic,lunch_only,False
snack_cap,synth_3500_extremely_high_fat,synthetic,dinner_only,False
snack_cap,synth_3500_extremely_high_fat,synthetic,lunch_snack,False
snack_cap,synth_3500_low_carbs,synthetic,full_day,True
snack_cap,synth_3500_low_carbs,synthetic,lunch_snack_dinner,True
snack_cap,synth_3500_low_carbs,synthetic,lunch_dinner,False
snack_cap,synth_3500_low_carbs,synthetic,lunch_only,False
snack_cap,synth_3500_low_carbs,synthetic,dinner_only,True
snack_cap,synth_3500_low_carbs,synthetic,lunch_snack,False
snack_cap,synth_3500_extremely_low_carbs,synthetic,full_day,False
snack_cap,synth_3500_extremely_low_carbs,synthetic,lunch_snack_dinner,False
snack_cap,synth_3500_extremely_low_carbs,synthetic,lunch_dinner,False
snack_cap,synth_3500_extremely_low_carbs,synthetic,lunch_only,False
snack_cap,synth_3500_extremely_low_carbs,synthetic,dinner_only,False
snack_cap,synth_3500_extremely_low_carbs,synthetic,lunch_snack,False
snack_cap,synth_3500_high_carbs,synthetic,full_day,False
snack_cap,synth_3500_high_carbs,synthetic,lunch_snack_dinner,False
snack_cap,synth_3500_high_carbs,synthetic,lunch_dinner,False
snack_cap,synth_3500_high_carbs,synthetic,lunch_only,False
snack_cap,synth_3500_high_carbs,synthetic,dinner_only,False
snack_cap,synth_3500_high_carbs,synthetic,lunch_snack,False
snack_cap,synth_3500_extremely_high_carbs,synthetic,full_day,False
snack_cap,synth_3500_extremely_high_carbs,synthetic,lunch_snack_dinner,False
snack_cap,synth_3500_extremely_high_carbs,synthetic,lunch_dinner,False
snack_cap,synth_3500_extremely_high_carbs,synthetic,lunch_only,False
snack_cap,synth_3500_extremely_high_carbs,synthetic,dinner_only,False
snack_cap,synth_3500_extremely_high_carbs,synthetic,lunch_snack,False
dinner_lunch_cap,person_1,real,full_day,False
dinner_lunch_cap,person_1,real,lunch_snack_dinner,False
dinner_lunch_cap,person_1,real,lunch_dinner,False
dinner_lunch_cap,person_1,real,lunch_only,False
dinner_lunch_cap,person_1,real,dinner_only,False
dinner_lunch_cap,person_1,real,lunch_snack,False
dinner_lunch_cap,person_2,real,full_day,True
dinner_lunch_cap,person_2,real,lunch_snack_dinner,True
dinner_lunch_cap,person_2,real,lunch_dinner,True
dinner_lunch_cap,person_2,real,lunch_only,False
dinner_lunch_cap,person_2,real,dinner_only,False
dinner_lunch_cap,person_2,real,lunch_snack,True
dinner_lunch_cap,person_3,real,full_day,True
dinner_lunch_cap,person_3,real,lunch_snack_dinner,True
dinner_lunch_cap,person_3,real,lunch_dinner,True
dinner_lunch_cap,person_3,real,lunch_only,False
dinner_lunch_cap,person_3,real,dinner_only,False
dinner_lunch_cap,person_3,real,lunch_snack,False
dinner_lunch_cap,person_4,real,full_day,True
dinner_lunch_cap,person_4,real,lunch_snack_dinner,True
dinner_lunch_cap,person_4,real,lunch_dinner,True
dinner_lunch_cap,person_4,real,lunch_only,True
dinner_lunch_cap,person_4,real,dinner_only,False
dinner_lunch_cap,person_4,real,lunch_snack,True
dinner_lunch_cap,person_5,real,full_day,True
dinner_lunch_cap,person_5,real,lunch_snack_dinner,True
dinner_lunch_cap,person_5,real,lunch_dinner,True
dinner_lunch_cap,person_5,real,lunch_only,False
dinner_lunch_cap,person_5,real,dinner_only,False
dinner_lunch_cap,person_5,real,lunch_snack,True
dinner_lunch_cap,person_6,real,full_day,True
dinner_lunch_cap,person_6,real,lunch_snack_dinner,True
dinner_lunch_cap,person_6,real,lunch_dinner,True
dinner_lunch_cap,person_6,real,lunch_only,False
dinner_lunch_cap,person_6,real,dinner_only,False
dinner_lunch_cap,person_6,real,lunch_snack,False
dinner_lunch_cap,person_7,real,full_day,True
dinner_lunch_cap,person_7,real,lunch_snack_dinner,True
dinner_lunch_cap,person_7,real,lunch_dinner,True
dinner_lunch_cap,person_7,real,lunch_only,False
dinner_lunch_cap,person_7,real,dinner_only,False
dinner_lunch_cap,person_7,real,lunch_snack,False
dinner_lunch_cap,person_8,real,full_day,True
dinner_lunch_cap,person_8,real,lunch_snack_dinner,True
dinner_lunch_cap,person_8,real,lunch_dinner,True
dinner_lunch_cap,person_8,real,lunch_only,False
dinner_lunch_cap,person_8,real,dinner_only,False
dinner_lunch_cap,person_8,real,lunch_snack,False
dinner_lunch_cap,person_9,real,full_day,True
dinner_lunch_cap,person_9,real,lunch_snack_dinner,True
dinner_lunch_cap,person_9,real,lunch_dinner,True
dinner_lunch_cap,person_9,real,lunch_only,True
dinner_lunch_cap,person_9,real,dinner_only,False
dinner_lunch_cap,person_9,real,lunch_snack,True
dinner_lunch_cap,person_10,real,full_day,True
dinner_lunch_cap,person_10,real,lunch_snack_dinner,True
dinner_lunch_cap,person_10,real,lunch_dinner,True
dinner_lunch_cap,person_10,real,lunch_only,False
dinner_lunch_cap,person_10,real,dinner_only,False
dinner_lunch_cap,person_10,real,lunch_snack,True
dinner_lunch_cap,synth_1000_balanced,synthetic,full_day,True
dinner_lunch_cap,synth_1000_balanced,synthetic,lunch_snack_dinner,True
dinner_lunch_cap,synth_1000_balanced,synthetic,lunch_dinner,True
dinner_lunch_cap,synth_1000_balanced,synthetic,lunch_only,False
dinner_lunch_cap,synth_1000_balanced,synthetic,dinner_only,True
dinner_lunch_cap,synth_1000_balanced,synthetic,lunch_snack,True
dinner_lunch_cap,synth_1000_low_protein,synthetic,full_day,True
dinner_lunch_cap,synth_1000_low_protein,synthetic,lunch_snack_dinner,True
dinner_lunch_cap,synth_1000_low_protein,synthetic,lunch_dinner,True
dinner_lunch_cap,synth_1000_low_protein,synthetic,lunch_only,False
dinner_lunch_cap,synth_1000_low_protein,synthetic,dinner_only,True
dinner_lunch_cap,synth_1000_low_protein,synthetic,lunch_snack,False
dinner_lunch_cap,synth_1000_extremely_low_protein,synthetic,full_day,False
dinner_lunch_cap,synth_1000_extremely_low_protein,synthetic,lunch_snack_dinner,False
dinner_lunch_cap,synth_1000_extremely_low_protein,synthetic,lunch_dinner,False
dinner_lunch_cap,synth_1000_extremely_low_protein,synthetic,lunch_only,False
dinner_lunch_cap,synth_1000_extremely_low_protein,synthetic,dinner_only,False
dinner_lunch_cap,synth_1000_extremely_low_protein,synthetic,lunch_snack,False
dinner_lunch_cap,synth_1000_high_protein,synthetic,full_day,True
dinner_lunch_cap,synth_1000_high_protein,synthetic,lunch_snack_dinner,False
dinner_lunch_cap,synth_1000_high_protein,synthetic,lunch_dinner,True
dinner_lunch_cap,synth_1000_high_protein,synthetic,lunch_only,True
dinner_lunch_cap,synth_1000_high_protein,synthetic,dinner_only,False
dinner_lunch_cap,synth_1000_high_protein,synthetic,lunch_snack,True
dinner_lunch_cap,synth_1000_extremely_high_protein,synthetic,full_day,False
dinner_lunch_cap,synth_1000_extremely_high_protein,synthetic,lunch_snack_dinner,False
dinner_lunch_cap,synth_1000_extremely_high_protein,synthetic,lunch_dinner,False
dinner_lunch_cap,synth_1000_extremely_high_protein,synthetic,lunch_only,False
dinner_lunch_cap,synth_1000_extremely_high_protein,synthetic,dinner_only,False
dinner_lunch_cap,synth_1000_extremely_high_protein,synthetic,lunch_snack,False
dinner_lunch_cap,synth_1000_low_fat,synthetic,full_day,False
dinner_lunch_cap,synth_1000_low_fat,synthetic,lunch_snack_dinner,False
dinner_lunch_cap,synth_1000_low_fat,synthetic,lunch_dinner,False
dinner_lunch_cap,synth_1000_low_fat,synthetic,lunch_only,False
dinner_lunch_cap,synth_1000_low_fat,synthetic,dinner_only,False
dinner_lunch_cap,synth_1000_low_fat,synthetic,lunch_snack,False
dinner_lunch_cap,synth_1000_extremely_low_fat,synthetic,full_day,False
dinner_lunch_cap,synth_1000_extremely_low_fat,synthetic,lunch_snack_dinner,False
dinner_lunch_cap,synth_1000_extremely_low_fat,synthetic,lunch_dinner,False
dinner_lunch_cap,synth_1000_extremely_low_fat,synthetic,lunch_only,False
dinner_lunch_cap,synth_1000_extremely_low_fat,synthetic,dinner_only,False
dinner_lunch_cap,synth_1000_extremely_low_fat,synthetic,lunch_snack,False
dinner_lunch_cap,synth_1000_high_fat,synthetic,full_day,False
dinner_lunch_cap,synth_1000_high_fat,synthetic,lunch_snack_dinner,False
dinner_lunch_cap,synth_1000_high_fat,synthetic,lunch_dinner,False
dinner_lunch_cap,synth_1000_high_fat,synthetic,lunch_only,False
dinner_lunch_cap,synth_1000_high_fat,synthetic,dinner_only,True
dinner_lunch_cap,synth_1000_high_fat,synthetic,lunch_snack,False
dinner_lunch_cap,synth_1000_extremely_high_fat,synthetic,full_day,False
dinner_lunch_cap,synth_1000_extremely_high_fat,synthetic,lunch_snack_dinner,False
dinner_lunch_cap,synth_1000_extremely_high_fat,synthetic,lunch_dinner,False
dinner_lunch_cap,synth_1000_extremely_high_fat,synthetic,lunch_only,False
dinner_lunch_cap,synth_1000_extremely_high_fat,synthetic,dinner_only,False
dinner_lunch_cap,synth_1000_extremely_high_fat,synthetic,lunch_snack,False
dinner_lunch_cap,synth_1000_low_carbs,synthetic,full_day,False
dinner_lunch_cap,synth_1000_low_carbs,synthetic,lunch_snack_dinner,False
dinner_lunch_cap,synth_1000_low_carbs,synthetic,lunch_dinner,True
dinner_lunch_cap,synth_1000_low_carbs,synthetic,lunch_only,False
dinner_lunch_cap,synth_1000_low_carbs,synthetic,dinner_only,True
dinner_lunch_cap,synth_1000_low_carbs,synthetic,lunch_snack,False
dinner_lunch_cap,synth_1000_extremely_low_carbs,synthetic,full_day,False
dinner_lunch_cap,synth_1000_extremely_low_carbs,synthetic,lunch_snack_dinner,False
dinner_lunch_cap,synth_1000_extremely_low_carbs,synthetic,lunch_dinner,True
dinner_lunch_cap,synth_1000_extremely_low_carbs,synthetic,lunch_only,False
dinner_lunch_cap,synth_1000_extremely_low_carbs,synthetic,dinner_only,True
dinner_lunch_cap,synth_1000_extremely_low_carbs,synthetic,lunch_snack,False
dinner_lunch_cap,synth_1000_high_carbs,synthetic,full_day,True
dinner_lunch_cap,synth_1000_high_carbs,synthetic,lunch_snack_dinner,True
dinner_lunch_cap,synth_1000_high_carbs,synthetic,lunch_dinner,True
dinner_lunch_cap,synth_1000_high_carbs,synthetic,lunch_only,False
dinner_lunch_cap,synth_1000_high_carbs,synthetic,dinner_only,False
dinner_lunch_cap,synth_1000_high_carbs,synthetic,lunch_snack,False
dinner_lunch_cap,synth_1000_extremely_high_carbs,synthetic,full_day,False
dinner_lunch_cap,synth_1000_extremely_high_carbs,synthetic,lunch_snack_dinner,False
dinner_lunch_cap,synth_1000_extremely_high_carbs,synthetic,lunch_dinner,False
dinner_lunch_cap,synth_1000_extremely_high_carbs,synthetic,lunch_only,False
dinner_lunch_cap,synth_1000_extremely_high_carbs,synthetic,dinner_only,False
dinner_lunch_cap,synth_1000_extremely_high_carbs,synthetic,lunch_snack,False
dinner_lunch_cap,synth_1500_balanced,synthetic,full_day,True
dinner_lunch_cap,synth_1500_balanced,synthetic,lunch_snack_dinner,True
dinner_lunch_cap,synth_1500_balanced,synthetic,lunch_dinner,True
dinner_lunch_cap,synth_1500_balanced,synthetic,lunch_only,False
dinner_lunch_cap,synth_1500_balanced,synthetic,dinner_only,False
dinner_lunch_cap,synth_1500_balanced,synthetic,lunch_snack,True
dinner_lunch_cap,synth_1500_low_protein,synthetic,full_day,True
dinner_lunch_cap,synth_1500_low_protein,synthetic,lunch_snack_dinner,True
dinner_lunch_cap,synth_1500_low_protein,synthetic,lunch_dinner,True
dinner_lunch_cap,synth_1500_low_protein,synthetic,lunch_only,False
dinner_lunch_cap,synth_1500_low_protein,synthetic,dinner_only,False
dinner_lunch_cap,synth_1500_low_protein,synthetic,lunch_snack,False
dinner_lunch_cap,synth_1500_extremely_low_protein,synthetic,full_day,False
dinner_lunch_cap,synth_1500_extremely_low_protein,synthetic,lunch_snack_dinner,False
dinner_lunch_cap,synth_1500_extremely_low_protein,synthetic,lunch_dinner,False
dinner_lunch_cap,synth_1500_extremely_low_protein,synthetic,lunch_only,False
dinner_lunch_cap,synth_1500_extremely_low_protein,synthetic,dinner_only,False
dinner_lunch_cap,synth_1500_extremely_low_protein,synthetic,lunch_snack,False
dinner_lunch_cap,synth_1500_high_protein,synthetic,full_day,True
dinner_lunch_cap,synth_1500_high_protein,synthetic,lunch_snack_dinner,True
dinner_lunch_cap,synth_1500_high_protein,synthetic,lunch_dinner,True
dinner_lunch_cap,synth_1500_high_protein,synthetic,lunch_only,False
dinner_lunch_cap,synth_1500_high_protein,synthetic,dinner_only,False
dinner_lunch_cap,synth_1500_high_protein,synthetic,lunch_snack,False
dinner_lunch_cap,synth_1500_extremely_high_protein,synthetic,full_day,True
dinner_lunch_cap,synth_1500_extremely_high_protein,synthetic,lunch_snack_dinner,False
dinner_lunch_cap,synth_1500_extremely_high_protein,synthetic,lunch_dinner,False
dinner_lunch_cap,synth_1500_extremely_high_protein,synthetic,lunch_only,False
dinner_lunch_cap,synth_1500_extremely_high_protein,synthetic,dinner_only,False
dinner_lunch_cap,synth_1500_extremely_high_protein,synthetic,lunch_snack,False
dinner_lunch_cap,synth_1500_low_fat,synthetic,full_day,False
dinner_lunch_cap,synth_1500_low_fat,synthetic,lunch_snack_dinner,False
dinner_lunch_cap,synth_1500_low_fat,synthetic,lunch_dinner,False
dinner_lunch_cap,synth_1500_low_fat,synthetic,lunch_only,False
dinner_lunch_cap,synth_1500_low_fat,synthetic,dinner_only,False
dinner_lunch_cap,synth_1500_low_fat,synthetic,lunch_snack,False
dinner_lunch_cap,synth_1500_extremely_low_fat,synthetic,full_day,False
dinner_lunch_cap,synth_1500_extremely_low_fat,synthetic,lunch_snack_dinner,False
dinner_lunch_cap,synth_1500_extremely_low_fat,synthetic,lunch_dinner,False
dinner_lunch_cap,synth_1500_extremely_low_fat,synthetic,lunch_only,False
dinner_lunch_cap,synth_1500_extremely_low_fat,synthetic,dinner_only,False
dinner_lunch_cap,synth_1500_extremely_low_fat,synthetic,lunch_snack,False
dinner_lunch_cap,synth_1500_high_fat,synthetic,full_day,True
dinner_lunch_cap,synth_1500_high_fat,synthetic,lunch_snack_dinner,True
dinner_lunch_cap,synth_1500_high_fat,synthetic,lunch_dinner,True
dinner_lunch_cap,synth_1500_high_fat,synthetic,lunch_only,False
dinner_lunch_cap,synth_1500_high_fat,synthetic,dinner_only,False
dinner_lunch_cap,synth_1500_high_fat,synthetic,lunch_snack,False
dinner_lunch_cap,synth_1500_extremely_high_fat,synthetic,full_day,False
dinner_lunch_cap,synth_1500_extremely_high_fat,synthetic,lunch_snack_dinner,False
dinner_lunch_cap,synth_1500_extremely_high_fat,synthetic,lunch_dinner,False
dinner_lunch_cap,synth_1500_extremely_high_fat,synthetic,lunch_only,False
dinner_lunch_cap,synth_1500_extremely_high_fat,synthetic,dinner_only,False
dinner_lunch_cap,synth_1500_extremely_high_fat,synthetic,lunch_snack,False
dinner_lunch_cap,synth_1500_low_carbs,synthetic,full_day,True
dinner_lunch_cap,synth_1500_low_carbs,synthetic,lunch_snack_dinner,True
dinner_lunch_cap,synth_1500_low_carbs,synthetic,lunch_dinner,True
dinner_lunch_cap,synth_1500_low_carbs,synthetic,lunch_only,False
dinner_lunch_cap,synth_1500_low_carbs,synthetic,dinner_only,False
dinner_lunch_cap,synth_1500_low_carbs,synthetic,lunch_snack,False
dinner_lunch_cap,synth_1500_extremely_low_carbs,synthetic,full_day,False
dinner_lunch_cap,synth_1500_extremely_low_carbs,synthetic,lunch_snack_dinner,True
dinner_lunch_cap,synth_1500_extremely_low_carbs,synthetic,lunch_dinner,True
dinner_lunch_cap,synth_1500_extremely_low_carbs,synthetic,lunch_only,False
dinner_lunch_cap,synth_1500_extremely_low_carbs,synthetic,dinner_only,False
dinner_lunch_cap,synth_1500_extremely_low_carbs,synthetic,lunch_snack,False
dinner_lunch_cap,synth_1500_high_carbs,synthetic,full_day,True
dinner_lunch_cap,synth_1500_high_carbs,synthetic,lunch_snack_dinner,True
dinner_lunch_cap,synth_1500_high_carbs,synthetic,lunch_dinner,True
dinner_lunch_cap,synth_1500_high_carbs,synthetic,lunch_only,False
dinner_lunch_cap,synth_1500_high_carbs,synthetic,dinner_only,False
dinner_lunch_cap,synth_1500_high_carbs,synthetic,lunch_snack,False
dinner_lunch_cap,synth_1500_extremely_high_carbs,synthetic,full_day,False
dinner_lunch_cap,synth_1500_extremely_high_carbs,synthetic,lunch_snack_dinner,False
dinner_lunch_cap,synth_1500_extremely_high_carbs,synthetic,lunch_dinner,False
dinner_lunch_cap,synth_1500_extremely_high_carbs,synthetic,lunch_only,False
dinner_lunch_cap,synth_1500_extremely_high_carbs,synthetic,dinner_only,False
dinner_lunch_cap,synth_1500_extremely_high_carbs,synthetic,lunch_snack,False
dinner_lunch_cap,synth_2000_balanced,synthetic,full_day,True
dinner_lunch_cap,synth_2000_balanced,synthetic,lunch_snack_dinner,True
dinner_lunch_cap,synth_2000_balanced,synthetic,lunch_dinner,True
dinner_lunch_cap,synth_2000_balanced,synthetic,lunch_only,False
dinner_lunch_cap,synth_2000_balanced,synthetic,dinner_only,False
dinner_lunch_cap,synth_2000_balanced,synthetic,lunch_snack,False
dinner_lunch_cap,synth_2000_low_protein,synthetic,full_day,True
dinner_lunch_cap,synth_2000_low_protein,synthetic,lunch_snack_dinner,True
dinner_lunch_cap,synth_2000_low_protein,synthetic,lunch_dinner,False
dinner_lunch_cap,synth_2000_low_protein,synthetic,lunch_only,False
dinner_lunch_cap,synth_2000_low_protein,synthetic,dinner_only,False
dinner_lunch_cap,synth_2000_low_protein,synthetic,lunch_snack,False
dinner_lunch_cap,synth_2000_extremely_low_protein,synthetic,full_day,False
dinner_lunch_cap,synth_2000_extremely_low_protein,synthetic,lunch_snack_dinner,False
dinner_lunch_cap,synth_2000_extremely_low_protein,synthetic,lunch_dinner,False
dinner_lunch_cap,synth_2000_extremely_low_protein,synthetic,lunch_only,False
dinner_lunch_cap,synth_2000_extremely_low_protein,synthetic,dinner_only,False
dinner_lunch_cap,synth_2000_extremely_low_protein,synthetic,lunch_snack,False
dinner_lunch_cap,synth_2000_high_protein,synthetic,full_day,True
dinner_lunch_cap,synth_2000_high_protein,synthetic,lunch_snack_dinner,True
dinner_lunch_cap,synth_2000_high_protein,synthetic,lunch_dinner,True
dinner_lunch_cap,synth_2000_high_protein,synthetic,lunch_only,False
dinner_lunch_cap,synth_2000_high_protein,synthetic,dinner_only,False
dinner_lunch_cap,synth_2000_high_protein,synthetic,lunch_snack,False
dinner_lunch_cap,synth_2000_extremely_high_protein,synthetic,full_day,False
dinner_lunch_cap,synth_2000_extremely_high_protein,synthetic,lunch_snack_dinner,False
dinner_lunch_cap,synth_2000_extremely_high_protein,synthetic,lunch_dinner,False
dinner_lunch_cap,synth_2000_extremely_high_protein,synthetic,lunch_only,False
dinner_lunch_cap,synth_2000_extremely_high_protein,synthetic,dinner_only,False
dinner_lunch_cap,synth_2000_extremely_high_protein,synthetic,lunch_snack,False
dinner_lunch_cap,synth_2000_low_fat,synthetic,full_day,False
dinner_lunch_cap,synth_2000_low_fat,synthetic,lunch_snack_dinner,False
dinner_lunch_cap,synth_2000_low_fat,synthetic,lunch_dinner,False
dinner_lunch_cap,synth_2000_low_fat,synthetic,lunch_only,False
dinner_lunch_cap,synth_2000_low_fat,synthetic,dinner_only,False
dinner_lunch_cap,synth_2000_low_fat,synthetic,lunch_snack,False
dinner_lunch_cap,synth_2000_extremely_low_fat,synthetic,full_day,False
dinner_lunch_cap,synth_2000_extremely_low_fat,synthetic,lunch_snack_dinner,False
dinner_lunch_cap,synth_2000_extremely_low_fat,synthetic,lunch_dinner,False
dinner_lunch_cap,synth_2000_extremely_low_fat,synthetic,lunch_only,False
dinner_lunch_cap,synth_2000_extremely_low_fat,synthetic,dinner_only,False
dinner_lunch_cap,synth_2000_extremely_low_fat,synthetic,lunch_snack,False
dinner_lunch_cap,synth_2000_high_fat,synthetic,full_day,True
dinner_lunch_cap,synth_2000_high_fat,synthetic,lunch_snack_dinner,True
dinner_lunch_cap,synth_2000_high_fat,synthetic,lunch_dinner,True
dinner_lunch_cap,synth_2000_high_fat,synthetic,lunch_only,False
dinner_lunch_cap,synth_2000_high_fat,synthetic,dinner_only,False
dinner_lunch_cap,synth_2000_high_fat,synthetic,lunch_snack,False
dinner_lunch_cap,synth_2000_extremely_high_fat,synthetic,full_day,False
dinner_lunch_cap,synth_2000_extremely_high_fat,synthetic,lunch_snack_dinner,False
dinner_lunch_cap,synth_2000_extremely_high_fat,synthetic,lunch_dinner,False
dinner_lunch_cap,synth_2000_extremely_high_fat,synthetic,lunch_only,False
dinner_lunch_cap,synth_2000_extremely_high_fat,synthetic,dinner_only,False
dinner_lunch_cap,synth_2000_extremely_high_fat,synthetic,lunch_snack,False
dinner_lunch_cap,synth_2000_low_carbs,synthetic,full_day,True
dinner_lunch_cap,synth_2000_low_carbs,synthetic,lunch_snack_dinner,True
dinner_lunch_cap,synth_2000_low_carbs,synthetic,lunch_dinner,True
dinner_lunch_cap,synth_2000_low_carbs,synthetic,lunch_only,False
dinner_lunch_cap,synth_2000_low_carbs,synthetic,dinner_only,False
dinner_lunch_cap,synth_2000_low_carbs,synthetic,lunch_snack,False
dinner_lunch_cap,synth_2000_extremely_low_carbs,synthetic,full_day,False
dinner_lunch_cap,synth_2000_extremely_low_carbs,synthetic,lunch_snack_dinner,False
dinner_lunch_cap,synth_2000_extremely_low_carbs,synthetic,lunch_dinner,False
dinner_lunch_cap,synth_2000_extremely_low_carbs,synthetic,lunch_only,False
dinner_lunch_cap,synth_2000_extremely_low_carbs,synthetic,dinner_only,False
dinner_lunch_cap,synth_2000_extremely_low_carbs,synthetic,lunch_snack,False
dinner_lunch_cap,synth_2000_high_carbs,synthetic,full_day,False
dinner_lunch_cap,synth_2000_high_carbs,synthetic,lunch_snack_dinner,False
dinner_lunch_cap,synth_2000_high_carbs,synthetic,lunch_dinner,False
dinner_lunch_cap,synth_2000_high_carbs,synthetic,lunch_only,False
dinner_lunch_cap,synth_2000_high_carbs,synthetic,dinner_only,False
dinner_lunch_cap,synth_2000_high_carbs,synthetic,lunch_snack,False
dinner_lunch_cap,synth_2000_extremely_high_carbs,synthetic,full_day,False
dinner_lunch_cap,synth_2000_extremely_high_carbs,synthetic,lunch_snack_dinner,False
dinner_lunch_cap,synth_2000_extremely_high_carbs,synthetic,lunch_dinner,False
dinner_lunch_cap,synth_2000_extremely_high_carbs,synthetic,lunch_only,False
dinner_lunch_cap,synth_2000_extremely_high_carbs,synthetic,dinner_only,False
dinner_lunch_cap,synth_2000_extremely_high_carbs,synthetic,lunch_snack,False
dinner_lunch_cap,synth_2500_balanced,synthetic,full_day,True
dinner_lunch_cap,synth_2500_balanced,synthetic,lunch_snack_dinner,True
dinner_lunch_cap,synth_2500_balanced,synthetic,lunch_dinner,False
dinner_lunch_cap,synth_2500_balanced,synthetic,lunch_only,False
dinner_lunch_cap,synth_2500_balanced,synthetic,dinner_only,False
dinner_lunch_cap,synth_2500_balanced,synthetic,lunch_snack,False
dinner_lunch_cap,synth_2500_low_protein,synthetic,full_day,True
dinner_lunch_cap,synth_2500_low_protein,synthetic,lunch_snack_dinner,False
dinner_lunch_cap,synth_2500_low_protein,synthetic,lunch_dinner,False
dinner_lunch_cap,synth_2500_low_protein,synthetic,lunch_only,False
dinner_lunch_cap,synth_2500_low_protein,synthetic,dinner_only,False
dinner_lunch_cap,synth_2500_low_protein,synthetic,lunch_snack,False
dinner_lunch_cap,synth_2500_extremely_low_protein,synthetic,full_day,False
dinner_lunch_cap,synth_2500_extremely_low_protein,synthetic,lunch_snack_dinner,False
dinner_lunch_cap,synth_2500_extremely_low_protein,synthetic,lunch_dinner,False
dinner_lunch_cap,synth_2500_extremely_low_protein,synthetic,lunch_only,False
dinner_lunch_cap,synth_2500_extremely_low_protein,synthetic,dinner_only,False
dinner_lunch_cap,synth_2500_extremely_low_protein,synthetic,lunch_snack,False
dinner_lunch_cap,synth_2500_high_protein,synthetic,full_day,True
dinner_lunch_cap,synth_2500_high_protein,synthetic,lunch_snack_dinner,True
dinner_lunch_cap,synth_2500_high_protein,synthetic,lunch_dinner,False
dinner_lunch_cap,synth_2500_high_protein,synthetic,lunch_only,False
dinner_lunch_cap,synth_2500_high_protein,synthetic,dinner_only,False
dinner_lunch_cap,synth_2500_high_protein,synthetic,lunch_snack,False
dinner_lunch_cap,synth_2500_extremely_high_protein,synthetic,full_day,False
dinner_lunch_cap,synth_2500_extremely_high_protein,synthetic,lunch_snack_dinner,False
dinner_lunch_cap,synth_2500_extremely_high_protein,synthetic,lunch_dinner,False
dinner_lunch_cap,synth_2500_extremely_high_protein,synthetic,lunch_only,False
dinner_lunch_cap,synth_2500_extremely_high_protein,synthetic,dinner_only,False
dinner_lunch_cap,synth_2500_extremely_high_protein,synthetic,lunch_snack,False
dinner_lunch_cap,synth_2500_low_fat,synthetic,full_day,False
dinner_lunch_cap,synth_2500_low_fat,synthetic,lunch_snack_dinner,False
dinner_lunch_cap,synth_2500_low_fat,synthetic,lunch_dinner,False
dinner_lunch_cap,synth_2500_low_fat,synthetic,lunch_only,False
dinner_lunch_cap,synth_2500_low_fat,synthetic,dinner_only,False
dinner_lunch_cap,synth_2500_low_fat,synthetic,lunch_snack,False
dinner_lunch_cap,synth_2500_extremely_low_fat,synthetic,full_day,False
dinner_lunch_cap,synth_2500_extremely_low_fat,synthetic,lunch_snack_dinner,False
dinner_lunch_cap,synth_2500_extremely_low_fat,synthetic,lunch_dinner,False
dinner_lunch_cap,synth_2500_extremely_low_fat,synthetic,lunch_only,False
dinner_lunch_cap,synth_2500_extremely_low_fat,synthetic,dinner_only,False
dinner_lunch_cap,synth_2500_extremely_low_fat,synthetic,lunch_snack,False
dinner_lunch_cap,synth_2500_high_fat,synthetic,full_day,True
dinner_lunch_cap,synth_2500_high_fat,synthetic,lunch_snack_dinner,True
dinner_lunch_cap,synth_2500_high_fat,synthetic,lunch_dinner,False
dinner_lunch_cap,synth_2500_high_fat,synthetic,lunch_only,False
dinner_lunch_cap,synth_2500_high_fat,synthetic,dinner_only,True
dinner_lunch_cap,synth_2500_high_fat,synthetic,lunch_snack,False
dinner_lunch_cap,synth_2500_extremely_high_fat,synthetic,full_day,False
dinner_lunch_cap,synth_2500_extremely_high_fat,synthetic,lunch_snack_dinner,False
dinner_lunch_cap,synth_2500_extremely_high_fat,synthetic,lunch_dinner,False
dinner_lunch_cap,synth_2500_extremely_high_fat,synthetic,lunch_only,False
dinner_lunch_cap,synth_2500_extremely_high_fat,synthetic,dinner_only,False
dinner_lunch_cap,synth_2500_extremely_high_fat,synthetic,lunch_snack,False
dinner_lunch_cap,synth_2500_low_carbs,synthetic,full_day,True
dinner_lunch_cap,synth_2500_low_carbs,synthetic,lunch_snack_dinner,True
dinner_lunch_cap,synth_2500_low_carbs,synthetic,lunch_dinner,True
dinner_lunch_cap,synth_2500_low_carbs,synthetic,lunch_only,False
dinner_lunch_cap,synth_2500_low_carbs,synthetic,dinner_only,True
dinner_lunch_cap,synth_2500_low_carbs,synthetic,lunch_snack,False
dinner_lunch_cap,synth_2500_extremely_low_carbs,synthetic,full_day,True
dinner_lunch_cap,synth_2500_extremely_low_carbs,synthetic,lunch_snack_dinner,False
dinner_lunch_cap,synth_2500_extremely_low_carbs,synthetic,lunch_dinner,False
dinner_lunch_cap,synth_2500_extremely_low_carbs,synthetic,lunch_only,False
dinner_lunch_cap,synth_2500_extremely_low_carbs,synthetic,dinner_only,False
dinner_lunch_cap,synth_2500_extremely_low_carbs,synthetic,lunch_snack,False
dinner_lunch_cap,synth_2500_high_carbs,synthetic,full_day,False
dinner_lunch_cap,synth_2500_high_carbs,synthetic,lunch_snack_dinner,False
dinner_lunch_cap,synth_2500_high_carbs,synthetic,lunch_dinner,False
dinner_lunch_cap,synth_2500_high_carbs,synthetic,lunch_only,False
dinner_lunch_cap,synth_2500_high_carbs,synthetic,dinner_only,False
dinner_lunch_cap,synth_2500_high_carbs,synthetic,lunch_snack,False
dinner_lunch_cap,synth_2500_extremely_high_carbs,synthetic,full_day,False
dinner_lunch_cap,synth_2500_extremely_high_carbs,synthetic,lunch_snack_dinner,False
dinner_lunch_cap,synth_2500_extremely_high_carbs,synthetic,lunch_dinner,False
dinner_lunch_cap,synth_2500_extremely_high_carbs,synthetic,lunch_only,False
dinner_lunch_cap,synth_2500_extremely_high_carbs,synthetic,dinner_only,False
dinner_lunch_cap,synth_2500_extremely_high_carbs,synthetic,lunch_snack,False
dinner_lunch_cap,synth_3000_balanced,synthetic,full_day,False
dinner_lunch_cap,synth_3000_balanced,synthetic,lunch_snack_dinner,False
dinner_lunch_cap,synth_3000_balanced,synthetic,lunch_dinner,False
dinner_lunch_cap,synth_3000_balanced,synthetic,lunch_only,False
dinner_lunch_cap,synth_3000_balanced,synthetic,dinner_only,False
dinner_lunch_cap,synth_3000_balanced,synthetic,lunch_snack,False
dinner_lunch_cap,synth_3000_low_protein,synthetic,full_day,False
dinner_lunch_cap,synth_3000_low_protein,synthetic,lunch_snack_dinner,False
dinner_lunch_cap,synth_3000_low_protein,synthetic,lunch_dinner,False
dinner_lunch_cap,synth_3000_low_protein,synthetic,lunch_only,False
dinner_lunch_cap,synth_3000_low_protein,synthetic,dinner_only,False
dinner_lunch_cap,synth_3000_low_protein,synthetic,lunch_snack,False
dinner_lunch_cap,synth_3000_extremely_low_protein,synthetic,full_day,False
dinner_lunch_cap,synth_3000_extremely_low_protein,synthetic,lunch_snack_dinner,False
dinner_lunch_cap,synth_3000_extremely_low_protein,synthetic,lunch_dinner,False
dinner_lunch_cap,synth_3000_extremely_low_protein,synthetic,lunch_only,False
dinner_lunch_cap,synth_3000_extremely_low_protein,synthetic,dinner_only,False
dinner_lunch_cap,synth_3000_extremely_low_protein,synthetic,lunch_snack,False
dinner_lunch_cap,synth_3000_high_protein,synthetic,full_day,True
dinner_lunch_cap,synth_3000_high_protein,synthetic,lunch_snack_dinner,False
dinner_lunch_cap,synth_3000_high_protein,synthetic,lunch_dinner,False
dinner_lunch_cap,synth_3000_high_protein,synthetic,lunch_only,False
dinner_lunch_cap,synth_3000_high_protein,synthetic,dinner_only,False
dinner_lunch_cap,synth_3000_high_protein,synthetic,lunch_snack,False
dinner_lunch_cap,synth_3000_extremely_high_protein,synthetic,full_day,False
dinner_lunch_cap,synth_3000_extremely_high_protein,synthetic,lunch_snack_dinner,False
dinner_lunch_cap,synth_3000_extremely_high_protein,synthetic,lunch_dinner,False
dinner_lunch_cap,synth_3000_extremely_high_protein,synthetic,lunch_only,False
dinner_lunch_cap,synth_3000_extremely_high_protein,synthetic,dinner_only,False
dinner_lunch_cap,synth_3000_extremely_high_protein,synthetic,lunch_snack,False
dinner_lunch_cap,synth_3000_low_fat,synthetic,full_day,False
dinner_lunch_cap,synth_3000_low_fat,synthetic,lunch_snack_dinner,False
dinner_lunch_cap,synth_3000_low_fat,synthetic,lunch_dinner,False
dinner_lunch_cap,synth_3000_low_fat,synthetic,lunch_only,False
dinner_lunch_cap,synth_3000_low_fat,synthetic,dinner_only,False
dinner_lunch_cap,synth_3000_low_fat,synthetic,lunch_snack,False
dinner_lunch_cap,synth_3000_extremely_low_fat,synthetic,full_day,False
dinner_lunch_cap,synth_3000_extremely_low_fat,synthetic,lunch_snack_dinner,False
dinner_lunch_cap,synth_3000_extremely_low_fat,synthetic,lunch_dinner,False
dinner_lunch_cap,synth_3000_extremely_low_fat,synthetic,lunch_only,False
dinner_lunch_cap,synth_3000_extremely_low_fat,synthetic,dinner_only,False
dinner_lunch_cap,synth_3000_extremely_low_fat,synthetic,lunch_snack,False
dinner_lunch_cap,synth_3000_high_fat,synthetic,full_day,True
dinner_lunch_cap,synth_3000_high_fat,synthetic,lunch_snack_dinner,True
dinner_lunch_cap,synth_3000_high_fat,synthetic,lunch_dinner,False
dinner_lunch_cap,synth_3000_high_fat,synthetic,lunch_only,False
dinner_lunch_cap,synth_3000_high_fat,synthetic,dinner_only,True
dinner_lunch_cap,synth_3000_high_fat,synthetic,lunch_snack,False
dinner_lunch_cap,synth_3000_extremely_high_fat,synthetic,full_day,False
dinner_lunch_cap,synth_3000_extremely_high_fat,synthetic,lunch_snack_dinner,False
dinner_lunch_cap,synth_3000_extremely_high_fat,synthetic,lunch_dinner,False
dinner_lunch_cap,synth_3000_extremely_high_fat,synthetic,lunch_only,False
dinner_lunch_cap,synth_3000_extremely_high_fat,synthetic,dinner_only,False
dinner_lunch_cap,synth_3000_extremely_high_fat,synthetic,lunch_snack,False
dinner_lunch_cap,synth_3000_low_carbs,synthetic,full_day,True
dinner_lunch_cap,synth_3000_low_carbs,synthetic,lunch_snack_dinner,True
dinner_lunch_cap,synth_3000_low_carbs,synthetic,lunch_dinner,False
dinner_lunch_cap,synth_3000_low_carbs,synthetic,lunch_only,False
dinner_lunch_cap,synth_3000_low_carbs,synthetic,dinner_only,True
dinner_lunch_cap,synth_3000_low_carbs,synthetic,lunch_snack,False
dinner_lunch_cap,synth_3000_extremely_low_carbs,synthetic,full_day,True
dinner_lunch_cap,synth_3000_extremely_low_carbs,synthetic,lunch_snack_dinner,False
dinner_lunch_cap,synth_3000_extremely_low_carbs,synthetic,lunch_dinner,False
dinner_lunch_cap,synth_3000_extremely_low_carbs,synthetic,lunch_only,False
dinner_lunch_cap,synth_3000_extremely_low_carbs,synthetic,dinner_only,False
dinner_lunch_cap,synth_3000_extremely_low_carbs,synthetic,lunch_snack,False
dinner_lunch_cap,synth_3000_high_carbs,synthetic,full_day,False
dinner_lunch_cap,synth_3000_high_carbs,synthetic,lunch_snack_dinner,False
dinner_lunch_cap,synth_3000_high_carbs,synthetic,lunch_dinner,False
dinner_lunch_cap,synth_3000_high_carbs,synthetic,lunch_only,False
dinner_lunch_cap,synth_3000_high_carbs,synthetic,dinner_only,False
dinner_lunch_cap,synth_3000_high_carbs,synthetic,lunch_snack,False
dinner_lunch_cap,synth_3000_extremely_high_carbs,synthetic,full_day,False
dinner_lunch_cap,synth_3000_extremely_high_carbs,synthetic,lunch_snack_dinner,False
dinner_lunch_cap,synth_3000_extremely_high_carbs,synthetic,lunch_dinner,False
dinner_lunch_cap,synth_3000_extremely_high_carbs,synthetic,lunch_only,False
dinner_lunch_cap,synth_3000_extremely_high_carbs,synthetic,dinner_only,False
dinner_lunch_cap,synth_3000_extremely_high_carbs,synthetic,lunch_snack,False
dinner_lunch_cap,synth_3500_balanced,synthetic,full_day,False
dinner_lunch_cap,synth_3500_balanced,synthetic,lunch_snack_dinner,False
dinner_lunch_cap,synth_3500_balanced,synthetic,lunch_dinner,False
dinner_lunch_cap,synth_3500_balanced,synthetic,lunch_only,False
dinner_lunch_cap,synth_3500_balanced,synthetic,dinner_only,False
dinner_lunch_cap,synth_3500_balanced,synthetic,lunch_snack,False
dinner_lunch_cap,synth_3500_low_protein,synthetic,full_day,False
dinner_lunch_cap,synth_3500_low_protein,synthetic,lunch_snack_dinner,False
dinner_lunch_cap,synth_3500_low_protein,synthetic,lunch_dinner,False
dinner_lunch_cap,synth_3500_low_protein,synthetic,lunch_only,False
dinner_lunch_cap,synth_3500_low_protein,synthetic,dinner_only,False
dinner_lunch_cap,synth_3500_low_protein,synthetic,lunch_snack,False
dinner_lunch_cap,synth_3500_extremely_low_protein,synthetic,full_day,False
dinner_lunch_cap,synth_3500_extremely_low_protein,synthetic,lunch_snack_dinner,False
dinner_lunch_cap,synth_3500_extremely_low_protein,synthetic,lunch_dinner,False
dinner_lunch_cap,synth_3500_extremely_low_protein,synthetic,lunch_only,False
dinner_lunch_cap,synth_3500_extremely_low_protein,synthetic,dinner_only,False
dinner_lunch_cap,synth_3500_extremely_low_protein,synthetic,lunch_snack,False
dinner_lunch_cap,synth_3500_high_protein,synthetic,full_day,False
dinner_lunch_cap,synth_3500_high_protein,synthetic,lunch_snack_dinner,False
dinner_lunch_cap,synth_3500_high_protein,synthetic,lunch_dinner,False
dinner_lunch_cap,synth_3500_high_protein,synthetic,lunch_only,False
dinner_lunch_cap,synth_3500_high_protein,synthetic,dinner_only,False
dinner_lunch_cap,synth_3500_high_protein,synthetic,lunch_snack,False
dinner_lunch_cap,synth_3500_extremely_high_protein,synthetic,full_day,False
dinner_lunch_cap,synth_3500_extremely_high_protein,synthetic,lunch_snack_dinner,False
dinner_lunch_cap,synth_3500_extremely_high_protein,synthetic,lunch_dinner,False
dinner_lunch_cap,synth_3500_extremely_high_protein,synthetic,lunch_only,False
dinner_lunch_cap,synth_3500_extremely_high_protein,synthetic,dinner_only,False
dinner_lunch_cap,synth_3500_extremely_high_protein,synthetic,lunch_snack,False
dinner_lunch_cap,synth_3500_low_fat,synthetic,full_day,False
dinner_lunch_cap,synth_3500_low_fat,synthetic,lunch_snack_dinner,False
dinner_lunch_cap,synth_3500_low_fat,synthetic,lunch_dinner,False
dinner_lunch_cap,synth_3500_low_fat,synthetic,lunch_only,False
dinner_lunch_cap,synth_3500_low_fat,synthetic,dinner_only,False
dinner_lunch_cap,synth_3500_low_fat,synthetic,lunch_snack,False
dinner_lunch_cap,synth_3500_extremely_low_fat,synthetic,full_day,False
dinner_lunch_cap,synth_3500_extremely_low_fat,synthetic,lunch_snack_dinner,False
dinner_lunch_cap,synth_3500_extremely_low_fat,synthetic,lunch_dinner,False
dinner_lunch_cap,synth_3500_extremely_low_fat,synthetic,lunch_only,False
dinner_lunch_cap,synth_3500_extremely_low_fat,synthetic,dinner_only,False
dinner_lunch_cap,synth_3500_extremely_low_fat,synthetic,lunch_snack,False
dinner_lunch_cap,synth_3500_high_fat,synthetic,full_day,True
dinner_lunch_cap,synth_3500_high_fat,synthetic,lunch_snack_dinner,False
dinner_lunch_cap,synth_3500_high_fat,synthetic,lunch_dinner,False
dinner_lunch_cap,synth_3500_high_fat,synthetic,lunch_only,False
dinner_lunch_cap,synth_3500_high_fat,synthetic,dinner_only,True
dinner_lunch_cap,synth_3500_high_fat,synthetic,lunch_snack,False
dinner_lunch_cap,synth_3500_extremely_high_fat,synthetic,full_day,False
dinner_lunch_cap,synth_3500_extremely_high_fat,synthetic,lunch_snack_dinner,False
dinner_lunch_cap,synth_3500_extremely_high_fat,synthetic,lunch_dinner,False
dinner_lunch_cap,synth_3500_extremely_high_fat,synthetic,lunch_only,False
dinner_lunch_cap,synth_3500_extremely_high_fat,synthetic,dinner_only,False
dinner_lunch_cap,synth_3500_extremely_high_fat,synthetic,lunch_snack,False
dinner_lunch_cap,synth_3500_low_carbs,synthetic,full_day,True
dinner_lunch_cap,synth_3500_low_carbs,synthetic,lunch_snack_dinner,True
dinner_lunch_cap,synth_3500_low_carbs,synthetic,lunch_dinner,False
dinner_lunch_cap,synth_3500_low_carbs,synthetic,lunch_only,False
dinner_lunch_cap,synth_3500_low_carbs,synthetic,dinner_only,True
dinner_lunch_cap,synth_3500_low_carbs,synthetic,lunch_snack,False
dinner_lunch_cap,synth_3500_extremely_low_carbs,synthetic,full_day,False
dinner_lunch_cap,synth_3500_extremely_low_carbs,synthetic,lunch_snack_dinner,False
dinner_lunch_cap,synth_3500_extremely_low_carbs,synthetic,lunch_dinner,False
dinner_lunch_cap,synth_3500_extremely_low_carbs,synthetic,lunch_only,False
dinner_lunch_cap,synth_3500_extremely_low_carbs,synthetic,dinner_only,False
dinner_lunch_cap,synth_3500_extremely_low_carbs,synthetic,lunch_snack,False
dinner_lunch_cap,synth_3500_high_carbs,synthetic,full_day,False
dinner_lunch_cap,synth_3500_high_carbs,synthetic,lunch_snack_dinner,False
dinner_lunch_cap,synth_3500_high_carbs,synthetic,lunch_dinner,False
dinner_lunch_cap,synth_3500_high_carbs,synthetic,lunch_only,False
dinner_lunch_cap,synth_3500_high_carbs,synthetic,dinner_only,False
dinner_lunch_cap,synth_3500_high_carbs,synthetic,lunch_snack,False
dinner_lunch_cap,synth_3500_extremely_high_carbs,synthetic,full_day,False
dinner_lunch_cap,synth_3500_extremely_high_carbs,synthetic,lunch_snack_dinner,False
dinner_lunch_cap,synth_3500_extremely_high_carbs,synthetic,lunch_dinner,False
dinner_lunch_cap,synth_3500_extremely_high_carbs,synthetic,lunch_only,False
dinner_lunch_cap,synth_3500_extremely_high_carbs,synthetic,dinner_only,False
dinner_lunch_cap,synth_3500_extremely_high_carbs,synthetic,lunch_snack,False
all_culinary_caps,person_1,real,full_day,False
all_culinary_caps,person_1,real,lunch_snack_dinner,False
all_culinary_caps,person_1,real,lunch_dinner,False
all_culinary_caps,person_1,real,lunch_only,False
all_culinary_caps,person_1,real,dinner_only,False
all_culinary_caps,person_1,real,lunch_snack,False
all_culinary_caps,person_2,real,full_day,True
all_culinary_caps,person_2,real,lunch_snack_dinner,True
all_culinary_caps,person_2,real,lunch_dinner,True
all_culinary_caps,person_2,real,lunch_only,False
all_culinary_caps,person_2,real,dinner_only,False
all_culinary_caps,person_2,real,lunch_snack,True
all_culinary_caps,person_3,real,full_day,True
all_culinary_caps,person_3,real,lunch_snack_dinner,True
all_culinary_caps,person_3,real,lunch_dinner,True
all_culinary_caps,person_3,real,lunch_only,False
all_culinary_caps,person_3,real,dinner_only,False
all_culinary_caps,person_3,real,lunch_snack,False
all_culinary_caps,person_4,real,full_day,True
all_culinary_caps,person_4,real,lunch_snack_dinner,True
all_culinary_caps,person_4,real,lunch_dinner,True
all_culinary_caps,person_4,real,lunch_only,True
all_culinary_caps,person_4,real,dinner_only,False
all_culinary_caps,person_4,real,lunch_snack,True
all_culinary_caps,person_5,real,full_day,True
all_culinary_caps,person_5,real,lunch_snack_dinner,True
all_culinary_caps,person_5,real,lunch_dinner,True
all_culinary_caps,person_5,real,lunch_only,False
all_culinary_caps,person_5,real,dinner_only,False
all_culinary_caps,person_5,real,lunch_snack,True
all_culinary_caps,person_6,real,full_day,True
all_culinary_caps,person_6,real,lunch_snack_dinner,True
all_culinary_caps,person_6,real,lunch_dinner,True
all_culinary_caps,person_6,real,lunch_only,False
all_culinary_caps,person_6,real,dinner_only,False
all_culinary_caps,person_6,real,lunch_snack,False
all_culinary_caps,person_7,real,full_day,True
all_culinary_caps,person_7,real,lunch_snack_dinner,True
all_culinary_caps,person_7,real,lunch_dinner,True
all_culinary_caps,person_7,real,lunch_only,False
all_culinary_caps,person_7,real,dinner_only,False
all_culinary_caps,person_7,real,lunch_snack,False
all_culinary_caps,person_8,real,full_day,True
all_culinary_caps,person_8,real,lunch_snack_dinner,True
all_culinary_caps,person_8,real,lunch_dinner,True
all_culinary_caps,person_8,real,lunch_only,False
all_culinary_caps,person_8,real,dinner_only,False
all_culinary_caps,person_8,real,lunch_snack,True
all_culinary_caps,person_9,real,full_day,True
all_culinary_caps,person_9,real,lunch_snack_dinner,True
all_culinary_caps,person_9,real,lunch_dinner,True
all_culinary_caps,person_9,real,lunch_only,True
all_culinary_caps,person_9,real,dinner_only,False
all_culinary_caps,person_9,real,lunch_snack,True
all_culinary_caps,person_10,real,full_day,True
all_culinary_caps,person_10,real,lunch_snack_dinner,True
all_culinary_caps,person_10,real,lunch_dinner,True
all_culinary_caps,person_10,real,lunch_only,False
all_culinary_caps,person_10,real,dinner_only,False
all_culinary_caps,person_10,real,lunch_snack,True
all_culinary_caps,synth_1000_balanced,synthetic,full_day,True
all_culinary_caps,synth_1000_balanced,synthetic,lunch_snack_dinner,True
all_culinary_caps,synth_1000_balanced,synthetic,lunch_dinner,True
all_culinary_caps,synth_1000_balanced,synthetic,lunch_only,False
all_culinary_caps,synth_1000_balanced,synthetic,dinner_only,True
all_culinary_caps,synth_1000_balanced,synthetic,lunch_snack,True
all_culinary_caps,synth_1000_low_protein,synthetic,full_day,True
all_culinary_caps,synth_1000_low_protein,synthetic,lunch_snack_dinner,True
all_culinary_caps,synth_1000_low_protein,synthetic,lunch_dinner,True
all_culinary_caps,synth_1000_low_protein,synthetic,lunch_only,False
all_culinary_caps,synth_1000_low_protein,synthetic,dinner_only,True
all_culinary_caps,synth_1000_low_protein,synthetic,lunch_snack,True
all_culinary_caps,synth_1000_extremely_low_protein,synthetic,full_day,False
all_culinary_caps,synth_1000_extremely_low_protein,synthetic,lunch_snack_dinner,False
all_culinary_caps,synth_1000_extremely_low_protein,synthetic,lunch_dinner,False
all_culinary_caps,synth_1000_extremely_low_protein,synthetic,lunch_only,False
all_culinary_caps,synth_1000_extremely_low_protein,synthetic,dinner_only,False
all_culinary_caps,synth_1000_extremely_low_protein,synthetic,lunch_snack,False
all_culinary_caps,synth_1000_high_protein,synthetic,full_day,True
all_culinary_caps,synth_1000_high_protein,synthetic,lunch_snack_dinner,False
all_culinary_caps,synth_1000_high_protein,synthetic,lunch_dinner,True
all_culinary_caps,synth_1000_high_protein,synthetic,lunch_only,True
all_culinary_caps,synth_1000_high_protein,synthetic,dinner_only,False
all_culinary_caps,synth_1000_high_protein,synthetic,lunch_snack,True
all_culinary_caps,synth_1000_extremely_high_protein,synthetic,full_day,False
all_culinary_caps,synth_1000_extremely_high_protein,synthetic,lunch_snack_dinner,False
all_culinary_caps,synth_1000_extremely_high_protein,synthetic,lunch_dinner,False
all_culinary_caps,synth_1000_extremely_high_protein,synthetic,lunch_only,False
all_culinary_caps,synth_1000_extremely_high_protein,synthetic,dinner_only,False
all_culinary_caps,synth_1000_extremely_high_protein,synthetic,lunch_snack,False
all_culinary_caps,synth_1000_low_fat,synthetic,full_day,False
all_culinary_caps,synth_1000_low_fat,synthetic,lunch_snack_dinner,False
all_culinary_caps,synth_1000_low_fat,synthetic,lunch_dinner,False
all_culinary_caps,synth_1000_low_fat,synthetic,lunch_only,False
all_culinary_caps,synth_1000_low_fat,synthetic,dinner_only,False
all_culinary_caps,synth_1000_low_fat,synthetic,lunch_snack,False
all_culinary_caps,synth_1000_extremely_low_fat,synthetic,full_day,False
all_culinary_caps,synth_1000_extremely_low_fat,synthetic,lunch_snack_dinner,False
all_culinary_caps,synth_1000_extremely_low_fat,synthetic,lunch_dinner,False
all_culinary_caps,synth_1000_extremely_low_fat,synthetic,lunch_only,False
all_culinary_caps,synth_1000_extremely_low_fat,synthetic,dinner_only,False
all_culinary_caps,synth_1000_extremely_low_fat,synthetic,lunch_snack,False
all_culinary_caps,synth_1000_high_fat,synthetic,full_day,False
all_culinary_caps,synth_1000_high_fat,synthetic,lunch_snack_dinner,False
all_culinary_caps,synth_1000_high_fat,synthetic,lunch_dinner,False
all_culinary_caps,synth_1000_high_fat,synthetic,lunch_only,False
all_culinary_caps,synth_1000_high_fat,synthetic,dinner_only,True
all_culinary_caps,synth_1000_high_fat,synthetic,lunch_snack,False
all_culinary_caps,synth_1000_extremely_high_fat,synthetic,full_day,False
all_culinary_caps,synth_1000_extremely_high_fat,synthetic,lunch_snack_dinner,False
all_culinary_caps,synth_1000_extremely_high_fat,synthetic,lunch_dinner,False
all_culinary_caps,synth_1000_extremely_high_fat,synthetic,lunch_only,False
all_culinary_caps,synth_1000_extremely_high_fat,synthetic,dinner_only,False
all_culinary_caps,synth_1000_extremely_high_fat,synthetic,lunch_snack,False
all_culinary_caps,synth_1000_low_carbs,synthetic,full_day,False
all_culinary_caps,synth_1000_low_carbs,synthetic,lunch_snack_dinner,False
all_culinary_caps,synth_1000_low_carbs,synthetic,lunch_dinner,True
all_culinary_caps,synth_1000_low_carbs,synthetic,lunch_only,False
all_culinary_caps,synth_1000_low_carbs,synthetic,dinner_only,True
all_culinary_caps,synth_1000_low_carbs,synthetic,lunch_snack,False
all_culinary_caps,synth_1000_extremely_low_carbs,synthetic,full_day,False
all_culinary_caps,synth_1000_extremely_low_carbs,synthetic,lunch_snack_dinner,False
all_culinary_caps,synth_1000_extremely_low_carbs,synthetic,lunch_dinner,True
all_culinary_caps,synth_1000_extremely_low_carbs,synthetic,lunch_only,False
all_culinary_caps,synth_1000_extremely_low_carbs,synthetic,dinner_only,True
all_culinary_caps,synth_1000_extremely_low_carbs,synthetic,lunch_snack,False
all_culinary_caps,synth_1000_high_carbs,synthetic,full_day,True
all_culinary_caps,synth_1000_high_carbs,synthetic,lunch_snack_dinner,True
all_culinary_caps,synth_1000_high_carbs,synthetic,lunch_dinner,True
all_culinary_caps,synth_1000_high_carbs,synthetic,lunch_only,False
all_culinary_caps,synth_1000_high_carbs,synthetic,dinner_only,False
all_culinary_caps,synth_1000_high_carbs,synthetic,lunch_snack,False
all_culinary_caps,synth_1000_extremely_high_carbs,synthetic,full_day,False
all_culinary_caps,synth_1000_extremely_high_carbs,synthetic,lunch_snack_dinner,False
all_culinary_caps,synth_1000_extremely_high_carbs,synthetic,lunch_dinner,False
all_culinary_caps,synth_1000_extremely_high_carbs,synthetic,lunch_only,False
all_culinary_caps,synth_1000_extremely_high_carbs,synthetic,dinner_only,False
all_culinary_caps,synth_1000_extremely_high_carbs,synthetic,lunch_snack,False
all_culinary_caps,synth_1500_balanced,synthetic,full_day,True
all_culinary_caps,synth_1500_balanced,synthetic,lunch_snack_dinner,True
all_culinary_caps,synth_1500_balanced,synthetic,lunch_dinner,True
all_culinary_caps,synth_1500_balanced,synthetic,lunch_only,False
all_culinary_caps,synth_1500_balanced,synthetic,dinner_only,False
all_culinary_caps,synth_1500_balanced,synthetic,lunch_snack,True
all_culinary_caps,synth_1500_low_protein,synthetic,full_day,True
all_culinary_caps,synth_1500_low_protein,synthetic,lunch_snack_dinner,True
all_culinary_caps,synth_1500_low_protein,synthetic,lunch_dinner,True
all_culinary_caps,synth_1500_low_protein,synthetic,lunch_only,False
all_culinary_caps,synth_1500_low_protein,synthetic,dinner_only,False
all_culinary_caps,synth_1500_low_protein,synthetic,lunch_snack,True
all_culinary_caps,synth_1500_extremely_low_protein,synthetic,full_day,False
all_culinary_caps,synth_1500_extremely_low_protein,synthetic,lunch_snack_dinner,False
all_culinary_caps,synth_1500_extremely_low_protein,synthetic,lunch_dinner,False
all_culinary_caps,synth_1500_extremely_low_protein,synthetic,lunch_only,False
all_culinary_caps,synth_1500_extremely_low_protein,synthetic,dinner_only,False
all_culinary_caps,synth_1500_extremely_low_protein,synthetic,lunch_snack,False
all_culinary_caps,synth_1500_high_protein,synthetic,full_day,True
all_culinary_caps,synth_1500_high_protein,synthetic,lunch_snack_dinner,True
all_culinary_caps,synth_1500_high_protein,synthetic,lunch_dinner,True
all_culinary_caps,synth_1500_high_protein,synthetic,lunch_only,False
all_culinary_caps,synth_1500_high_protein,synthetic,dinner_only,False
all_culinary_caps,synth_1500_high_protein,synthetic,lunch_snack,False
all_culinary_caps,synth_1500_extremely_high_protein,synthetic,full_day,True
all_culinary_caps,synth_1500_extremely_high_protein,synthetic,lunch_snack_dinner,False
all_culinary_caps,synth_1500_extremely_high_protein,synthetic,lunch_dinner,False
all_culinary_caps,synth_1500_extremely_high_protein,synthetic,lunch_only,False
all_culinary_caps,synth_1500_extremely_high_protein,synthetic,dinner_only,False
all_culinary_caps,synth_1500_extremely_high_protein,synthetic,lunch_snack,False
all_culinary_caps,synth_1500_low_fat,synthetic,full_day,False
all_culinary_caps,synth_1500_low_fat,synthetic,lunch_snack_dinner,False
all_culinary_caps,synth_1500_low_fat,synthetic,lunch_dinner,False
all_culinary_caps,synth_1500_low_fat,synthetic,lunch_only,False
all_culinary_caps,synth_1500_low_fat,synthetic,dinner_only,False
all_culinary_caps,synth_1500_low_fat,synthetic,lunch_snack,False
all_culinary_caps,synth_1500_extremely_low_fat,synthetic,full_day,False
all_culinary_caps,synth_1500_extremely_low_fat,synthetic,lunch_snack_dinner,False
all_culinary_caps,synth_1500_extremely_low_fat,synthetic,lunch_dinner,False
all_culinary_caps,synth_1500_extremely_low_fat,synthetic,lunch_only,False
all_culinary_caps,synth_1500_extremely_low_fat,synthetic,dinner_only,False
all_culinary_caps,synth_1500_extremely_low_fat,synthetic,lunch_snack,False
all_culinary_caps,synth_1500_high_fat,synthetic,full_day,True
all_culinary_caps,synth_1500_high_fat,synthetic,lunch_snack_dinner,True
all_culinary_caps,synth_1500_high_fat,synthetic,lunch_dinner,True
all_culinary_caps,synth_1500_high_fat,synthetic,lunch_only,False
all_culinary_caps,synth_1500_high_fat,synthetic,dinner_only,False
all_culinary_caps,synth_1500_high_fat,synthetic,lunch_snack,False
all_culinary_caps,synth_1500_extremely_high_fat,synthetic,full_day,False
all_culinary_caps,synth_1500_extremely_high_fat,synthetic,lunch_snack_dinner,False
all_culinary_caps,synth_1500_extremely_high_fat,synthetic,lunch_dinner,False
all_culinary_caps,synth_1500_extremely_high_fat,synthetic,lunch_only,False
all_culinary_caps,synth_1500_extremely_high_fat,synthetic,dinner_only,False
all_culinary_caps,synth_1500_extremely_high_fat,synthetic,lunch_snack,False
all_culinary_caps,synth_1500_low_carbs,synthetic,full_day,True
all_culinary_caps,synth_1500_low_carbs,synthetic,lunch_snack_dinner,True
all_culinary_caps,synth_1500_low_carbs,synthetic,lunch_dinner,True
all_culinary_caps,synth_1500_low_carbs,synthetic,lunch_only,False
all_culinary_caps,synth_1500_low_carbs,synthetic,dinner_only,False
all_culinary_caps,synth_1500_low_carbs,synthetic,lunch_snack,False
all_culinary_caps,synth_1500_extremely_low_carbs,synthetic,full_day,False
all_culinary_caps,synth_1500_extremely_low_carbs,synthetic,lunch_snack_dinner,True
all_culinary_caps,synth_1500_extremely_low_carbs,synthetic,lunch_dinner,True
all_culinary_caps,synth_1500_extremely_low_carbs,synthetic,lunch_only,False
all_culinary_caps,synth_1500_extremely_low_carbs,synthetic,dinner_only,False
all_culinary_caps,synth_1500_extremely_low_carbs,synthetic,lunch_snack,False
all_culinary_caps,synth_1500_high_carbs,synthetic,full_day,True
all_culinary_caps,synth_1500_high_carbs,synthetic,lunch_snack_dinner,True
all_culinary_caps,synth_1500_high_carbs,synthetic,lunch_dinner,True
all_culinary_caps,synth_1500_high_carbs,synthetic,lunch_only,False
all_culinary_caps,synth_1500_high_carbs,synthetic,dinner_only,False
all_culinary_caps,synth_1500_high_carbs,synthetic,lunch_snack,False
all_culinary_caps,synth_1500_extremely_high_carbs,synthetic,full_day,False
all_culinary_caps,synth_1500_extremely_high_carbs,synthetic,lunch_snack_dinner,False
all_culinary_caps,synth_1500_extremely_high_carbs,synthetic,lunch_dinner,False
all_culinary_caps,synth_1500_extremely_high_carbs,synthetic,lunch_only,False
all_culinary_caps,synth_1500_extremely_high_carbs,synthetic,dinner_only,False
all_culinary_caps,synth_1500_extremely_high_carbs,synthetic,lunch_snack,False
all_culinary_caps,synth_2000_balanced,synthetic,full_day,True
all_culinary_caps,synth_2000_balanced,synthetic,lunch_snack_dinner,True
all_culinary_caps,synth_2000_balanced,synthetic,lunch_dinner,True
all_culinary_caps,synth_2000_balanced,synthetic,lunch_only,False
all_culinary_caps,synth_2000_balanced,synthetic,dinner_only,False
all_culinary_caps,synth_2000_balanced,synthetic,lunch_snack,False
all_culinary_caps,synth_2000_low_protein,synthetic,full_day,True
all_culinary_caps,synth_2000_low_protein,synthetic,lunch_snack_dinner,True
all_culinary_caps,synth_2000_low_protein,synthetic,lunch_dinner,False
all_culinary_caps,synth_2000_low_protein,synthetic,lunch_only,False
all_culinary_caps,synth_2000_low_protein,synthetic,dinner_only,False
all_culinary_caps,synth_2000_low_protein,synthetic,lunch_snack,False
all_culinary_caps,synth_2000_extremely_low_protein,synthetic,full_day,False
all_culinary_caps,synth_2000_extremely_low_protein,synthetic,lunch_snack_dinner,False
all_culinary_caps,synth_2000_extremely_low_protein,synthetic,lunch_dinner,False
all_culinary_caps,synth_2000_extremely_low_protein,synthetic,lunch_only,False
all_culinary_caps,synth_2000_extremely_low_protein,synthetic,dinner_only,False
all_culinary_caps,synth_2000_extremely_low_protein,synthetic,lunch_snack,False
all_culinary_caps,synth_2000_high_protein,synthetic,full_day,True
all_culinary_caps,synth_2000_high_protein,synthetic,lunch_snack_dinner,True
all_culinary_caps,synth_2000_high_protein,synthetic,lunch_dinner,True
all_culinary_caps,synth_2000_high_protein,synthetic,lunch_only,False
all_culinary_caps,synth_2000_high_protein,synthetic,dinner_only,False
all_culinary_caps,synth_2000_high_protein,synthetic,lunch_snack,False
all_culinary_caps,synth_2000_extremely_high_protein,synthetic,full_day,False
all_culinary_caps,synth_2000_extremely_high_protein,synthetic,lunch_snack_dinner,False
all_culinary_caps,synth_2000_extremely_high_protein,synthetic,lunch_dinner,False
all_culinary_caps,synth_2000_extremely_high_protein,synthetic,lunch_only,False
all_culinary_caps,synth_2000_extremely_high_protein,synthetic,dinner_only,False
all_culinary_caps,synth_2000_extremely_high_protein,synthetic,lunch_snack,False
all_culinary_caps,synth_2000_low_fat,synthetic,full_day,False
all_culinary_caps,synth_2000_low_fat,synthetic,lunch_snack_dinner,False
all_culinary_caps,synth_2000_low_fat,synthetic,lunch_dinner,False
all_culinary_caps,synth_2000_low_fat,synthetic,lunch_only,False
all_culinary_caps,synth_2000_low_fat,synthetic,dinner_only,False
all_culinary_caps,synth_2000_low_fat,synthetic,lunch_snack,False
all_culinary_caps,synth_2000_extremely_low_fat,synthetic,full_day,False
all_culinary_caps,synth_2000_extremely_low_fat,synthetic,lunch_snack_dinner,False
all_culinary_caps,synth_2000_extremely_low_fat,synthetic,lunch_dinner,False
all_culinary_caps,synth_2000_extremely_low_fat,synthetic,lunch_only,False
all_culinary_caps,synth_2000_extremely_low_fat,synthetic,dinner_only,False
all_culinary_caps,synth_2000_extremely_low_fat,synthetic,lunch_snack,False
all_culinary_caps,synth_2000_high_fat,synthetic,full_day,True
all_culinary_caps,synth_2000_high_fat,synthetic,lunch_snack_dinner,True
all_culinary_caps,synth_2000_high_fat,synthetic,lunch_dinner,True
all_culinary_caps,synth_2000_high_fat,synthetic,lunch_only,False
all_culinary_caps,synth_2000_high_fat,synthetic,dinner_only,False
all_culinary_caps,synth_2000_high_fat,synthetic,lunch_snack,False
all_culinary_caps,synth_2000_extremely_high_fat,synthetic,full_day,False
all_culinary_caps,synth_2000_extremely_high_fat,synthetic,lunch_snack_dinner,False
all_culinary_caps,synth_2000_extremely_high_fat,synthetic,lunch_dinner,False
all_culinary_caps,synth_2000_extremely_high_fat,synthetic,lunch_only,False
all_culinary_caps,synth_2000_extremely_high_fat,synthetic,dinner_only,False
all_culinary_caps,synth_2000_extremely_high_fat,synthetic,lunch_snack,False
all_culinary_caps,synth_2000_low_carbs,synthetic,full_day,True
all_culinary_caps,synth_2000_low_carbs,synthetic,lunch_snack_dinner,True
all_culinary_caps,synth_2000_low_carbs,synthetic,lunch_dinner,True
all_culinary_caps,synth_2000_low_carbs,synthetic,lunch_only,False
all_culinary_caps,synth_2000_low_carbs,synthetic,dinner_only,False
all_culinary_caps,synth_2000_low_carbs,synthetic,lunch_snack,False
all_culinary_caps,synth_2000_extremely_low_carbs,synthetic,full_day,False
all_culinary_caps,synth_2000_extremely_low_carbs,synthetic,lunch_snack_dinner,False
all_culinary_caps,synth_2000_extremely_low_carbs,synthetic,lunch_dinner,False
all_culinary_caps,synth_2000_extremely_low_carbs,synthetic,lunch_only,False
all_culinary_caps,synth_2000_extremely_low_carbs,synthetic,dinner_only,False
all_culinary_caps,synth_2000_extremely_low_carbs,synthetic,lunch_snack,False
all_culinary_caps,synth_2000_high_carbs,synthetic,full_day,False
all_culinary_caps,synth_2000_high_carbs,synthetic,lunch_snack_dinner,False
all_culinary_caps,synth_2000_high_carbs,synthetic,lunch_dinner,False
all_culinary_caps,synth_2000_high_carbs,synthetic,lunch_only,False
all_culinary_caps,synth_2000_high_carbs,synthetic,dinner_only,False
all_culinary_caps,synth_2000_high_carbs,synthetic,lunch_snack,False
all_culinary_caps,synth_2000_extremely_high_carbs,synthetic,full_day,False
all_culinary_caps,synth_2000_extremely_high_carbs,synthetic,lunch_snack_dinner,False
all_culinary_caps,synth_2000_extremely_high_carbs,synthetic,lunch_dinner,False
all_culinary_caps,synth_2000_extremely_high_carbs,synthetic,lunch_only,False
all_culinary_caps,synth_2000_extremely_high_carbs,synthetic,dinner_only,False
all_culinary_caps,synth_2000_extremely_high_carbs,synthetic,lunch_snack,False
all_culinary_caps,synth_2500_balanced,synthetic,full_day,True
all_culinary_caps,synth_2500_balanced,synthetic,lunch_snack_dinner,True
all_culinary_caps,synth_2500_balanced,synthetic,lunch_dinner,False
all_culinary_caps,synth_2500_balanced,synthetic,lunch_only,False
all_culinary_caps,synth_2500_balanced,synthetic,dinner_only,False
all_culinary_caps,synth_2500_balanced,synthetic,lunch_snack,False
all_culinary_caps,synth_2500_low_protein,synthetic,full_day,True
all_culinary_caps,synth_2500_low_protein,synthetic,lunch_snack_dinner,False
all_culinary_caps,synth_2500_low_protein,synthetic,lunch_dinner,False
all_culinary_caps,synth_2500_low_protein,synthetic,lunch_only,False
all_culinary_caps,synth_2500_low_protein,synthetic,dinner_only,False
all_culinary_caps,synth_2500_low_protein,synthetic,lunch_snack,False
all_culinary_caps,synth_2500_extremely_low_protein,synthetic,full_day,False
all_culinary_caps,synth_2500_extremely_low_protein,synthetic,lunch_snack_dinner,False
all_culinary_caps,synth_2500_extremely_low_protein,synthetic,lunch_dinner,False
all_culinary_caps,synth_2500_extremely_low_protein,synthetic,lunch_only,False
all_culinary_caps,synth_2500_extremely_low_protein,synthetic,dinner_only,False
all_culinary_caps,synth_2500_extremely_low_protein,synthetic,lunch_snack,False
all_culinary_caps,synth_2500_high_protein,synthetic,full_day,True
all_culinary_caps,synth_2500_high_protein,synthetic,lunch_snack_dinner,True
all_culinary_caps,synth_2500_high_protein,synthetic,lunch_dinner,False
all_culinary_caps,synth_2500_high_protein,synthetic,lunch_only,False
all_culinary_caps,synth_2500_high_protein,synthetic,dinner_only,False
all_culinary_caps,synth_2500_high_protein,synthetic,lunch_snack,False
all_culinary_caps,synth_2500_extremely_high_protein,synthetic,full_day,False
all_culinary_caps,synth_2500_extremely_high_protein,synthetic,lunch_snack_dinner,False
all_culinary_caps,synth_2500_extremely_high_protein,synthetic,lunch_dinner,False
all_culinary_caps,synth_2500_extremely_high_protein,synthetic,lunch_only,False
all_culinary_caps,synth_2500_extremely_high_protein,synthetic,dinner_only,False
all_culinary_caps,synth_2500_extremely_high_protein,synthetic,lunch_snack,False
all_culinary_caps,synth_2500_low_fat,synthetic,full_day,False
all_culinary_caps,synth_2500_low_fat,synthetic,lunch_snack_dinner,False
all_culinary_caps,synth_2500_low_fat,synthetic,lunch_dinner,False
all_culinary_caps,synth_2500_low_fat,synthetic,lunch_only,False
all_culinary_caps,synth_2500_low_fat,synthetic,dinner_only,False
all_culinary_caps,synth_2500_low_fat,synthetic,lunch_snack,False
all_culinary_caps,synth_2500_extremely_low_fat,synthetic,full_day,False
all_culinary_caps,synth_2500_extremely_low_fat,synthetic,lunch_snack_dinner,False
all_culinary_caps,synth_2500_extremely_low_fat,synthetic,lunch_dinner,False
all_culinary_caps,synth_2500_extremely_low_fat,synthetic,lunch_only,False
all_culinary_caps,synth_2500_extremely_low_fat,synthetic,dinner_only,False
all_culinary_caps,synth_2500_extremely_low_fat,synthetic,lunch_snack,False
all_culinary_caps,synth_2500_high_fat,synthetic,full_day,True
all_culinary_caps,synth_2500_high_fat,synthetic,lunch_snack_dinner,True
all_culinary_caps,synth_2500_high_fat,synthetic,lunch_dinner,False
all_culinary_caps,synth_2500_high_fat,synthetic,lunch_only,False
all_culinary_caps,synth_2500_high_fat,synthetic,dinner_only,True
all_culinary_caps,synth_2500_high_fat,synthetic,lunch_snack,False
all_culinary_caps,synth_2500_extremely_high_fat,synthetic,full_day,False
all_culinary_caps,synth_2500_extremely_high_fat,synthetic,lunch_snack_dinner,False
all_culinary_caps,synth_2500_extremely_high_fat,synthetic,lunch_dinner,False
all_culinary_caps,synth_2500_extremely_high_fat,synthetic,lunch_only,False
all_culinary_caps,synth_2500_extremely_high_fat,synthetic,dinner_only,False
all_culinary_caps,synth_2500_extremely_high_fat,synthetic,lunch_snack,False
all_culinary_caps,synth_2500_low_carbs,synthetic,full_day,True
all_culinary_caps,synth_2500_low_carbs,synthetic,lunch_snack_dinner,True
all_culinary_caps,synth_2500_low_carbs,synthetic,lunch_dinner,True
all_culinary_caps,synth_2500_low_carbs,synthetic,lunch_only,False
all_culinary_caps,synth_2500_low_carbs,synthetic,dinner_only,True
all_culinary_caps,synth_2500_low_carbs,synthetic,lunch_snack,False
all_culinary_caps,synth_2500_extremely_low_carbs,synthetic,full_day,True
all_culinary_caps,synth_2500_extremely_low_carbs,synthetic,lunch_snack_dinner,False
all_culinary_caps,synth_2500_extremely_low_carbs,synthetic,lunch_dinner,False
all_culinary_caps,synth_2500_extremely_low_carbs,synthetic,lunch_only,False
all_culinary_caps,synth_2500_extremely_low_carbs,synthetic,dinner_only,False
all_culinary_caps,synth_2500_extremely_low_carbs,synthetic,lunch_snack,False
all_culinary_caps,synth_2500_high_carbs,synthetic,full_day,False
all_culinary_caps,synth_2500_high_carbs,synthetic,lunch_snack_dinner,False
all_culinary_caps,synth_2500_high_carbs,synthetic,lunch_dinner,False
all_culinary_caps,synth_2500_high_carbs,synthetic,lunch_only,False
all_culinary_caps,synth_2500_high_carbs,synthetic,dinner_only,False
all_culinary_caps,synth_2500_high_carbs,synthetic,lunch_snack,False
all_culinary_caps,synth_2500_extremely_high_carbs,synthetic,full_day,False
all_culinary_caps,synth_2500_extremely_high_carbs,synthetic,lunch_snack_dinner,False
all_culinary_caps,synth_2500_extremely_high_carbs,synthetic,lunch_dinner,False
all_culinary_caps,synth_2500_extremely_high_carbs,synthetic,lunch_only,False
all_culinary_caps,synth_2500_extremely_high_carbs,synthetic,dinner_only,False
all_culinary_caps,synth_2500_extremely_high_carbs,synthetic,lunch_snack,False
all_culinary_caps,synth_3000_balanced,synthetic,full_day,False
all_culinary_caps,synth_3000_balanced,synthetic,lunch_snack_dinner,False
all_culinary_caps,synth_3000_balanced,synthetic,lunch_dinner,False
all_culinary_caps,synth_3000_balanced,synthetic,lunch_only,False
all_culinary_caps,synth_3000_balanced,synthetic,dinner_only,False
all_culinary_caps,synth_3000_balanced,synthetic,lunch_snack,False
all_culinary_caps,synth_3000_low_protein,synthetic,full_day,False
all_culinary_caps,synth_3000_low_protein,synthetic,lunch_snack_dinner,False
all_culinary_caps,synth_3000_low_protein,synthetic,lunch_dinner,False
all_culinary_caps,synth_3000_low_protein,synthetic,lunch_only,False
all_culinary_caps,synth_3000_low_protein,synthetic,dinner_only,False
all_culinary_caps,synth_3000_low_protein,synthetic,lunch_snack,False
all_culinary_caps,synth_3000_extremely_low_protein,synthetic,full_day,False
all_culinary_caps,synth_3000_extremely_low_protein,synthetic,lunch_snack_dinner,False
all_culinary_caps,synth_3000_extremely_low_protein,synthetic,lunch_dinner,False
all_culinary_caps,synth_3000_extremely_low_protein,synthetic,lunch_only,False
all_culinary_caps,synth_3000_extremely_low_protein,synthetic,dinner_only,False
all_culinary_caps,synth_3000_extremely_low_protein,synthetic,lunch_snack,False
all_culinary_caps,synth_3000_high_protein,synthetic,full_day,True
all_culinary_caps,synth_3000_high_protein,synthetic,lunch_snack_dinner,False
all_culinary_caps,synth_3000_high_protein,synthetic,lunch_dinner,False
all_culinary_caps,synth_3000_high_protein,synthetic,lunch_only,False
all_culinary_caps,synth_3000_high_protein,synthetic,dinner_only,False
all_culinary_caps,synth_3000_high_protein,synthetic,lunch_snack,False
all_culinary_caps,synth_3000_extremely_high_protein,synthetic,full_day,False
all_culinary_caps,synth_3000_extremely_high_protein,synthetic,lunch_snack_dinner,False
all_culinary_caps,synth_3000_extremely_high_protein,synthetic,lunch_dinner,False
all_culinary_caps,synth_3000_extremely_high_protein,synthetic,lunch_only,False
all_culinary_caps,synth_3000_extremely_high_protein,synthetic,dinner_only,False
all_culinary_caps,synth_3000_extremely_high_protein,synthetic,lunch_snack,False
all_culinary_caps,synth_3000_low_fat,synthetic,full_day,False
all_culinary_caps,synth_3000_low_fat,synthetic,lunch_snack_dinner,False
all_culinary_caps,synth_3000_low_fat,synthetic,lunch_dinner,False
all_culinary_caps,synth_3000_low_fat,synthetic,lunch_only,False
all_culinary_caps,synth_3000_low_fat,synthetic,dinner_only,False
all_culinary_caps,synth_3000_low_fat,synthetic,lunch_snack,False
all_culinary_caps,synth_3000_extremely_low_fat,synthetic,full_day,False
all_culinary_caps,synth_3000_extremely_low_fat,synthetic,lunch_snack_dinner,False
all_culinary_caps,synth_3000_extremely_low_fat,synthetic,lunch_dinner,False
all_culinary_caps,synth_3000_extremely_low_fat,synthetic,lunch_only,False
all_culinary_caps,synth_3000_extremely_low_fat,synthetic,dinner_only,False
all_culinary_caps,synth_3000_extremely_low_fat,synthetic,lunch_snack,False
all_culinary_caps,synth_3000_high_fat,synthetic,full_day,True
all_culinary_caps,synth_3000_high_fat,synthetic,lunch_snack_dinner,True
all_culinary_caps,synth_3000_high_fat,synthetic,lunch_dinner,False
all_culinary_caps,synth_3000_high_fat,synthetic,lunch_only,False
all_culinary_caps,synth_3000_high_fat,synthetic,dinner_only,True
all_culinary_caps,synth_3000_high_fat,synthetic,lunch_snack,False
all_culinary_caps,synth_3000_extremely_high_fat,synthetic,full_day,False
all_culinary_caps,synth_3000_extremely_high_fat,synthetic,lunch_snack_dinner,False
all_culinary_caps,synth_3000_extremely_high_fat,synthetic,lunch_dinner,False
all_culinary_caps,synth_3000_extremely_high_fat,synthetic,lunch_only,False
all_culinary_caps,synth_3000_extremely_high_fat,synthetic,dinner_only,False
all_culinary_caps,synth_3000_extremely_high_fat,synthetic,lunch_snack,False
all_culinary_caps,synth_3000_low_carbs,synthetic,full_day,True
all_culinary_caps,synth_3000_low_carbs,synthetic,lunch_snack_dinner,True
all_culinary_caps,synth_3000_low_carbs,synthetic,lunch_dinner,False
all_culinary_caps,synth_3000_low_carbs,synthetic,lunch_only,False
all_culinary_caps,synth_3000_low_carbs,synthetic,dinner_only,True
all_culinary_caps,synth_3000_low_carbs,synthetic,lunch_snack,False
all_culinary_caps,synth_3000_extremely_low_carbs,synthetic,full_day,True
all_culinary_caps,synth_3000_extremely_low_carbs,synthetic,lunch_snack_dinner,False
all_culinary_caps,synth_3000_extremely_low_carbs,synthetic,lunch_dinner,False
all_culinary_caps,synth_3000_extremely_low_carbs,synthetic,lunch_only,False
all_culinary_caps,synth_3000_extremely_low_carbs,synthetic,dinner_only,False
all_culinary_caps,synth_3000_extremely_low_carbs,synthetic,lunch_snack,False
all_culinary_caps,synth_3000_high_carbs,synthetic,full_day,False
all_culinary_caps,synth_3000_high_carbs,synthetic,lunch_snack_dinner,False
all_culinary_caps,synth_3000_high_carbs,synthetic,lunch_dinner,False
all_culinary_caps,synth_3000_high_carbs,synthetic,lunch_only,False
all_culinary_caps,synth_3000_high_carbs,synthetic,dinner_only,False
all_culinary_caps,synth_3000_high_carbs,synthetic,lunch_snack,False
all_culinary_caps,synth_3000_extremely_high_carbs,synthetic,full_day,False
all_culinary_caps,synth_3000_extremely_high_carbs,synthetic,lunch_snack_dinner,False
all_culinary_caps,synth_3000_extremely_high_carbs,synthetic,lunch_dinner,False
all_culinary_caps,synth_3000_extremely_high_carbs,synthetic,lunch_only,False
all_culinary_caps,synth_3000_extremely_high_carbs,synthetic,dinner_only,False
all_culinary_caps,synth_3000_extremely_high_carbs,synthetic,lunch_snack,False
all_culinary_caps,synth_3500_balanced,synthetic,full_day,False
all_culinary_caps,synth_3500_balanced,synthetic,lunch_snack_dinner,False
all_culinary_caps,synth_3500_balanced,synthetic,lunch_dinner,False
all_culinary_caps,synth_3500_balanced,synthetic,lunch_only,False
all_culinary_caps,synth_3500_balanced,synthetic,dinner_only,False
all_culinary_caps,synth_3500_balanced,synthetic,lunch_snack,False
all_culinary_caps,synth_3500_low_protein,synthetic,full_day,False
all_culinary_caps,synth_3500_low_protein,synthetic,lunch_snack_dinner,False
all_culinary_caps,synth_3500_low_protein,synthetic,lunch_dinner,False
all_culinary_caps,synth_3500_low_protein,synthetic,lunch_only,False
all_culinary_caps,synth_3500_low_protein,synthetic,dinner_only,False
all_culinary_caps,synth_3500_low_protein,synthetic,lunch_snack,False
all_culinary_caps,synth_3500_extremely_low_protein,synthetic,full_day,False
all_culinary_caps,synth_3500_extremely_low_protein,synthetic,lunch_snack_dinner,False
all_culinary_caps,synth_3500_extremely_low_protein,synthetic,lunch_dinner,False
all_culinary_caps,synth_3500_extremely_low_protein,synthetic,lunch_only,False
all_culinary_caps,synth_3500_extremely_low_protein,synthetic,dinner_only,False
all_culinary_caps,synth_3500_extremely_low_protein,synthetic,lunch_snack,False
all_culinary_caps,synth_3500_high_protein,synthetic,full_day,False
all_culinary_caps,synth_3500_high_protein,synthetic,lunch_snack_dinner,False
all_culinary_caps,synth_3500_high_protein,synthetic,lunch_dinner,False
all_culinary_caps,synth_3500_high_protein,synthetic,lunch_only,False
all_culinary_caps,synth_3500_high_protein,synthetic,dinner_only,False
all_culinary_caps,synth_3500_high_protein,synthetic,lunch_snack,False
all_culinary_caps,synth_3500_extremely_high_protein,synthetic,full_day,False
all_culinary_caps,synth_3500_extremely_high_protein,synthetic,lunch_snack_dinner,False
all_culinary_caps,synth_3500_extremely_high_protein,synthetic,lunch_dinner,False
all_culinary_caps,synth_3500_extremely_high_protein,synthetic,lunch_only,False
all_culinary_caps,synth_3500_extremely_high_protein,synthetic,dinner_only,False
all_culinary_caps,synth_3500_extremely_high_protein,synthetic,lunch_snack,False
all_culinary_caps,synth_3500_low_fat,synthetic,full_day,False
all_culinary_caps,synth_3500_low_fat,synthetic,lunch_snack_dinner,False
all_culinary_caps,synth_3500_low_fat,synthetic,lunch_dinner,False
all_culinary_caps,synth_3500_low_fat,synthetic,lunch_only,False
all_culinary_caps,synth_3500_low_fat,synthetic,dinner_only,False
all_culinary_caps,synth_3500_low_fat,synthetic,lunch_snack,False
all_culinary_caps,synth_3500_extremely_low_fat,synthetic,full_day,False
all_culinary_caps,synth_3500_extremely_low_fat,synthetic,lunch_snack_dinner,False
all_culinary_caps,synth_3500_extremely_low_fat,synthetic,lunch_dinner,False
all_culinary_caps,synth_3500_extremely_low_fat,synthetic,lunch_only,False
all_culinary_caps,synth_3500_extremely_low_fat,synthetic,dinner_only,False
all_culinary_caps,synth_3500_extremely_low_fat,synthetic,lunch_snack,False
all_culinary_caps,synth_3500_high_fat,synthetic,full_day,True
all_culinary_caps,synth_3500_high_fat,synthetic,lunch_snack_dinner,False
all_culinary_caps,synth_3500_high_fat,synthetic,lunch_dinner,False
all_culinary_caps,synth_3500_high_fat,synthetic,lunch_only,False
all_culinary_caps,synth_3500_high_fat,synthetic,dinner_only,True
all_culinary_caps,synth_3500_high_fat,synthetic,lunch_snack,False
all_culinary_caps,synth_3500_extremely_high_fat,synthetic,full_day,False
all_culinary_caps,synth_3500_extremely_high_fat,synthetic,lunch_snack_dinner,False
all_culinary_caps,synth_3500_extremely_high_fat,synthetic,lunch_dinner,False
all_culinary_caps,synth_3500_extremely_high_fat,synthetic,lunch_only,False
all_culinary_caps,synth_3500_extremely_high_fat,synthetic,dinner_only,False
all_culinary_caps,synth_3500_extremely_high_fat,synthetic,lunch_snack,False
all_culinary_caps,synth_3500_low_carbs,synthetic,full_day,True
all_culinary_caps,synth_3500_low_carbs,synthetic,lunch_snack_dinner,True
all_culinary_caps,synth_3500_low_carbs,synthetic,lunch_dinner,False
all_culinary_caps,synth_3500_low_carbs,synthetic,lunch_only,False
all_culinary_caps,synth_3500_low_carbs,synthetic,dinner_only,True
all_culinary_caps,synth_3500_low_carbs,synthetic,lunch_snack,False
all_culinary_caps,synth_3500_extremely_low_carbs,synthetic,full_day,False
all_culinary_caps,synth_3500_extremely_low_carbs,synthetic,lunch_snack_dinner,False
all_culinary_caps,synth_3500_extremely_low_carbs,synthetic,lunch_dinner,False
all_culinary_caps,synth_3500_extremely_low_carbs,synthetic,lunch_only,False
all_culinary_caps,synth_3500_extremely_low_carbs,synthetic,dinner_only,False
all_culinary_caps,synth_3500_extremely_low_carbs,synthetic,lunch_snack,False
all_culinary_caps,synth_3500_high_carbs,synthetic,full_day,False
all_culinary_caps,synth_3500_high_carbs,synthetic,lunch_snack_dinner,False
all_culinary_caps,synth_3500_high_carbs,synthetic,lunch_dinner,False
all_culinary_caps,synth_3500_high_carbs,synthetic,lunch_only,False
all_culinary_caps,synth_3500_high_carbs,synthetic,dinner_only,False
all_culinary_caps,synth_3500_high_carbs,synthetic,lunch_snack,False
all_culinary_caps,synth_3500_extremely_high_carbs,synthetic,full_day,False
all_culinary_caps,synth_3500_extremely_high_carbs,synthetic,lunch_snack_dinner,False
all_culinary_caps,synth_3500_extremely_high_carbs,synthetic,lunch_dinner,False
all_culinary_caps,synth_3500_extremely_high_carbs,synthetic,lunch_only,False
all_culinary_caps,synth_3500_extremely_high_carbs,synthetic,dinner_only,False
all_culinary_caps,synth_3500_extremely_high_carbs,synthetic,lunch_snack,False
serving_balance,person_1,real,full_day,True
serving_balance,person_1,real,lunch_snack_dinner,True
serving_balance,person_1,real,lunch_dinner,True
serving_balance,person_1,real,lunch_only,False
serving_balance,person_1,real,dinner_only,False
serving_balance,person_1,real,lunch_snack,True
serving_balance,person_2,real,full_day,True
serving_balance,person_2,real,lunch_snack_dinner,True
serving_balance,person_2,real,lunch_dinner,True
serving_balance,person_2,real,lunch_only,True
serving_balance,person_2,real,dinner_only,False
serving_balance,person_2,real,lunch_snack,True
serving_balance,person_3,real,full_day,True
serving_balance,person_3,real,lunch_snack_dinner,True
serving_balance,person_3,real,lunch_dinner,True
serving_balance,person_3,real,lunch_only,False
serving_balance,person_3,real,dinner_only,False
serving_balance,person_3,real,lunch_snack,True
serving_balance,person_4,real,full_day,True
serving_balance,person_4,real,lunch_snack_dinner,True
serving_balance,person_4,real,lunch_dinner,True
serving_balance,person_4,real,lunch_only,True
serving_balance,person_4,real,dinner_only,False
serving_balance,person_4,real,lunch_snack,True
serving_balance,person_5,real,full_day,True
serving_balance,person_5,real,lunch_snack_dinner,True
serving_balance,person_5,real,lunch_dinner,True
serving_balance,person_5,real,lunch_only,True
serving_balance,person_5,real,dinner_only,False
serving_balance,person_5,real,lunch_snack,True
serving_balance,person_6,real,full_day,True
serving_balance,person_6,real,lunch_snack_dinner,True
serving_balance,person_6,real,lunch_dinner,True
serving_balance,person_6,real,lunch_only,True
serving_balance,person_6,real,dinner_only,False
serving_balance,person_6,real,lunch_snack,True
serving_balance,person_7,real,full_day,True
serving_balance,person_7,real,lunch_snack_dinner,True
serving_balance,person_7,real,lunch_dinner,True
serving_balance,person_7,real,lunch_only,False
serving_balance,person_7,real,dinner_only,False
serving_balance,person_7,real,lunch_snack,True
serving_balance,person_8,real,full_day,True
serving_balance,person_8,real,lunch_snack_dinner,True
serving_balance,person_8,real,lunch_dinner,True
serving_balance,person_8,real,lunch_only,False
serving_balance,person_8,real,dinner_only,False
serving_balance,person_8,real,lunch_snack,True
serving_balance,person_9,real,full_day,True
serving_balance,person_9,real,lunch_snack_dinner,True
serving_balance,person_9,real,lunch_dinner,True
serving_balance,person_9,real,lunch_only,True
serving_balance,person_9,real,dinner_only,False
serving_balance,person_9,real,lunch_snack,True
serving_balance,person_10,real,full_day,True
serving_balance,person_10,real,lunch_snack_dinner,True
serving_balance,person_10,real,lunch_dinner,True
serving_balance,person_10,real,lunch_only,True
serving_balance,person_10,real,dinner_only,False
serving_balance,person_10,real,lunch_snack,True
serving_balance,synth_1000_balanced,synthetic,full_day,True
serving_balance,synth_1000_balanced,synthetic,lunch_snack_dinner,True
serving_balance,synth_1000_balanced,synthetic,lunch_dinner,True
serving_balance,synth_1000_balanced,synthetic,lunch_only,True
serving_balance,synth_1000_balanced,synthetic,dinner_only,True
serving_balance,synth_1000_balanced,synthetic,lunch_snack,True
serving_balance,synth_1000_low_protein,synthetic,full_day,True
serving_balance,synth_1000_low_protein,synthetic,lunch_snack_dinner,True
serving_balance,synth_1000_low_protein,synthetic,lunch_dinner,True
serving_balance,synth_1000_low_protein,synthetic,lunch_only,True
serving_balance,synth_1000_low_protein,synthetic,dinner_only,True
serving_balance,synth_1000_low_protein,synthetic,lunch_snack,True
serving_balance,synth_1000_extremely_low_protein,synthetic,full_day,False
serving_balance,synth_1000_extremely_low_protein,synthetic,lunch_snack_dinner,False
serving_balance,synth_1000_extremely_low_protein,synthetic,lunch_dinner,False
serving_balance,synth_1000_extremely_low_protein,synthetic,lunch_only,False
serving_balance,synth_1000_extremely_low_protein,synthetic,dinner_only,False
serving_balance,synth_1000_extremely_low_protein,synthetic,lunch_snack,False
serving_balance,synth_1000_high_protein,synthetic,full_day,True
serving_balance,synth_1000_high_protein,synthetic,lunch_snack_dinner,True
serving_balance,synth_1000_high_protein,synthetic,lunch_dinner,True
serving_balance,synth_1000_high_protein,synthetic,lunch_only,True
serving_balance,synth_1000_high_protein,synthetic,dinner_only,False
serving_balance,synth_1000_high_protein,synthetic,lunch_snack,True
serving_balance,synth_1000_extremely_high_protein,synthetic,full_day,False
serving_balance,synth_1000_extremely_high_protein,synthetic,lunch_snack_dinner,False
serving_balance,synth_1000_extremely_high_protein,synthetic,lunch_dinner,False
serving_balance,synth_1000_extremely_high_protein,synthetic,lunch_only,True
serving_balance,synth_1000_extremely_high_protein,synthetic,dinner_only,False
serving_balance,synth_1000_extremely_high_protein,synthetic,lunch_snack,True
serving_balance,synth_1000_low_fat,synthetic,full_day,False
serving_balance,synth_1000_low_fat,synthetic,lunch_snack_dinner,False
serving_balance,synth_1000_low_fat,synthetic,lunch_dinner,False
serving_balance,synth_1000_low_fat,synthetic,lunch_only,True
serving_balance,synth_1000_low_fat,synthetic,dinner_only,False
serving_balance,synth_1000_low_fat,synthetic,lunch_snack,True
serving_balance,synth_1000_extremely_low_fat,synthetic,full_day,False
serving_balance,synth_1000_extremely_low_fat,synthetic,lunch_snack_dinner,False
serving_balance,synth_1000_extremely_low_fat,synthetic,lunch_dinner,False
serving_balance,synth_1000_extremely_low_fat,synthetic,lunch_only,False
serving_balance,synth_1000_extremely_low_fat,synthetic,dinner_only,False
serving_balance,synth_1000_extremely_low_fat,synthetic,lunch_snack,False
serving_balance,synth_1000_high_fat,synthetic,full_day,False
serving_balance,synth_1000_high_fat,synthetic,lunch_snack_dinner,False
serving_balance,synth_1000_high_fat,synthetic,lunch_dinner,False
serving_balance,synth_1000_high_fat,synthetic,lunch_only,False
serving_balance,synth_1000_high_fat,synthetic,dinner_only,True
serving_balance,synth_1000_high_fat,synthetic,lunch_snack,False
serving_balance,synth_1000_extremely_high_fat,synthetic,full_day,False
serving_balance,synth_1000_extremely_high_fat,synthetic,lunch_snack_dinner,False
serving_balance,synth_1000_extremely_high_fat,synthetic,lunch_dinner,False
serving_balance,synth_1000_extremely_high_fat,synthetic,lunch_only,False
serving_balance,synth_1000_extremely_high_fat,synthetic,dinner_only,False
serving_balance,synth_1000_extremely_high_fat,synthetic,lunch_snack,False
serving_balance,synth_1000_low_carbs,synthetic,full_day,False
serving_balance,synth_1000_low_carbs,synthetic,lunch_snack_dinner,False
serving_balance,synth_1000_low_carbs,synthetic,lunch_dinner,False
serving_balance,synth_1000_low_carbs,synthetic,lunch_only,False
serving_balance,synth_1000_low_carbs,synthetic,dinner_only,True
serving_balance,synth_1000_low_carbs,synthetic,lunch_snack,False
serving_balance,synth_1000_extremely_low_carbs,synthetic,full_day,False
serving_balance,synth_1000_extremely_low_carbs,synthetic,lunch_snack_dinner,False
serving_balance,synth_1000_extremely_low_carbs,synthetic,lunch_dinner,False
serving_balance,synth_1000_extremely_low_carbs,synthetic,lunch_only,False
serving_balance,synth_1000_extremely_low_carbs,synthetic,dinner_only,True
serving_balance,synth_1000_extremely_low_carbs,synthetic,lunch_snack,False
serving_balance,synth_1000_high_carbs,synthetic,full_day,True
serving_balance,synth_1000_high_carbs,synthetic,lunch_snack_dinner,True
serving_balance,synth_1000_high_carbs,synthetic,lunch_dinner,True
serving_balance,synth_1000_high_carbs,synthetic,lunch_only,True
serving_balance,synth_1000_high_carbs,synthetic,dinner_only,False
serving_balance,synth_1000_high_carbs,synthetic,lunch_snack,True
serving_balance,synth_1000_extremely_high_carbs,synthetic,full_day,False
serving_balance,synth_1000_extremely_high_carbs,synthetic,lunch_snack_dinner,False
serving_balance,synth_1000_extremely_high_carbs,synthetic,lunch_dinner,False
serving_balance,synth_1000_extremely_high_carbs,synthetic,lunch_only,False
serving_balance,synth_1000_extremely_high_carbs,synthetic,dinner_only,False
serving_balance,synth_1000_extremely_high_carbs,synthetic,lunch_snack,False
serving_balance,synth_1500_balanced,synthetic,full_day,True
serving_balance,synth_1500_balanced,synthetic,lunch_snack_dinner,True
serving_balance,synth_1500_balanced,synthetic,lunch_dinner,True
serving_balance,synth_1500_balanced,synthetic,lunch_only,True
serving_balance,synth_1500_balanced,synthetic,dinner_only,False
serving_balance,synth_1500_balanced,synthetic,lunch_snack,True
serving_balance,synth_1500_low_protein,synthetic,full_day,True
serving_balance,synth_1500_low_protein,synthetic,lunch_snack_dinner,True
serving_balance,synth_1500_low_protein,synthetic,lunch_dinner,True
serving_balance,synth_1500_low_protein,synthetic,lunch_only,False
serving_balance,synth_1500_low_protein,synthetic,dinner_only,False
serving_balance,synth_1500_low_protein,synthetic,lunch_snack,True
serving_balance,synth_1500_extremely_low_protein,synthetic,full_day,False
serving_balance,synth_1500_extremely_low_protein,synthetic,lunch_snack_dinner,False
serving_balance,synth_1500_extremely_low_protein,synthetic,lunch_dinner,False
serving_balance,synth_1500_extremely_low_protein,synthetic,lunch_only,False
serving_balance,synth_1500_extremely_low_protein,synthetic,dinner_only,False
serving_balance,synth_1500_extremely_low_protein,synthetic,lunch_snack,False
serving_balance,synth_1500_high_protein,synthetic,full_day,True
serving_balance,synth_1500_high_protein,synthetic,lunch_snack_dinner,True
serving_balance,synth_1500_high_protein,synthetic,lunch_dinner,True
serving_balance,synth_1500_high_protein,synthetic,lunch_only,True
serving_balance,synth_1500_high_protein,synthetic,dinner_only,False
serving_balance,synth_1500_high_protein,synthetic,lunch_snack,True
serving_balance,synth_1500_extremely_high_protein,synthetic,full_day,True
serving_balance,synth_1500_extremely_high_protein,synthetic,lunch_snack_dinner,True
serving_balance,synth_1500_extremely_high_protein,synthetic,lunch_dinner,True
serving_balance,synth_1500_extremely_high_protein,synthetic,lunch_only,True
serving_balance,synth_1500_extremely_high_protein,synthetic,dinner_only,False
serving_balance,synth_1500_extremely_high_protein,synthetic,lunch_snack,True
serving_balance,synth_1500_low_fat,synthetic,full_day,True
serving_balance,synth_1500_low_fat,synthetic,lunch_snack_dinner,True
serving_balance,synth_1500_low_fat,synthetic,lunch_dinner,True
serving_balance,synth_1500_low_fat,synthetic,lunch_only,False
serving_balance,synth_1500_low_fat,synthetic,dinner_only,False
serving_balance,synth_1500_low_fat,synthetic,lunch_snack,False
serving_balance,synth_1500_extremely_low_fat,synthetic,full_day,False
serving_balance,synth_1500_extremely_low_fat,synthetic,lunch_snack_dinner,False
serving_balance,synth_1500_extremely_low_fat,synthetic,lunch_dinner,False
serving_balance,synth_1500_extremely_low_fat,synthetic,lunch_only,False
serving_balance,synth_1500_extremely_low_fat,synthetic,dinner_only,False
serving_balance,synth_1500_extremely_low_fat,synthetic,lunch_snack,False
serving_balance,synth_1500_high_fat,synthetic,full_day,True
serving_balance,synth_1500_high_fat,synthetic,lunch_snack_dinner,True
serving_balance,synth_1500_high_fat,synthetic,lunch_dinner,True
serving_balance,synth_1500_high_fat,synthetic,lunch_only,False
serving_balance,synth_1500_high_fat,synthetic,dinner_only,False
serving_balance,synth_1500_high_fat,synthetic,lunch_snack,False
serving_balance,synth_1500_extremely_high_fat,synthetic,full_day,False
serving_balance,synth_1500_extremely_high_fat,synthetic,lunch_snack_dinner,False
serving_balance,synth_1500_extremely_high_fat,synthetic,lunch_dinner,False
serving_balance,synth_1500_extremely_high_fat,synthetic,lunch_only,False
serving_balance,synth_1500_extremely_high_fat,synthetic,dinner_only,False
serving_balance,synth_1500_extremely_high_fat,synthetic,lunch_snack,False
serving_balance,synth_1500_low_carbs,synthetic,full_day,True
serving_balance,synth_1500_low_carbs,synthetic,lunch_snack_dinner,True
serving_balance,synth_1500_low_carbs,synthetic,lunch_dinner,True
serving_balance,synth_1500_low_carbs,synthetic,lunch_only,False
serving_balance,synth_1500_low_carbs,synthetic,dinner_only,False
serving_balance,synth_1500_low_carbs,synthetic,lunch_snack,False
serving_balance,synth_1500_extremely_low_carbs,synthetic,full_day,False
serving_balance,synth_1500_extremely_low_carbs,synthetic,lunch_snack_dinner,True
serving_balance,synth_1500_extremely_low_carbs,synthetic,lunch_dinner,True
serving_balance,synth_1500_extremely_low_carbs,synthetic,lunch_only,False
serving_balance,synth_1500_extremely_low_carbs,synthetic,dinner_only,False
serving_balance,synth_1500_extremely_low_carbs,synthetic,lunch_snack,False
serving_balance,synth_1500_high_carbs,synthetic,full_day,True
serving_balance,synth_1500_high_carbs,synthetic,lunch_snack_dinner,True
serving_balance,synth_1500_high_carbs,synthetic,lunch_dinner,True
serving_balance,synth_1500_high_carbs,synthetic,lunch_only,False
serving_balance,synth_1500_high_carbs,synthetic,dinner_only,False
serving_balance,synth_1500_high_carbs,synthetic,lunch_snack,False
serving_balance,synth_1500_extremely_high_carbs,synthetic,full_day,False
serving_balance,synth_1500_extremely_high_carbs,synthetic,lunch_snack_dinner,False
serving_balance,synth_1500_extremely_high_carbs,synthetic,lunch_dinner,False
serving_balance,synth_1500_extremely_high_carbs,synthetic,lunch_only,False
serving_balance,synth_1500_extremely_high_carbs,synthetic,dinner_only,False
serving_balance,synth_1500_extremely_high_carbs,synthetic,lunch_snack,False
serving_balance,synth_2000_balanced,synthetic,full_day,True
serving_balance,synth_2000_balanced,synthetic,lunch_snack_dinner,True
serving_balance,synth_2000_balanced,synthetic,lunch_dinner,True
serving_balance,synth_2000_balanced,synthetic,lunch_only,False
serving_balance,synth_2000_balanced,synthetic,dinner_only,False
serving_balance,synth_2000_balanced,synthetic,lunch_snack,True
serving_balance,synth_2000_low_protein,synthetic,full_day,True
serving_balance,synth_2000_low_protein,synthetic,lunch_snack_dinner,True
serving_balance,synth_2000_low_protein,synthetic,lunch_dinner,True
serving_balance,synth_2000_low_protein,synthetic,lunch_only,False
serving_balance,synth_2000_low_protein,synthetic,dinner_only,False
serving_balance,synth_2000_low_protein,synthetic,lunch_snack,False
serving_balance,synth_2000_extremely_low_protein,synthetic,full_day,False
serving_balance,synth_2000_extremely_low_protein,synthetic,lunch_snack_dinner,False
serving_balance,synth_2000_extremely_low_protein,synthetic,lunch_dinner,False
serving_balance,synth_2000_extremely_low_protein,synthetic,lunch_only,False
serving_balance,synth_2000_extremely_low_protein,synthetic,dinner_only,False
serving_balance,synth_2000_extremely_low_protein,synthetic,lunch_snack,False
serving_balance,synth_2000_high_protein,synthetic,full_day,True
serving_balance,synth_2000_high_protein,synthetic,lunch_snack_dinner,True
serving_balance,synth_2000_high_protein,synthetic,lunch_dinner,True
serving_balance,synth_2000_high_protein,synthetic,lunch_only,False
serving_balance,synth_2000_high_protein,synthetic,dinner_only,False
serving_balance,synth_2000_high_protein,synthetic,lunch_snack,True
serving_balance,synth_2000_extremely_high_protein,synthetic,full_day,True
serving_balance,synth_2000_extremely_high_protein,synthetic,lunch_snack_dinner,True
serving_balance,synth_2000_extremely_high_protein,synthetic,lunch_dinner,True
serving_balance,synth_2000_extremely_high_protein,synthetic,lunch_only,True
serving_balance,synth_2000_extremely_high_protein,synthetic,dinner_only,False
serving_balance,synth_2000_extremely_high_protein,synthetic,lunch_snack,True
serving_balance,synth_2000_low_fat,synthetic,full_day,True
serving_balance,synth_2000_low_fat,synthetic,lunch_snack_dinner,False
serving_balance,synth_2000_low_fat,synthetic,lunch_dinner,False
serving_balance,synth_2000_low_fat,synthetic,lunch_only,False
serving_balance,synth_2000_low_fat,synthetic,dinner_only,False
serving_balance,synth_2000_low_fat,synthetic,lunch_snack,False
serving_balance,synth_2000_extremely_low_fat,synthetic,full_day,False
serving_balance,synth_2000_extremely_low_fat,synthetic,lunch_snack_dinner,False
serving_balance,synth_2000_extremely_low_fat,synthetic,lunch_dinner,False
serving_balance,synth_2000_extremely_low_fat,synthetic,lunch_only,False
serving_balance,synth_2000_extremely_low_fat,synthetic,dinner_only,False
serving_balance,synth_2000_extremely_low_fat,synthetic,lunch_snack,False
serving_balance,synth_2000_high_fat,synthetic,full_day,True
serving_balance,synth_2000_high_fat,synthetic,lunch_snack_dinner,True
serving_balance,synth_2000_high_fat,synthetic,lunch_dinner,True
serving_balance,synth_2000_high_fat,synthetic,lunch_only,False
serving_balance,synth_2000_high_fat,synthetic,dinner_only,False
serving_balance,synth_2000_high_fat,synthetic,lunch_snack,False
serving_balance,synth_2000_extremely_high_fat,synthetic,full_day,False
serving_balance,synth_2000_extremely_high_fat,synthetic,lunch_snack_dinner,False
serving_balance,synth_2000_extremely_high_fat,synthetic,lunch_dinner,False
serving_balance,synth_2000_extremely_high_fat,synthetic,lunch_only,False
serving_balance,synth_2000_extremely_high_fat,synthetic,dinner_only,False
serving_balance,synth_2000_extremely_high_fat,synthetic,lunch_snack,False
serving_balance,synth_2000_low_carbs,synthetic,full_day,True
serving_balance,synth_2000_low_carbs,synthetic,lunch_snack_dinner,True
serving_balance,synth_2000_low_carbs,synthetic,lunch_dinner,True
serving_balance,synth_2000_low_carbs,synthetic,lunch_only,False
serving_balance,synth_2000_low_carbs,synthetic,dinner_only,False
serving_balance,synth_2000_low_carbs,synthetic,lunch_snack,False
serving_balance,synth_2000_extremely_low_carbs,synthetic,full_day,True
serving_balance,synth_2000_extremely_low_carbs,synthetic,lunch_snack_dinner,True
serving_balance,synth_2000_extremely_low_carbs,synthetic,lunch_dinner,True
serving_balance,synth_2000_extremely_low_carbs,synthetic,lunch_only,False
serving_balance,synth_2000_extremely_low_carbs,synthetic,dinner_only,False
serving_balance,synth_2000_extremely_low_carbs,synthetic,lunch_snack,False
serving_balance,synth_2000_high_carbs,synthetic,full_day,True
serving_balance,synth_2000_high_carbs,synthetic,lunch_snack_dinner,True
serving_balance,synth_2000_high_carbs,synthetic,lunch_dinner,False
serving_balance,synth_2000_high_carbs,synthetic,lunch_only,False
serving_balance,synth_2000_high_carbs,synthetic,dinner_only,False
serving_balance,synth_2000_high_carbs,synthetic,lunch_snack,False
serving_balance,synth_2000_extremely_high_carbs,synthetic,full_day,False
serving_balance,synth_2000_extremely_high_carbs,synthetic,lunch_snack_dinner,False
serving_balance,synth_2000_extremely_high_carbs,synthetic,lunch_dinner,False
serving_balance,synth_2000_extremely_high_carbs,synthetic,lunch_only,False
serving_balance,synth_2000_extremely_high_carbs,synthetic,dinner_only,False
serving_balance,synth_2000_extremely_high_carbs,synthetic,lunch_snack,False
serving_balance,synth_2500_balanced,synthetic,full_day,True
serving_balance,synth_2500_balanced,synthetic,lunch_snack_dinner,True
serving_balance,synth_2500_balanced,synthetic,lunch_dinner,True
serving_balance,synth_2500_balanced,synthetic,lunch_only,False
serving_balance,synth_2500_balanced,synthetic,dinner_only,False
serving_balance,synth_2500_balanced,synthetic,lunch_snack,False
serving_balance,synth_2500_low_protein,synthetic,full_day,True
serving_balance,synth_2500_low_protein,synthetic,lunch_snack_dinner,True
serving_balance,synth_2500_low_protein,synthetic,lunch_dinner,False
serving_balance,synth_2500_low_protein,synthetic,lunch_only,False
serving_balance,synth_2500_low_protein,synthetic,dinner_only,False
serving_balance,synth_2500_low_protein,synthetic,lunch_snack,False
serving_balance,synth_2500_extremely_low_protein,synthetic,full_day,False
serving_balance,synth_2500_extremely_low_protein,synthetic,lunch_snack_dinner,False
serving_balance,synth_2500_extremely_low_protein,synthetic,lunch_dinner,False
serving_balance,synth_2500_extremely_low_protein,synthetic,lunch_only,False
serving_balance,synth_2500_extremely_low_protein,synthetic,dinner_only,False
serving_balance,synth_2500_extremely_low_protein,synthetic,lunch_snack,False
serving_balance,synth_2500_high_protein,synthetic,full_day,True
serving_balance,synth_2500_high_protein,synthetic,lunch_snack_dinner,True
serving_balance,synth_2500_high_protein,synthetic,lunch_dinner,True
serving_balance,synth_2500_high_protein,synthetic,lunch_only,False
serving_balance,synth_2500_high_protein,synthetic,dinner_only,False
serving_balance,synth_2500_high_protein,synthetic,lunch_snack,False
serving_balance,synth_2500_extremely_high_protein,synthetic,full_day,True
serving_balance,synth_2500_extremely_high_protein,synthetic,lunch_snack_dinner,True
serving_balance,synth_2500_extremely_high_protein,synthetic,lunch_dinner,True
serving_balance,synth_2500_extremely_high_protein,synthetic,lunch_only,False
serving_balance,synth_2500_extremely_high_protein,synthetic,dinner_only,False
serving_balance,synth_2500_extremely_high_protein,synthetic,lunch_snack,False
serving_balance,synth_2500_low_fat,synthetic,full_day,False
serving_balance,synth_2500_low_fat,synthetic,lunch_snack_dinner,False
serving_balance,synth_2500_low_fat,synthetic,lunch_dinner,False
serving_balance,synth_2500_low_fat,synthetic,lunch_only,False
serving_balance,synth_2500_low_fat,synthetic,dinner_only,False
serving_balance,synth_2500_low_fat,synthetic,lunch_snack,False
serving_balance,synth_2500_extremely_low_fat,synthetic,full_day,False
serving_balance,synth_2500_extremely_low_fat,synthetic,lunch_snack_dinner,False
serving_balance,synth_2500_extremely_low_fat,synthetic,lunch_dinner,False
serving_balance,synth_2500_extremely_low_fat,synthetic,lunch_only,False
serving_balance,synth_2500_extremely_low_fat,synthetic,dinner_only,False
serving_balance,synth_2500_extremely_low_fat,synthetic,lunch_snack,False
serving_balance,synth_2500_high_fat,synthetic,full_day,True
serving_balance,synth_2500_high_fat,synthetic,lunch_snack_dinner,True
serving_balance,synth_2500_high_fat,synthetic,lunch_dinner,True
serving_balance,synth_2500_high_fat,synthetic,lunch_only,False
serving_balance,synth_2500_high_fat,synthetic,dinner_only,True
serving_balance,synth_2500_high_fat,synthetic,lunch_snack,False
serving_balance,synth_2500_extremely_high_fat,synthetic,full_day,False
serving_balance,synth_2500_extremely_high_fat,synthetic,lunch_snack_dinner,False
serving_balance,synth_2500_extremely_high_fat,synthetic,lunch_dinner,False
serving_balance,synth_2500_extremely_high_fat,synthetic,lunch_only,False
serving_balance,synth_2500_extremely_high_fat,synthetic,dinner_only,False
serving_balance,synth_2500_extremely_high_fat,synthetic,lunch_snack,False
serving_balance,synth_2500_low_carbs,synthetic,full_day,True
serving_balance,synth_2500_low_carbs,synthetic,lunch_snack_dinner,True
serving_balance,synth_2500_low_carbs,synthetic,lunch_dinner,True
serving_balance,synth_2500_low_carbs,synthetic,lunch_only,False
serving_balance,synth_2500_low_carbs,synthetic,dinner_only,True
serving_balance,synth_2500_low_carbs,synthetic,lunch_snack,False
serving_balance,synth_2500_extremely_low_carbs,synthetic,full_day,True
serving_balance,synth_2500_extremely_low_carbs,synthetic,lunch_snack_dinner,True
serving_balance,synth_2500_extremely_low_carbs,synthetic,lunch_dinner,True
serving_balance,synth_2500_extremely_low_carbs,synthetic,lunch_only,False
serving_balance,synth_2500_extremely_low_carbs,synthetic,dinner_only,False
serving_balance,synth_2500_extremely_low_carbs,synthetic,lunch_snack,False
serving_balance,synth_2500_high_carbs,synthetic,full_day,True
serving_balance,synth_2500_high_carbs,synthetic,lunch_snack_dinner,False
serving_balance,synth_2500_high_carbs,synthetic,lunch_dinner,False
serving_balance,synth_2500_high_carbs,synthetic,lunch_only,False
serving_balance,synth_2500_high_carbs,synthetic,dinner_only,False
serving_balance,synth_2500_high_carbs,synthetic,lunch_snack,False
serving_balance,synth_2500_extremely_high_carbs,synthetic,full_day,False
serving_balance,synth_2500_extremely_high_carbs,synthetic,lunch_snack_dinner,False
serving_balance,synth_2500_extremely_high_carbs,synthetic,lunch_dinner,False
serving_balance,synth_2500_extremely_high_carbs,synthetic,lunch_only,False
serving_balance,synth_2500_extremely_high_carbs,synthetic,dinner_only,False
serving_balance,synth_2500_extremely_high_carbs,synthetic,lunch_snack,False
serving_balance,synth_3000_balanced,synthetic,full_day,True
serving_balance,synth_3000_balanced,synthetic,lunch_snack_dinner,True
serving_balance,synth_3000_balanced,synthetic,lunch_dinner,False
serving_balance,synth_3000_balanced,synthetic,lunch_only,False
serving_balance,synth_3000_balanced,synthetic,dinner_only,False
serving_balance,synth_3000_balanced,synthetic,lunch_snack,False
serving_balance,synth_3000_low_protein,synthetic,full_day,True
serving_balance,synth_3000_low_protein,synthetic,lunch_snack_dinner,False
serving_balance,synth_3000_low_protein,synthetic,lunch_dinner,False
serving_balance,synth_3000_low_protein,synthetic,lunch_only,False
serving_balance,synth_3000_low_protein,synthetic,dinner_only,False
serving_balance,synth_3000_low_protein,synthetic,lunch_snack,False
serving_balance,synth_3000_extremely_low_protein,synthetic,full_day,False
serving_balance,synth_3000_extremely_low_protein,synthetic,lunch_snack_dinner,False
serving_balance,synth_3000_extremely_low_protein,synthetic,lunch_dinner,False
serving_balance,synth_3000_extremely_low_protein,synthetic,lunch_only,False
serving_balance,synth_3000_extremely_low_protein,synthetic,dinner_only,False
serving_balance,synth_3000_extremely_low_protein,synthetic,lunch_snack,False
serving_balance,synth_3000_high_protein,synthetic,full_day,True
serving_balance,synth_3000_high_protein,synthetic,lunch_snack_dinner,True
serving_balance,synth_3000_high_protein,synthetic,lunch_dinner,False
serving_balance,synth_3000_high_protein,synthetic,lunch_only,False
serving_balance,synth_3000_high_protein,synthetic,dinner_only,False
serving_balance,synth_3000_high_protein,synthetic,lunch_snack,False
serving_balance,synth_3000_extremely_high_protein,synthetic,full_day,True
serving_balance,synth_3000_extremely_high_protein,synthetic,lunch_snack_dinner,True
serving_balance,synth_3000_extremely_high_protein,synthetic,lunch_dinner,True
serving_balance,synth_3000_extremely_high_protein,synthetic,lunch_only,False
serving_balance,synth_3000_extremely_high_protein,synthetic,dinner_only,False
serving_balance,synth_3000_extremely_high_protein,synthetic,lunch_snack,False
serving_balance,synth_3000_low_fat,synthetic,full_day,False
serving_balance,synth_3000_low_fat,synthetic,lunch_snack_dinner,False
serving_balance,synth_3000_low_fat,synthetic,lunch_dinner,False
serving_balance,synth_3000_low_fat,synthetic,lunch_only,False
serving_balance,synth_3000_low_fat,synthetic,dinner_only,False
serving_balance,synth_3000_low_fat,synthetic,lunch_snack,False
serving_balance,synth_3000_extremely_low_fat,synthetic,full_day,False
serving_balance,synth_3000_extremely_low_fat,synthetic,lunch_snack_dinner,False
serving_balance,synth_3000_extremely_low_fat,synthetic,lunch_dinner,False
serving_balance,synth_3000_extremely_low_fat,synthetic,lunch_only,False
serving_balance,synth_3000_extremely_low_fat,synthetic,dinner_only,False
serving_balance,synth_3000_extremely_low_fat,synthetic,lunch_snack,False
serving_balance,synth_3000_high_fat,synthetic,full_day,True
serving_balance,synth_3000_high_fat,synthetic,lunch_snack_dinner,True
serving_balance,synth_3000_high_fat,synthetic,lunch_dinner,False
serving_balance,synth_3000_high_fat,synthetic,lunch_only,False
serving_balance,synth_3000_high_fat,synthetic,dinner_only,True
serving_balance,synth_3000_high_fat,synthetic,lunch_snack,False
serving_balance,synth_3000_extremely_high_fat,synthetic,full_day,False
serving_balance,synth_3000_extremely_high_fat,synthetic,lunch_snack_dinner,False
serving_balance,synth_3000_extremely_high_fat,synthetic,lunch_dinner,False
serving_balance,synth_3000_extremely_high_fat,synthetic,lunch_only,False
serving_balance,synth_3000_extremely_high_fat,synthetic,dinner_only,False
serving_balance,synth_3000_extremely_high_fat,synthetic,lunch_snack,False
serving_balance,synth_3000_low_carbs,synthetic,full_day,True
serving_balance,synth_3000_low_carbs,synthetic,lunch_snack_dinner,True
serving_balance,synth_3000_low_carbs,synthetic,lunch_dinner,True
serving_balance,synth_3000_low_carbs,synthetic,lunch_only,False
serving_balance,synth_3000_low_carbs,synthetic,dinner_only,True
serving_balance,synth_3000_low_carbs,synthetic,lunch_snack,False
serving_balance,synth_3000_extremely_low_carbs,synthetic,full_day,True
serving_balance,synth_3000_extremely_low_carbs,synthetic,lunch_snack_dinner,True
serving_balance,synth_3000_extremely_low_carbs,synthetic,lunch_dinner,True
serving_balance,synth_3000_extremely_low_carbs,synthetic,lunch_only,False
serving_balance,synth_3000_extremely_low_carbs,synthetic,dinner_only,False
serving_balance,synth_3000_extremely_low_carbs,synthetic,lunch_snack,False
serving_balance,synth_3000_high_carbs,synthetic,full_day,False
serving_balance,synth_3000_high_carbs,synthetic,lunch_snack_dinner,False
serving_balance,synth_3000_high_carbs,synthetic,lunch_dinner,False
serving_balance,synth_3000_high_carbs,synthetic,lunch_only,False
serving_balance,synth_3000_high_carbs,synthetic,dinner_only,False
serving_balance,synth_3000_high_carbs,synthetic,lunch_snack,False
serving_balance,synth_3000_extremely_high_carbs,synthetic,full_day,False
serving_balance,synth_3000_extremely_high_carbs,synthetic,lunch_snack_dinner,False
serving_balance,synth_3000_extremely_high_carbs,synthetic,lunch_dinner,False
serving_balance,synth_3000_extremely_high_carbs,synthetic,lunch_only,False
serving_balance,synth_3000_extremely_high_carbs,synthetic,dinner_only,False
serving_balance,synth_3000_extremely_high_carbs,synthetic,lunch_snack,False
serving_balance,synth_3500_balanced,synthetic,full_day,True
serving_balance,synth_3500_balanced,synthetic,lunch_snack_dinner,False
serving_balance,synth_3500_balanced,synthetic,lunch_dinner,False
serving_balance,synth_3500_balanced,synthetic,lunch_only,False
serving_balance,synth_3500_balanced,synthetic,dinner_only,False
serving_balance,synth_3500_balanced,synthetic,lunch_snack,False
serving_balance,synth_3500_low_protein,synthetic,full_day,False
serving_balance,synth_3500_low_protein,synthetic,lunch_snack_dinner,False
serving_balance,synth_3500_low_protein,synthetic,lunch_dinner,False
serving_balance,synth_3500_low_protein,synthetic,lunch_only,False
serving_balance,synth_3500_low_protein,synthetic,dinner_only,False
serving_balance,synth_3500_low_protein,synthetic,lunch_snack,False
serving_balance,synth_3500_extremely_low_protein,synthetic,full_day,False
serving_balance,synth_3500_extremely_low_protein,synthetic,lunch_snack_dinner,False
serving_balance,synth_3500_extremely_low_protein,synthetic,lunch_dinner,False
serving_balance,synth_3500_extremely_low_protein,synthetic,lunch_only,False
serving_balance,synth_3500_extremely_low_protein,synthetic,dinner_only,False
serving_balance,synth_3500_extremely_low_protein,synthetic,lunch_snack,False
serving_balance,synth_3500_high_protein,synthetic,full_day,True
serving_balance,synth_3500_high_protein,synthetic,lunch_snack_dinner,False
serving_balance,synth_3500_high_protein,synthetic,lunch_dinner,False
serving_balance,synth_3500_high_protein,synthetic,lunch_only,False
serving_balance,synth_3500_high_protein,synthetic,dinner_only,False
serving_balance,synth_3500_high_protein,synthetic,lunch_snack,False
serving_balance,synth_3500_extremely_high_protein,synthetic,full_day,True
serving_balance,synth_3500_extremely_high_protein,synthetic,lunch_snack_dinner,True
serving_balance,synth_3500_extremely_high_protein,synthetic,lunch_dinner,False
serving_balance,synth_3500_extremely_high_protein,synthetic,lunch_only,False
serving_balance,synth_3500_extremely_high_protein,synthetic,dinner_only,False
serving_balance,synth_3500_extremely_high_protein,synthetic,lunch_snack,True
serving_balance,synth_3500_low_fat,synthetic,full_day,False
serving_balance,synth_3500_low_fat,synthetic,lunch_snack_dinner,False
serving_balance,synth_3500_low_fat,synthetic,lunch_dinner,False
serving_balance,synth_3500_low_fat,synthetic,lunch_only,False
serving_balance,synth_3500_low_fat,synthetic,dinner_only,False
serving_balance,synth_3500_low_fat,synthetic,lunch_snack,False
serving_balance,synth_3500_extremely_low_fat,synthetic,full_day,False
serving_balance,synth_3500_extremely_low_fat,synthetic,lunch_snack_dinner,False
serving_balance,synth_3500_extremely_low_fat,synthetic,lunch_dinner,False
serving_balance,synth_3500_extremely_low_fat,synthetic,lunch_only,False
serving_balance,synth_3500_extremely_low_fat,synthetic,dinner_only,False
serving_balance,synth_3500_extremely_low_fat,synthetic,lunch_snack,False
serving_balance,synth_3500_high_fat,synthetic,full_day,True
serving_balance,synth_3500_high_fat,synthetic,lunch_snack_dinner,True
serving_balance,synth_3500_high_fat,synthetic,lunch_dinner,False
serving_balance,synth_3500_high_fat,synthetic,lunch_only,False
serving_balance,synth_3500_high_fat,synthetic,dinner_only,True
serving_balance,synth_3500_high_fat,synthetic,lunch_snack,False
serving_balance,synth_3500_extremely_high_fat,synthetic,full_day,False
serving_balance,synth_3500_extremely_high_fat,synthetic,lunch_snack_dinner,False
serving_balance,synth_3500_extremely_high_fat,synthetic,lunch_dinner,False
serving_balance,synth_3500_extremely_high_fat,synthetic,lunch_only,False
serving_balance,synth_3500_extremely_high_fat,synthetic,dinner_only,False
serving_balance,synth_3500_extremely_high_fat,synthetic,lunch_snack,False
serving_balance,synth_3500_low_carbs,synthetic,full_day,True
serving_balance,synth_3500_low_carbs,synthetic,lunch_snack_dinner,True
serving_balance,synth_3500_low_carbs,synthetic,lunch_dinner,True
serving_balance,synth_3500_low_carbs,synthetic,lunch_only,False
serving_balance,synth_3500_low_carbs,synthetic,dinner_only,True
serving_balance,synth_3500_low_carbs,synthetic,lunch_snack,True
serving_balance,synth_3500_extremely_low_carbs,synthetic,full_day,True
serving_balance,synth_3500_extremely_low_carbs,synthetic,lunch_snack_dinner,True
serving_balance,synth_3500_extremely_low_carbs,synthetic,lunch_dinner,False
serving_balance,synth_3500_extremely_low_carbs,synthetic,lunch_only,False
serving_balance,synth_3500_extremely_low_carbs,synthetic,dinner_only,False
serving_balance,synth_3500_extremely_low_carbs,synthetic,lunch_snack,False
serving_balance,synth_3500_high_carbs,synthetic,full_day,False
serving_balance,synth_3500_high_carbs,synthetic,lunch_snack_dinner,False
serving_balance,synth_3500_high_carbs,synthetic,lunch_dinner,False
serving_balance,synth_3500_high_carbs,synthetic,lunch_only,False
serving_balance,synth_3500_high_carbs,synthetic,dinner_only,False
serving_balance,synth_3500_high_carbs,synthetic,lunch_snack,False
serving_balance,synth_3500_extremely_high_carbs,synthetic,full_day,False
serving_balance,synth_3500_extremely_high_carbs,synthetic,lunch_snack_dinner,False
serving_balance,synth_3500_extremely_high_carbs,synthetic,lunch_dinner,False
serving_balance,synth_3500_extremely_high_carbs,synthetic,lunch_only,False
serving_balance,synth_3500_extremely_high_carbs,synthetic,dinner_only,False
serving_balance,synth_3500_extremely_high_carbs,synthetic,lunch_snack,False
max_serving_5x,person_1,real,full_day,True
max_serving_5x,person_1,real,lunch_snack_dinner,False
max_serving_5x,person_1,real,lunch_dinner,False
max_serving_5x,person_1,real,lunch_only,True
max_serving_5x,person_1,real,dinner_only,False
max_serving_5x,person_1,real,lunch_snack,True
max_serving_5x,person_2,real,full_day,True
max_serving_5x,person_2,real,lunch_snack_dinner,True
max_serving_5x,person_2,real,lunch_dinner,True
max_serving_5x,person_2,real,lunch_only,True
max_serving_5x,person_2,real,dinner_only,False
max_serving_5x,person_2,real,lunch_snack,True
max_serving_5x,person_3,real,full_day,True
max_serving_5x,person_3,real,lunch_snack_dinner,True
max_serving_5x,person_3,real,lunch_dinner,True
max_serving_5x,person_3,real,lunch_only,True
max_serving_5x,person_3,real,dinner_only,False
max_serving_5x,person_3,real,lunch_snack,True
max_serving_5x,person_4,real,full_day,True
max_serving_5x,person_4,real,lunch_snack_dinner,False
max_serving_5x,person_4,real,lunch_dinner,True
max_serving_5x,person_4,real,lunch_only,True
max_serving_5x,person_4,real,dinner_only,False
max_serving_5x,person_4,real,lunch_snack,True
max_serving_5x,person_5,real,full_day,True
max_serving_5x,person_5,real,lunch_snack_dinner,True
max_serving_5x,person_5,real,lunch_dinner,True
max_serving_5x,person_5,real,lunch_only,True
max_serving_5x,person_5,real,dinner_only,False
max_serving_5x,person_5,real,lunch_snack,True
max_serving_5x,person_6,real,full_day,True
max_serving_5x,person_6,real,lunch_snack_dinner,True
max_serving_5x,person_6,real,lunch_dinner,True
max_serving_5x,person_6,real,lunch_only,True
max_serving_5x,person_6,real,dinner_only,False
max_serving_5x,person_6,real,lunch_snack,True
max_serving_5x,person_7,real,full_day,True
max_serving_5x,person_7,real,lunch_snack_dinner,True
max_serving_5x,person_7,real,lunch_dinner,True
max_serving_5x,person_7,real,lunch_only,True
max_serving_5x,person_7,real,dinner_only,False
max_serving_5x,person_7,real,lunch_snack,True
max_serving_5x,person_8,real,full_day,True
max_serving_5x,person_8,real,lunch_snack_dinner,True
max_serving_5x,person_8,real,lunch_dinner,True
max_serving_5x,person_8,real,lunch_only,False
max_serving_5x,person_8,real,dinner_only,True
max_serving_5x,person_8,real,lunch_snack,True
max_serving_5x,person_9,real,full_day,True
max_serving_5x,person_9,real,lunch_snack_dinner,False
max_serving_5x,person_9,real,lunch_dinner,True
max_serving_5x,person_9,real,lunch_only,True
max_serving_5x,person_9,real,dinner_only,False
max_serving_5x,person_9,real,lunch_snack,True
max_serving_5x,person_10,real,full_day,True
max_serving_5x,person_10,real,lunch_snack_dinner,True
max_serving_5x,person_10,real,lunch_dinner,True
max_serving_5x,person_10,real,lunch_only,True
max_serving_5x,person_10,real,dinner_only,False
max_serving_5x,person_10,real,lunch_snack,True
max_serving_5x,synth_1000_balanced,synthetic,full_day,True
max_serving_5x,synth_1000_balanced,synthetic,lunch_snack_dinner,True
max_serving_5x,synth_1000_balanced,synthetic,lunch_dinner,True
max_serving_5x,synth_1000_balanced,synthetic,lunch_only,True
max_serving_5x,synth_1000_balanced,synthetic,dinner_only,True
max_serving_5x,synth_1000_balanced,synthetic,lunch_snack,True
max_serving_5x,synth_1000_low_protein,synthetic,full_day,True
max_serving_5x,synth_1000_low_protein,synthetic,lunch_snack_dinner,True
max_serving_5x,synth_1000_low_protein,synthetic,lunch_dinner,True
max_serving_5x,synth_1000_low_protein,synthetic,lunch_only,False
max_serving_5x,synth_1000_low_protein,synthetic,dinner_only,True
max_serving_5x,synth_1000_low_protein,synthetic,lunch_snack,False
max_serving_5x,synth_1000_extremely_low_protein,synthetic,full_day,False
max_serving_5x,synth_1000_extremely_low_protein,synthetic,lunch_snack_dinner,False
max_serving_5x,synth_1000_extremely_low_protein,synthetic,lunch_dinner,False
max_serving_5x,synth_1000_extremely_low_protein,synthetic,lunch_only,False
max_serving_5x,synth_1000_extremely_low_protein,synthetic,dinner_only,False
max_serving_5x,synth_1000_extremely_low_protein,synthetic,lunch_snack,False
max_serving_5x,synth_1000_high_protein,synthetic,full_day,True
max_serving_5x,synth_1000_high_protein,synthetic,lunch_snack_dinner,False
max_serving_5x,synth_1000_high_protein,synthetic,lunch_dinner,True
max_serving_5x,synth_1000_high_protein,synthetic,lunch_only,True
max_serving_5x,synth_1000_high_protein,synthetic,dinner_only,False
max_serving_5x,synth_1000_high_protein,synthetic,lunch_snack,True
max_serving_5x,synth_1000_extremely_high_protein,synthetic,full_day,False
max_serving_5x,synth_1000_extremely_high_protein,synthetic,lunch_snack_dinner,False
max_serving_5x,synth_1000_extremely_high_protein,synthetic,lunch_dinner,False
max_serving_5x,synth_1000_extremely_high_protein,synthetic,lunch_only,False
max_serving_5x,synth_1000_extremely_high_protein,synthetic,dinner_only,False
max_serving_5x,synth_1000_extremely_high_protein,synthetic,lunch_snack,False
max_serving_5x,synth_1000_low_fat,synthetic,full_day,False
max_serving_5x,synth_1000_low_fat,synthetic,lunch_snack_dinner,False
max_serving_5x,synth_1000_low_fat,synthetic,lunch_dinner,False
max_serving_5x,synth_1000_low_fat,synthetic,lunch_only,False
max_serving_5x,synth_1000_low_fat,synthetic,dinner_only,False
max_serving_5x,synth_1000_low_fat,synthetic,lunch_snack,False
max_serving_5x,synth_1000_extremely_low_fat,synthetic,full_day,False
max_serving_5x,synth_1000_extremely_low_fat,synthetic,lunch_snack_dinner,False
max_serving_5x,synth_1000_extremely_low_fat,synthetic,lunch_dinner,False
max_serving_5x,synth_1000_extremely_low_fat,synthetic,lunch_only,False
max_serving_5x,synth_1000_extremely_low_fat,synthetic,dinner_only,False
max_serving_5x,synth_1000_extremely_low_fat,synthetic,lunch_snack,False
max_serving_5x,synth_1000_high_fat,synthetic,full_day,False
max_serving_5x,synth_1000_high_fat,synthetic,lunch_snack_dinner,False
max_serving_5x,synth_1000_high_fat,synthetic,lunch_dinner,False
max_serving_5x,synth_1000_high_fat,synthetic,lunch_only,False
max_serving_5x,synth_1000_high_fat,synthetic,dinner_only,True
max_serving_5x,synth_1000_high_fat,synthetic,lunch_snack,False
max_serving_5x,synth_1000_extremely_high_fat,synthetic,full_day,False
max_serving_5x,synth_1000_extremely_high_fat,synthetic,lunch_snack_dinner,False
max_serving_5x,synth_1000_extremely_high_fat,synthetic,lunch_dinner,False
max_serving_5x,synth_1000_extremely_high_fat,synthetic,lunch_only,False
max_serving_5x,synth_1000_extremely_high_fat,synthetic,dinner_only,False
max_serving_5x,synth_1000_extremely_high_fat,synthetic,lunch_snack,False
max_serving_5x,synth_1000_low_carbs,synthetic,full_day,False
max_serving_5x,synth_1000_low_carbs,synthetic,lunch_snack_dinner,False
max_serving_5x,synth_1000_low_carbs,synthetic,lunch_dinner,False
max_serving_5x,synth_1000_low_carbs,synthetic,lunch_only,False
max_serving_5x,synth_1000_low_carbs,synthetic,dinner_only,True
max_serving_5x,synth_1000_low_carbs,synthetic,lunch_snack,False
max_serving_5x,synth_1000_extremely_low_carbs,synthetic,full_day,False
max_serving_5x,synth_1000_extremely_low_carbs,synthetic,lunch_snack_dinner,False
max_serving_5x,synth_1000_extremely_low_carbs,synthetic,lunch_dinner,False
max_serving_5x,synth_1000_extremely_low_carbs,synthetic,lunch_only,False
max_serving_5x,synth_1000_extremely_low_carbs,synthetic,dinner_only,True
max_serving_5x,synth_1000_extremely_low_carbs,synthetic,lunch_snack,False
max_serving_5x,synth_1000_high_carbs,synthetic,full_day,True
max_serving_5x,synth_1000_high_carbs,synthetic,lunch_snack_dinner,True
max_serving_5x,synth_1000_high_carbs,synthetic,lunch_dinner,True
max_serving_5x,synth_1000_high_carbs,synthetic,lunch_only,False
max_serving_5x,synth_1000_high_carbs,synthetic,dinner_only,False
max_serving_5x,synth_1000_high_carbs,synthetic,lunch_snack,False
max_serving_5x,synth_1000_extremely_high_carbs,synthetic,full_day,False
max_serving_5x,synth_1000_extremely_high_carbs,synthetic,lunch_snack_dinner,False
max_serving_5x,synth_1000_extremely_high_carbs,synthetic,lunch_dinner,False
max_serving_5x,synth_1000_extremely_high_carbs,synthetic,lunch_only,False
max_serving_5x,synth_1000_extremely_high_carbs,synthetic,dinner_only,True
max_serving_5x,synth_1000_extremely_high_carbs,synthetic,lunch_snack,False
max_serving_5x,synth_1500_balanced,synthetic,full_day,True
max_serving_5x,synth_1500_balanced,synthetic,lunch_snack_dinner,True
max_serving_5x,synth_1500_balanced,synthetic,lunch_dinner,True
max_serving_5x,synth_1500_balanced,synthetic,lunch_only,True
max_serving_5x,synth_1500_balanced,synthetic,dinner_only,True
max_serving_5x,synth_1500_balanced,synthetic,lunch_snack,True
max_serving_5x,synth_1500_low_protein,synthetic,full_day,True
max_serving_5x,synth_1500_low_protein,synthetic,lunch_snack_dinner,True
max_serving_5x,synth_1500_low_protein,synthetic,lunch_dinner,True
max_serving_5x,synth_1500_low_protein,synthetic,lunch_only,False
max_serving_5x,synth_1500_low_protein,synthetic,dinner_only,True
max_serving_5x,synth_1500_low_protein,synthetic,lunch_snack,True
max_serving_5x,synth_1500_extremely_low_protein,synthetic,full_day,False
max_serving_5x,synth_1500_extremely_low_protein,synthetic,lunch_snack_dinner,False
max_serving_5x,synth_1500_extremely_low_protein,synthetic,lunch_dinner,False
max_serving_5x,synth_1500_extremely_low_protein,synthetic,lunch_only,False
max_serving_5x,synth_1500_extremely_low_protein,synthetic,dinner_only,False
max_serving_5x,synth_1500_extremely_low_protein,synthetic,lunch_snack,False
max_serving_5x,synth_1500_high_protein,synthetic,full_day,True
max_serving_5x,synth_1500_high_protein,synthetic,lunch_snack_dinner,True
max_serving_5x,synth_1500_high_protein,synthetic,lunch_dinner,True
max_serving_5x,synth_1500_high_protein,synthetic,lunch_only,True
max_serving_5x,synth_1500_high_protein,synthetic,dinner_only,False
max_serving_5x,synth_1500_high_protein,synthetic,lunch_snack,True
max_serving_5x,synth_1500_extremely_high_protein,synthetic,full_day,False
max_serving_5x,synth_1500_extremely_high_protein,synthetic,lunch_snack_dinner,False
max_serving_5x,synth_1500_extremely_high_protein,synthetic,lunch_dinner,False
max_serving_5x,synth_1500_extremely_high_protein,synthetic,lunch_only,True
max_serving_5x,synth_1500_extremely_high_protein,synthetic,dinner_only,False
max_serving_5x,synth_1500_extremely_high_protein,synthetic,lunch_snack,True
max_serving_5x,synth_1500_low_fat,synthetic,full_day,False
max_serving_5x,synth_1500_low_fat,synthetic,lunch_snack_dinner,False
max_serving_5x,synth_1500_low_fat,synthetic,lunch_dinner,False
max_serving_5x,synth_1500_low_fat,synthetic,lunch_only,False
max_serving_5x,synth_1500_low_fat,synthetic,dinner_only,False
max_serving_5x,synth_1500_low_fat,synthetic,lunch_snack,False
max_serving_5x,synth_1500_extremely_low_fat,synthetic,full_day,False
max_serving_5x,synth_1500_extremely_low_fat,synthetic,lunch_snack_dinner,False
max_serving_5x,synth_1500_extremely_low_fat,synthetic,lunch_dinner,False
max_serving_5x,synth_1500_extremely_low_fat,synthetic,lunch_only,False
max_serving_5x,synth_1500_extremely_low_fat,synthetic,dinner_only,False
max_serving_5x,synth_1500_extremely_low_fat,synthetic,lunch_snack,False
max_serving_5x,synth_1500_high_fat,synthetic,full_day,True
max_serving_5x,synth_1500_high_fat,synthetic,lunch_snack_dinner,False
max_serving_5x,synth_1500_high_fat,synthetic,lunch_dinner,False
max_serving_5x,synth_1500_high_fat,synthetic,lunch_only,False
max_serving_5x,synth_1500_high_fat,synthetic,dinner_only,True
max_serving_5x,synth_1500_high_fat,synthetic,lunch_snack,False
max_serving_5x,synth_1500_extremely_high_fat,synthetic,full_day,False
max_serving_5x,synth_1500_extremely_high_fat,synthetic,lunch_snack_dinner,False
max_serving_5x,synth_1500_extremely_high_fat,synthetic,lunch_dinner,False
max_serving_5x,synth_1500_extremely_high_fat,synthetic,lunch_only,False
max_serving_5x,synth_1500_extremely_high_fat,synthetic,dinner_only,False
max_serving_5x,synth_1500_extremely_high_fat,synthetic,lunch_snack,False
max_serving_5x,synth_1500_low_carbs,synthetic,full_day,True
max_serving_5x,synth_1500_low_carbs,synthetic,lunch_snack_dinner,True
max_serving_5x,synth_1500_low_carbs,synthetic,lunch_dinner,True
max_serving_5x,synth_1500_low_carbs,synthetic,lunch_only,False
max_serving_5x,synth_1500_low_carbs,synthetic,dinner_only,True
max_serving_5x,synth_1500_low_carbs,synthetic,lunch_snack,False
max_serving_5x,synth_1500_extremely_low_carbs,synthetic,full_day,False
max_serving_5x,synth_1500_extremely_low_carbs,synthetic,lunch_snack_dinner,False
max_serving_5x,synth_1500_extremely_low_carbs,synthetic,lunch_dinner,False
max_serving_5x,synth_1500_extremely_low_carbs,synthetic,lunch_only,False
max_serving_5x,synth_1500_extremely_low_carbs,synthetic,dinner_only,True
max_serving_5x,synth_1500_extremely_low_carbs,synthetic,lunch_snack,False
max_serving_5x,synth_1500_high_carbs,synthetic,full_day,True
max_serving_5x,synth_1500_high_carbs,synthetic,lunch_snack_dinner,True
max_serving_5x,synth_1500_high_carbs,synthetic,lunch_dinner,True
max_serving_5x,synth_1500_high_carbs,synthetic,lunch_only,False
max_serving_5x,synth_1500_high_carbs,synthetic,dinner_only,True
max_serving_5x,synth_1500_high_carbs,synthetic,lunch_snack,False
max_serving_5x,synth_1500_extremely_high_carbs,synthetic,full_day,False
max_serving_5x,synth_1500_extremely_high_carbs,synthetic,lunch_snack_dinner,False
max_serving_5x,synth_1500_extremely_high_carbs,synthetic,lunch_dinner,False
max_serving_5x,synth_1500_extremely_high_carbs,synthetic,lunch_only,False
max_serving_5x,synth_1500_extremely_high_carbs,synthetic,dinner_only,True
max_serving_5x,synth_1500_extremely_high_carbs,synthetic,lunch_snack,False
max_serving_5x,synth_2000_balanced,synthetic,full_day,True
max_serving_5x,synth_2000_balanced,synthetic,lunch_snack_dinner,True
max_serving_5x,synth_2000_balanced,synthetic,lunch_dinner,True
max_serving_5x,synth_2000_balanced,synthetic,lunch_only,True
max_serving_5x,synth_2000_balanced,synthetic,dinner_only,True
max_serving_5x,synth_2000_balanced,synthetic,lunch_snack,True
max_serving_5x,synth_2000_low_protein,synthetic,full_day,True
max_serving_5x,synth_2000_low_protein,synthetic,lunch_snack_dinner,True
max_serving_5x,synth_2000_low_protein,synthetic,lunch_dinner,True
max_serving_5x,synth_2000_low_protein,synthetic,lunch_only,False
max_serving_5x,synth_2000_low_protein,synthetic,dinner_only,True
max_serving_5x,synth_2000_low_protein,synthetic,lunch_snack,False
max_serving_5x,synth_2000_extremely_low_protein,synthetic,full_day,False
max_serving_5x,synth_2000_extremely_low_protein,synthetic,lunch_snack_dinner,False
max_serving_5x,synth_2000_extremely_low_protein,synthetic,lunch_dinner,False
max_serving_5x,synth_2000_extremely_low_protein,synthetic,lunch_only,False
max_serving_5x,synth_2000_extremely_low_protein,synthetic,dinner_only,False
max_serving_5x,synth_2000_extremely_low_protein,synthetic,lunch_snack,False
max_serving_5x,synth_2000_high_protein,synthetic,full_day,True
max_serving_5x,synth_2000_high_protein,synthetic,lunch_snack_dinner,True
max_serving_5x,synth_2000_high_protein,synthetic,lunch_dinner,True
max_serving_5x,synth_2000_high_protein,synthetic,lunch_only,True
max_serving_5x,synth_2000_high_protein,synthetic,dinner_only,False
max_serving_5x,synth_2000_high_protein,synthetic,lunch_snack,True
max_serving_5x,synth_2000_extremely_high_protein,synthetic,full_day,True
max_serving_5x,synth_2000_extremely_high_protein,synthetic,lunch_snack_dinner,False
max_serving_5x,synth_2000_extremely_high_protein,synthetic,lunch_dinner,False
max_serving_5x,synth_2000_extremely_high_protein,synthetic,lunch_only,True
max_serving_5x,synth_2000_extremely_high_protein,synthetic,dinner_only,False
max_serving_5x,synth_2000_extremely_high_protein,synthetic,lunch_snack,True
max_serving_5x,synth_2000_low_fat,synthetic,full_day,True
max_serving_5x,synth_2000_low_fat,synthetic,lunch_snack_dinner,True
max_serving_5x,synth_2000_low_fat,synthetic,lunch_dinner,True
max_serving_5x,synth_2000_low_fat,synthetic,lunch_only,False
max_serving_5x,synth_2000_low_fat,synthetic,dinner_only,False
max_serving_5x,synth_2000_low_fat,synthetic,lunch_snack,False
max_serving_5x,synth_2000_extremely_low_fat,synthetic,full_day,False
max_serving_5x,synth_2000_extremely_low_fat,synthetic,lunch_snack_dinner,False
max_serving_5x,synth_2000_extremely_low_fat,synthetic,lunch_dinner,False
max_serving_5x,synth_2000_extremely_low_fat,synthetic,lunch_only,False
max_serving_5x,synth_2000_extremely_low_fat,synthetic,dinner_only,False
max_serving_5x,synth_2000_extremely_low_fat,synthetic,lunch_snack,False
max_serving_5x,synth_2000_high_fat,synthetic,full_day,True
max_serving_5x,synth_2000_high_fat,synthetic,lunch_snack_dinner,True
max_serving_5x,synth_2000_high_fat,synthetic,lunch_dinner,True
max_serving_5x,synth_2000_high_fat,synthetic,lunch_only,False
max_serving_5x,synth_2000_high_fat,synthetic,dinner_only,True
max_serving_5x,synth_2000_high_fat,synthetic,lunch_snack,False
max_serving_5x,synth_2000_extremely_high_fat,synthetic,full_day,False
max_serving_5x,synth_2000_extremely_high_fat,synthetic,lunch_snack_dinner,False
max_serving_5x,synth_2000_extremely_high_fat,synthetic,lunch_dinner,False
max_serving_5x,synth_2000_extremely_high_fat,synthetic,lunch_only,False
max_serving_5x,synth_2000_extremely_high_fat,synthetic,dinner_only,False
max_serving_5x,synth_2000_extremely_high_fat,synthetic,lunch_snack,False
max_serving_5x,synth_2000_low_carbs,synthetic,full_day,True
max_serving_5x,synth_2000_low_carbs,synthetic,lunch_snack_dinner,True
max_serving_5x,synth_2000_low_carbs,synthetic,lunch_dinner,True
max_serving_5x,synth_2000_low_carbs,synthetic,lunch_only,False
max_serving_5x,synth_2000_low_carbs,synthetic,dinner_only,True
max_serving_5x,synth_2000_low_carbs,synthetic,lunch_snack,False
max_serving_5x,synth_2000_extremely_low_carbs,synthetic,full_day,False
max_serving_5x,synth_2000_extremely_low_carbs,synthetic,lunch_snack_dinner,False
max_serving_5x,synth_2000_extremely_low_carbs,synthetic,lunch_dinner,True
max_serving_5x,synth_2000_extremely_low_carbs,synthetic,lunch_only,False
max_serving_5x,synth_2000_extremely_low_carbs,synthetic,dinner_only,True
max_serving_5x,synth_2000_extremely_low_carbs,synthetic,lunch_snack,False
max_serving_5x,synth_2000_high_carbs,synthetic,full_day,True
max_serving_5x,synth_2000_high_carbs,synthetic,lunch_snack_dinner,True
max_serving_5x,synth_2000_high_carbs,synthetic,lunch_dinner,True
max_serving_5x,synth_2000_high_carbs,synthetic,lunch_only,False
max_serving_5x,synth_2000_high_carbs,synthetic,dinner_only,True
max_serving_5x,synth_2000_high_carbs,synthetic,lunch_snack,False
max_serving_5x,synth_2000_extremely_high_carbs,synthetic,full_day,False
max_serving_5x,synth_2000_extremely_high_carbs,synthetic,lunch_snack_dinner,False
max_serving_5x,synth_2000_extremely_high_carbs,synthetic,lunch_dinner,False
max_serving_5x,synth_2000_extremely_high_carbs,synthetic,lunch_only,False
max_serving_5x,synth_2000_extremely_high_carbs,synthetic,dinner_only,True
max_serving_5x,synth_2000_extremely_high_carbs,synthetic,lunch_snack,False
max_serving_5x,synth_2500_balanced,synthetic,full_day,True
max_serving_5x,synth_2500_balanced,synthetic,lunch_snack_dinner,True
max_serving_5x,synth_2500_balanced,synthetic,lunch_dinner,True
max_serving_5x,synth_2500_balanced,synthetic,lunch_only,True
max_serving_5x,synth_2500_balanced,synthetic,dinner_only,True
max_serving_5x,synth_2500_balanced,synthetic,lunch_snack,True
max_serving_5x,synth_2500_low_protein,synthetic,full_day,True
max_serving_5x,synth_2500_low_protein,synthetic,lunch_snack_dinner,True
max_serving_5x,synth_2500_low_protein,synthetic,lunch_dinner,True
max_serving_5x,synth_2500_low_protein,synthetic,lunch_only,False
max_serving_5x,synth_2500_low_protein,synthetic,dinner_only,True
max_serving_5x,synth_2500_low_protein,synthetic,lunch_snack,False
max_serving_5x,synth_2500_extremely_low_protein,synthetic,full_day,False
max_serving_5x,synth_2500_extremely_low_protein,synthetic,lunch_snack_dinner,False
max_serving_5x,synth_2500_extremely_low_protein,synthetic,lunch_dinner,False
max_serving_5x,synth_2500_extremely_low_protein,synthetic,lunch_only,False
max_serving_5x,synth_2500_extremely_low_protein,synthetic,dinner_only,True
max_serving_5x,synth_2500_extremely_low_protein,synthetic,lunch_snack,False
max_serving_5x,synth_2500_high_protein,synthetic,full_day,True
max_serving_5x,synth_2500_high_protein,synthetic,lunch_snack_dinner,True
max_serving_5x,synth_2500_high_protein,synthetic,lunch_dinner,True
max_serving_5x,synth_2500_high_protein,synthetic,lunch_only,True
max_serving_5x,synth_2500_high_protein,synthetic,dinner_only,False
max_serving_5x,synth_2500_high_protein,synthetic,lunch_snack,True
max_serving_5x,synth_2500_extremely_high_protein,synthetic,full_day,True
max_serving_5x,synth_2500_extremely_high_protein,synthetic,lunch_snack_dinner,True
max_serving_5x,synth_2500_extremely_high_protein,synthetic,lunch_dinner,True
max_serving_5x,synth_2500_extremely_high_protein,synthetic,lunch_only,True
max_serving_5x,synth_2500_extremely_high_protein,synthetic,dinner_only,False
max_serving_5x,synth_2500_extremely_high_protein,synthetic,lunch_snack,True
max_serving_5x,synth_2500_low_fat,synthetic,full_day,True
max_serving_5x,synth_2500_low_fat,synthetic,lunch_snack_dinner,True
max_serving_5x,synth_2500_low_fat,synthetic,lunch_dinner,True
max_serving_5x,synth_2500_low_fat,synthetic,lunch_only,False
max_serving_5x,synth_2500_low_fat,synthetic,dinner_only,False
max_serving_5x,synth_2500_low_fat,synthetic,lunch_snack,False
max_serving_5x,synth_2500_extremely_low_fat,synthetic,full_day,False
max_serving_5x,synth_2500_extremely_low_fat,synthetic,lunch_snack_dinner,False
max_serving_5x,synth_2500_extremely_low_fat,synthetic,lunch_dinner,False
max_serving_5x,synth_2500_extremely_low_fat,synthetic,lunch_only,False
max_serving_5x,synth_2500_extremely_low_fat,synthetic,dinner_only,False
max_serving_5x,synth_2500_extremely_low_fat,synthetic,lunch_snack,False
max_serving_5x,synth_2500_high_fat,synthetic,full_day,True
max_serving_5x,synth_2500_high_fat,synthetic,lunch_snack_dinner,True
max_serving_5x,synth_2500_high_fat,synthetic,lunch_dinner,True
max_serving_5x,synth_2500_high_fat,synthetic,lunch_only,False
max_serving_5x,synth_2500_high_fat,synthetic,dinner_only,True
max_serving_5x,synth_2500_high_fat,synthetic,lunch_snack,False
max_serving_5x,synth_2500_extremely_high_fat,synthetic,full_day,False
max_serving_5x,synth_2500_extremely_high_fat,synthetic,lunch_snack_dinner,False
max_serving_5x,synth_2500_extremely_high_fat,synthetic,lunch_dinner,False
max_serving_5x,synth_2500_extremely_high_fat,synthetic,lunch_only,False
max_serving_5x,synth_2500_extremely_high_fat,synthetic,dinner_only,False
max_serving_5x,synth_2500_extremely_high_fat,synthetic,lunch_snack,False
max_serving_5x,synth_2500_low_carbs,synthetic,full_day,True
max_serving_5x,synth_2500_low_carbs,synthetic,lunch_snack_dinner,True
max_serving_5x,synth_2500_low_carbs,synthetic,lunch_dinner,True
max_serving_5x,synth_2500_low_carbs,synthetic,lunch_only,True
max_serving_5x,synth_2500_low_carbs,synthetic,dinner_only,True
max_serving_5x,synth_2500_low_carbs,synthetic,lunch_snack,True
max_serving_5x,synth_2500_extremely_low_carbs,synthetic,full_day,True
max_serving_5x,synth_2500_extremely_low_carbs,synthetic,lunch_snack_dinner,True
max_serving_5x,synth_2500_extremely_low_carbs,synthetic,lunch_dinner,True
max_serving_5x,synth_2500_extremely_low_carbs,synthetic,lunch_only,False
max_serving_5x,synth_2500_extremely_low_carbs,synthetic,dinner_only,True
max_serving_5x,synth_2500_extremely_low_carbs,synthetic,lunch_snack,False
max_serving_5x,synth_2500_high_carbs,synthetic,full_day,True
max_serving_5x,synth_2500_high_carbs,synthetic,lunch_snack_dinner,True
max_serving_5x,synth_2500_high_carbs,synthetic,lunch_dinner,True
max_serving_5x,synth_2500_high_carbs,synthetic,lunch_only,False
max_serving_5x,synth_2500_high_carbs,synthetic,dinner_only,True
max_serving_5x,synth_2500_high_carbs,synthetic,lunch_snack,False
max_serving_5x,synth_2500_extremely_high_carbs,synthetic,full_day,False
max_serving_5x,synth_2500_extremely_high_carbs,synthetic,lunch_snack_dinner,False
max_serving_5x,synth_2500_extremely_high_carbs,synthetic,lunch_dinner,False
max_serving_5x,synth_2500_extremely_high_carbs,synthetic,lunch_only,False
max_serving_5x,synth_2500_extremely_high_carbs,synthetic,dinner_only,True
max_serving_5x,synth_2500_extremely_high_carbs,synthetic,lunch_snack,False
max_serving_5x,synth_3000_balanced,synthetic,full_day,True
max_serving_5x,synth_3000_balanced,synthetic,lunch_snack_dinner,True
max_serving_5x,synth_3000_balanced,synthetic,lunch_dinner,True
max_serving_5x,synth_3000_balanced,synthetic,lunch_only,False
max_serving_5x,synth_3000_balanced,synthetic,dinner_only,True
max_serving_5x,synth_3000_balanced,synthetic,lunch_snack,True
max_serving_5x,synth_3000_low_protein,synthetic,full_day,True
max_serving_5x,synth_3000_low_protein,synthetic,lunch_snack_dinner,True
max_serving_5x,synth_3000_low_protein,synthetic,lunch_dinner,True
max_serving_5x,synth_3000_low_protein,synthetic,lunch_only,False
max_serving_5x,synth_3000_low_protein,synthetic,dinner_only,True
max_serving_5x,synth_3000_low_protein,synthetic,lunch_snack,False
max_serving_5x,synth_3000_extremely_low_protein,synthetic,full_day,False
max_serving_5x,synth_3000_extremely_low_protein,synthetic,lunch_snack_dinner,False
max_serving_5x,synth_3000_extremely_low_protein,synthetic,lunch_dinner,False
max_serving_5x,synth_3000_extremely_low_protein,synthetic,lunch_only,False
max_serving_5x,synth_3000_extremely_low_protein,synthetic,dinner_only,True
max_serving_5x,synth_3000_extremely_low_protein,synthetic,lunch_snack,False
max_serving_5x,synth_3000_high_protein,synthetic,full_day,True
max_serving_5x,synth_3000_high_protein,synthetic,lunch_snack_dinner,True
max_serving_5x,synth_3000_high_protein,synthetic,lunch_dinner,True
max_serving_5x,synth_3000_high_protein,synthetic,lunch_only,True
max_serving_5x,synth_3000_high_protein,synthetic,dinner_only,False
max_serving_5x,synth_3000_high_protein,synthetic,lunch_snack,True
max_serving_5x,synth_3000_extremely_high_protein,synthetic,full_day,True
max_serving_5x,synth_3000_extremely_high_protein,synthetic,lunch_snack_dinner,True
max_serving_5x,synth_3000_extremely_high_protein,synthetic,lunch_dinner,True
max_serving_5x,synth_3000_extremely_high_protein,synthetic,lunch_only,True
max_serving_5x,synth_3000_extremely_high_protein,synthetic,dinner_only,False
max_serving_5x,synth_3000_extremely_high_protein,synthetic,lunch_snack,True
max_serving_5x,synth_3000_low_fat,synthetic,full_day,True
max_serving_5x,synth_3000_low_fat,synthetic,lunch_snack_dinner,True
max_serving_5x,synth_3000_low_fat,synthetic,lunch_dinner,True
max_serving_5x,synth_3000_low_fat,synthetic,lunch_only,False
max_serving_5x,synth_3000_low_fat,synthetic,dinner_only,False
max_serving_5x,synth_3000_low_fat,synthetic,lunch_snack,False
max_serving_5x,synth_3000_extremely_low_fat,synthetic,full_day,False
max_serving_5x,synth_3000_extremely_low_fat,synthetic,lunch_snack_dinner,False
max_serving_5x,synth_3000_extremely_low_fat,synthetic,lunch_dinner,False
max_serving_5x,synth_3000_extremely_low_fat,synthetic,lunch_only,False
max_serving_5x,synth_3000_extremely_low_fat,synthetic,dinner_only,False
max_serving_5x,synth_3000_extremely_low_fat,synthetic,lunch_snack,False
max_serving_5x,synth_3000_high_fat,synthetic,full_day,True
max_serving_5x,synth_3000_high_fat,synthetic,lunch_snack_dinner,True
max_serving_5x,synth_3000_high_fat,synthetic,lunch_dinner,True
max_serving_5x,synth_3000_high_fat,synthetic,lunch_only,False
max_serving_5x,synth_3000_high_fat,synthetic,dinner_only,True
max_serving_5x,synth_3000_high_fat,synthetic,lunch_snack,False
max_serving_5x,synth_3000_extremely_high_fat,synthetic,full_day,True
max_serving_5x,synth_3000_extremely_high_fat,synthetic,lunch_snack_dinner,False
max_serving_5x,synth_3000_extremely_high_fat,synthetic,lunch_dinner,False
max_serving_5x,synth_3000_extremely_high_fat,synthetic,lunch_only,False
max_serving_5x,synth_3000_extremely_high_fat,synthetic,dinner_only,False
max_serving_5x,synth_3000_extremely_high_fat,synthetic,lunch_snack,False
max_serving_5x,synth_3000_low_carbs,synthetic,full_day,True
max_serving_5x,synth_3000_low_carbs,synthetic,lunch_snack_dinner,True
max_serving_5x,synth_3000_low_carbs,synthetic,lunch_dinner,True
max_serving_5x,synth_3000_low_carbs,synthetic,lunch_only,True
max_serving_5x,synth_3000_low_carbs,synthetic,dinner_only,True
max_serving_5x,synth_3000_low_carbs,synthetic,lunch_snack,True
max_serving_5x,synth_3000_extremely_low_carbs,synthetic,full_day,True
max_serving_5x,synth_3000_extremely_low_carbs,synthetic,lunch_snack_dinner,True
max_serving_5x,synth_3000_extremely_low_carbs,synthetic,lunch_dinner,True
max_serving_5x,synth_3000_extremely_low_carbs,synthetic,lunch_only,False
max_serving_5x,synth_3000_extremely_low_carbs,synthetic,dinner_only,True
max_serving_5x,synth_3000_extremely_low_carbs,synthetic,lunch_snack,False
max_serving_5x,synth_3000_high_carbs,synthetic,full_day,True
max_serving_5x,synth_3000_high_carbs,synthetic,lunch_snack_dinner,True
max_serving_5x,synth_3000_high_carbs,synthetic,lunch_dinner,True
max_serving_5x,synth_3000_high_carbs,synthetic,lunch_only,False
max_serving_5x,synth_3000_high_carbs,synthetic,dinner_only,True
max_serving_5x,synth_3000_high_carbs,synthetic,lunch_snack,False
max_serving_5x,synth_3000_extremely_high_carbs,synthetic,full_day,False
max_serving_5x,synth_3000_extremely_high_carbs,synthetic,lunch_snack_dinner,False
max_serving_5x,synth_3000_extremely_high_carbs,synthetic,lunch_dinner,False
max_serving_5x,synth_3000_extremely_high_carbs,synthetic,lunch_only,False
max_serving_5x,synth_3000_extremely_high_carbs,synthetic,dinner_only,True
max_serving_5x,synth_3000_extremely_high_carbs,synthetic,lunch_snack,False
max_serving_5x,synth_3500_balanced,synthetic,full_day,True
max_serving_5x,synth_3500_balanced,synthetic,lunch_snack_dinner,True
max_serving_5x,synth_3500_balanced,synthetic,lunch_dinner,True
max_serving_5x,synth_3500_balanced,synthetic,lunch_only,False
max_serving_5x,synth_3500_balanced,synthetic,dinner_only,True
max_serving_5x,synth_3500_balanced,synthetic,lunch_snack,True
max_serving_5x,synth_3500_low_protein,synthetic,full_day,True
max_serving_5x,synth_3500_low_protein,synthetic,lunch_snack_dinner,True
max_serving_5x,synth_3500_low_protein,synthetic,lunch_dinner,True
max_serving_5x,synth_3500_low_protein,synthetic,lunch_only,False
max_serving_5x,synth_3500_low_protein,synthetic,dinner_only,True
max_serving_5x,synth_3500_low_protein,synthetic,lunch_snack,False
max_serving_5x,synth_3500_extremely_low_protein,synthetic,full_day,False
max_serving_5x,synth_3500_extremely_low_protein,synthetic,lunch_snack_dinner,False
max_serving_5x,synth_3500_extremely_low_protein,synthetic,lunch_dinner,False
max_serving_5x,synth_3500_extremely_low_protein,synthetic,lunch_only,False
max_serving_5x,synth_3500_extremely_low_protein,synthetic,dinner_only,True
max_serving_5x,synth_3500_extremely_low_protein,synthetic,lunch_snack,False
max_serving_5x,synth_3500_high_protein,synthetic,full_day,True
max_serving_5x,synth_3500_high_protein,synthetic,lunch_snack_dinner,True
max_serving_5x,synth_3500_high_protein,synthetic,lunch_dinner,True
max_serving_5x,synth_3500_high_protein,synthetic,lunch_only,True
max_serving_5x,synth_3500_high_protein,synthetic,dinner_only,False
max_serving_5x,synth_3500_high_protein,synthetic,lunch_snack,True
max_serving_5x,synth_3500_extremely_high_protein,synthetic,full_day,True
max_serving_5x,synth_3500_extremely_high_protein,synthetic,lunch_snack_dinner,True
max_serving_5x,synth_3500_extremely_high_protein,synthetic,lunch_dinner,True
max_serving_5x,synth_3500_extremely_high_protein,synthetic,lunch_only,True
max_serving_5x,synth_3500_extremely_high_protein,synthetic,dinner_only,False
max_serving_5x,synth_3500_extremely_high_protein,synthetic,lunch_snack,True
max_serving_5x,synth_3500_low_fat,synthetic,full_day,True
max_serving_5x,synth_3500_low_fat,synthetic,lunch_snack_dinner,True
max_serving_5x,synth_3500_low_fat,synthetic,lunch_dinner,True
max_serving_5x,synth_3500_low_fat,synthetic,lunch_only,False
max_serving_5x,synth_3500_low_fat,synthetic,dinner_only,False
max_serving_5x,synth_3500_low_fat,synthetic,lunch_snack,False
max_serving_5x,synth_3500_extremely_low_fat,synthetic,full_day,False
max_serving_5x,synth_3500_extremely_low_fat,synthetic,lunch_snack_dinner,False
max_serving_5x,synth_3500_extremely_low_fat,synthetic,lunch_dinner,False
max_serving_5x,synth_3500_extremely_low_fat,synthetic,lunch_only,False
max_serving_5x,synth_3500_extremely_low_fat,synthetic,dinner_only,False
max_serving_5x,synth_3500_extremely_low_fat,synthetic,lunch_snack,False
max_serving_5x,synth_3500_high_fat,synthetic,full_day,True
max_serving_5x,synth_3500_high_fat,synthetic,lunch_snack_dinner,True
max_serving_5x,synth_3500_high_fat,synthetic,lunch_dinner,True
max_serving_5x,synth_3500_high_fat,synthetic,lunch_only,False
max_serving_5x,synth_3500_high_fat,synthetic,dinner_only,True
max_serving_5x,synth_3500_high_fat,synthetic,lunch_snack,False
max_serving_5x,synth_3500_extremely_high_fat,synthetic,full_day,True
max_serving_5x,synth_3500_extremely_high_fat,synthetic,lunch_snack_dinner,False
max_serving_5x,synth_3500_extremely_high_fat,synthetic,lunch_dinner,False
max_serving_5x,synth_3500_extremely_high_fat,synthetic,lunch_only,False
max_serving_5x,synth_3500_extremely_high_fat,synthetic,dinner_only,False
max_serving_5x,synth_3500_extremely_high_fat,synthetic,lunch_snack,False
max_serving_5x,synth_3500_low_carbs,synthetic,full_day,True
max_serving_5x,synth_3500_low_carbs,synthetic,lunch_snack_dinner,True
max_serving_5x,synth_3500_low_carbs,synthetic,lunch_dinner,True
max_serving_5x,synth_3500_low_carbs,synthetic,lunch_only,True
max_serving_5x,synth_3500_low_carbs,synthetic,dinner_only,True
max_serving_5x,synth_3500_low_carbs,synthetic,lunch_snack,True
max_serving_5x,synth_3500_extremely_low_carbs,synthetic,full_day,True
max_serving_5x,synth_3500_extremely_low_carbs,synthetic,lunch_snack_dinner,True
max_serving_5x,synth_3500_extremely_low_carbs,synthetic,lunch_dinner,True
max_serving_5x,synth_3500_extremely_low_carbs,synthetic,lunch_only,False
max_serving_5x,synth_3500_extremely_low_carbs,synthetic,dinner_only,True
max_serving_5x,synth_3500_extremely_low_carbs,synthetic,lunch_snack,False
max_serving_5x,synth_3500_high_carbs,synthetic,full_day,True
max_serving_5x,synth_3500_high_carbs,synthetic,lunch_snack_dinner,True
max_serving_5x,synth_3500_high_carbs,synthetic,lunch_dinner,True
max_serving_5x,synth_3500_high_carbs,synthetic,lunch_only,False
max_serving_5x,synth_3500_high_carbs,synthetic,dinner_only,True
max_serving_5x,synth_3500_high_carbs,synthetic,lunch_snack,False
max_serving_5x,synth_3500_extremely_high_carbs,synthetic,full_day,False
max_serving_5x,synth_3500_extremely_high_carbs,synthetic,lunch_snack_dinner,False
max_serving_5x,synth_3500_extremely_high_carbs,synthetic,lunch_dinner,False
max_serving_5x,synth_3500_extremely_high_carbs,synthetic,lunch_only,False
max_serving_5x,synth_3500_extremely_high_carbs,synthetic,dinner_only,True
max_serving_5x,synth_3500_extremely_high_carbs,synthetic,lunch_snack,False
