version,day_id,date,meal_types,target_kcal,target_protein_g,target_carbs_g,target_fat_g,actual_kcal,actual_protein_g,actual_carbs_g,actual_fat_g,dev_kcal_pct,dev_protein_pct,dev_carbs_pct,dev_fat_pct,prod_kcal,prod_protein_g,prod_carbs_g,prod_fat_g,prod_dev_kcal_pct,prod_dev_protein_pct,prod_dev_carbs_pct,prod_dev_fat_pct,solve_mode,tolerance_tier,culinary_pass,serving_step,wall_time_ms,lp_attempts,culinary_cap_adherent,max_subrecipe_kcal_share_pct,max_subrecipe_servings
v3,138,2025-11-26,breakfast|dinner|lunch,1200.0,90.0,135.0,33.3,1216,103,139,27,1.3,14.4,3.0,-18.9,991.9000000000001,87.25999999999999,115.77000000000001,20.21,-17.3,-3.0,-14.2,-39.3,strict_relaxed_tol,0.1,strict,0.5,398.99,4,False,26.7,2.0
v3,139,2025-11-27,breakfast|dinner|lunch,1200.0,90.0,135.0,33.3,1204,90,123,39,0.3,0.0,-8.9,17.1,1154.35,90.89000000000001,106.99999999999999,37.120000000000005,-3.8,1.0,-20.7,11.5,strict_relaxed_tol,0.15,strict,0.5,520.56,6,False,26.1,3.0
v3,140,2025-11-28,breakfast|dinner|lunch,1200.0,90.0,135.0,33.3,1182,101,124,31,-1.5,12.2,-8.1,-6.9,1016.6499999999999,76.56,117.8,24.32,-15.3,-14.9,-12.7,-27.0,strict_tight,0.08,strict,0.5,268.79,2,True,18.4,1.5
v3,141,2025-12-01,breakfast|dinner|lunch,1200.0,90.0,135.0,33.3,1185,92,135,31,-1.2,2.2,0.0,-6.9,1056.25,83.24000000000001,128.56,21.560000000000002,-12.0,-7.5,-4.8,-35.3,strict_tight,0.08,strict,1.0,128.56,1,True,22.5,4.0
v3,171,2025-12-08,breakfast|dinner|lunch,1300.0,97.5,130.0,43.3,1361,107,138,42,4.7,9.7,6.2,-3.0,1063.2,77.02,125.82999999999998,24.32,-18.2,-21.0,-3.2,-43.8,strict_tight,0.08,strict,1.0,86.66,1,False,30.7,2.0
v3,172,2025-12-09,breakfast|dinner|lunch|snack,1300.0,97.5,130.0,43.3,1287,98,131,41,-1.0,0.5,0.8,-5.3,1301.3000000000002,100.39,136.52,37.01,0.1,3.0,5.0,-14.5,strict_tight,0.08,strict,1.0,106.89,1,True,22.9,7.0
v3,173,2025-12-10,breakfast|dinner|lunch,1300.0,97.5,130.0,43.3,1345,97,138,45,3.5,-0.5,6.2,3.9,1083.8,86.01,111.98000000000002,32.06,-16.6,-11.8,-13.9,-26.0,strict_tight,0.08,strict,1.0,133.7,1,True,20.9,3.0
v3,174,2025-12-11,breakfast|dinner|lunch,1300.0,97.5,130.0,43.3,1288,117,128,34,-0.9,20.0,-1.5,-21.5,1193.4,93.74999999999999,147.63,20.35,-8.2,-3.8,13.6,-53.0,strict_relaxed_tol,0.2,strict,0.5,627.64,8,False,60.2,2.5
v3,233,2026-02-19,lunch,600.0,37.5,82.5,13.3,615,43,68,19,2.5,14.7,-17.6,42.9,614.03,35.99,81.53999999999999,15.989999999999998,2.3,-4.0,-1.2,20.2,single_meal_kcal_only,0.08,strict,1.0,90.58,1,True,45.2,2.0
v3,327,2026-04-06,breakfast|dinner|lunch|snack,1200.0,90.0,120.0,40.0,1203,90,120,40,0.2,0.0,0.0,0.0,1215.58,91.19999999999999,119.50999999999999,41.42,1.3,1.3,-0.4,3.6,strict_tight,0.08,strict,0.5,287.32,2,True,19.8,2.0
v3,234,2026-02-09,lunch,700.0,52.5,70.0,23.3,687,53,78,18,-1.9,1.0,11.4,-22.7,681.4200000000001,62.08,66.55999999999999,18.54,-2.7,18.2,-4.9,-20.4,single_meal_kcal_only,0.08,strict,1.0,77.14,1,True,59.5,2.0
v3,210,2026-01-16,dinner|lunch,1000.0,75.0,100.0,33.3,928,81,89,28,-7.2,8.0,-11.0,-15.9,804.09,60.2,78.31,27.79,-19.6,-19.7,-21.7,-16.5,strict_relaxed_tol,0.15,strict,1.0,477.09,5,True,28.7,1.0
v3,179,2025-12-08,breakfast|dinner|lunch,2400.0,180.0,240.0,80.0,2282,197,218,69,-4.9,9.4,-9.2,-13.8,1924.75,140.48999999999998,218.10000000000002,51.779999999999994,-19.8,-22.0,-9.1,-35.3,strict_relaxed_tol,0.1,strict,0.5,509.28,4,False,32.0,3.5
v3,180,2025-12-09,breakfast|dinner|lunch,2400.0,180.0,240.0,80.0,2382,179,236,80,-0.8,-0.6,-1.7,0.0,2236.9,167.0,223.2,69.46,-6.8,-7.2,-7.0,-13.2,strict_tight,0.08,strict,1.0,260.84,1,True,24.8,4.0
v3,152,2025-12-08,breakfast|dinner|lunch,1800.0,135.0,180.0,60.0,1788,136,177,60,-0.7,0.7,-1.7,0.0,1570.2,115.85000000000002,169.71999999999997,46.129999999999995,-12.8,-14.2,-5.7,-23.1,strict_tight,0.08,strict,1.0,285.37,1,True,33.1,2.0
v3,153,2025-12-09,breakfast|dinner|lunch|snack,1800.0,135.0,180.0,60.0,1810,152,178,54,0.6,12.6,-1.1,-10.0,1696.0,134.47,178.96,42.739999999999995,-5.8,-0.4,-0.6,-28.8,strict_tight,0.08,strict,0.5,317.84,2,True,36.2,7.0
v3,154,2025-12-10,breakfast|dinner|lunch,1800.0,135.0,180.0,60.0,1778,134,179,58,-1.2,-0.7,-0.6,-3.3,1669.2,134.07,161.76,51.1,-7.3,-0.7,-10.1,-14.8,strict_tight,0.08,strict,1.0,266.73,1,False,26.7,9.0
v3,155,2025-12-11,breakfast|dinner|lunch|snack,1800.0,135.0,180.0,60.0,1780,134,177,60,-1.1,-0.7,-1.7,0.0,1776.1,137.04000000000002,181.91,51.86,-1.3,1.5,1.1,-13.6,strict_tight,0.08,strict,1.0,195.24,1,True,31.6,10.0
v3,181,2025-12-10,breakfast|dinner|lunch|snack,2400.0,180.0,240.0,80.0,2405,190,239,77,0.2,5.6,-0.4,-3.8,2349.85,179.97,239.85,67.25999999999999,-2.1,-0.0,-0.1,-15.9,strict_tight,0.08,strict,1.0,153.08,1,True,32.0,3.0
v3,182,2025-12-11,breakfast|dinner|lunch,2400.0,180.0,240.0,80.0,2419,183,239,81,0.8,1.7,-0.4,1.2,1995.4,176.01,184.82,57.519999999999996,-16.9,-2.2,-23.0,-28.1,strict_tight,0.08,strict,1.0,215.93,1,True,36.6,3.0
v3,211,2026-01-19,dinner|lunch|snack,1000.0,75.0,100.0,33.3,962,72,100,30,-3.8,-4.0,0.0,-9.9,928.8700000000001,64.06,105.67999999999999,27.79,-7.1,-14.6,5.7,-16.5,strict_tight,0.08,strict,1.0,145.76,1,True,26.7,2.0
v3,212,2026-01-20,dinner|lunch,1000.0,75.0,100.0,33.3,967,74,93,33,-3.3,-1.3,-7.0,-0.9,769.14,56.41,73.84,27.58,-23.1,-24.8,-26.2,-17.2,strict_tight,0.08,strict,0.5,302.74,2,True,36.3,1.5
v3,213,2026-01-21,dinner|lunch,1000.0,75.0,100.0,33.3,997,78,75,43,-0.3,4.0,-25.0,29.1,628.53,50.47,56.959999999999994,22.090000000000003,-37.1,-32.7,-43.0,-33.7,best_effort_lp,BEST_EFFORT_LP,relaxed,1.0,1776.36,17,True,51.6,2.0
v3,214,2026-01-19,breakfast|dinner|lunch|snack,1980.0,120.0,240.0,60.0,1934,138,229,52,-2.3,15.0,-4.6,-13.3,1977.18,121.2,238.61,59.78,-0.1,1.0,-0.6,-0.4,strict_tight,0.08,strict,1.0,120.65,1,True,32.1,2.0
v3,215,2026-01-20,breakfast|dinner|lunch|snack,1980.0,120.0,240.0,60.0,1978,121,194,80,-0.1,0.8,-19.2,33.3,2111.81,129.13,223.31,78.00999999999999,6.7,7.6,-7.0,30.0,best_effort_lp,BEST_EFFORT_LP,relaxed,1.0,2320.39,17,True,26.4,3.0
v3,216,2026-01-21,breakfast|dinner|lunch|snack,1980.0,120.0,240.0,60.0,1776,117,250,34,-10.3,-2.5,4.2,-43.3,1848.2099999999998,131.80999999999997,242.5,39.01,-6.7,9.8,1.0,-35.0,best_effort_lp,BEST_EFFORT_LP,relaxed,1.0,2473.27,17,True,35.4,3.0
v3,235,2026-02-10,lunch,700.0,52.5,70.0,23.3,710,46,99,15,1.4,-12.4,41.4,-35.6,648.37,51.07,70.05000000000001,18.21,-7.4,-2.7,0.1,-21.8,single_meal_kcal_only,0.08,strict,1.0,130.23,1,True,44.2,3.0
v3,236,2026-02-11,lunch,700.0,52.5,70.0,23.3,716,54,83,18,2.3,2.9,18.6,-22.7,694.56,53.6,78.76,18.36,-0.8,2.1,12.5,-21.2,single_meal_kcal_only,0.08,strict,1.0,127.58,1,True,56.2,2.0
v3,533,2026-05-18,dinner|lunch|snack,1500.0,140.0,122.5,50.0,1485,159,123,40,-1.0,13.6,0.4,-20.0,1456.49,157.11,118.96000000000001,39.15,-2.9,12.2,-2.9,-21.7,strict_relaxed_tol,0.2,strict,1.0,831.65,7,True,41.6,2.0
v3,237,2026-02-12,lunch,700.0,52.5,70.0,23.3,736,79,68,17,5.1,50.5,-2.9,-27.0,718.0600000000001,79.05,64.15,16.16,2.6,50.6,-8.4,-30.6,single_meal_kcal_only,0.08,strict,1.0,82.36,1,True,64.5,2.0
v3,238,2026-02-13,lunch,700.0,52.5,70.0,23.3,678,49,63,26,-3.1,-6.7,-10.0,11.6,718.3199999999999,52.82000000000001,59.72,29.8,2.6,0.6,-14.7,27.9,single_meal_kcal_only,0.08,strict,1.0,88.04,1,True,68.9,2.0
v3,192,2025-12-22,breakfast|dinner|snack,1500.0,112.5,168.8,41.7,1404,121,169,27,-6.4,7.6,0.1,-35.3,832.75,67.74,110.09,12.180000000000001,-44.5,-39.8,-34.8,-70.8,best_effort_lp,BEST_EFFORT_LP,relaxed,1.0,2483.36,17,True,37.9,2.0
v3,193,2025-12-23,breakfast|dinner|lunch|snack,2250.0,200.0,250.0,50.0,2281,201,248,54,1.4,0.5,-0.8,8.0,1504.65,111.85,169.10999999999999,34.42,-33.1,-44.1,-32.4,-31.2,strict_tight,0.08,strict,1.0,260.1,1,True,18.3,6.0
v3,194,2025-12-24,breakfast|dinner|lunch,2250.0,200.0,250.0,50.0,2318,182,264,59,3.0,-9.0,5.6,18.0,1295.75,89.81,148.4,33.46,-42.4,-55.1,-40.6,-33.1,strict_tight,0.08,strict,1.0,164.48,1,False,40.2,5.0
v3,195,2025-12-25,breakfast|dinner|lunch,2250.0,200.0,250.0,50.0,2192,205,251,41,-2.6,2.5,0.4,-18.0,1187.15,105.58999999999997,138.6,21.82,-47.2,-47.2,-44.6,-56.4,strict_tight,0.08,strict,1.0,213.15,1,False,48.6,4.0
v3,196,2025-12-26,breakfast|dinner|lunch|snack,2250.0,200.0,250.0,50.0,2322,205,247,57,3.2,2.5,-1.2,14.0,1534.9,110.28,169.26000000000002,42.1,-31.8,-44.9,-32.3,-15.8,strict_tight,0.08,strict,1.0,211.55,1,True,28.0,8.0
v3,197,2025-12-26,breakfast|dinner|lunch,2250.0,200.0,250.0,50.0,2169,180,225,61,-3.6,-10.0,-10.0,22.0,2180.15,170.05,240.55999999999997,53.07,-3.1,-15.0,-3.8,6.1,strict_relaxed_tol,0.1,strict,0.5,604.63,4,False,42.9,3.0
v3,198,2025-12-29,breakfast|dinner|lunch,2250.0,200.0,250.0,50.0,2312,216,270,41,2.8,8.0,8.0,-18.0,2178.75,183.18,262.96000000000004,30.429999999999996,-3.2,-8.4,5.2,-39.1,strict_tight,0.08,strict,1.0,147.94,1,True,46.1,4.0
v3,199,2025-12-30,breakfast|dinner|lunch|snack,2250.0,200.0,250.0,50.0,2199,180,236,59,-2.3,-10.0,-5.6,18.0,2362.65,200.05999999999997,250.92999999999995,56.7,5.0,0.0,0.4,13.4,strict_tight,0.08,strict,1.0,176.74,1,True,19.7,9.0
v3,200,2025-12-31,breakfast|dinner|lunch,2250.0,200.0,250.0,50.0,2254,199,250,51,0.2,-0.5,0.0,2.0,2263.8,197.39,239.44,48.92,0.6,-1.3,-4.2,-2.2,strict_tight,0.08,strict,1.0,174.91,1,True,26.2,15.0
v3,239,2026-02-16,lunch,600.0,37.5,67.5,20.0,642,42,37,36,7.0,12.0,-45.2,80.0,540.9,37.64,40.32,25.46,-9.9,0.4,-40.3,27.3,single_meal_kcal_only,0.08,strict,0.5,254.22,2,True,100.0,2.5
v3,240,2026-02-17,lunch,600.0,37.5,67.5,20.0,615,43,68,19,2.5,14.7,0.7,-5.0,594.11,35.78,67.68,20.03,-1.0,-4.6,0.3,0.2,single_meal_kcal_only,0.08,strict,1.0,127.27,1,True,45.2,2.0
v3,241,2026-02-18,lunch,600.0,37.5,67.5,20.0,561,45,72,10,-6.5,20.0,6.7,-50.0,621.04,55.269999999999996,65.25999999999999,15.440000000000001,3.5,47.4,-3.3,-22.8,single_meal_kcal_only,0.08,strict,1.0,140.58,1,True,47.4,2.0
v3,242,2026-02-19,lunch,600.0,37.5,67.5,20.0,604,42,60,22,0.7,12.0,-11.1,10.0,552.97,32.16,58.46,21.17,-7.8,-14.2,-13.4,5.9,single_meal_kcal_only,0.08,strict,1.0,120.75,1,True,52.9,2.0
v3,243,2026-02-20,lunch,600.0,37.5,67.5,20.0,638,36,56,30,6.3,-4.0,-17.0,50.0,571.0,32.38,60.980000000000004,21.98,-4.8,-13.7,-9.7,9.9,single_meal_kcal_only,0.08,strict,1.0,123.54,1,True,48.2,2.0
v3,230,2026-02-16,lunch,600.0,37.5,82.5,13.3,642,42,37,36,7.0,12.0,-55.2,170.7,540.9,37.64,40.32,25.46,-9.9,0.4,-51.1,91.4,single_meal_kcal_only,0.08,strict,0.5,255.27,2,True,100.0,2.5
v3,231,2026-02-17,lunch,600.0,37.5,82.5,13.3,604,42,60,22,0.7,12.0,-27.3,65.4,552.97,32.16,58.46,21.17,-7.8,-14.2,-29.1,59.2,single_meal_kcal_only,0.08,strict,1.0,127.9,1,True,52.9,2.0
v3,232,2026-02-18,lunch,600.0,37.5,82.5,13.3,573,39,75,13,-4.5,4.0,-9.1,-2.3,604.26,49.18,67.72,15.2,0.7,31.1,-17.9,14.3,single_meal_kcal_only,0.08,strict,0.5,328.27,2,True,46.7,2.5
v3,244,2026-02-16,lunch,700.0,52.5,70.0,23.3,646,45,63,23,-7.7,-14.3,-10.0,-1.3,671.2900000000001,52.94000000000001,61.81,23.590000000000003,-4.1,0.8,-11.7,1.2,single_meal_kcal_only,0.08,strict,1.0,134.48,1,True,32.4,2.0
v3,245,2026-02-17,lunch,700.0,52.5,70.0,23.3,700,47,76,23,0.0,-10.5,8.6,-1.3,724.48,55.440000000000005,68.44,25.439999999999998,3.5,5.6,-2.2,9.2,single_meal_kcal_only,0.08,strict,1.0,121.21,1,True,39.7,3.0
v3,246,2026-02-18,lunch,700.0,52.5,70.0,23.3,725,38,79,28,3.6,-27.6,12.9,20.2,844.66,64.78,89.46,25.3,20.7,23.4,27.8,8.6,single_meal_kcal_only,0.08,strict,1.0,132.53,1,True,81.6,2.0
v3,247,2026-02-19,lunch,700.0,52.5,70.0,23.3,723,78,67,16,3.3,48.6,-4.3,-31.3,677.0699999999999,57.34,81.63,13.47,-3.3,9.2,16.6,-42.2,single_meal_kcal_only,0.08,strict,1.0,133.71,1,True,73.7,2.0
v3,248,2026-02-20,lunch,700.0,52.5,70.0,23.3,642,42,37,36,-8.3,-20.0,-47.1,54.5,811.35,56.46,60.48,38.19,15.9,7.5,-13.6,63.9,single_meal_kcal_only,0.1,strict,0.5,544.8,4,True,100.0,2.5
v3,250,2026-02-23,lunch,700.0,52.5,70.0,23.3,725,38,79,28,3.6,-27.6,12.9,20.2,844.66,64.78,89.46,25.3,20.7,23.4,27.8,8.6,single_meal_kcal_only,0.08,strict,1.0,113.13,1,True,81.6,2.0
v3,251,2026-02-24,lunch,700.0,52.5,70.0,23.3,646,45,63,23,-7.7,-14.3,-10.0,-1.3,671.29,52.94000000000001,61.809999999999995,23.590000000000003,-4.1,0.8,-11.7,1.2,single_meal_kcal_only,0.08,strict,1.0,119.34,1,True,32.4,2.0
v3,252,2026-02-25,lunch,700.0,52.5,70.0,23.3,700,47,76,23,0.0,-10.5,8.6,-1.3,724.48,55.440000000000005,68.44,25.439999999999998,3.5,5.6,-2.2,9.2,single_meal_kcal_only,0.08,strict,1.0,116.44,1,True,39.7,3.0
v3,253,2026-02-26,lunch,700.0,52.5,70.0,23.3,642,42,37,36,-8.3,-20.0,-47.1,54.5,811.35,56.46,60.48,38.19,15.9,7.5,-13.6,63.9,single_meal_kcal_only,0.1,strict,0.5,471.55,4,True,100.0,2.5
v3,254,2026-02-27,lunch,700.0,52.5,70.0,23.3,723,78,67,16,3.3,48.6,-4.3,-31.3,677.0699999999999,57.34,81.63,13.47,-3.3,9.2,16.6,-42.2,single_meal_kcal_only,0.08,strict,1.0,150.06,1,True,73.7,2.0
v3,255,2026-02-23,dinner|lunch|snack,1500.0,112.5,150.0,50.0,1489,126,135,49,-0.7,12.0,-10.0,-2.0,1504.3300000000002,113.36999999999999,150.78,49.75,0.3,0.8,0.5,-0.5,strict_tight,0.08,strict,1.0,150.73,1,True,28.0,2.0
v3,256,2026-02-24,dinner|lunch|snack,1500.0,112.5,150.0,50.0,1457,98,135,59,-2.9,-12.9,-10.0,18.0,1596.4,101.47999999999999,141.93000000000004,69.2,6.4,-9.8,-5.4,38.4,strict_relaxed_tol,0.15,strict,0.5,804.9,6,True,24.5,2.0
v3,257,2026-02-25,dinner|lunch|snack,1500.0,112.5,150.0,50.0,1522,112,158,49,1.5,-0.4,5.3,-2.0,1253.6399999999999,69.34,141.1,45.78,-16.4,-38.4,-5.9,-8.4,strict_tight,0.08,strict,0.5,356.26,2,True,41.6,2.5
v3,258,2026-02-26,dinner|lunch|snack,1500.0,112.5,150.0,50.0,1520,120,133,56,1.3,6.7,-11.3,12.0,1547.9399999999998,113.32,147.68999999999997,56.0,3.2,0.7,-1.5,12.0,strict_relaxed_tol,0.1,strict,0.5,747.55,4,True,33.8,2.0
v3,273,2026-03-02,lunch,700.0,52.5,70.0,23.3,647,37,77,21,-7.6,-29.5,10.0,-9.9,639.945,61.86,57.795,17.925,-8.6,17.8,-17.4,-23.1,single_meal_kcal_only,0.08,strict,1.0,137.63,1,True,79.3,2.0
v3,274,2026-03-03,lunch,700.0,52.5,70.0,23.3,736,79,68,17,5.1,50.5,-2.9,-27.0,738.74,78.0,75.6,13.84,5.5,48.6,8.0,-40.6,single_meal_kcal_only,0.08,strict,1.0,145.3,1,True,64.5,2.0
v3,275,2026-03-04,lunch,700.0,52.5,70.0,23.3,718,63,62,24,2.6,20.0,-11.4,3.0,799.56,65.02,89.26,20.28,14.2,23.8,27.5,-13.0,single_meal_kcal_only,0.08,strict,0.5,285.97,2,True,88.1,2.5
v3,269,2026-03-02,breakfast|dinner|lunch|snack,2600.0,195.0,260.0,86.7,2514,191,237,89,-3.3,-2.1,-8.8,2.7,2591.5,194.67000000000002,259.9,85.91999999999999,-0.3,-0.2,-0.0,-0.9,strict_tight,0.08,strict,0.5,387.28,2,True,41.9,7.5
v3,270,2026-03-03,breakfast|dinner|lunch|snack,2600.0,195.0,260.0,86.7,2560,203,263,77,-1.5,4.1,1.2,-11.2,2498.08,202.76999999999998,260.12,71.88,-3.9,4.0,0.0,-17.1,strict_tight,0.08,strict,0.5,342.33,2,True,30.3,5.0
v3,271,2026-03-02,breakfast|dinner|lunch|snack,3225.0,201.6,362.8,107.5,3178,236,325,104,-1.5,17.1,-10.4,-3.3,3227.2999999999997,201.51,362.83000000000004,107.82,0.1,-0.0,0.0,0.3,strict_relaxed_tol,0.15,strict,1.0,853.18,5,True,29.3,5.0
v3,272,2026-03-03,breakfast|dinner|lunch|snack,3225.0,201.6,362.8,107.5,3175,204,350,107,-1.6,1.2,-3.5,-0.5,3230.51,200.4,362.84999999999997,108.64999999999999,0.2,-0.6,0.0,1.1,strict_tight,0.08,strict,1.0,181.41,1,True,24.2,6.0
v3,276,2026-03-05,lunch,700.0,52.5,70.0,23.3,678,49,63,26,-3.1,-6.7,-10.0,11.6,718.3199999999999,52.82000000000001,59.72,29.8,2.6,0.6,-14.7,27.9,single_meal_kcal_only,0.08,strict,1.0,126.39,1,True,68.9,2.0
v3,277,2026-03-06,lunch,700.0,52.5,70.0,23.3,642,42,37,36,-8.3,-20.0,-47.1,54.5,642.375,42.3,37.15,36.075,-8.2,-19.4,-46.9,54.8,single_meal_kcal_only,0.1,strict,0.5,532.05,4,True,100.0,2.5
v3,278,2026-03-02,dinner|lunch|snack,1500.0,140.0,122.5,50.0,1530,160,125,43,2.0,14.3,2.0,-14.0,1477.73,134.69,123.11000000000001,49.629999999999995,-1.5,-3.8,0.5,-0.7,strict_relaxed_tol,0.15,strict,0.5,1091.24,6,True,31.0,2.0
v3,279,2026-03-03,dinner|lunch|snack,1500.0,140.0,122.5,50.0,1469,136,110,54,-2.1,-2.9,-10.2,8.0,1530.91,137.66,122.955,54.29,2.1,-1.7,0.4,8.6,strict_tight,0.08,strict,1.0,134.26,1,True,34.5,2.0
v3,280,2026-03-03,lunch,1600.0,120.0,160.0,53.3,1716,189,158,36,7.2,57.5,-1.2,-32.5,366.03,38.0,34.82,8.309999999999999,-77.1,-68.3,-78.2,-84.4,single_meal_kcal_only,0.08,strict,1.0,112.81,1,True,90.0,5.0
v3,281,2026-03-05,lunch,1600.0,120.0,160.0,53.3,1561,120,154,52,-2.4,0.0,-3.8,-2.4,213.315,20.62,19.265,5.975,-86.7,-82.8,-88.0,-88.8,single_meal_kcal_only,0.08,strict,1.0,109.86,1,True,65.7,4.0
v3,282,2026-03-06,lunch,1600.0,120.0,160.0,53.3,1605,147,132,54,0.3,22.5,-17.5,1.3,399.78,32.51,44.63,10.14,-75.0,-72.9,-72.1,-81.0,single_meal_kcal_only,0.08,strict,1.0,133.71,1,True,94.7,6.0
v3,284,2026-03-04,dinner|lunch|snack,1500.0,140.0,122.5,50.0,1501,106,137,59,0.1,-24.3,11.8,18.0,1525.6299999999999,99.78000000000002,120.99,71.41,1.7,-28.7,-1.2,42.8,best_effort_lp,BEST_EFFORT_LP,relaxed,1.0,2189.9,17,True,34.2,10.0
v3,285,2026-03-05,dinner|lunch|snack,1500.0,140.0,122.5,50.0,1493,144,130,44,-0.5,2.9,6.1,-12.0,1414.13,139.965,132.175,36.19,-5.7,-0.0,7.9,-27.6,strict_tight,0.08,strict,0.5,337.72,2,True,41.4,2.5
v3,286,2026-03-10,breakfast|dinner|lunch|snack,1500.0,112.5,150.0,50.0,1527,108,148,56,1.8,-4.0,-1.3,12.0,1520.42,110.64,159.33,48.959999999999994,1.4,-1.7,6.2,-2.1,strict_tight,0.08,strict,1.0,186.19,1,True,16.7,4.0
v3,287,2026-03-09,dinner|lunch|snack,1500.0,140.0,122.5,50.0,1473,136,124,48,-1.8,-2.9,1.2,-4.0,1543.0900000000001,140.01,127.41,52.61,2.9,0.0,4.0,5.2,strict_tight,0.08,strict,1.0,150.77,1,True,32.3,5.0
v3,288,2026-03-10,dinner|lunch|snack,1500.0,140.0,122.5,50.0,1379,153,122,31,-8.1,9.3,-0.4,-38.0,1381.6100000000001,152.69,130.01999999999998,27.890000000000004,-7.9,9.1,6.1,-44.2,best_effort_lp,BEST_EFFORT_LP,relaxed,1.0,2135.94,17,True,44.8,2.0
v3,289,2026-03-11,dinner|lunch|snack,1500.0,140.0,122.5,50.0,1480,140,115,51,-1.3,0.0,-6.1,2.0,1544.78,129.785,157.255,44.08,3.0,-7.3,28.4,-11.8,strict_tight,0.08,strict,0.5,359.38,2,True,51.3,3.0
v3,290,2026-03-12,dinner|lunch|snack,1500.0,140.0,122.5,50.0,1473,143,127,44,-1.8,2.1,3.7,-12.0,1531.83,135.83,134.61,50.03,2.1,-3.0,9.9,0.1,strict_tight,0.08,strict,0.5,367.92,2,True,31.6,2.0
v3,291,2026-03-10,dinner,1600.0,120.0,160.0,53.3,1458,124,185,25,-8.9,3.3,15.6,-53.1,413.36,39.839999999999996,47.65,7.0600000000000005,-74.2,-66.8,-70.2,-86.8,single_meal_kcal_only,0.1,strict,0.5,512.44,4,True,48.9,7.5
v3,292,2026-03-12,lunch|snack,1600.0,120.0,160.0,53.3,1636,141,169,44,2.2,17.5,5.6,-17.4,493.88,40.6,51.89,13.780000000000001,-69.1,-66.2,-67.6,-74.1,strict_relaxed_tol,0.15,strict,0.5,721.01,6,True,66.1,3.5
v3,293,2026-03-10,lunch,700.0,52.5,70.0,23.3,718,63,62,24,2.6,20.0,-11.4,3.0,799.56,65.02,89.26,20.28,14.2,23.8,27.5,-13.0,single_meal_kcal_only,0.08,strict,0.5,167.79,2,True,88.1,2.5
v3,294,2026-03-11,lunch,700.0,52.5,70.0,23.3,736,79,68,17,5.1,50.5,-2.9,-27.0,738.74,78.0,75.6,13.84,5.5,48.6,8.0,-40.6,single_meal_kcal_only,0.08,strict,1.0,123.89,1,True,64.5,2.0
v3,295,2026-03-12,lunch,700.0,52.5,70.0,23.3,678,49,63,26,-3.1,-6.7,-10.0,11.6,718.3199999999999,52.82000000000001,59.72,29.8,2.6,0.6,-14.7,27.9,single_meal_kcal_only,0.08,strict,1.0,134.79,1,True,68.9,2.0
v3,296,2026-03-13,lunch,700.0,52.5,70.0,23.3,642,42,37,36,-8.3,-20.0,-47.1,54.5,642.375,42.3,37.15,36.075,-8.2,-19.4,-46.9,54.8,single_meal_kcal_only,0.1,strict,0.5,546.82,4,True,100.0,2.5
v3,297,2026-03-16,dinner|lunch|snack,1500.0,140.0,122.5,50.0,1326,87,143,45,-11.6,-37.9,16.7,-10.0,1382.105,99.92,156.485,39.625,-7.9,-28.6,27.7,-20.8,best_effort_lp,BEST_EFFORT_LP,relaxed,1.0,2108.55,17,True,31.8,2.0
v3,298,2026-03-17,dinner|lunch|snack,1500.0,140.0,122.5,50.0,1539,150,123,49,2.6,7.1,0.4,-2.0,1481.62,120.08,122.64999999999998,56.78,-1.2,-14.2,0.1,13.6,strict_tight,0.08,strict,1.0,134.32,1,True,34.6,2.0
v3,299,2026-03-18,dinner|lunch|snack,1500.0,140.0,122.5,50.0,1498,141,112,54,-0.1,0.7,-8.6,8.0,1545.17,125.62,123.23,61.129999999999995,3.0,-10.3,0.6,22.3,strict_tight,0.08,strict,0.5,287.4,2,True,38.2,3.0
v3,300,2026-03-19,dinner|lunch|snack,1500.0,140.0,122.5,50.0,1524,140,121,53,1.6,0.0,-1.2,6.0,1559.3899999999999,152.79,118.28,52.790000000000006,4.0,9.1,-3.4,5.6,strict_tight,0.08,strict,0.5,369.93,2,True,31.6,2.5
v3,301,2026-03-16,lunch,700.0,52.5,70.0,23.3,646,45,63,23,-7.7,-14.3,-10.0,-1.3,744.1700000000001,48.589999999999996,79.0,25.990000000000002,6.3,-7.4,12.9,11.5,single_meal_kcal_only,0.08,strict,1.0,113.21,1,True,32.4,2.0
v3,302,2026-03-17,lunch,700.0,52.5,70.0,23.3,723,78,67,16,3.3,48.6,-4.3,-31.3,738.9399999999999,50.540000000000006,93.55,18.08,5.6,-3.7,33.6,-22.4,single_meal_kcal_only,0.08,strict,1.0,125.12,1,True,73.7,2.0
v3,303,2026-03-18,lunch,700.0,52.5,70.0,23.3,684,44,72,24,-2.3,-16.2,2.9,3.0,677.17,44.160000000000004,59.9,29.009999999999998,-3.3,-15.9,-14.4,24.5,single_meal_kcal_only,0.08,strict,0.5,247.19,2,True,58.4,2.5
v3,304,2026-03-19,lunch,700.0,52.5,70.0,23.3,725,38,79,28,3.6,-27.6,12.9,20.2,698.295,62.61,59.145,23.475,-0.2,19.3,-15.5,0.8,single_meal_kcal_only,0.08,strict,1.0,116.37,1,True,81.6,2.0
v3,305,2026-03-20,lunch,700.0,52.5,70.0,23.3,716,86,52,18,2.3,63.8,-25.7,-22.7,716.0,86.10000000000001,52.400000000000006,18.0,2.3,64.0,-25.1,-22.7,single_meal_kcal_only,0.08,strict,1.0,139.47,1,True,82.5,2.0
v3,306,2026-03-30,breakfast|dinner|lunch|snack,1600.0,80.0,200.0,53.3,1682,104,180,61,5.1,30.0,-10.0,14.4,1693.87,106.92999999999999,180.12000000000003,60.690000000000005,5.9,33.7,-9.9,13.9,strict_relaxed_tol,0.2,strict,0.5,1399.68,8,True,21.2,2.0
v3,308,2026-03-30,lunch,700.0,52.5,70.0,23.3,725,38,79,28,3.6,-27.6,12.9,20.2,698.295,62.61,59.145,23.475,-0.2,19.3,-15.5,0.8,single_meal_kcal_only,0.08,strict,1.0,141.39,1,True,81.6,2.0
v3,309,2026-03-31,lunch,700.0,52.5,70.0,23.3,716,86,52,18,2.3,63.8,-25.7,-22.7,716.0,86.10000000000001,52.400000000000006,18.0,2.3,64.0,-25.1,-22.7,single_meal_kcal_only,0.08,strict,1.0,140.44,1,True,82.5,2.0
v3,310,2026-04-01,lunch,700.0,52.5,70.0,23.3,736,76,71,16,5.1,44.8,1.4,-31.3,738.44,75.24000000000001,78.96000000000001,13.54,5.5,43.3,12.8,-41.9,single_meal_kcal_only,0.08,strict,1.0,134.6,1,True,64.5,2.0
v3,311,2026-04-02,lunch,700.0,52.5,70.0,23.3,730,54,62,29,4.3,2.9,-11.4,24.5,663.3900000000001,39.22,83.47,19.21,-5.2,-25.3,19.2,-17.6,single_meal_kcal_only,0.08,strict,0.5,248.02,2,True,64.0,2.5
v3,312,2026-04-03,lunch,700.0,52.5,70.0,23.3,692,39,86,21,-1.1,-25.7,22.9,-9.9,676.35,63.525,65.4,17.85,-3.4,21.0,-6.6,-23.4,single_meal_kcal_only,0.08,strict,1.0,116.08,1,True,80.3,2.0
v3,328,2026-04-07,breakfast|dinner|lunch|snack,1200.0,90.0,120.0,40.0,1179,88,116,41,-1.8,-2.2,-3.3,2.5,1206.34,91.47000000000001,121.58999999999999,39.36,0.5,1.6,1.3,-1.6,strict_tight,0.08,strict,0.5,444.9,2,True,26.4,1.5
v3,329,2026-04-08,breakfast|dinner|lunch|snack,1200.0,90.0,120.0,40.0,1248,96,128,39,4.0,6.7,6.7,-2.5,1156.52,94.27,119.85000000000001,33.34,-3.6,4.7,-0.1,-16.6,strict_tight,0.08,strict,1.0,144.38,1,True,22.3,2.0
v3,330,2026-04-09,breakfast|dinner|lunch|snack,1200.0,90.0,120.0,40.0,1197,90,120,40,-0.2,0.0,0.0,0.0,1242.53,88.75,126.14999999999999,42.55,3.5,-1.4,5.1,6.4,strict_tight,0.08,strict,0.5,397.0,2,True,29.3,3.5
v3,331,2026-04-10,breakfast|dinner|lunch|snack,1200.0,90.0,120.0,40.0,1195,90,120,40,-0.4,0.0,0.0,0.0,1195.3899999999999,91.49,117.36000000000001,40.01,-0.4,1.7,-2.2,0.0,strict_tight,0.08,strict,0.5,439.46,2,True,26.1,2.0
v3,332,2026-04-06,breakfast|dinner|lunch,1200.0,75.0,165.0,26.7,1100,74,104,43,-8.3,-1.3,-37.0,61.0,1026.9,66.85000000000001,100.02,39.94,-14.4,-10.9,-39.4,49.6,best_effort_lp,BEST_EFFORT_LP,relaxed,1.0,2473.08,17,True,21.6,2.0
v3,317,2026-03-30,dinner|lunch,1500.0,140.0,122.5,50.0,1493,126,123,55,-0.5,-10.0,0.4,10.0,1535.24,135.75,122.245,55.93,2.3,-3.0,-0.2,11.9,strict_tight,0.08,strict,0.5,363.98,2,True,32.1,3.0
v3,318,2026-03-31,dinner|lunch|snack,1500.0,140.0,122.5,50.0,1494,134,124,52,-0.4,-4.3,1.2,4.0,1409.31,122.66000000000001,100.1,57.589999999999996,-6.0,-12.4,-18.3,15.2,strict_tight,0.08,strict,0.5,305.8,2,True,32.3,2.5
v3,319,2026-04-01,dinner|lunch|snack,1500.0,140.0,122.5,50.0,1444,154,127,35,-3.7,10.0,3.7,-30.0,1415.32,152.02999999999997,123.26,34.92,-5.6,8.6,0.6,-30.2,best_effort_lp,BEST_EFFORT_LP,relaxed,1.0,2510.92,17,True,42.8,2.0
v3,320,2026-04-02,dinner|lunch|snack,1500.0,140.0,122.5,50.0,1469,146,124,43,-2.1,4.3,1.2,-14.0,1380.4850000000001,126.09499999999998,137.95000000000002,36.035000000000004,-8.0,-9.9,12.6,-27.9,strict_relaxed_tol,0.1,strict,0.5,661.27,4,True,27.3,3.0
v3,321,2026-03-30,dinner|lunch|snack,1800.0,135.0,180.0,60.0,1771,119,183,63,-1.6,-11.9,1.7,5.0,1857.6499999999999,134.56,178.89000000000001,67.11,3.2,-0.3,-0.6,11.8,strict_tight,0.08,strict,1.0,217.26,1,True,36.0,3.0
v3,322,2026-03-31,dinner|lunch|snack,1800.0,135.0,180.0,60.0,1710,127,178,54,-5.0,-5.9,-1.1,-10.0,1761.82,131.57,179.17000000000002,57.68000000000001,-2.1,-2.5,-0.5,-3.9,strict_tight,0.08,strict,1.0,136.45,1,True,31.1,3.0
v3,323,2026-04-01,dinner|lunch|snack,1800.0,135.0,180.0,60.0,1780,135,177,59,-1.1,0.0,-1.7,-1.7,1792.75,134.23000000000002,180.44,59.35,-0.4,-0.6,0.2,-1.1,strict_tight,0.08,strict,1.0,233.65,1,True,24.4,6.0
v3,324,2026-04-02,dinner|lunch|snack,1800.0,135.0,180.0,60.0,1897,149,181,64,5.4,10.4,0.6,6.7,1761.1799999999998,119.33000000000001,181.35,62.1,-2.2,-11.6,0.7,3.5,strict_tight,0.08,strict,1.0,168.87,1,True,32.8,5.0
v3,325,2026-03-31,breakfast|dinner|lunch|snack,1200.0,90.0,120.0,40.0,1133,103,104,34,-5.6,14.4,-13.3,-15.0,1248.25,109.51,118.69,37.290000000000006,4.0,21.7,-1.1,-6.8,strict_relaxed_tol,0.15,strict,0.5,1006.97,6,True,26.1,2.0
v3,326,2026-04-01,breakfast|dinner|lunch|snack,1200.0,90.0,120.0,40.0,1250,104,144,29,4.2,15.6,20.0,-27.5,1275.44,100.07000000000001,164.44,24.159999999999997,6.3,11.2,37.0,-39.6,best_effort_lp,BEST_EFFORT_LP,relaxed,1.0,1809.11,17,True,24.7,2.0
v3,333,2026-04-07,breakfast|dinner|lunch,1200.0,75.0,165.0,26.7,1149,91,151,20,-4.2,21.3,-8.5,-25.1,962.3249999999999,59.86,134.69,20.465,-19.8,-20.2,-18.4,-23.4,strict_relaxed_tol,0.15,strict,0.5,780.6,6,False,31.0,2.5
v3,334,2026-04-08,breakfast|dinner|lunch,1200.0,75.0,165.0,26.7,1112,86,106,38,-7.3,14.7,-35.8,42.3,1009.67,80.14000000000001,92.81,35.35,-15.9,6.9,-43.8,32.4,best_effort_lp,BEST_EFFORT_LP,relaxed,1.0,1765.19,17,True,28.0,2.0
v3,335,2026-04-09,breakfast|dinner|lunch,1200.0,75.0,165.0,26.7,1325,75,130,56,10.4,0.0,-21.2,109.7,1019.3799999999999,76.23,79.22,44.18,-15.1,1.6,-52.0,65.5,best_effort_lp,BEST_EFFORT_LP,relaxed,1.0,1608.67,17,False,38.7,2.0
v3,336,2026-04-10,breakfast|dinner|lunch,1200.0,75.0,165.0,26.7,1194,72,152,33,-0.5,-4.0,-7.9,23.6,932.2750000000001,64.0,105.985,28.044999999999998,-22.3,-14.7,-35.8,5.0,strict_relaxed_tol,0.15,strict,0.5,634.01,6,False,50.5,3.0
v3,355,2026-04-15,breakfast|dinner|lunch|snack,1200.0,90.0,120.0,40.0,1227,90,120,43,2.2,0.0,0.0,7.5,1285.19,94.77000000000001,124.78000000000002,45.23,7.1,5.3,4.0,13.1,strict_tight,0.08,strict,0.5,358.14,2,True,25.4,2.0
v3,534,2026-05-19,dinner|lunch|snack,1500.0,140.0,122.5,50.0,1474,141,129,44,-1.7,0.7,5.3,-12.0,1442.6799999999998,142.6,121.98499999999999,42.71,-3.8,1.9,-0.4,-14.6,strict_tight,0.08,strict,0.5,312.45,2,True,36.8,2.5
v3,356,2026-04-16,breakfast|dinner|lunch|snack,1200.0,90.0,120.0,40.0,1151,84,130,33,-4.1,-6.7,8.3,-17.5,1183.84,92.345,132.42499999999998,31.565,-1.3,2.6,10.4,-21.1,strict_relaxed_tol,0.15,strict,0.5,1064.64,6,True,24.1,1.5
v3,342,2026-04-06,dinner|lunch|snack,1500.0,140.0,122.5,50.0,1530,140,130,50,2.0,0.0,6.1,0.0,1495.69,130.71999999999997,121.64999999999999,54.03,-0.3,-6.6,-0.7,8.1,strict_tight,0.08,strict,1.0,123.76,1,True,28.4,8.0
v3,343,2026-04-07,lunch,1500.0,140.0,122.5,50.0,1407,152,131,31,-6.2,8.6,6.9,-38.0,594.63,39.32,67.7,18.509999999999998,-60.4,-71.9,-44.7,-63.0,single_meal_kcal_only,0.08,strict,1.0,114.07,1,True,87.8,4.0
v3,344,2026-04-08,dinner|lunch|snack,1500.0,140.0,122.5,50.0,1519,138,131,49,1.3,-1.4,6.9,-2.0,1474.26,141.615,118.105,48.39,-1.7,1.2,-3.6,-3.2,strict_tight,0.08,strict,1.0,109.02,1,True,31.2,2.0
v3,345,2026-04-09,dinner|lunch,1500.0,140.0,122.5,50.0,1503,138,151,38,0.2,-1.4,23.3,-24.0,1196.8200000000002,120.36,113.52000000000001,29.040000000000003,-20.2,-14.0,-7.3,-41.9,best_effort_lp,BEST_EFFORT_LP,relaxed,1.0,2092.61,17,True,41.1,2.0
v3,346,2026-04-06,lunch,700.0,52.5,70.0,23.3,665,50,63,24,-5.0,-4.8,-10.0,3.0,662.1899999999999,49.28000000000001,82.95,14.809999999999999,-5.4,-6.1,18.5,-36.4,single_meal_kcal_only,0.08,strict,1.0,117.16,1,True,38.2,6.0
v3,347,2026-04-07,lunch,700.0,52.5,70.0,23.3,678,49,63,26,-3.1,-6.7,-10.0,11.6,718.3199999999999,52.82000000000001,59.72,29.8,2.6,0.6,-14.7,27.9,single_meal_kcal_only,0.08,strict,1.0,105.03,1,True,68.9,2.0
v3,348,2026-04-08,lunch,700.0,52.5,70.0,23.3,736,76,71,16,5.1,44.8,1.4,-31.3,738.44,75.24000000000001,78.96000000000001,13.54,5.5,43.3,12.8,-41.9,single_meal_kcal_only,0.08,strict,1.0,118.78,1,True,64.5,2.0
v3,349,2026-04-09,lunch,700.0,52.5,70.0,23.3,730,54,62,29,4.3,2.9,-11.4,24.5,663.3900000000001,39.22,83.47,19.21,-5.2,-25.3,19.2,-17.6,single_meal_kcal_only,0.08,strict,0.5,195.44,2,True,64.0,2.5
v3,350,2026-04-10,lunch,700.0,52.5,70.0,23.3,692,39,86,21,-1.1,-25.7,22.9,-9.9,676.35,63.525,65.4,17.85,-3.4,21.0,-6.6,-23.4,single_meal_kcal_only,0.08,strict,1.0,87.62,1,True,80.3,2.0
v3,351,2026-04-07,dinner|lunch,885.0,70.0,95.0,25.0,878,75,94,23,-0.8,7.1,-1.1,-8.0,895.95,74.84,100.73,21.549999999999997,1.2,6.9,6.0,-13.8,strict_tight,0.08,strict,0.5,258.69,2,True,26.8,2.5
v3,352,2026-04-08,dinner|lunch,885.0,70.0,95.0,25.0,902,80,95,23,1.9,14.3,0.0,-8.0,929.73,82.75,87.77,27.53,5.1,18.2,-7.6,10.1,strict_relaxed_tol,0.1,strict,0.5,537.37,4,True,38.4,2.0
v3,353,2026-04-13,breakfast|dinner|lunch|snack,1200.0,90.0,120.0,40.0,1180,98,114,37,-1.7,8.9,-5.0,-7.5,1190.41,94.2,119.05000000000003,37.51,-0.8,4.7,-0.8,-6.2,strict_tight,0.08,strict,1.0,131.5,1,True,20.1,1.0
v3,354,2026-04-14,breakfast|dinner|lunch|snack,1200.0,90.0,120.0,40.0,1176,87,119,39,-2.0,-3.3,-0.8,-2.5,1201.33,89.06,134.3,34.04,0.1,-1.0,11.9,-14.9,strict_tight,0.08,strict,0.5,301.98,2,True,26.5,2.0
v3,358,2026-04-14,breakfast|dinner|lunch|snack,1200.0,75.0,165.0,26.7,1033,75,112,32,-13.9,0.0,-32.1,19.9,1256.5,77.19,161.6,33.5,4.7,2.9,-2.1,25.5,best_effort_lp,BEST_EFFORT_LP,relaxed,1.0,1694.97,17,True,22.6,2.0
v3,359,2026-04-15,breakfast|dinner|lunch|snack,1200.0,75.0,165.0,26.7,1198,80,161,26,-0.2,6.7,-2.4,-2.6,1256.57,90.4,134.79,39.19,4.7,20.5,-18.3,46.8,strict_tight,0.08,strict,0.5,241.53,2,True,36.5,1.5
v3,360,2026-04-16,breakfast|dinner|lunch|snack,1200.0,75.0,165.0,26.7,1161,74,150,29,-3.2,-1.3,-9.1,8.6,1283.33,92.50000000000001,134.73,41.61,6.9,23.3,-18.3,55.8,relaxed_culinary,0.08,relaxed,0.5,1650.95,10,True,33.2,3.0
v3,361,2026-04-17,breakfast|dinner|lunch|snack,1200.0,75.0,165.0,26.7,1234,72,159,34,2.8,-4.0,-3.6,27.3,1279.31,91.69000000000001,127.65,44.669999999999995,6.6,22.3,-22.6,67.3,strict_relaxed_tol,0.2,strict,0.5,1200.01,8,True,32.6,2.0
v3,362,2026-04-13,dinner|lunch|snack,1500.0,140.0,122.5,50.0,1530,140,130,50,2.0,0.0,6.1,0.0,1495.69,130.72,121.65,54.03,-0.3,-6.6,-0.7,8.1,strict_tight,0.08,strict,1.0,167.4,1,True,28.4,8.0
v3,363,2026-04-14,dinner|lunch|snack,1500.0,140.0,122.5,50.0,1484,131,121,53,-1.1,-6.4,-1.2,6.0,1477.85,126.395,132.27499999999998,49.25,-1.5,-9.7,8.0,-1.5,strict_tight,0.08,strict,0.5,330.85,2,True,47.2,3.0
v3,364,2026-04-15,dinner|lunch,1500.0,140.0,122.5,50.0,1380,150,121,33,-8.0,7.1,-1.2,-34.0,1237.39,147.55000000000004,100.98,27.05,-17.5,5.4,-17.6,-45.9,best_effort_lp,BEST_EFFORT_LP,relaxed,1.0,2122.22,17,True,44.8,2.0
v3,365,2026-04-16,dinner|lunch,1500.0,140.0,122.5,50.0,1518,155,127,43,1.2,10.7,3.7,-14.0,1160.4150000000002,118.69500000000001,105.91499999999999,29.115000000000002,-22.6,-15.2,-13.5,-41.8,strict_relaxed_tol,0.1,strict,0.5,529.34,4,True,40.7,3.0
v3,366,2026-04-13,lunch,700.0,52.5,70.0,23.3,647,37,77,21,-7.6,-29.5,10.0,-9.9,639.945,61.86,57.795,17.925,-8.6,17.8,-17.4,-23.1,single_meal_kcal_only,0.08,strict,1.0,99.0,1,True,79.3,2.0
v3,367,2026-04-14,lunch,700.0,52.5,70.0,23.3,736,76,71,16,5.1,44.8,1.4,-31.3,738.44,75.24000000000001,78.96000000000001,13.54,5.5,43.3,12.8,-41.9,single_meal_kcal_only,0.08,strict,1.0,99.99,1,True,64.5,2.0
v3,368,2026-04-15,lunch,700.0,52.5,70.0,23.3,716,54,83,18,2.3,2.9,18.6,-22.7,615.27,55.2,59.22,17.52,-12.1,5.1,-15.4,-24.8,single_meal_kcal_only,0.08,strict,1.0,132.34,1,True,56.2,2.0
v3,369,2026-04-16,lunch,700.0,52.5,70.0,23.3,730,54,62,29,4.3,2.9,-11.4,24.5,663.3900000000001,39.22,83.47,19.21,-5.2,-25.3,19.2,-17.6,single_meal_kcal_only,0.08,strict,0.5,295.56,2,True,64.0,2.5
v3,370,2026-04-17,lunch,700.0,52.5,70.0,23.3,692,39,86,21,-1.1,-25.7,22.9,-9.9,676.35,63.525,65.4,17.85,-3.4,21.0,-6.6,-23.4,single_meal_kcal_only,0.08,strict,1.0,148.11,1,True,80.3,2.0
v3,371,2026-04-14,dinner|lunch,885.0,70.0,95.0,25.0,860,71,94,22,-2.8,1.4,-1.1,-12.0,925.28,81.16,96.81,23.72,4.6,15.9,1.9,-5.1,strict_tight,0.08,strict,0.5,359.32,2,True,35.1,1.5
v3,372,2026-04-15,dinner|lunch,885.0,70.0,95.0,25.0,902,80,95,23,1.9,14.3,0.0,-8.0,932.93,81.28999999999999,99.63000000000001,23.27,5.4,16.1,4.9,-6.9,strict_relaxed_tol,0.1,strict,0.5,641.19,4,True,38.4,2.0
v3,373,2026-04-16,dinner|lunch,885.0,70.0,95.0,25.0,942,76,96,29,6.4,8.6,1.1,16.0,900.6400000000001,74.32000000000001,93.4,25.56,1.8,6.2,-1.7,2.2,strict_tight,0.08,strict,0.5,227.56,2,True,33.1,2.0
v3,374,2026-04-17,dinner|lunch,885.0,70.0,95.0,25.0,832,75,86,21,-6.0,7.1,-9.5,-16.0,832.34,74.96000000000001,85.85000000000001,21.04,-6.0,7.1,-9.6,-15.8,strict_relaxed_tol,0.1,strict,1.0,342.59,3,True,41.6,2.0
v3,375,2026-04-16,breakfast|dinner|lunch|snack,1500.0,112.5,150.0,50.0,1495,112,150,50,-0.3,-0.4,0.0,0.0,1458.3500000000001,93.64,151.38000000000002,53.15,-2.8,-16.8,0.9,6.3,strict_tight,0.08,strict,0.5,381.02,2,True,31.8,5.0
v3,376,2026-04-17,breakfast|dinner|lunch|snack,1500.0,112.5,150.0,50.0,1505,100,152,55,0.3,-11.1,1.3,10.0,1566.48,106.24000000000001,149.96,60.20000000000001,4.4,-5.6,-0.0,20.4,strict_tight,0.08,strict,1.0,159.24,1,True,31.1,2.0
v3,377,2026-04-20,breakfast|dinner|lunch|snack,1500.0,112.5,150.0,50.0,1415,122,156,34,-5.7,8.4,4.0,-32.0,1380.48,120.44,169.61999999999998,24.48,-8.0,7.1,13.1,-51.0,best_effort_lp,BEST_EFFORT_LP,relaxed,1.0,1936.45,17,True,18.0,2.0
v3,378,2026-04-21,breakfast|dinner|lunch|snack,1500.0,112.5,150.0,50.0,1447,113,143,47,-3.5,0.4,-4.7,-6.0,1561.38,112.83,159.26,52.6,4.1,0.3,6.2,5.2,strict_tight,0.08,strict,1.0,120.12,1,True,23.6,2.0
v3,379,2026-04-20,lunch,1000.0,75.0,100.0,33.3,928,74,103,24,-7.2,-1.3,3.0,-27.9,925.4,73.75,109.9,21.2,-7.5,-1.7,9.9,-36.3,single_meal_kcal_only,0.08,strict,1.0,113.21,1,True,54.9,4.0
v3,380,2026-04-21,lunch,1000.0,75.0,100.0,33.3,1000,84,127,18,0.0,12.0,27.0,-45.9,1064.1200000000001,116.16,103.55,20.62,6.4,54.9,3.5,-38.1,single_meal_kcal_only,0.08,strict,1.0,116.13,1,True,47.5,5.0
v3,381,2026-04-22,lunch,1250.0,93.8,125.0,41.7,1210,121,127,24,-3.2,29.0,1.6,-42.4,953.28,83.76,117.42,16.54,-23.7,-10.7,-6.1,-60.3,single_meal_kcal_only,0.08,strict,1.0,118.82,1,True,63.6,5.0
v3,382,2026-04-23,lunch,1250.0,93.8,125.0,41.7,1200,151,91,26,-4.0,61.0,-27.2,-37.6,943.74,103.0,93.30000000000001,17.64,-24.5,9.8,-25.4,-57.7,single_meal_kcal_only,0.08,strict,1.0,137.15,1,True,85.3,3.0
v3,383,2026-04-24,lunch,1250.0,93.8,125.0,41.7,1214,105,136,28,-2.9,11.9,8.8,-32.9,1038.41,101.61,96.65,27.310000000000002,-16.9,8.3,-22.7,-34.5,single_meal_kcal_only,0.08,strict,1.0,129.82,1,True,56.5,6.0
v3,554,2026-05-20,lunch,700.0,52.5,70.0,23.3,736,79,68,17,5.1,50.5,-2.9,-27.0,738.74,78.0,75.6,13.84,5.5,48.6,8.0,-40.6,single_meal_kcal_only,0.08,strict,1.0,127.29,1,True,64.5,2.0
v3,558,2026-05-20,dinner|lunch|snack,1200.0,90.0,120.0,40.0,1045,94,113,24,-12.9,4.4,-5.8,-40.0,1318.16,121.39999999999999,136.495,31.850000000000005,9.8,34.9,13.7,-20.4,best_effort_lp,BEST_EFFORT_LP,relaxed,1.0,2102.53,17,True,29.6,2.0
v3,563,2026-05-26,dinner|lunch|snack,1500.0,140.0,122.5,50.0,1530,140,123,53,2.0,0.0,0.4,6.0,1509.67,139.91,123.27,50.790000000000006,0.6,-0.1,0.6,1.6,strict_tight,0.08,strict,1.0,100.28,1,True,33.9,2.0
v3,388,2026-04-20,breakfast|dinner|lunch|snack,1200.0,90.0,120.0,40.0,1223,94,122,40,1.9,4.4,1.7,0.0,1196.49,89.92,120.29499999999999,39.53,-0.3,-0.1,0.2,-1.2,strict_tight,0.08,strict,0.5,329.39,2,True,31.5,2.0
v3,389,2026-04-21,breakfast|dinner|lunch|snack,1200.0,90.0,120.0,40.0,1209,95,119,39,0.8,5.6,-0.8,-2.5,1276.62,104.89999999999999,108.44999999999999,47.040000000000006,6.4,16.6,-9.6,17.6,strict_tight,0.08,strict,0.5,474.84,2,True,21.1,1.5
v3,390,2026-04-22,breakfast|dinner|lunch|snack,1200.0,90.0,120.0,40.0,1197,96,119,38,-0.2,6.7,-0.8,-5.0,1282.25,102.92999999999999,112.97,46.53,6.9,14.4,-5.9,16.3,strict_tight,0.08,strict,0.5,296.89,2,True,28.5,1.0
v3,391,2026-04-23,breakfast|dinner|lunch|snack,1200.0,90.0,120.0,40.0,1381,89,173,37,15.1,-1.1,44.2,-7.5,1113.5,89.48499999999999,120.455,30.419999999999998,-7.2,-0.6,0.4,-24.0,best_effort_lp,BEST_EFFORT_LP,relaxed,1.0,2451.57,17,True,30.6,2.0
v3,392,2026-04-20,dinner|lunch|snack,1500.0,140.0,122.5,50.0,1560,151,126,50,4.0,7.9,2.9,0.0,1573.75,151.51,127.30000000000001,50.949999999999996,4.9,8.2,3.9,1.9,strict_tight,0.08,strict,1.0,111.86,1,True,32.7,2.0
v3,393,2026-04-21,dinner|lunch|snack,1500.0,140.0,122.5,50.0,1530,151,122,49,2.0,7.9,-0.4,-2.0,1510.29,143.26,125.69,48.31,0.7,2.3,2.6,-3.4,strict_tight,0.08,strict,0.5,286.54,2,True,33.5,1.5
v3,394,2026-04-22,dinner|lunch|snack,1500.0,140.0,122.5,50.0,1522,135,129,52,1.5,-3.6,5.3,4.0,1573.695,130.475,147.805,51.175000000000004,4.9,-6.8,20.7,2.4,strict_tight,0.08,strict,0.5,293.15,2,True,33.5,2.5
v3,395,2026-04-23,dinner|lunch|snack,1500.0,140.0,122.5,50.0,1518,134,123,54,1.2,-4.3,0.4,8.0,1559.075,135.495,120.93,59.275000000000006,3.9,-3.2,-1.3,18.6,strict_tight,0.08,strict,0.5,374.9,2,True,33.9,2.0
v3,396,2026-04-20,lunch,700.0,52.5,70.0,23.3,725,38,79,28,3.6,-27.6,12.9,20.2,698.295,62.61,59.145,23.475,-0.2,19.3,-15.5,0.8,single_meal_kcal_only,0.08,strict,1.0,140.19,1,True,81.6,2.0
v3,397,2026-04-21,lunch,700.0,52.5,70.0,23.3,736,79,68,17,5.1,50.5,-2.9,-27.0,738.74,78.0,75.6,13.84,5.5,48.6,8.0,-40.6,single_meal_kcal_only,0.08,strict,1.0,150.43,1,True,64.5,2.0
v3,398,2026-04-22,lunch,700.0,52.5,70.0,23.3,722,53,72,25,3.1,1.0,2.9,7.3,679.1,52.2,65.6,23.1,-3.0,-0.6,-6.3,-0.9,single_meal_kcal_only,0.08,strict,0.5,267.57,2,True,94.1,2.0
v3,399,2026-04-23,lunch,700.0,52.5,70.0,23.3,642,42,37,36,-8.3,-20.0,-47.1,54.5,642.375,42.3,37.15,36.075,-8.2,-19.4,-46.9,54.8,single_meal_kcal_only,0.1,strict,0.5,480.43,4,True,100.0,2.5
v3,400,2026-04-24,lunch,700.0,52.5,70.0,23.3,678,69,48,24,-3.1,31.4,-31.4,3.0,675.8,68.2,54.4,20.599999999999998,-3.5,29.9,-22.3,-11.6,single_meal_kcal_only,0.08,strict,1.0,195.18,1,True,75.1,2.0
v3,401,2026-04-21,dinner|lunch,885.0,70.0,95.0,25.0,878,78,89,23,-0.8,11.4,-6.3,-8.0,834.46,75.78999999999999,93.35000000000001,17.560000000000002,-5.7,8.3,-1.7,-29.8,strict_tight,0.08,strict,0.5,292.04,2,True,29.0,1.5
v3,402,2026-04-22,dinner|lunch,885.0,70.0,95.0,25.0,858,69,94,23,-3.1,-1.4,-1.1,-8.0,941.9749999999999,80.19,98.06,25.455,6.4,14.6,3.2,1.8,strict_tight,0.08,strict,1.0,116.3,1,True,39.6,2.0
v3,403,2026-04-23,dinner|lunch,885.0,70.0,95.0,25.0,1021,62,99,42,15.4,-11.4,4.2,68.0,1069.8600000000001,68.55000000000001,109.99,39.54,20.9,-2.1,15.8,58.2,best_effort_lp,BEST_EFFORT_LP,relaxed,1.0,2046.7,17,True,50.3,2.0
v3,404,2026-04-24,dinner|lunch,885.0,70.0,95.0,25.0,828,62,85,27,-6.4,-11.4,-10.5,8.0,981.0799999999999,99.86500000000001,78.805,29.6,10.9,42.7,-17.0,18.4,strict_relaxed_tol,0.1,strict,0.5,517.86,4,True,35.7,1.5
v3,405,2026-04-23,breakfast|dinner|lunch|snack,1500.0,112.5,150.0,50.0,1494,112,152,49,-0.4,-0.4,1.3,-2.0,1402.25,117.95,155.04000000000002,34.49,-6.5,4.8,3.4,-31.0,strict_tight,0.08,strict,0.5,394.1,2,True,34.1,2.5
v3,406,2026-04-24,breakfast|dinner|lunch|snack,1500.0,112.5,150.0,50.0,1530,120,150,50,2.0,6.7,0.0,0.0,1519.455,120.805,149.78,48.574999999999996,1.3,7.4,-0.1,-2.9,strict_tight,0.08,strict,1.0,149.05,1,True,22.7,2.0
v3,407,2026-04-27,lunch|snack,1250.0,93.8,125.0,41.7,1157,118,121,22,-7.4,25.8,-3.2,-47.2,1153.76,117.67999999999999,120.94,22.16,-7.7,25.5,-3.2,-46.9,best_effort_lp,BEST_EFFORT_LP,relaxed,1.0,2083.01,17,True,59.0,2.0
v3,408,2026-04-28,lunch|snack,1250.0,93.8,125.0,41.7,1075,97,125,21,-14.0,3.4,0.0,-49.6,1163.3,98.44,145.06,21.060000000000002,-6.9,4.9,16.0,-49.5,best_effort_lp,BEST_EFFORT_LP,relaxed,1.0,1849.9,17,True,47.7,3.0
v3,409,2026-04-29,lunch|snack,1250.0,93.8,125.0,41.7,1223,86,118,45,-2.2,-8.3,-5.6,7.9,1239.74,88.89999999999999,109.03,49.78,-0.8,-5.2,-12.8,19.4,strict_tight,0.08,strict,0.5,190.91,2,True,83.3,3.0
v3,410,2026-04-30,lunch|snack,1250.0,93.8,125.0,41.7,1258,95,127,41,0.6,1.3,1.6,-1.7,1283.65,94.63,137.52,39.45,2.7,0.9,10.0,-5.4,strict_tight,0.08,strict,0.5,277.7,2,True,81.0,3.0
v3,411,2026-05-01,lunch|snack,1250.0,93.8,125.0,41.7,1207,96,128,35,-3.4,2.3,2.4,-16.1,1197.08,93.96,126.96,34.86,-4.2,0.2,1.6,-16.4,strict_relaxed_tol,0.15,strict,0.5,698.42,6,True,39.3,4.0
v3,412,2026-05-01,dinner,800.0,50.0,90.0,26.7,771,51,45,43,-3.6,2.0,-50.0,61.0,770.85,50.76,44.58,43.29,-3.6,1.5,-50.5,62.1,single_meal_kcal_only,0.08,strict,1.0,92.19,1,True,100.0,3.0
v3,431,2026-05-01,breakfast|dinner|lunch|snack,1200.0,90.0,120.0,40.0,1207,92,121,40,0.6,2.2,0.8,0.0,1105.5500000000002,95.28,122.23,26.17,-7.9,5.9,1.9,-34.6,strict_tight,0.08,strict,0.5,365.46,2,True,30.7,2.0
v3,432,2026-04-28,breakfast|dinner|lunch|snack,1200.0,90.0,120.0,40.0,1193,88,118,41,-0.6,-2.2,-1.7,2.5,1171.915,96.48,97.565,43.974999999999994,-2.3,7.2,-18.7,9.9,strict_tight,0.08,strict,0.5,384.99,2,True,24.8,1.5
v3,535,2026-05-20,dinner|lunch|snack,1500.0,140.0,122.5,50.0,1501,125,125,56,0.1,-10.7,2.0,12.0,1496.65,127.39,118.91,56.849999999999994,-0.2,-9.0,-2.9,13.7,strict_relaxed_tol,0.1,strict,0.5,620.45,4,True,34.2,2.5
v3,433,2026-04-29,breakfast|dinner|lunch|snack,1200.0,90.0,120.0,40.0,1208,85,129,39,0.7,-5.6,7.5,-2.5,1163.275,77.96499999999999,120.24000000000001,41.185,-3.1,-13.4,0.2,3.0,strict_tight,0.08,strict,0.5,442.86,2,True,34.9,1.0
v3,418,2026-04-27,dinner|lunch|snack,1500.0,140.0,122.5,50.0,1594,133,137,57,6.3,-5.0,11.8,14.0,1405.365,115.16,131.095,46.705,-6.3,-17.7,7.0,-6.6,strict_relaxed_tol,0.1,strict,0.5,570.68,4,True,42.6,3.0
v3,419,2026-04-28,dinner|lunch|snack,1500.0,140.0,122.5,50.0,1501,97,153,56,0.1,-30.7,24.9,12.0,1416.02,94.34,141.05,52.72,-5.6,-32.6,15.1,5.4,best_effort_lp,BEST_EFFORT_LP,relaxed,1.0,1971.12,17,True,45.2,2.0
v3,420,2026-04-29,dinner|lunch|snack,1500.0,140.0,122.5,50.0,1334,129,137,30,-11.1,-7.9,11.8,-40.0,1382.5,135.23000000000002,147.35,28.04,-7.8,-3.4,20.3,-43.9,best_effort_lp,BEST_EFFORT_LP,relaxed,1.0,2166.31,17,True,51.2,2.0
v3,421,2026-04-30,dinner|lunch|snack,1500.0,140.0,122.5,50.0,1563,155,138,43,4.2,10.7,12.7,-14.0,1505.6399999999999,152.72,132.68,40.46,0.4,9.1,8.3,-19.1,strict_relaxed_tol,0.1,strict,0.5,475.46,4,True,43.7,2.0
v3,422,2026-04-27,breakfast|dinner|lunch|snack,1200.0,90.0,120.0,40.0,1218,89,119,43,1.5,-1.1,-0.8,7.5,1220.605,87.92,122.44,42.155,1.7,-2.3,2.0,5.4,strict_tight,0.08,strict,0.5,239.14,2,True,31.6,2.0
v3,423,2026-04-27,dinner|lunch,885.0,70.0,95.0,25.0,911,73,103,23,2.9,4.3,8.4,-8.0,825.8900000000001,70.94,91.05000000000001,19.79,-6.7,1.3,-4.2,-20.8,strict_tight,0.08,strict,1.0,142.61,1,True,27.9,2.0
v3,424,2026-04-28,dinner|lunch,885.0,70.0,95.0,25.0,928,93,97,19,4.9,32.9,2.1,-24.0,842.6500000000001,90.59,84.69,15.75,-4.8,29.4,-10.9,-37.0,best_effort_lp,BEST_EFFORT_LP,relaxed,1.0,2014.19,17,True,36.8,2.0
v3,425,2026-04-29,dinner|lunch,885.0,70.0,95.0,25.0,961,69,103,30,8.6,-1.4,8.4,20.0,1021.49,76.45,119.69999999999999,26.33,15.4,9.2,26.0,5.3,strict_relaxed_tol,0.15,strict,0.5,614.53,6,True,43.9,1.5
v3,426,2026-04-30,dinner|lunch,885.0,70.0,95.0,25.0,939,62,75,44,6.1,-11.4,-21.1,76.0,894.75,64.53,71.49000000000001,38.97,1.1,-7.8,-24.7,55.9,best_effort_lp,BEST_EFFORT_LP,relaxed,1.0,1701.33,17,True,54.7,2.0
v3,427,2026-05-01,dinner|lunch,885.0,70.0,95.0,25.0,895,78,90,24,1.1,11.4,-5.3,-4.0,892.5,79.8,99.225,19.599999999999998,0.8,14.0,4.4,-21.6,strict_tight,0.08,strict,0.5,281.79,2,True,28.4,2.0
v3,428,2026-04-28,breakfast|dinner|lunch|snack,1200.0,90.0,120.0,40.0,1156,107,137,20,-3.7,18.9,14.2,-50.0,1121.85,106.83,134.55,17.39,-6.5,18.7,12.1,-56.5,best_effort_lp,BEST_EFFORT_LP,relaxed,1.0,2296.73,17,True,29.5,1.0
v3,429,2026-04-29,breakfast|dinner|lunch|snack,1200.0,90.0,120.0,40.0,1177,84,116,42,-1.9,-6.7,-3.3,5.0,1240.87,96.9,96.71000000000001,51.83,3.4,7.7,-19.4,29.6,strict_tight,0.08,strict,0.5,327.9,2,True,26.1,2.0
v3,430,2026-04-30,breakfast|dinner|lunch|snack,1200.0,90.0,120.0,40.0,1161,80,117,41,-3.2,-11.1,-2.5,2.5,1142.3,80.64,99.92,46.7,-4.8,-10.4,-16.7,16.8,strict_tight,0.08,strict,0.5,333.78,2,True,33.2,2.5
v3,434,2026-04-30,breakfast|dinner|lunch|snack,1200.0,90.0,120.0,40.0,1178,91,110,42,-1.8,1.1,-8.3,5.0,1182.68,90.59,107.58500000000001,43.36,-1.4,0.7,-10.3,8.4,strict_tight,0.08,strict,0.5,285.21,2,True,32.7,2.0
v3,436,2026-05-04,dinner|lunch|snack,1500.0,140.0,122.5,50.0,1442,130,115,51,-3.9,-7.1,-6.1,2.0,1593.8200000000002,145.21,132.35,53.74,6.3,3.7,8.0,7.5,strict_tight,0.08,strict,1.0,177.84,1,True,28.9,7.0
v3,437,2026-05-05,dinner|lunch|snack,1500.0,140.0,122.5,50.0,1521,152,123,47,1.4,8.6,0.4,-6.0,1525.14,143.68,121.75,51.5,1.7,2.6,-0.6,3.0,strict_tight,0.08,strict,0.5,331.91,2,True,37.7,2.5
v3,438,2026-05-06,dinner|lunch|snack,1500.0,140.0,122.5,50.0,1489,129,122,54,-0.7,-7.9,-0.4,8.0,1491.795,134.62,118.77,53.155,-0.5,-3.8,-3.0,6.3,strict_tight,0.08,strict,0.5,287.24,2,True,30.5,2.0
v3,439,2026-05-07,dinner|lunch|snack,1500.0,140.0,122.5,50.0,1458,142,120,46,-2.8,1.4,-2.0,-8.0,1432.145,146.73000000000002,121.72999999999999,39.815000000000005,-4.5,4.8,-0.6,-20.4,strict_tight,0.08,strict,0.5,363.26,2,True,31.2,2.0
v3,440,2026-05-04,breakfast|dinner|lunch|snack,1200.0,90.0,120.0,40.0,1197,102,121,34,-0.2,13.3,0.8,-15.0,1221.17,92.16,120.86,41.03,1.8,2.4,0.7,2.6,strict_relaxed_tol,0.15,strict,0.5,865.04,6,True,28.7,1.5
v3,441,2026-05-05,dinner|lunch,885.0,70.0,95.0,25.0,891,58,97,30,0.7,-17.1,2.1,20.0,892.9599999999999,58.760000000000005,92.0,32.239999999999995,0.9,-16.1,-3.2,29.0,strict_relaxed_tol,0.15,strict,0.5,845.93,6,True,34.8,2.5
v3,442,2026-05-06,dinner|lunch,885.0,70.0,95.0,25.0,893,73,96,24,0.9,4.3,1.1,-4.0,923.17,83.81,90.33,25.189999999999998,4.3,19.7,-4.9,0.8,strict_tight,0.08,strict,1.0,138.92,1,True,33.9,1.0
v3,443,2026-05-07,dinner|lunch,885.0,70.0,95.0,25.0,875,83,83,24,-1.1,18.6,-12.6,-4.0,956.3499999999999,91.7,81.58000000000001,29.25,8.1,31.0,-14.1,17.0,strict_relaxed_tol,0.2,strict,0.5,963.0,8,True,50.6,1.5
v3,444,2026-05-08,dinner|lunch,885.0,70.0,95.0,25.0,875,83,83,24,-1.1,18.6,-12.6,-4.0,956.3499999999999,91.83,81.58000000000001,29.25,8.1,31.2,-14.1,17.0,strict_relaxed_tol,0.2,strict,0.5,986.37,8,True,50.6,1.5
v3,445,2026-05-06,breakfast|dinner|lunch|snack,1500.0,112.5,150.0,50.0,1542,114,160,49,2.8,1.3,6.7,-2.0,1474.92,112.78999999999999,145.86999999999998,48.940000000000005,-1.7,0.3,-2.8,-2.1,strict_tight,0.08,strict,1.0,170.51,1,True,20.7,2.0
v3,446,2026-05-06,breakfast|dinner|lunch|snack,1200.0,90.0,120.0,40.0,1213,90,122,40,1.1,0.0,1.7,0.0,1199.4250000000002,90.33,120.0,39.805,-0.0,0.4,0.0,-0.5,strict_tight,0.08,strict,0.5,317.45,2,True,25.0,1.5
v3,447,2026-05-07,breakfast|dinner|lunch|snack,1200.0,90.0,120.0,40.0,1199,89,128,37,-0.1,-1.1,6.7,-7.5,1259.175,89.68499999999999,138.89,38.335,4.9,-0.4,15.7,-4.2,strict_tight,0.08,strict,0.5,254.97,2,True,27.3,2.0
v3,448,2026-05-08,breakfast|dinner|lunch|snack,1200.0,90.0,120.0,40.0,1267,105,106,47,5.6,16.7,-11.7,17.5,1168.9199999999998,83.12,113.72999999999999,42.42,-2.6,-7.6,-5.2,6.1,strict_relaxed_tol,0.15,strict,0.5,875.87,6,True,27.1,3.5
v3,449,2026-05-06,breakfast|dinner|lunch|snack,1400.0,105.0,140.0,46.7,1400,105,140,47,0.0,0.0,0.0,0.6,1476.8899999999999,106.38,142.72,53.41,5.5,1.3,1.9,14.4,strict_tight,0.08,strict,0.5,514.44,2,True,24.8,2.0
v3,450,2026-05-08,breakfast|dinner|lunch|snack,1400.0,105.0,140.0,46.7,1363,99,137,47,-2.6,-5.7,-2.1,0.6,1369.3,106.5,108.97,56.4,-2.2,1.4,-22.2,20.8,strict_tight,0.08,strict,0.5,377.14,2,True,26.1,3.5
v3,451,2026-05-12,breakfast|dinner|lunch|snack,1400.0,105.0,140.0,46.7,1440,102,141,52,2.9,-2.9,0.7,11.3,1485.47,106.30000000000001,128.93,60.53,6.1,1.2,-7.9,29.6,strict_tight,0.08,strict,1.0,170.63,1,True,16.5,2.0
v3,452,2026-05-08,dinner,800.0,50.0,90.0,26.7,740,52,78,25,-7.5,4.0,-13.3,-6.4,812.8199999999999,54.28,77.64,31.700000000000003,1.6,8.6,-13.7,18.7,single_meal_kcal_only,0.08,strict,1.0,144.0,1,True,88.4,2.0
v3,453,2026-05-11,dinner|lunch|snack,1500.0,140.0,122.5,50.0,1416,132,114,48,-5.6,-5.7,-6.9,-4.0,1501.68,140.06,122.19499999999998,50.309999999999995,0.1,0.0,-0.2,0.6,strict_tight,0.08,strict,1.0,143.49,1,True,29.5,2.0
v3,454,2026-05-12,dinner|lunch|snack,1500.0,140.0,122.5,50.0,1477,133,122,51,-1.5,-5.0,-0.4,2.0,1477.05,122.14,133.35,50.59,-1.5,-12.8,8.9,1.2,strict_tight,0.08,strict,0.5,441.56,2,True,35.3,2.5
v3,455,2026-05-13,dinner|lunch|snack,1500.0,140.0,122.5,50.0,1461,137,119,48,-2.6,-2.1,-2.9,-4.0,1482.71,139.45,110.41,53.71000000000001,-1.2,-0.4,-9.9,7.4,strict_tight,0.08,strict,1.0,108.21,1,True,31.4,2.0
v3,456,2026-05-14,dinner|lunch|snack,1500.0,140.0,122.5,50.0,1514,145,118,51,0.9,3.6,-3.7,2.0,1599.8799999999999,148.63000000000002,128.01,54.839999999999996,6.7,6.2,4.5,9.7,strict_tight,0.08,strict,1.0,85.03,1,True,41.0,2.0
v3,457,2026-05-11,breakfast|dinner|lunch|snack,1500.0,112.5,150.0,50.0,1508,113,142,55,0.5,0.4,-5.3,10.0,1533.51,99.05,150.07,59.69,2.2,-12.0,0.0,19.4,strict_tight,0.08,strict,0.5,225.23,2,True,30.1,2.0
v3,458,2026-05-13,dinner|lunch|snack,1320.0,120.0,120.0,40.0,1333,117,118,44,1.0,-2.5,-1.7,10.0,945.035,83.255,88.00500000000001,28.895000000000003,-28.4,-30.6,-26.7,-27.8,strict_tight,0.08,strict,0.5,381.51,2,True,34.1,2.0
v3,459,2026-05-14,dinner|lunch|snack,1320.0,120.0,120.0,40.0,1333,121,120,41,1.0,0.8,0.0,2.5,931.67,72.03,89.16999999999999,31.89,-29.4,-40.0,-25.7,-20.3,strict_tight,0.08,strict,0.5,293.46,2,True,36.8,2.0
v3,460,2026-05-15,dinner|lunch|snack,1320.0,120.0,120.0,40.0,1311,121,107,44,-0.7,0.8,-10.8,10.0,908.8899999999999,65.00999999999999,73.46999999999998,39.47,-31.1,-45.8,-38.8,-1.3,strict_relaxed_tol,0.1,strict,0.5,662.32,4,True,43.7,3.5
v3,555,2026-05-21,lunch,700.0,52.5,70.0,23.3,642,42,37,36,-8.3,-20.0,-47.1,54.5,642.375,42.3,37.15,36.075,-8.2,-19.4,-46.9,54.8,single_meal_kcal_only,0.1,strict,0.5,638.37,4,True,100.0,2.5
v3,559,2026-05-21,dinner|lunch|snack,1200.0,90.0,120.0,40.0,1219,88,120,43,1.6,-2.2,0.0,7.5,1228.73,89.96000000000001,118.89,43.730000000000004,2.4,-0.0,-0.9,9.3,strict_tight,0.08,strict,0.5,220.47,2,True,38.4,2.5
v3,560,2026-05-22,dinner|lunch|snack,1200.0,90.0,120.0,40.0,1249,116,96,45,4.1,28.9,-20.0,12.5,1249.21,115.51,95.74000000000001,44.92999999999999,4.1,28.3,-20.2,12.3,best_effort_lp,BEST_EFFORT_LP,relaxed,1.0,2018.75,17,True,49.5,2.0
v3,564,2026-05-27,lunch|snack,1500.0,140.0,122.5,50.0,1451,141,122,44,-3.3,0.7,-0.4,-12.0,879.23,75.03999999999999,75.67,30.71,-41.4,-46.4,-38.2,-38.6,strict_tight,0.08,strict,1.0,135.37,1,True,38.3,4.0
v3,565,2026-05-28,lunch|snack,1500.0,140.0,122.5,50.0,1449,160,109,41,-3.4,14.3,-11.0,-18.0,919.5899999999999,89.39,78.97999999999999,27.35,-38.7,-36.1,-35.5,-45.3,strict_relaxed_tol,0.15,strict,0.5,668.17,6,True,59.9,4.0
v3,569,2026-05-29,breakfast|dinner|lunch|snack,1200.0,90.0,120.0,40.0,1170,88,120,38,-2.5,-2.2,0.0,-5.0,1209.62,94.175,121.46,38.58,0.8,4.6,1.2,-3.6,strict_tight,0.08,strict,0.5,279.97,2,True,26.4,1.5
v3,572,2026-06-01,breakfast|lunch|snack,2000.0,150.0,200.0,66.7,2004,150,201,67,0.2,0.0,0.5,0.4,1124.73,75.64,118.25,38.809999999999995,-43.8,-49.6,-40.9,-41.8,strict_tight,0.08,strict,1.0,173.33,1,True,26.7,4.0
v3,575,2026-06-02,breakfast|dinner|lunch|snack,1200.0,90.0,120.0,40.0,1202,90,119,41,0.2,0.0,-0.8,2.5,1204.165,89.80999999999999,120.435,40.405,0.3,-0.2,0.4,1.0,strict_tight,0.08,strict,0.5,365.06,2,True,29.6,2.0
v3,577,2026-06-05,breakfast|dinner|lunch|snack,1200.0,90.0,120.0,40.0,1234,84,168,25,2.8,-6.7,40.0,-37.5,1205.645,120.395,121.78999999999999,26.335,0.5,33.8,1.5,-34.2,best_effort_lp,BEST_EFFORT_LP,relaxed,1.0,1447.63,17,True,23.6,1.0
v3,579,2026-06-01,dinner|lunch|snack,1500.0,140.0,122.5,50.0,1511,140,121,52,0.7,0.0,-1.2,4.0,1498.75,138.19000000000003,122.71,50.589999999999996,-0.1,-1.3,0.2,1.2,strict_tight,0.08,strict,1.0,130.77,1,True,31.4,3.0
v3,580,2026-06-02,dinner|lunch,1500.0,140.0,122.5,50.0,1489,135,120,52,-0.7,-3.6,-2.0,4.0,1497.1100000000001,119.655,137.61,52.05,-0.2,-14.5,12.3,4.1,strict_tight,0.08,strict,0.5,190.23,2,True,31.4,4.0
v3,581,2026-06-03,dinner|lunch|snack,1500.0,140.0,122.5,50.0,1376,91,147,47,-8.3,-35.0,20.0,-6.0,1468.585,99.42500000000001,156.805,49.305,-2.1,-29.0,28.0,-1.4,best_effort_lp,BEST_EFFORT_LP,relaxed,1.0,1899.39,17,True,30.7,2.0
v3,582,2026-06-04,dinner|lunch|snack,1500.0,140.0,122.5,50.0,1445,121,134,47,-3.7,-13.6,9.4,-6.0,1383.2350000000001,114.77,138.15,41.285000000000004,-7.8,-18.0,12.8,-17.4,strict_relaxed_tol,0.15,strict,0.5,836.62,6,True,35.3,3.0
v3,588,2026-06-02,lunch,700.0,52.5,70.0,23.3,726,38,75,30,3.7,-27.6,7.1,28.8,728.03,36.940000000000005,83.02999999999999,27.61,4.0,-29.6,18.6,18.5,single_meal_kcal_only,0.08,strict,1.0,118.01,1,True,42.3,3.0
v3,591,2026-06-05,lunch,700.0,52.5,70.0,23.3,647,37,77,21,-7.6,-29.5,10.0,-9.9,639.945,61.86,57.795,17.925,-8.6,17.8,-17.4,-23.1,single_meal_kcal_only,0.08,strict,1.0,140.98,1,True,79.3,2.0
v3,595,2026-06-08,breakfast|dinner|lunch|snack,1100.0,82.5,110.0,36.7,1115,68,115,43,1.4,-17.6,4.5,17.2,1093.74,70.15,112.13,40.53,-0.6,-15.0,1.9,10.4,strict_relaxed_tol,0.15,strict,0.5,916.82,6,True,30.5,2.0
v3,618,2026-06-08,dinner,1500.0,140.0,122.5,50.0,1444,107,143,49,-3.7,-23.6,16.7,-2.0,679.1,52.2,65.6,23.1,-54.7,-62.7,-46.4,-53.8,single_meal_kcal_only,0.08,strict,1.0,112.57,1,True,94.1,4.0
v3,619,2026-06-09,dinner|lunch|snack,1500.0,140.0,122.5,50.0,1087,82,121,31,-27.5,-41.4,-1.2,-38.0,1514.245,122.07,169.615,38.625,0.9,-12.8,38.5,-22.8,best_effort_lp,BEST_EFFORT_LP,relaxed,1.0,2151.98,17,True,38.8,2.0
v3,621,2026-06-11,dinner|lunch,1500.0,140.0,122.5,50.0,1272,83,147,39,-15.2,-40.7,20.0,-22.0,1481.8899999999999,104.49000000000001,168.20499999999998,43.47,-1.2,-25.4,37.3,-13.1,best_effort_lp,BEST_EFFORT_LP,relaxed,1.0,1975.13,17,True,53.4,2.0
v3,820,2026-07-15,dinner|lunch,1000.0,70.0,118.0,28.0,1009,86,108,26,0.9,22.9,-8.5,-7.1,1013.9,73.235,120.07,26.755,1.4,4.6,1.8,-4.4,strict_relaxed_tol,0.2,strict,0.5,1175.58,8,True,21.8,2.5
v3,822,2026-07-17,dinner|lunch,1000.0,70.0,118.0,28.0,904,91,76,26,-9.6,30.0,-35.6,-7.1,903.5600000000002,90.86000000000001,76.1,26.189999999999998,-9.6,29.8,-35.5,-6.5,best_effort_lp,BEST_EFFORT_LP,relaxed,1.0,1931.72,17,True,32.7,2.0
v3,626,2026-06-09,lunch,700.0,52.5,70.0,23.3,736,76,71,16,5.1,44.8,1.4,-31.3,562.48,71.88000000000001,39.56,12.979999999999999,-19.6,36.9,-43.5,-44.3,single_meal_kcal_only,0.08,strict,1.0,153.14,1,True,64.5,2.0
v3,536,2026-05-21,lunch,1500.0,140.0,122.5,50.0,1458,131,119,51,-2.8,-6.4,-2.9,2.0,754.49,80.03999999999999,52.67999999999999,24.85,-49.7,-42.8,-57.0,-50.3,single_meal_kcal_only,0.08,strict,1.0,134.69,1,True,44.6,12.0
v3,628,2026-06-11,lunch,700.0,52.5,70.0,23.3,722,53,72,25,3.1,1.0,2.9,7.3,679.1,52.2,65.6,23.1,-3.0,-0.6,-6.3,-0.9,single_meal_kcal_only,0.08,strict,0.5,264.09,2,True,94.1,2.0
v3,629,2026-06-12,lunch,700.0,52.5,70.0,23.3,647,37,77,21,-7.6,-29.5,10.0,-9.9,639.945,61.86,57.795,17.925,-8.6,17.8,-17.4,-23.1,single_meal_kcal_only,0.08,strict,1.0,111.95,1,True,79.3,2.0
v3,630,2026-06-15,lunch,700.0,52.5,70.0,23.3,678,49,63,26,-3.1,-6.7,-10.0,11.6,709.8,56.425,60.849999999999994,26.75,1.4,7.5,-13.1,14.8,single_meal_kcal_only,0.08,strict,1.0,117.81,1,True,68.9,2.0
v3,637,2026-06-16,lunch|snack,1500.0,140.0,122.5,50.0,1472,130,133,46,-1.9,-7.1,8.6,-8.0,861.26,83.26,72.89,26.3,-42.6,-40.5,-40.5,-47.4,strict_tight,0.08,strict,1.0,140.35,1,True,39.3,3.0
v3,556,2026-05-22,lunch,700.0,52.5,70.0,23.3,692,39,86,21,-1.1,-25.7,22.9,-9.9,676.35,63.525,65.4,17.85,-3.4,21.0,-6.6,-23.4,single_meal_kcal_only,0.08,strict,1.0,146.28,1,True,80.3,2.0
v3,561,2026-05-22,breakfast|lunch,1000.0,75.0,100.0,33.3,1029,68,104,38,2.9,-9.3,4.0,14.1,967.6600000000001,59.58,106.44,33.760000000000005,-3.2,-20.6,6.4,1.4,strict_relaxed_tol,0.1,strict,0.5,497.57,4,True,45.4,3.5
v3,566,2026-05-26,breakfast|dinner|lunch|snack,1200.0,90.0,120.0,40.0,1193,88,120,41,-0.6,-2.2,0.0,2.5,1255.32,90.27000000000001,118.75,46.6,4.6,0.3,-1.0,16.5,strict_tight,0.08,strict,0.5,393.58,2,True,26.1,2.0
v3,567,2026-05-27,breakfast|dinner|lunch|snack,1200.0,90.0,120.0,40.0,1217,94,121,40,1.4,4.4,0.8,0.0,1232.1100000000001,104.69,111.88999999999999,40.65,2.7,16.3,-6.8,1.6,strict_tight,0.08,strict,0.5,427.32,2,True,22.8,1.5
v3,570,2026-05-29,lunch,700.0,52.5,70.0,23.3,642,42,37,36,-8.3,-20.0,-47.1,54.5,642.375,42.3,37.15,36.075,-8.2,-19.4,-46.9,54.8,single_meal_kcal_only,0.1,strict,0.5,542.17,4,True,100.0,2.5
v3,573,2026-06-02,breakfast|lunch|snack,2000.0,150.0,200.0,66.7,2020,152,202,67,1.0,1.3,1.0,0.4,1193.67,87.97,122.66,39.03,-40.3,-41.4,-38.7,-41.5,strict_tight,0.08,strict,1.0,221.87,1,True,37.8,4.0
v3,576,2026-06-03,breakfast|dinner|lunch|snack,1200.0,90.0,120.0,40.0,1286,100,156,29,7.2,11.1,30.0,-27.5,1239.44,116.445,129.11,28.6,3.3,29.4,7.6,-28.5,best_effort_lp,BEST_EFFORT_LP,relaxed,1.0,2121.91,17,True,24.4,2.0
v3,583,2026-06-01,dinner|lunch|snack,2442.0,107.0,355.0,66.0,2365,118,338,60,-3.2,10.3,-4.8,-9.1,2465.695,117.58,358.32,62.55499999999999,1.0,9.9,0.9,-5.2,strict_tight,0.08,strict,0.5,426.26,2,True,24.4,4.5
v3,587,2026-06-05,dinner|lunch|snack,2442.0,107.0,355.0,66.0,2429,123,356,57,-0.5,15.0,0.3,-13.6,1909.6350000000002,140.43,240.03999999999996,43.105000000000004,-21.8,31.2,-32.4,-34.7,strict_tight,0.08,strict,0.5,336.95,2,True,37.0,4.0
v3,589,2026-06-03,lunch,700.0,52.5,70.0,23.3,716,54,83,18,2.3,2.9,18.6,-22.7,615.27,55.2,59.22,17.52,-12.1,5.1,-15.4,-24.8,single_meal_kcal_only,0.08,strict,1.0,110.69,1,True,56.2,2.0
v3,592,2026-06-03,breakfast|dinner|lunch|snack,1100.0,82.5,110.0,36.7,1125,84,110,39,2.3,1.8,0.0,6.3,1162.62,79.83,121.72,39.62,5.7,-3.2,10.7,8.0,strict_tight,0.08,strict,0.5,421.16,2,True,33.9,1.5
v3,596,2026-06-09,breakfast|dinner|lunch|snack,1100.0,82.5,110.0,36.7,1100,82,110,37,0.0,-0.6,0.0,0.8,1104.3449999999998,83.61000000000001,107.225,37.895,0.4,1.3,-2.5,3.3,strict_tight,0.08,strict,0.5,364.54,2,True,23.3,2.5
v3,599,2026-06-12,breakfast|dinner|lunch|snack,1100.0,82.5,110.0,36.7,1041,75,112,33,-5.4,-9.1,1.8,-10.1,1139.435,76.12,125.76499999999999,36.885000000000005,3.6,-7.7,14.3,0.5,strict_tight,0.08,strict,0.5,309.14,2,True,24.5,2.0
v3,600,2026-06-15,breakfast|dinner|lunch|snack,1100.0,82.5,110.0,36.7,1112,83,112,37,1.1,0.6,1.8,0.8,1148.3200000000002,86.62,109.86000000000001,40.28,4.4,5.0,-0.1,9.8,strict_tight,0.08,strict,0.5,435.05,2,True,24.1,1.5
v3,602,2026-06-17,breakfast|dinner|lunch|snack,1100.0,82.5,110.0,36.7,1118,80,107,41,1.6,-3.0,-2.7,11.7,1080.8850000000002,77.21000000000001,110.18499999999997,36.825,-1.7,-6.4,0.2,0.3,strict_tight,0.08,strict,0.5,356.66,2,True,21.2,1.0
v3,604,2026-06-19,breakfast|dinner|lunch|snack,1100.0,82.5,110.0,36.7,1107,84,126,30,0.6,1.8,14.5,-18.3,1038.54,96.0,113.1,22.460000000000004,-5.6,16.4,2.8,-38.8,strict_relaxed_tol,0.2,strict,0.5,1275.28,8,True,37.7,1.5
v3,640,2026-06-19,lunch|snack,1500.0,140.0,122.5,50.0,1472,130,133,46,-1.9,-7.1,8.6,-8.0,861.26,83.26,72.89,26.3,-42.6,-40.5,-40.5,-47.4,strict_tight,0.08,strict,1.0,143.2,1,True,39.3,3.0
v3,777,2026-07-02,lunch,700.0,52.5,70.0,23.3,740,52,78,25,5.7,-1.0,11.4,7.3,703.53,51.1,71.65,23.62,0.5,-2.7,2.4,1.4,single_meal_kcal_only,0.08,strict,1.0,117.19,1,True,88.4,2.0
v3,843,2026-08-04,breakfast|dinner|lunch|snack,1700.0,119.0,200.0,47.0,1704,134,185,48,0.2,12.6,-7.5,2.1,1723.07,118.2,212.88000000000002,44.31,1.4,-0.7,6.4,-5.7,strict_tight,0.08,strict,1.0,279.48,1,True,23.3,2.0
v3,779,2026-07-20,dinner|lunch,1410.0,150.0,68.0,60.0,995,82,91,34,-29.4,-45.3,33.8,-43.3,1008.4000000000001,82.36,90.99999999999999,35.0,-28.5,-45.1,33.8,-41.7,best_effort_lp,BEST_EFFORT_LP,relaxed,1.0,1959.57,17,True,34.1,2.0
v3,733,2026-06-24,lunch,700.0,52.5,70.0,23.3,642,42,37,36,-8.3,-20.0,-47.1,54.5,1027.8,67.68,59.44,57.72,46.8,28.9,-15.1,147.7,single_meal_kcal_only,0.1,strict,0.5,474.09,4,True,100.0,2.5
v3,735,2026-06-26,lunch,700.0,52.5,70.0,23.3,692,39,86,21,-1.1,-25.7,22.9,-9.9,676.35,63.525,65.4,17.85,-3.4,21.0,-6.6,-23.4,single_meal_kcal_only,0.08,strict,1.0,118.27,1,True,80.3,2.0
v3,736,2026-06-29,lunch,700.0,52.5,70.0,23.3,665,50,63,24,-5.0,-4.8,-10.0,3.0,651.295,48.945,71.69,19.175,-7.0,-6.8,2.4,-17.7,single_meal_kcal_only,0.08,strict,1.0,115.91,1,True,38.2,6.0
v3,856,2026-08-05,breakfast|dinner|lunch|snack,1900.0,133.0,223.0,53.0,1918,149,223,48,0.9,12.0,0.0,-9.4,1928.4499999999998,140.44,224.67000000000002,52.02,1.5,5.6,0.7,-1.8,strict_tight,0.08,strict,1.0,124.38,1,True,36.1,4.0
v3,858,2026-08-04,breakfast|lunch,1600.0,175.0,68.0,70.0,1606,175,68,71,0.4,0.0,0.0,1.4,1049.75,84.02000000000001,86.12,41.019999999999996,-34.4,-52.0,26.6,-41.4,strict_tight,0.08,strict,0.5,264.91,2,False,37.7,18.0
v3,860,2026-08-06,breakfast|lunch,1600.0,175.0,68.0,70.0,1630,185,82,62,1.9,5.7,20.6,-11.4,1029.79,111.32,67.27,35.06,-35.6,-36.4,-1.1,-49.9,strict_relaxed_tol,0.1,strict,0.5,509.6,4,True,67.1,5.5
v3,862,2026-08-03,dinner|lunch,1140.0,95.0,100.0,40.0,1143,94,101,40,0.3,-1.1,1.0,0.0,1143.46,91.08,97.67000000000002,43.16,0.3,-4.1,-2.3,7.9,strict_tight,0.08,strict,0.5,292.04,2,True,31.2,3.5
v3,804,2026-07-06,lunch,700.0,52.5,70.0,23.3,726,79,57,20,3.7,50.5,-18.6,-14.2,677.41,62.31,63.53999999999999,19.39,-3.2,18.7,-9.2,-16.8,single_meal_kcal_only,0.08,strict,1.0,112.73,1,True,65.4,2.0
v3,864,2026-08-05,dinner|lunch,1140.0,95.0,100.0,40.0,1058,83,119,28,-7.2,-12.6,19.0,-30.0,1143.6100000000001,85.35,130.67,31.07,0.3,-10.2,30.7,-22.3,best_effort_lp,BEST_EFFORT_LP,relaxed,1.0,2063.49,17,True,39.9,2.0
v3,865,2026-08-06,dinner|lunch,1140.0,95.0,100.0,40.0,1254,113,96,46,10.0,18.9,-4.0,15.0,1151.46,99.33,94.865,41.64000000000001,1.0,4.6,-5.1,4.1,strict_relaxed_tol,0.2,strict,1.0,770.26,7,True,47.1,2.0
v3,806,2026-07-08,lunch,700.0,52.5,70.0,23.3,723,78,67,16,3.3,48.6,-4.3,-31.3,834.5,80.72999999999999,78.63999999999999,21.9,19.2,53.8,12.3,-6.0,single_meal_kcal_only,0.08,strict,1.0,130.32,1,True,73.7,2.0
v3,807,2026-07-09,lunch,700.0,52.5,70.0,23.3,716,86,52,18,2.3,63.8,-25.7,-22.7,420.70000000000005,46.25,30.8,12.5,-39.9,-11.9,-56.0,-46.4,single_meal_kcal_only,0.08,strict,1.0,123.53,1,True,82.5,2.0
v3,866,2026-08-17,dinner|lunch,1140.0,95.0,100.0,40.0,1140,91,100,42,0.0,-4.2,0.0,5.0,1247.4700000000003,80.71000000000001,99.62,58.489999999999995,9.4,-15.0,-0.4,46.2,strict_tight,0.08,strict,0.5,428.3,2,True,36.6,2.0
v3,809,2026-07-09,dinner|lunch,1140.0,95.0,100.0,40.0,950,93,97,21,-16.7,-2.1,-3.0,-47.5,963.4000000000001,93.42,96.86,22.499999999999996,-15.5,-1.7,-3.1,-43.8,best_effort_lp,BEST_EFFORT_LP,relaxed,1.0,1875.1,17,True,35.9,2.0
v3,812,2026-07-20,dinner|lunch,1140.0,95.0,100.0,40.0,1091,95,91,39,-4.3,0.0,-9.0,-2.5,1099.99,86.30000000000001,90.62,43.61,-3.5,-9.2,-9.4,9.0,strict_tight,0.08,strict,1.0,93.74,1,True,28.8,6.0
v3,867,2026-08-18,dinner|lunch,1140.0,95.0,100.0,40.0,1105,119,98,26,-3.1,25.3,-2.0,-35.0,867.1800000000001,82.07999999999998,90.14,19.82,-23.9,-13.6,-9.9,-50.4,best_effort_lp,BEST_EFFORT_LP,relaxed,1.0,1787.02,17,True,43.0,2.0
v3,817,2026-07-28,dinner|lunch,1140.0,95.0,100.0,40.0,1188,89,104,46,4.2,-6.3,4.0,15.0,1232.125,90.32000000000001,107.05,49.19,8.1,-4.9,7.0,23.0,strict_relaxed_tol,0.15,strict,0.5,640.28,6,True,43.2,3.0
v3,818,2026-07-29,dinner|lunch,1140.0,95.0,100.0,40.0,1144,93,116,34,0.4,-2.1,16.0,-15.0,1211.26,104.48,115.66999999999999,36.75,6.3,10.0,15.7,-8.1,strict_relaxed_tol,0.15,strict,0.5,633.18,6,True,36.9,2.5
v3,868,2026-08-19,dinner|lunch,1140.0,95.0,100.0,40.0,1156,104,105,36,1.4,9.5,5.0,-10.0,936.04,73.13,85.89999999999999,33.33,-17.9,-23.0,-14.1,-16.7,strict_tight,0.08,strict,0.5,207.38,2,True,40.4,2.0
v3,871,2026-08-25,dinner|lunch,1140.0,95.0,100.0,40.0,1067,97,92,35,-6.4,2.1,-8.0,-12.5,997.2500000000001,83.53,91.79,32.89,-12.5,-12.1,-8.2,-17.8,strict_relaxed_tol,0.1,strict,0.5,486.49,4,True,29.3,1.5
v3,872,2026-08-26,dinner|lunch,1140.0,95.0,100.0,40.0,1153,98,101,39,1.1,3.2,1.0,-2.5,1156.095,90.62,96.245,45.415,1.4,-4.6,-3.8,13.5,strict_tight,0.08,strict,0.5,303.05,2,True,32.2,3.0
v3,873,2026-08-27,dinner|lunch,1140.0,95.0,100.0,40.0,1160,113,94,37,1.8,18.9,-6.0,-7.5,906.9300000000001,79.92999999999999,76.44,31.280000000000005,-20.4,-15.9,-23.6,-21.8,strict_relaxed_tol,0.2,strict,0.5,1031.51,8,True,40.0,1.5
v3,876,2026-08-11,breakfast|dinner|lunch|snack,3020.0,189.0,445.0,54.0,2945,167,409,71,-2.5,-11.6,-8.1,31.5,2542.13,150.60999999999999,335.97,66.21,-15.8,-20.3,-24.5,22.6,relaxed_culinary,0.15,relaxed,0.5,1931.65,14,True,34.9,8.0
v3,878,2026-08-10,lunch,1650.0,136.0,144.0,59.0,1652,164,147,45,0.1,20.6,2.1,-23.7,550.7,54.550000000000004,49.16,15.1,-66.6,-59.9,-65.9,-74.4,single_meal_kcal_only,0.08,strict,1.0,129.22,1,True,50.4,6.0
v3,880,2026-08-12,lunch,1650.0,136.0,144.0,59.0,1623,163,145,44,-1.6,19.9,0.7,-25.4,431.60999999999996,41.160000000000004,38.75,12.440000000000001,-73.8,-69.7,-73.1,-78.9,single_meal_kcal_only,0.08,strict,1.0,116.94,1,True,47.5,5.0
v3,882,2026-08-14,lunch,1650.0,136.0,144.0,59.0,1555,136,118,60,-5.8,0.0,-18.1,1.7,562.73,52.99,39.43,21.45,-65.9,-61.0,-72.6,-63.6,single_meal_kcal_only,0.08,strict,1.0,114.32,1,True,57.0,5.0
v3,883,2026-08-10,lunch,700.0,52.5,70.0,23.3,692,39,86,21,-1.1,-25.7,22.9,-9.9,689.5999999999999,58.475,69.61,19.700000000000003,-1.5,11.4,-0.6,-15.5,single_meal_kcal_only,0.08,strict,1.0,101.16,1,True,80.3,2.0
v3,885,2026-08-12,lunch,700.0,52.5,70.0,23.3,710,46,99,15,1.4,-12.4,41.4,-35.6,810.95,72.10999999999999,76.94,23.86,15.9,37.4,9.9,2.4,single_meal_kcal_only,0.08,strict,1.0,87.65,1,True,44.2,3.0
v3,886,2026-08-13,lunch,700.0,52.5,70.0,23.3,725,38,79,28,3.6,-27.6,12.9,20.2,643.62,45.735,59.145,24.9,-8.1,-12.9,-15.5,6.9,single_meal_kcal_only,0.08,strict,1.0,86.77,1,True,81.6,2.0
v3,887,2026-08-14,lunch,700.0,52.5,70.0,23.3,678,69,48,24,-3.1,31.4,-31.4,3.0,589.75,40.12,76.22,13.819999999999999,-15.8,-23.6,8.9,-40.7,single_meal_kcal_only,0.08,strict,1.0,84.56,1,True,75.1,2.0
v3,889,2026-08-13,breakfast|dinner|lunch|snack,2200.0,154.0,259.0,61.0,2226,159,254,64,1.2,3.2,-1.9,4.9,2233.79,160.39,273.51,55.36,1.5,4.1,5.6,-9.2,strict_tight,0.08,strict,1.0,236.74,1,True,25.0,3.0
v3,891,2026-08-18,breakfast|dinner|lunch|snack,2000.0,125.0,295.0,36.0,2114,116,238,78,5.7,-7.2,-19.3,116.7,1960.5299999999997,102.13000000000002,237.11,67.11000000000001,-2.0,-18.3,-19.6,86.4,best_effort_lp,BEST_EFFORT_LP,relaxed,1.0,1999.76,17,True,22.1,5.0
v3,620,2026-06-10,dinner|lunch|snack,1500.0,140.0,122.5,50.0,1510,145,137,43,0.7,3.6,11.8,-14.0,1550.18,154.55,131.43,45.15,3.3,10.4,7.3,-9.7,strict_relaxed_tol,0.1,strict,0.5,444.05,4,True,45.0,2.5
v3,821,2026-07-16,dinner|lunch,1000.0,70.0,118.0,28.0,1006,96,104,23,0.6,37.1,-11.9,-17.9,968.1950000000002,83.255,110.12,21.685000000000002,-3.2,18.9,-6.7,-22.6,best_effort_lp,BEST_EFFORT_LP,relaxed,1.0,1809.82,17,True,33.9,2.0
v3,627,2026-06-10,lunch,700.0,52.5,70.0,23.3,716,54,83,18,2.3,2.9,18.6,-22.7,615.27,55.2,59.22,17.52,-12.1,5.1,-15.4,-24.8,single_meal_kcal_only,0.08,strict,1.0,129.4,1,True,56.2,2.0
v3,552,2026-05-18,lunch,700.0,52.5,70.0,23.3,730,54,62,29,4.3,2.9,-11.4,24.5,663.3900000000001,39.22,83.47,19.21,-5.2,-25.3,19.2,-17.6,single_meal_kcal_only,0.08,strict,0.5,225.62,2,True,64.0,2.5
v3,553,2026-05-19,lunch,700.0,52.5,70.0,23.3,692,77,49,21,-1.1,46.7,-30.0,-9.9,694.86,76.46,56.2,18.259999999999998,-0.7,45.6,-19.7,-21.6,single_meal_kcal_only,0.08,strict,1.0,104.13,1,True,74.9,2.0
v3,557,2026-05-19,dinner|lunch|snack,1200.0,90.0,120.0,40.0,1195,92,106,45,-0.4,2.2,-11.7,12.5,1333.04,114.7,105.64,50.2,11.1,27.4,-12.0,25.5,relaxed_culinary,0.15,relaxed,0.5,1949.89,14,True,32.3,2.0
v3,562,2026-05-25,dinner|lunch|snack,1500.0,140.0,122.5,50.0,1505,160,127,40,0.3,14.3,3.7,-20.0,1504.5599999999997,160.47,123.0,41.199999999999996,0.3,14.6,0.4,-17.6,strict_relaxed_tol,0.2,strict,1.0,763.08,7,True,41.0,2.0
v3,568,2026-05-28,breakfast|dinner|lunch|snack,1200.0,90.0,120.0,40.0,1122,72,102,48,-6.5,-20.0,-15.0,20.0,1218.765,90.36,91.18,54.745000000000005,1.6,0.4,-24.0,36.9,relaxed_culinary,0.2,relaxed,1.0,1588.14,15,True,22.9,1.0
v3,571,2026-05-29,breakfast|lunch,600.0,45.0,60.0,20.0,606,43,62,21,1.0,-4.4,3.3,5.0,487.28499999999997,39.36,40.379999999999995,18.705,-18.8,-12.5,-32.7,-6.5,strict_tight,0.08,strict,0.5,217.16,2,False,39.2,1.0
v3,574,2026-06-01,breakfast|dinner|lunch|snack,1200.0,90.0,120.0,40.0,1304,86,181,26,8.7,-4.4,50.8,-35.0,1063.085,69.67500000000001,136.93,26.314999999999998,-11.4,-22.6,14.1,-34.2,best_effort_lp,BEST_EFFORT_LP,relaxed,1.0,1850.8,17,True,22.3,2.0
v3,578,2026-06-01,breakfast|lunch,600.0,45.0,60.0,20.0,600,47,59,20,0.0,4.4,-1.7,0.0,601.53,48.915,57.040000000000006,19.770000000000003,0.3,8.7,-4.9,-1.1,strict_tight,0.08,strict,0.5,238.33,2,False,39.0,2.5
v3,584,2026-06-02,dinner|lunch|snack,2442.0,107.0,355.0,66.0,2415,153,346,46,-1.1,43.0,-2.5,-30.3,2072.88,148.28,275.24,42.13999999999999,-15.1,38.6,-22.5,-36.2,best_effort_lp,BEST_EFFORT_LP,relaxed,1.0,1952.41,17,True,31.9,6.0
v3,585,2026-06-03,dinner|lunch|snack,2442.0,107.0,355.0,66.0,2207,122,353,34,-9.6,14.0,-0.6,-48.5,2372.68,139.18,356.63,43.339999999999996,-2.8,30.1,0.5,-34.3,best_effort_lp,BEST_EFFORT_LP,relaxed,1.0,1682.84,17,True,31.4,5.0
v3,586,2026-06-04,dinner|lunch|snack,2442.0,107.0,355.0,66.0,2442,129,354,57,0.0,20.6,-0.3,-13.6,2430.3,136.755,351.6,53.010000000000005,-0.5,27.8,-1.0,-19.7,strict_tight,0.08,strict,0.5,284.46,2,True,34.8,4.5
v3,590,2026-06-04,lunch,700.0,52.5,70.0,23.3,722,53,72,25,3.1,1.0,2.9,7.3,679.1,52.2,65.6,23.1,-3.0,-0.6,-6.3,-0.9,single_meal_kcal_only,0.08,strict,0.5,241.85,2,True,94.1,2.0
v3,593,2026-06-04,breakfast|dinner|lunch|snack,1100.0,82.5,110.0,36.7,1097,75,117,37,-0.3,-9.1,6.4,0.8,1109.155,84.68,111.29500000000002,36.145,0.8,2.6,1.2,-1.5,relaxed_culinary,0.08,relaxed,0.5,1135.11,10,True,31.0,2.0
v3,594,2026-06-05,breakfast|dinner|lunch|snack,1100.0,82.5,110.0,36.7,1090,81,109,37,-0.9,-1.8,-0.9,0.8,1101.125,83.29,107.04,37.765,0.1,1.0,-2.7,2.9,strict_tight,0.08,strict,0.5,387.57,2,True,22.9,3.5
v3,597,2026-06-10,breakfast|dinner|lunch|snack,1100.0,82.5,110.0,36.7,1134,70,119,42,3.1,-15.2,8.2,14.4,1102.875,82.18,108.56,37.785,0.3,-0.4,-1.3,3.0,strict_relaxed_tol,0.1,strict,0.5,522.88,4,True,37.2,1.5
v3,598,2026-06-11,breakfast|dinner|lunch|snack,1100.0,82.5,110.0,36.7,1079,96,107,29,-1.9,16.4,-2.7,-21.0,1078.435,95.025,111.095,28.225,-2.0,15.2,1.0,-23.1,strict_relaxed_tol,0.2,strict,0.5,885.88,8,True,35.4,1.5
v3,601,2026-06-16,breakfast|dinner|lunch|snack,1100.0,82.5,110.0,36.7,1125,85,115,36,2.3,3.0,4.5,-1.9,1105.44,82.52499999999999,109.80999999999997,37.365,0.5,0.0,-0.2,1.8,strict_tight,0.08,strict,0.5,274.85,2,True,37.8,2.0
v3,603,2026-06-18,breakfast|dinner|lunch|snack,1100.0,82.5,110.0,36.7,1099,80,111,37,-0.1,-3.0,0.9,0.8,1142.9299999999998,90.99,111.63,36.95,3.9,10.3,1.5,0.7,strict_tight,0.08,strict,0.5,393.74,2,True,26.9,1.0
v3,776,2026-07-01,lunch,700.0,52.5,70.0,23.3,726,79,57,20,3.7,50.5,-18.6,-14.2,695.765,52.02,72.695,21.935000000000002,-0.6,-0.9,3.8,-5.9,single_meal_kcal_only,0.08,strict,1.0,129.3,1,True,65.4,2.0
v3,507,2026-05-13,breakfast|dinner|lunch|snack,1200.0,90.0,120.0,40.0,1194,80,121,43,-0.5,-11.1,0.8,7.5,1228.35,71.34,115.73,53.37,2.4,-20.7,-3.6,33.4,strict_tight,0.08,strict,0.5,233.39,2,True,39.0,2.0
v3,508,2026-05-14,breakfast|dinner|lunch|snack,1200.0,90.0,120.0,40.0,1217,96,119,40,1.4,6.7,-0.8,0.0,1199.81,90.065,120.08,39.92999999999999,-0.0,0.1,0.1,-0.2,strict_tight,0.08,strict,0.5,320.51,2,True,21.9,1.5
v3,509,2026-05-15,breakfast|dinner|lunch|snack,1200.0,90.0,120.0,40.0,1164,79,121,41,-3.0,-12.2,0.8,2.5,1196.19,81.74000000000001,122.54999999999998,42.13,-0.3,-9.2,2.1,5.3,strict_tight,0.08,strict,1.0,134.93,1,True,17.6,2.0
v3,510,2026-05-18,breakfast|dinner|lunch|snack,1200.0,90.0,120.0,40.0,1204,95,118,39,0.3,5.6,-1.7,-2.5,1243.35,104.91000000000001,119.61999999999999,38.37,3.6,16.6,-0.3,-4.1,strict_tight,0.08,strict,0.5,427.37,2,True,25.9,1.5
v3,511,2026-05-19,breakfast|dinner|lunch|snack,1200.0,90.0,120.0,40.0,1212,92,121,40,1.0,2.2,0.8,0.0,1164.03,83.31,117.0,40.32,-3.0,-7.4,-2.5,0.8,strict_tight,0.08,strict,0.5,413.0,2,True,28.9,1.5
v3,512,2026-05-20,breakfast|dinner|lunch|snack,1200.0,90.0,120.0,40.0,1192,85,119,42,-0.7,-5.6,-0.8,5.0,1242.67,93.66,126.21000000000001,40.39000000000001,3.6,4.1,5.2,1.0,strict_tight,0.08,strict,0.5,259.51,2,True,28.9,2.5
v3,513,2026-05-21,breakfast|dinner|lunch|snack,1200.0,90.0,120.0,40.0,1242,94,115,45,3.5,4.4,-4.2,12.5,1158.12,83.765,113.805,40.879999999999995,-3.5,-6.9,-5.2,2.2,strict_relaxed_tol,0.1,strict,0.5,598.15,4,True,24.9,2.0
v3,514,2026-05-22,breakfast|dinner|lunch|snack,1200.0,90.0,120.0,40.0,1211,89,128,38,0.9,-1.1,6.7,-5.0,1249.41,100.07,129.49999999999997,36.8,4.1,11.2,7.9,-8.0,strict_tight,0.08,strict,0.5,393.91,2,True,22.9,1.5
v3,515,2026-05-25,breakfast|dinner|lunch|snack,1200.0,90.0,120.0,40.0,1169,86,123,37,-2.6,-4.4,2.5,-7.5,1199.03,89.08,120.26,40.19,-0.1,-1.0,0.2,0.5,strict_tight,0.08,strict,1.0,131.25,1,True,20.0,2.0
v3,516,2026-05-26,breakfast|dinner|lunch|snack,1200.0,90.0,120.0,40.0,1253,101,119,41,4.4,12.2,-0.8,2.5,1211.0100000000002,93.95000000000002,127.9,35.97,0.9,4.4,6.6,-10.1,strict_tight,0.08,strict,0.5,337.93,2,True,37.3,1.5
v3,517,2026-05-27,breakfast|dinner|lunch|snack,1200.0,90.0,120.0,40.0,1240,91,123,43,3.3,1.1,2.5,7.5,1187.36,88.96,118.91,39.550000000000004,-1.1,-1.2,-0.9,-1.1,strict_tight,0.08,strict,1.0,152.83,1,True,20.9,2.0
v3,518,2026-05-28,breakfast|dinner|lunch|snack,1200.0,90.0,120.0,40.0,1211,93,119,40,0.9,3.3,-0.8,0.0,1248.43,102.80000000000001,120.02000000000001,39.71,4.0,14.2,0.0,-0.7,strict_tight,0.08,strict,0.5,445.64,2,True,19.6,1.5
v3,519,2026-05-29,breakfast|dinner|lunch|snack,1200.0,90.0,120.0,40.0,1217,95,118,40,1.4,5.6,-1.7,0.0,1222.025,94.36,122.05,39.615,1.8,4.8,1.7,-1.0,strict_tight,0.08,strict,0.5,379.16,2,True,38.1,1.5
v3,844,2026-08-05,breakfast|dinner|lunch|snack,1700.0,119.0,200.0,47.0,1673,115,188,51,-1.6,-3.4,-6.0,8.5,1680.585,115.55000000000001,198.235,47.269999999999996,-1.1,-2.9,-0.9,0.6,strict_tight,0.08,strict,0.5,236.21,2,True,22.9,3.5
v3,778,2026-07-03,lunch,700.0,52.5,70.0,23.3,725,38,79,28,3.6,-27.6,12.9,20.2,710.4449999999999,56.985,59.145,27.325,1.5,8.5,-15.5,17.3,single_meal_kcal_only,0.08,strict,1.0,69.49,1,True,81.6,2.0
v3,636,2026-06-15,lunch|snack,1500.0,140.0,122.5,50.0,1448,154,118,40,-3.5,10.0,-3.7,-20.0,889.645,96.975,73.57499999999999,23.055,-40.7,-30.7,-39.9,-53.9,strict_relaxed_tol,0.2,strict,1.0,747.16,7,True,59.9,4.0
v3,638,2026-06-17,dinner|lunch|snack,1500.0,140.0,122.5,50.0,1513,141,126,50,0.9,0.7,2.9,0.0,1621.7350000000001,160.195,139.525,46.985,8.1,14.4,13.9,-6.0,strict_tight,0.08,strict,0.5,309.99,2,True,29.3,3.0
v3,639,2026-06-18,lunch|snack,1500.0,140.0,122.5,50.0,1448,154,118,40,-3.5,10.0,-3.7,-20.0,889.645,96.975,73.57499999999999,23.055,-40.7,-30.7,-39.9,-53.9,strict_relaxed_tol,0.2,strict,1.0,681.88,7,True,59.9,4.0
v3,855,2026-08-04,breakfast|dinner|lunch|snack,1900.0,133.0,223.0,53.0,1828,134,202,54,-3.8,0.8,-9.4,1.9,1918.56,135.515,222.825,53.91,1.0,1.9,-0.1,1.7,strict_tight,0.08,strict,0.5,234.76,2,True,29.4,3.5
v3,857,2026-08-03,breakfast|lunch|snack,1600.0,175.0,68.0,70.0,1631,160,76,77,1.9,-8.6,11.8,10.0,1037.6599999999999,102.16,55.245,45.34,-35.1,-41.6,-18.8,-35.2,strict_tight,0.08,strict,0.5,164.89,2,True,41.4,3.5
v3,859,2026-08-05,breakfast|lunch|snack,1600.0,175.0,68.0,70.0,1496,128,103,63,-6.5,-26.9,51.5,-10.0,966.3,74.35000000000001,78.39999999999999,39.47,-39.6,-57.5,15.3,-43.6,best_effort_lp,BEST_EFFORT_LP,relaxed,1.0,1744.63,17,True,41.5,5.0
v3,861,2026-08-07,breakfast|lunch|snack,1600.0,175.0,68.0,70.0,1596,160,85,68,-0.2,-8.6,25.0,-2.9,946.3299999999999,79.92,59.13,43.370000000000005,-40.9,-54.3,-13.0,-38.0,relaxed_culinary,0.1,relaxed,0.5,1147.94,12,True,64.5,4.5
v3,863,2026-08-04,dinner|lunch,1140.0,95.0,100.0,40.0,1134,103,87,41,-0.5,8.4,-13.0,2.5,1150.74,104.82,95.15,38.995,0.9,10.3,-4.8,-2.5,relaxed_culinary,0.1,relaxed,0.5,1349.1,12,True,35.3,2.5
v3,869,2026-08-20,dinner|lunch,1140.0,95.0,100.0,40.0,1158,88,106,43,1.6,-7.4,6.0,7.5,1225.105,101.78999999999999,84.955,53.125,7.5,7.1,-15.0,32.8,strict_tight,0.08,strict,0.5,198.94,2,True,30.8,2.0
v3,870,2026-08-24,dinner|lunch,1140.0,95.0,100.0,40.0,1160,113,94,37,1.8,18.9,-6.0,-7.5,906.9300000000001,79.92999999999999,76.44,31.279999999999998,-20.4,-15.9,-23.6,-21.8,strict_relaxed_tol,0.2,strict,0.5,966.3,8,True,40.0,1.5
v3,874,2026-08-31,dinner|lunch,1140.0,95.0,100.0,40.0,1133,80,99,46,-0.6,-15.8,-1.0,15.0,1212.21,81.35,89.935,58.59,6.3,-14.4,-10.1,46.5,strict_relaxed_tol,0.15,strict,0.5,640.47,6,True,51.6,2.5
v3,840,2026-08-04,breakfast|dinner|lunch|snack,1450.0,102.0,170.0,40.0,1437,102,170,39,-0.9,0.0,0.0,-2.5,1443.1299999999999,101.37,169.14999999999998,40.12,-0.5,-0.6,-0.5,0.3,strict_tight,0.08,strict,1.0,305.43,1,True,16.5,3.0
v3,732,2026-06-23,lunch,700.0,52.5,70.0,23.3,736,79,68,17,5.1,50.5,-2.9,-27.0,691.05,62.72,74.025,16.45,-1.3,19.5,5.8,-29.4,single_meal_kcal_only,0.08,strict,1.0,118.83,1,True,64.5,2.0
v3,841,2026-08-05,breakfast|dinner|lunch|snack,1450.0,102.0,170.0,40.0,1427,94,172,40,-1.6,-7.8,1.2,0.0,1461.2849999999999,105.505,171.165,39.4,0.8,3.4,0.7,-1.5,strict_tight,0.08,strict,0.5,307.1,2,True,26.9,2.5
v3,734,2026-06-25,lunch,700.0,52.5,70.0,23.3,678,49,63,26,-3.1,-6.7,-10.0,11.6,704.6,55.125,62.45,26.25,0.7,5.0,-10.8,12.7,single_meal_kcal_only,0.08,strict,1.0,71.05,1,True,68.9,2.0
v3,842,2026-08-06,breakfast|dinner|lunch|snack,1450.0,102.0,170.0,40.0,1384,101,158,39,-4.6,-1.0,-7.1,-2.5,1447.7400000000002,102.72,171.16,39.14999999999999,-0.2,0.7,0.7,-2.1,strict_tight,0.08,strict,1.0,121.51,1,True,22.4,5.0
v3,875,2026-08-07,lunch,1240.0,124.0,74.0,50.0,1200,132,61,48,-3.2,6.5,-17.6,-4.0,506.345,50.879999999999995,30.380000000000003,20.15,-59.2,-59.0,-58.9,-59.7,single_meal_kcal_only,0.08,strict,1.0,87.88,1,True,66.3,4.0
v3,805,2026-07-07,lunch,700.0,52.5,70.0,23.3,725,38,79,28,3.6,-27.6,12.9,20.2,724.51,38.480000000000004,78.86,28.35,3.5,-26.7,12.7,21.7,single_meal_kcal_only,0.08,strict,1.0,101.55,1,True,81.6,2.0
v3,808,2026-07-08,dinner|lunch,1140.0,95.0,100.0,40.0,1126,91,102,39,-1.2,-4.2,2.0,-2.5,1157.1000000000001,96.35,104.05000000000001,39.519999999999996,1.5,1.4,4.1,-1.2,strict_tight,0.08,strict,0.5,314.83,2,True,39.4,1.5
v3,877,2026-08-12,breakfast|dinner|lunch|snack,3020.0,189.0,445.0,54.0,2756,201,307,81,-8.7,6.3,-31.0,50.0,3126.99,210.07999999999998,386.2,82.42999999999999,3.5,11.2,-13.2,52.6,best_effort_lp,BEST_EFFORT_LP,relaxed,1.0,1889.81,17,True,27.7,7.0
v3,810,2026-07-15,dinner|lunch,1140.0,95.0,100.0,40.0,1126,91,102,39,-1.2,-4.2,2.0,-2.5,1130.6000000000001,95.46999999999998,104.04999999999998,36.96,-0.8,0.5,4.0,-7.6,strict_tight,0.08,strict,0.5,307.95,2,True,39.4,1.5
v3,811,2026-07-16,dinner|lunch,1140.0,95.0,100.0,40.0,1181,121,96,35,3.6,27.4,-4.0,-12.5,1144.64,110.005,100.43,33.695,0.4,15.8,0.4,-15.8,best_effort_lp,BEST_EFFORT_LP,relaxed,1.0,1719.15,17,True,44.0,2.0
v3,879,2026-08-11,lunch,1650.0,136.0,144.0,59.0,1351,81,184,32,-18.1,-40.4,27.8,-45.8,507.46,28.48,69.49,12.850000000000001,-69.2,-79.1,-51.7,-78.2,single_meal_kcal_only,0.2,strict,1.0,721.76,7,True,93.7,3.0
v3,813,2026-07-21,dinner|lunch,1140.0,95.0,100.0,40.0,1135,96,99,39,-0.4,1.1,-1.0,-2.5,1269.1599999999999,106.075,94.35000000000001,51.940000000000005,11.3,11.7,-5.6,29.9,strict_tight,0.08,strict,0.5,270.98,2,True,41.2,2.0
v3,814,2026-07-22,dinner|lunch,1140.0,95.0,100.0,40.0,1299,107,93,56,13.9,12.6,-7.0,40.0,1142.8,77.915,101.53999999999999,47.230000000000004,0.2,-18.0,1.5,18.1,best_effort_lp,BEST_EFFORT_LP,relaxed,1.0,1629.11,17,True,39.6,2.0
v3,881,2026-08-13,lunch,1650.0,136.0,144.0,59.0,1520,141,139,45,-7.9,3.7,-3.5,-23.7,551.825,52.779999999999994,40.33,19.93,-66.6,-61.2,-72.0,-66.2,single_meal_kcal_only,0.08,strict,1.0,100.79,1,True,67.0,5.0
v3,815,2026-07-23,dinner|lunch,1140.0,95.0,100.0,40.0,1112,101,105,32,-2.5,6.3,5.0,-20.0,1026.3600000000001,105.46000000000001,83.44,30.090000000000003,-10.0,11.0,-16.6,-24.8,strict_relaxed_tol,0.2,strict,0.5,741.24,8,True,45.8,1.5
v3,884,2026-08-11,lunch,700.0,52.5,70.0,23.3,684,44,72,24,-2.3,-16.2,2.9,3.0,683.905,44.32,71.82,24.375,-2.3,-15.6,2.6,4.6,single_meal_kcal_only,0.08,strict,0.5,199.89,2,True,58.4,2.5
v3,816,2026-07-27,dinner|lunch,1140.0,95.0,100.0,40.0,1155,90,111,39,1.3,-5.3,11.0,-2.5,1157.025,74.38,121.655,41.43,1.5,-21.7,21.7,3.6,strict_tight,0.08,strict,0.5,187.72,2,True,43.5,6.5
v3,888,2026-08-12,breakfast|dinner|lunch|snack,2200.0,154.0,259.0,61.0,2143,135,233,74,-2.6,-12.3,-10.0,21.3,2118.0699999999997,134.35,236.94000000000003,70.325,-3.7,-12.8,-8.5,15.3,strict_relaxed_tol,0.15,strict,0.5,866.85,6,True,22.2,4.5
v3,819,2026-07-30,dinner|lunch,1140.0,95.0,100.0,40.0,1131,93,102,39,-0.8,-2.1,2.0,-2.5,1152.3149999999998,93.245,92.87500000000001,45.34,1.1,-1.8,-7.1,13.4,strict_tight,0.08,strict,1.0,121.04,1,True,41.3,2.0
v3,890,2026-08-17,breakfast|dinner|lunch|snack,2000.0,125.0,295.0,36.0,1627,122,153,59,-18.6,-2.4,-48.1,63.9,1877.2700000000002,121.52000000000001,198.62,66.30000000000001,-6.1,-2.8,-32.7,84.2,best_effort_lp,BEST_EFFORT_LP,relaxed,1.0,2516.36,17,True,20.9,2.0
v4,138,2025-11-26,breakfast|dinner|lunch,1200.0,90.0,135.0,33.3,1216,103,139,27,1.3,14.4,3.0,-18.9,991.9000000000001,87.25999999999999,115.77000000000001,20.21,-17.3,-3.0,-14.2,-39.3,strict_relaxed_tol,0.1,strict,0.5,682.66,5,False,26.7,2.0
v4,139,2025-11-27,breakfast|dinner|lunch,1200.0,90.0,135.0,33.3,1171,84,123,38,-2.4,-6.7,-8.9,14.1,1154.35,90.89000000000001,106.99999999999999,37.120000000000005,-3.8,1.0,-20.7,11.5,strict_tight,0.08,strict,mixed_quarter,415.14,3,False,26.8,3.0
v4,140,2025-11-28,breakfast|dinner|lunch,1200.0,90.0,135.0,33.3,1182,101,124,31,-1.5,12.2,-8.1,-6.9,1016.6499999999999,76.56,117.8,24.32,-15.3,-14.9,-12.7,-27.0,strict_tight,0.08,strict,0.5,328.72,2,True,18.4,1.5
v4,141,2025-12-01,breakfast|dinner|lunch,1200.0,90.0,135.0,33.3,1185,92,135,31,-1.2,2.2,0.0,-6.9,1056.25,83.24000000000001,128.56,21.560000000000002,-12.0,-7.5,-4.8,-35.3,strict_tight,0.08,strict,1.0,137.86,1,True,22.5,4.0
v4,171,2025-12-08,breakfast|dinner|lunch,1300.0,97.5,130.0,43.3,1361,107,138,42,4.7,9.7,6.2,-3.0,1063.2,77.02,125.82999999999998,24.32,-18.2,-21.0,-3.2,-43.8,strict_tight,0.08,strict,1.0,129.39,1,False,30.7,2.0
v4,172,2025-12-09,breakfast|dinner|lunch|snack,1300.0,97.5,130.0,43.3,1287,98,131,41,-1.0,0.5,0.8,-5.3,1301.3000000000002,100.39,136.52,37.01,0.1,3.0,5.0,-14.5,strict_tight,0.08,strict,1.0,172.1,1,True,22.9,7.0
v4,173,2025-12-10,breakfast|dinner|lunch,1300.0,97.5,130.0,43.3,1345,97,138,45,3.5,-0.5,6.2,3.9,1083.8,86.01,111.98000000000002,32.06,-16.6,-11.8,-13.9,-26.0,strict_tight,0.08,strict,1.0,183.2,1,True,20.9,3.0
v4,174,2025-12-11,breakfast|dinner|lunch,1300.0,97.5,130.0,43.3,1288,117,128,34,-0.9,20.0,-1.5,-21.5,1193.4,93.74999999999999,147.63,20.35,-8.2,-3.8,13.6,-53.0,strict_relaxed_tol,0.2,strict,0.5,1200.77,11,False,60.2,2.5
v4,233,2026-02-19,lunch,600.0,37.5,82.5,13.3,615,43,68,19,2.5,14.7,-17.6,42.9,614.03,35.99,81.53999999999999,15.989999999999998,2.3,-4.0,-1.2,20.2,single_meal_kcal_only,0.08,strict,1.0,113.43,1,True,45.2,2.0
v4,327,2026-04-06,breakfast|dinner|lunch|snack,1200.0,90.0,120.0,40.0,1203,90,120,40,0.2,0.0,0.0,0.0,1215.58,91.19999999999999,119.50999999999999,41.42,1.3,1.3,-0.4,3.6,strict_tight,0.08,strict,0.5,430.97,2,True,19.8,2.0
v4,234,2026-02-09,lunch,700.0,52.5,70.0,23.3,687,53,78,18,-1.9,1.0,11.4,-22.7,681.4200000000001,62.08,66.55999999999999,18.54,-2.7,18.2,-4.9,-20.4,single_meal_kcal_only,0.08,strict,1.0,111.83,1,True,59.5,2.0
v4,210,2026-01-16,dinner|lunch,1000.0,75.0,100.0,33.3,928,81,89,28,-7.2,8.0,-11.0,-15.9,804.09,60.2,78.31,27.79,-19.6,-19.7,-21.7,-16.5,strict_relaxed_tol,0.15,strict,1.0,583.72,7,True,28.7,1.0
v4,179,2025-12-08,breakfast|dinner|lunch,2400.0,180.0,240.0,80.0,2282,197,218,69,-4.9,9.4,-9.2,-13.8,1924.75,140.48999999999998,218.10000000000002,51.779999999999994,-19.8,-22.0,-9.1,-35.3,strict_relaxed_tol,0.1,strict,0.5,834.83,5,False,32.0,3.5
v4,180,2025-12-09,breakfast|dinner|lunch,2400.0,180.0,240.0,80.0,2382,179,236,80,-0.8,-0.6,-1.7,0.0,2236.9,167.0,223.2,69.46,-6.8,-7.2,-7.0,-13.2,strict_tight,0.08,strict,1.0,214.56,1,True,24.8,4.0
v4,152,2025-12-08,breakfast|dinner|lunch,1800.0,135.0,180.0,60.0,1788,136,177,60,-0.7,0.7,-1.7,0.0,1570.2,115.85000000000002,169.71999999999997,46.129999999999995,-12.8,-14.2,-5.7,-23.1,strict_tight,0.08,strict,1.0,224.26,1,True,33.1,2.0
v4,153,2025-12-09,breakfast|dinner|lunch|snack,1800.0,135.0,180.0,60.0,1810,152,178,54,0.6,12.6,-1.1,-10.0,1696.0,134.47,178.96,42.739999999999995,-5.8,-0.4,-0.6,-28.8,strict_tight,0.08,strict,0.5,316.01,2,True,36.2,7.0
v4,154,2025-12-10,breakfast|dinner|lunch,1800.0,135.0,180.0,60.0,1778,134,179,58,-1.2,-0.7,-0.6,-3.3,1669.2,134.07,161.76,51.1,-7.3,-0.7,-10.1,-14.8,strict_tight,0.08,strict,1.0,169.23,1,False,26.7,9.0
v4,155,2025-12-11,breakfast|dinner|lunch|snack,1800.0,135.0,180.0,60.0,1780,134,177,60,-1.1,-0.7,-1.7,0.0,1776.1,137.04000000000002,181.91,51.86,-1.3,1.5,1.1,-13.6,strict_tight,0.08,strict,1.0,165.64,1,True,31.6,10.0
v4,181,2025-12-10,breakfast|dinner|lunch|snack,2400.0,180.0,240.0,80.0,2405,190,239,77,0.2,5.6,-0.4,-3.8,2349.85,179.97,239.85,67.25999999999999,-2.1,-0.0,-0.1,-15.9,strict_tight,0.08,strict,1.0,197.69,1,True,32.0,3.0
v4,182,2025-12-11,breakfast|dinner|lunch,2400.0,180.0,240.0,80.0,2419,183,239,81,0.8,1.7,-0.4,1.2,1995.4,176.01,184.82,57.519999999999996,-16.9,-2.2,-23.0,-28.1,strict_tight,0.08,strict,1.0,138.11,1,True,36.6,3.0
v4,211,2026-01-19,dinner|lunch|snack,1000.0,75.0,100.0,33.3,962,72,100,30,-3.8,-4.0,0.0,-9.9,928.8700000000001,64.06,105.67999999999999,27.79,-7.1,-14.6,5.7,-16.5,strict_tight,0.08,strict,1.0,72.46,1,True,26.7,2.0
v4,212,2026-01-20,dinner|lunch,1000.0,75.0,100.0,33.3,967,74,93,33,-3.3,-1.3,-7.0,-0.9,769.14,56.41,73.84,27.58,-23.1,-24.8,-26.2,-17.2,strict_tight,0.08,strict,0.5,231.62,2,True,36.3,1.5
v4,213,2026-01-21,dinner|lunch,1000.0,75.0,100.0,33.3,979,75,86,37,-2.1,0.0,-14.0,11.1,628.53,50.47,56.959999999999994,22.090000000000003,-37.1,-32.7,-43.0,-33.7,relaxed_culinary,0.2,relaxed,mixed_quarter,2570.54,24,True,39.4,1.75
v4,214,2026-01-19,breakfast|dinner|lunch|snack,1980.0,120.0,240.0,60.0,1934,138,229,52,-2.3,15.0,-4.6,-13.3,1977.18,121.2,238.61,59.78,-0.1,1.0,-0.6,-0.4,strict_tight,0.08,strict,1.0,136.85,1,True,32.1,2.0
v4,215,2026-01-20,breakfast|dinner|lunch|snack,1980.0,120.0,240.0,60.0,1978,121,194,80,-0.1,0.8,-19.2,33.3,2111.81,129.13,223.31,78.00999999999999,6.7,7.6,-7.0,30.0,best_effort_lp,BEST_EFFORT_LP,relaxed,1.0,2765.08,25,True,26.4,3.0
v4,216,2026-01-21,breakfast|dinner|lunch|snack,1980.0,120.0,240.0,60.0,1776,117,250,34,-10.3,-2.5,4.2,-43.3,1848.2099999999998,131.80999999999997,242.5,39.01,-6.7,9.8,1.0,-35.0,best_effort_lp,BEST_EFFORT_LP,relaxed,1.0,3550.9,25,True,35.4,3.0
v4,235,2026-02-10,lunch,700.0,52.5,70.0,23.3,710,46,99,15,1.4,-12.4,41.4,-35.6,648.37,51.07,70.05000000000001,18.21,-7.4,-2.7,0.1,-21.8,single_meal_kcal_only,0.08,strict,1.0,111.32,1,True,44.2,3.0
v4,236,2026-02-11,lunch,700.0,52.5,70.0,23.3,716,54,83,18,2.3,2.9,18.6,-22.7,694.56,53.6,78.76,18.36,-0.8,2.1,12.5,-21.2,single_meal_kcal_only,0.08,strict,1.0,121.14,1,True,56.2,2.0
v4,533,2026-05-18,dinner|lunch|snack,1500.0,140.0,122.5,50.0,1485,159,123,40,-1.0,13.6,0.4,-20.0,1456.49,157.11,118.96000000000001,39.15,-2.9,12.2,-2.9,-21.7,strict_relaxed_tol,0.2,strict,1.0,1118.51,10,True,41.6,2.0
v4,237,2026-02-12,lunch,700.0,52.5,70.0,23.3,736,79,68,17,5.1,50.5,-2.9,-27.0,718.0600000000001,79.05,64.15,16.16,2.6,50.6,-8.4,-30.6,single_meal_kcal_only,0.08,strict,1.0,66.88,1,True,64.5,2.0
v4,238,2026-02-13,lunch,700.0,52.5,70.0,23.3,678,49,63,26,-3.1,-6.7,-10.0,11.6,718.3199999999999,52.82000000000001,59.72,29.8,2.6,0.6,-14.7,27.9,single_meal_kcal_only,0.08,strict,1.0,68.98,1,True,68.9,2.0
v4,192,2025-12-22,breakfast|dinner|snack,1500.0,112.5,168.8,41.7,1404,121,169,27,-6.4,7.6,0.1,-35.3,832.75,67.74,110.09,12.180000000000001,-44.5,-39.8,-34.8,-70.8,best_effort_lp,BEST_EFFORT_LP,relaxed,1.0,2200.06,25,True,37.9,2.0
v4,193,2025-12-23,breakfast|dinner|lunch|snack,2250.0,200.0,250.0,50.0,2281,201,248,54,1.4,0.5,-0.8,8.0,1504.65,111.85,169.10999999999999,34.42,-33.1,-44.1,-32.4,-31.2,strict_tight,0.08,strict,1.0,240.63,1,True,18.3,6.0
v4,194,2025-12-24,breakfast|dinner|lunch,2250.0,200.0,250.0,50.0,2318,182,264,59,3.0,-9.0,5.6,18.0,1295.75,89.81,148.4,33.46,-42.4,-55.1,-40.6,-33.1,strict_tight,0.08,strict,1.0,146.07,1,False,40.2,5.0
v4,195,2025-12-25,breakfast|dinner|lunch,2250.0,200.0,250.0,50.0,2192,205,251,41,-2.6,2.5,0.4,-18.0,1187.15,105.58999999999997,138.6,21.82,-47.2,-47.2,-44.6,-56.4,strict_tight,0.08,strict,1.0,165.39,1,False,48.6,4.0
v4,196,2025-12-26,breakfast|dinner|lunch|snack,2250.0,200.0,250.0,50.0,2322,205,247,57,3.2,2.5,-1.2,14.0,1534.9,110.28,169.26000000000002,42.1,-31.8,-44.9,-32.3,-15.8,strict_tight,0.08,strict,1.0,193.49,1,True,28.0,8.0
v4,197,2025-12-26,breakfast|dinner|lunch,2250.0,200.0,250.0,50.0,2169,180,225,61,-3.6,-10.0,-10.0,22.0,2180.15,170.05,240.55999999999997,53.07,-3.1,-15.0,-3.8,6.1,strict_relaxed_tol,0.1,strict,0.5,589.45,5,False,42.9,3.0
v4,198,2025-12-29,breakfast|dinner|lunch,2250.0,200.0,250.0,50.0,2312,216,270,41,2.8,8.0,8.0,-18.0,2178.75,183.18,262.96000000000004,30.429999999999996,-3.2,-8.4,5.2,-39.1,strict_tight,0.08,strict,1.0,89.53,1,True,46.1,4.0
v4,199,2025-12-30,breakfast|dinner|lunch|snack,2250.0,200.0,250.0,50.0,2199,180,236,59,-2.3,-10.0,-5.6,18.0,2362.65,200.05999999999997,250.92999999999995,56.7,5.0,0.0,0.4,13.4,strict_tight,0.08,strict,1.0,137.42,1,True,19.7,9.0
v4,200,2025-12-31,breakfast|dinner|lunch,2250.0,200.0,250.0,50.0,2254,199,250,51,0.2,-0.5,0.0,2.0,2263.8,197.39,239.44,48.92,0.6,-1.3,-4.2,-2.2,strict_tight,0.08,strict,1.0,153.31,1,True,26.2,15.0
v4,239,2026-02-16,lunch,600.0,37.5,67.5,20.0,642,42,37,36,7.0,12.0,-45.2,80.0,540.9,37.64,40.32,25.46,-9.9,0.4,-40.3,27.3,single_meal_kcal_only,0.08,strict,0.5,195.42,2,True,100.0,2.5
v4,240,2026-02-17,lunch,600.0,37.5,67.5,20.0,615,43,68,19,2.5,14.7,0.7,-5.0,594.11,35.78,67.68,20.03,-1.0,-4.6,0.3,0.2,single_meal_kcal_only,0.08,strict,1.0,103.14,1,True,45.2,2.0
v4,241,2026-02-18,lunch,600.0,37.5,67.5,20.0,561,45,72,10,-6.5,20.0,6.7,-50.0,621.04,55.269999999999996,65.25999999999999,15.440000000000001,3.5,47.4,-3.3,-22.8,single_meal_kcal_only,0.08,strict,1.0,108.56,1,True,47.4,2.0
v4,242,2026-02-19,lunch,600.0,37.5,67.5,20.0,604,42,60,22,0.7,12.0,-11.1,10.0,552.97,32.16,58.46,21.17,-7.8,-14.2,-13.4,5.9,single_meal_kcal_only,0.08,strict,1.0,105.51,1,True,52.9,2.0
v4,243,2026-02-20,lunch,600.0,37.5,67.5,20.0,638,36,56,30,6.3,-4.0,-17.0,50.0,571.0,32.38,60.980000000000004,21.98,-4.8,-13.7,-9.7,9.9,single_meal_kcal_only,0.08,strict,1.0,145.13,1,True,48.2,2.0
v4,230,2026-02-16,lunch,600.0,37.5,82.5,13.3,642,42,37,36,7.0,12.0,-55.2,170.7,540.9,37.64,40.32,25.46,-9.9,0.4,-51.1,91.4,single_meal_kcal_only,0.08,strict,0.5,236.22,2,True,100.0,2.5
v4,231,2026-02-17,lunch,600.0,37.5,82.5,13.3,604,42,60,22,0.7,12.0,-27.3,65.4,552.97,32.16,58.46,21.17,-7.8,-14.2,-29.1,59.2,single_meal_kcal_only,0.08,strict,1.0,110.62,1,True,52.9,2.0
v4,232,2026-02-18,lunch,600.0,37.5,82.5,13.3,573,39,75,13,-4.5,4.0,-9.1,-2.3,604.26,49.18,67.72,15.2,0.7,31.1,-17.9,14.3,single_meal_kcal_only,0.08,strict,0.5,184.82,2,True,46.7,2.5
v4,244,2026-02-16,lunch,700.0,52.5,70.0,23.3,646,45,63,23,-7.7,-14.3,-10.0,-1.3,671.2900000000001,52.94000000000001,61.81,23.590000000000003,-4.1,0.8,-11.7,1.2,single_meal_kcal_only,0.08,strict,1.0,92.16,1,True,32.4,2.0
v4,245,2026-02-17,lunch,700.0,52.5,70.0,23.3,700,47,76,23,0.0,-10.5,8.6,-1.3,724.48,55.440000000000005,68.44,25.439999999999998,3.5,5.6,-2.2,9.2,single_meal_kcal_only,0.08,strict,1.0,87.01,1,True,39.7,3.0
v4,246,2026-02-18,lunch,700.0,52.5,70.0,23.3,725,38,79,28,3.6,-27.6,12.9,20.2,844.66,64.78,89.46,25.3,20.7,23.4,27.8,8.6,single_meal_kcal_only,0.08,strict,1.0,87.36,1,True,81.6,2.0
v4,247,2026-02-19,lunch,700.0,52.5,70.0,23.3,723,78,67,16,3.3,48.6,-4.3,-31.3,677.0699999999999,57.34,81.63,13.47,-3.3,9.2,16.6,-42.2,single_meal_kcal_only,0.08,strict,1.0,92.18,1,True,73.7,2.0
v4,248,2026-02-20,lunch,700.0,52.5,70.0,23.3,707,47,41,40,1.0,-10.5,-41.4,71.7,811.35,56.46,60.48,38.19,15.9,7.5,-13.6,63.9,single_meal_kcal_only,0.08,strict,mixed_quarter,303.63,3,True,100.0,2.75
v4,250,2026-02-23,lunch,700.0,52.5,70.0,23.3,725,38,79,28,3.6,-27.6,12.9,20.2,844.66,64.78,89.46,25.3,20.7,23.4,27.8,8.6,single_meal_kcal_only,0.08,strict,1.0,98.31,1,True,81.6,2.0
v4,251,2026-02-24,lunch,700.0,52.5,70.0,23.3,646,45,63,23,-7.7,-14.3,-10.0,-1.3,671.29,52.94000000000001,61.809999999999995,23.590000000000003,-4.1,0.8,-11.7,1.2,single_meal_kcal_only,0.08,strict,1.0,89.99,1,True,32.4,2.0
v4,252,2026-02-25,lunch,700.0,52.5,70.0,23.3,700,47,76,23,0.0,-10.5,8.6,-1.3,724.48,55.440000000000005,68.44,25.439999999999998,3.5,5.6,-2.2,9.2,single_meal_kcal_only,0.08,strict,1.0,86.46,1,True,39.7,3.0
v4,253,2026-02-26,lunch,700.0,52.5,70.0,23.3,707,47,41,40,1.0,-10.5,-41.4,71.7,811.35,56.46,60.48,38.19,15.9,7.5,-13.6,63.9,single_meal_kcal_only,0.08,strict,mixed_quarter,276.11,3,True,100.0,2.75
v4,254,2026-02-27,lunch,700.0,52.5,70.0,23.3,723,78,67,16,3.3,48.6,-4.3,-31.3,677.0699999999999,57.34,81.63,13.47,-3.3,9.2,16.6,-42.2,single_meal_kcal_only,0.08,strict,1.0,94.76,1,True,73.7,2.0
v4,255,2026-02-23,dinner|lunch|snack,1500.0,112.5,150.0,50.0,1489,126,135,49,-0.7,12.0,-10.0,-2.0,1504.3300000000002,113.36999999999999,150.78,49.75,0.3,0.8,0.5,-0.5,strict_tight,0.08,strict,1.0,108.86,1,True,28.0,2.0
v4,256,2026-02-24,dinner|lunch|snack,1500.0,112.5,150.0,50.0,1457,98,135,59,-2.9,-12.9,-10.0,18.0,1596.4,101.47999999999999,141.93000000000004,69.2,6.4,-9.8,-5.4,38.4,strict_relaxed_tol,0.15,strict,0.5,875.06,8,True,24.5,2.0
v4,257,2026-02-25,dinner|lunch|snack,1500.0,112.5,150.0,50.0,1522,112,158,49,1.5,-0.4,5.3,-2.0,1253.6399999999999,69.34,141.1,45.78,-16.4,-38.4,-5.9,-8.4,strict_tight,0.08,strict,0.5,267.19,2,True,41.6,2.5
v4,258,2026-02-26,dinner|lunch|snack,1500.0,112.5,150.0,50.0,1520,120,133,56,1.3,6.7,-11.3,12.0,1547.9399999999998,113.32,147.68999999999997,56.0,3.2,0.7,-1.5,12.0,strict_relaxed_tol,0.1,strict,0.5,695.43,5,True,33.8,2.0
v4,273,2026-03-02,lunch,700.0,52.5,70.0,23.3,647,37,77,21,-7.6,-29.5,10.0,-9.9,639.945,61.86,57.795,17.925,-8.6,17.8,-17.4,-23.1,single_meal_kcal_only,0.08,strict,1.0,84.72,1,True,79.3,2.0
v4,274,2026-03-03,lunch,700.0,52.5,70.0,23.3,736,79,68,17,5.1,50.5,-2.9,-27.0,738.74,78.0,75.6,13.84,5.5,48.6,8.0,-40.6,single_meal_kcal_only,0.08,strict,1.0,101.62,1,True,64.5,2.0
v4,275,2026-03-04,lunch,700.0,52.5,70.0,23.3,718,63,62,24,2.6,20.0,-11.4,3.0,799.56,65.02,89.26,20.28,14.2,23.8,27.5,-13.0,single_meal_kcal_only,0.08,strict,0.5,226.37,2,True,88.1,2.5
v4,269,2026-03-02,breakfast|dinner|lunch|snack,2600.0,195.0,260.0,86.7,2514,191,237,89,-3.3,-2.1,-8.8,2.7,2591.5,194.67000000000002,259.9,85.91999999999999,-0.3,-0.2,-0.0,-0.9,strict_tight,0.08,strict,0.5,342.24,2,True,41.9,7.5
v4,270,2026-03-03,breakfast|dinner|lunch|snack,2600.0,195.0,260.0,86.7,2560,203,263,77,-1.5,4.1,1.2,-11.2,2498.08,202.76999999999998,260.12,71.88,-3.9,4.0,0.0,-17.1,strict_tight,0.08,strict,0.5,358.7,2,True,30.3,5.0
v4,271,2026-03-02,breakfast|dinner|lunch|snack,3225.0,201.6,362.8,107.5,3216,236,329,107,-0.3,17.1,-9.3,-0.5,3227.2999999999997,201.51,362.83000000000004,107.82,0.1,-0.0,0.0,0.3,strict_relaxed_tol,0.1,strict,mixed_quarter,951.66,6,True,24.1,6.25
v4,272,2026-03-03,breakfast|dinner|lunch|snack,3225.0,201.6,362.8,107.5,3175,204,350,107,-1.6,1.2,-3.5,-0.5,3230.51,200.4,362.84999999999997,108.64999999999999,0.2,-0.6,0.0,1.1,strict_tight,0.08,strict,1.0,169.98,1,True,24.2,6.0
v4,276,2026-03-05,lunch,700.0,52.5,70.0,23.3,678,49,63,26,-3.1,-6.7,-10.0,11.6,718.3199999999999,52.82000000000001,59.72,29.8,2.6,0.6,-14.7,27.9,single_meal_kcal_only,0.08,strict,1.0,96.34,1,True,68.9,2.0
v4,277,2026-03-06,lunch,700.0,52.5,70.0,23.3,707,47,41,40,1.0,-10.5,-41.4,71.7,642.375,42.3,37.15,36.075,-8.2,-19.4,-46.9,54.8,single_meal_kcal_only,0.08,strict,mixed_quarter,332.54,3,True,100.0,2.75
v4,278,2026-03-02,dinner|lunch|snack,1500.0,140.0,122.5,50.0,1503,154,125,43,0.2,10.0,2.0,-14.0,1477.73,134.69,123.11000000000001,49.629999999999995,-1.5,-3.8,0.5,-0.7,strict_relaxed_tol,0.1,strict,mixed_quarter,926.41,6,True,30.8,1.75
v4,279,2026-03-03,dinner|lunch|snack,1500.0,140.0,122.5,50.0,1469,136,110,54,-2.1,-2.9,-10.2,8.0,1530.91,137.66,122.955,54.29,2.1,-1.7,0.4,8.6,strict_tight,0.08,strict,1.0,101.82,1,True,34.5,2.0
v4,280,2026-03-03,lunch,1600.0,120.0,160.0,53.3,1716,189,158,36,7.2,57.5,-1.2,-32.5,366.03,38.0,34.82,8.309999999999999,-77.1,-68.3,-78.2,-84.4,single_meal_kcal_only,0.08,strict,1.0,111.98,1,True,90.0,5.0
v4,281,2026-03-05,lunch,1600.0,120.0,160.0,53.3,1561,120,154,52,-2.4,0.0,-3.8,-2.4,213.315,20.62,19.265,5.975,-86.7,-82.8,-88.0,-88.8,single_meal_kcal_only,0.08,strict,1.0,97.87,1,True,65.7,4.0
v4,282,2026-03-06,lunch,1600.0,120.0,160.0,53.3,1605,147,132,54,0.3,22.5,-17.5,1.3,399.78,32.51,44.63,10.14,-75.0,-72.9,-72.1,-81.0,single_meal_kcal_only,0.08,strict,1.0,90.29,1,True,94.7,6.0
v4,284,2026-03-04,dinner|lunch|snack,1500.0,140.0,122.5,50.0,1501,106,137,59,0.1,-24.3,11.8,18.0,1525.6299999999999,99.78000000000002,120.99,71.41,1.7,-28.7,-1.2,42.8,best_effort_lp,BEST_EFFORT_LP,relaxed,1.0,2519.38,25,True,34.2,10.0
v4,285,2026-03-05,dinner|lunch|snack,1500.0,140.0,122.5,50.0,1493,144,130,44,-0.5,2.9,6.1,-12.0,1414.13,139.965,132.175,36.19,-5.7,-0.0,7.9,-27.6,strict_tight,0.08,strict,0.5,290.35,2,True,41.4,2.5
v4,286,2026-03-10,breakfast|dinner|lunch|snack,1500.0,112.5,150.0,50.0,1527,108,148,56,1.8,-4.0,-1.3,12.0,1520.42,110.64,159.33,48.959999999999994,1.4,-1.7,6.2,-2.1,strict_tight,0.08,strict,1.0,150.1,1,True,16.7,4.0
v4,287,2026-03-09,dinner|lunch|snack,1500.0,140.0,122.5,50.0,1473,136,124,48,-1.8,-2.9,1.2,-4.0,1543.0900000000001,140.01,127.41,52.61,2.9,0.0,4.0,5.2,strict_tight,0.08,strict,1.0,131.84,1,True,32.3,5.0
v4,288,2026-03-10,dinner|lunch|snack,1500.0,140.0,122.5,50.0,1379,153,122,31,-8.1,9.3,-0.4,-38.0,1381.6100000000001,152.69,130.01999999999998,27.890000000000004,-7.9,9.1,6.1,-44.2,best_effort_lp,BEST_EFFORT_LP,relaxed,1.0,2504.55,25,True,44.8,2.0
v4,289,2026-03-11,dinner|lunch|snack,1500.0,140.0,122.5,50.0,1480,140,115,51,-1.3,0.0,-6.1,2.0,1544.78,129.785,157.255,44.08,3.0,-7.3,28.4,-11.8,strict_tight,0.08,strict,0.5,280.85,2,True,51.3,3.0
v4,290,2026-03-12,dinner|lunch|snack,1500.0,140.0,122.5,50.0,1473,143,127,44,-1.8,2.1,3.7,-12.0,1531.83,135.83,134.61,50.03,2.1,-3.0,9.9,0.1,strict_tight,0.08,strict,0.5,314.61,2,True,31.6,2.0
v4,291,2026-03-10,dinner,1600.0,120.0,160.0,53.3,1458,124,185,25,-8.9,3.3,15.6,-53.1,413.36,39.839999999999996,47.65,7.0600000000000005,-74.2,-66.8,-70.2,-86.8,single_meal_kcal_only,0.1,strict,0.5,648.68,5,True,48.9,7.5
v4,292,2026-03-12,lunch|snack,1600.0,120.0,160.0,53.3,1636,141,169,44,2.2,17.5,5.6,-17.4,493.88,40.6,51.89,13.780000000000001,-69.1,-66.2,-67.6,-74.1,strict_relaxed_tol,0.140625,strict,0.5,994.88,8,True,66.1,3.5
v4,293,2026-03-10,lunch,700.0,52.5,70.0,23.3,718,63,62,24,2.6,20.0,-11.4,3.0,799.56,65.02,89.26,20.28,14.2,23.8,27.5,-13.0,single_meal_kcal_only,0.08,strict,0.5,267.04,2,True,88.1,2.5
v4,294,2026-03-11,lunch,700.0,52.5,70.0,23.3,736,79,68,17,5.1,50.5,-2.9,-27.0,738.74,78.0,75.6,13.84,5.5,48.6,8.0,-40.6,single_meal_kcal_only,0.08,strict,1.0,132.98,1,True,64.5,2.0
v4,295,2026-03-12,lunch,700.0,52.5,70.0,23.3,678,49,63,26,-3.1,-6.7,-10.0,11.6,718.3199999999999,52.82000000000001,59.72,29.8,2.6,0.6,-14.7,27.9,single_meal_kcal_only,0.08,strict,1.0,149.5,1,True,68.9,2.0
v4,296,2026-03-13,lunch,700.0,52.5,70.0,23.3,707,47,41,40,1.0,-10.5,-41.4,71.7,642.375,42.3,37.15,36.075,-8.2,-19.4,-46.9,54.8,single_meal_kcal_only,0.08,strict,mixed_quarter,321.09,3,True,100.0,2.75
v4,297,2026-03-16,dinner|lunch|snack,1500.0,140.0,122.5,50.0,1545,126,146,51,3.0,-10.0,19.2,2.0,1382.105,99.92,156.485,39.625,-7.9,-28.6,27.7,-20.8,relaxed_culinary,0.2,relaxed,mixed_quarter,2501.65,24,True,34.1,3.5
v4,298,2026-03-17,dinner|lunch|snack,1500.0,140.0,122.5,50.0,1539,150,123,49,2.6,7.1,0.4,-2.0,1481.62,120.08,122.64999999999998,56.78,-1.2,-14.2,0.1,13.6,strict_tight,0.08,strict,1.0,116.75,1,True,34.6,2.0
v4,299,2026-03-18,dinner|lunch|snack,1500.0,140.0,122.5,50.0,1498,141,112,54,-0.1,0.7,-8.6,8.0,1545.17,125.62,123.23,61.129999999999995,3.0,-10.3,0.6,22.3,strict_tight,0.08,strict,0.5,210.67,2,True,38.2,3.0
v4,300,2026-03-19,dinner|lunch|snack,1500.0,140.0,122.5,50.0,1524,140,121,53,1.6,0.0,-1.2,6.0,1559.3899999999999,152.79,118.28,52.790000000000006,4.0,9.1,-3.4,5.6,strict_tight,0.08,strict,0.5,311.98,2,True,31.6,2.5
v4,301,2026-03-16,lunch,700.0,52.5,70.0,23.3,646,45,63,23,-7.7,-14.3,-10.0,-1.3,744.1700000000001,48.589999999999996,79.0,25.990000000000002,6.3,-7.4,12.9,11.5,single_meal_kcal_only,0.08,strict,1.0,95.45,1,True,32.4,2.0
v4,302,2026-03-17,lunch,700.0,52.5,70.0,23.3,723,78,67,16,3.3,48.6,-4.3,-31.3,738.9399999999999,50.540000000000006,93.55,18.08,5.6,-3.7,33.6,-22.4,single_meal_kcal_only,0.08,strict,1.0,115.35,1,True,73.7,2.0
v4,303,2026-03-18,lunch,700.0,52.5,70.0,23.3,684,44,72,24,-2.3,-16.2,2.9,3.0,677.17,44.160000000000004,59.9,29.009999999999998,-3.3,-15.9,-14.4,24.5,single_meal_kcal_only,0.08,strict,0.5,227.86,2,True,58.4,2.5
v4,304,2026-03-19,lunch,700.0,52.5,70.0,23.3,725,38,79,28,3.6,-27.6,12.9,20.2,698.295,62.61,59.145,23.475,-0.2,19.3,-15.5,0.8,single_meal_kcal_only,0.08,strict,1.0,100.26,1,True,81.6,2.0
v4,305,2026-03-20,lunch,700.0,52.5,70.0,23.3,716,86,52,18,2.3,63.8,-25.7,-22.7,716.0,86.10000000000001,52.400000000000006,18.0,2.3,64.0,-25.1,-22.7,single_meal_kcal_only,0.08,strict,1.0,114.24,1,True,82.5,2.0
v4,306,2026-03-30,breakfast|dinner|lunch|snack,1600.0,80.0,200.0,53.3,1645,97,180,60,2.8,21.2,-10.0,12.6,1693.87,106.92999999999999,180.12000000000003,60.690000000000005,5.9,33.7,-9.9,13.9,strict_relaxed_tol,0.1,strict,mixed_quarter,585.63,6,True,21.7,2.0
v4,308,2026-03-30,lunch,700.0,52.5,70.0,23.3,725,38,79,28,3.6,-27.6,12.9,20.2,698.295,62.61,59.145,23.475,-0.2,19.3,-15.5,0.8,single_meal_kcal_only,0.08,strict,1.0,85.6,1,True,81.6,2.0
v4,309,2026-03-31,lunch,700.0,52.5,70.0,23.3,716,86,52,18,2.3,63.8,-25.7,-22.7,716.0,86.10000000000001,52.400000000000006,18.0,2.3,64.0,-25.1,-22.7,single_meal_kcal_only,0.08,strict,1.0,86.14,1,True,82.5,2.0
v4,310,2026-04-01,lunch,700.0,52.5,70.0,23.3,736,76,71,16,5.1,44.8,1.4,-31.3,738.44,75.24000000000001,78.96000000000001,13.54,5.5,43.3,12.8,-41.9,single_meal_kcal_only,0.08,strict,1.0,93.93,1,True,64.5,2.0
v4,311,2026-04-02,lunch,700.0,52.5,70.0,23.3,730,54,62,29,4.3,2.9,-11.4,24.5,663.3900000000001,39.22,83.47,19.21,-5.2,-25.3,19.2,-17.6,single_meal_kcal_only,0.08,strict,0.5,185.35,2,True,64.0,2.5
v4,312,2026-04-03,lunch,700.0,52.5,70.0,23.3,692,39,86,21,-1.1,-25.7,22.9,-9.9,676.35,63.525,65.4,17.85,-3.4,21.0,-6.6,-23.4,single_meal_kcal_only,0.08,strict,1.0,89.94,1,True,80.3,2.0
v4,328,2026-04-07,breakfast|dinner|lunch|snack,1200.0,90.0,120.0,40.0,1179,88,116,41,-1.8,-2.2,-3.3,2.5,1206.34,91.47000000000001,121.58999999999999,39.36,0.5,1.6,1.3,-1.6,strict_tight,0.08,strict,0.5,309.45,2,True,26.4,1.5
v4,329,2026-04-08,breakfast|dinner|lunch|snack,1200.0,90.0,120.0,40.0,1248,96,128,39,4.0,6.7,6.7,-2.5,1156.52,94.27,119.85000000000001,33.34,-3.6,4.7,-0.1,-16.6,strict_tight,0.08,strict,1.0,121.43,1,True,22.3,2.0
v4,330,2026-04-09,breakfast|dinner|lunch|snack,1200.0,90.0,120.0,40.0,1197,90,120,40,-0.2,0.0,0.0,0.0,1242.53,88.75,126.14999999999999,42.55,3.5,-1.4,5.1,6.4,strict_tight,0.08,strict,0.5,278.07,2,True,29.3,3.5
v4,331,2026-04-10,breakfast|dinner|lunch|snack,1200.0,90.0,120.0,40.0,1195,90,120,40,-0.4,0.0,0.0,0.0,1195.3899999999999,91.49,117.36000000000001,40.01,-0.4,1.7,-2.2,0.0,strict_tight,0.08,strict,0.5,347.95,2,True,26.1,2.0
v4,332,2026-04-06,breakfast|dinner|lunch,1200.0,75.0,165.0,26.7,1100,74,104,43,-8.3,-1.3,-37.0,61.0,1026.9,66.85000000000001,100.02,39.94,-14.4,-10.9,-39.4,49.6,best_effort_lp,BEST_EFFORT_LP,relaxed,1.0,2404.42,25,True,21.6,2.0
v4,317,2026-03-30,dinner|lunch,1500.0,140.0,122.5,50.0,1493,126,123,55,-0.5,-10.0,0.4,10.0,1535.24,135.75,122.245,55.93,2.3,-3.0,-0.2,11.9,strict_tight,0.08,strict,0.5,238.24,2,True,32.1,3.0
v4,318,2026-03-31,dinner|lunch|snack,1500.0,140.0,122.5,50.0,1494,134,124,52,-0.4,-4.3,1.2,4.0,1409.31,122.66000000000001,100.1,57.589999999999996,-6.0,-12.4,-18.3,15.2,strict_tight,0.08,strict,0.5,246.09,2,True,32.3,2.5
v4,319,2026-04-01,dinner|lunch|snack,1500.0,140.0,122.5,50.0,1498,161,124,40,-0.1,15.0,1.2,-20.0,1415.32,152.02999999999997,123.26,34.92,-5.6,8.6,0.6,-30.2,strict_relaxed_tol,0.2,strict,mixed_quarter,1343.88,12,True,36.2,2.5
v4,320,2026-04-02,dinner|lunch|snack,1500.0,140.0,122.5,50.0,1503,142,132,45,0.2,1.4,7.8,-10.0,1380.4850000000001,126.09499999999998,137.95000000000002,36.035000000000004,-8.0,-9.9,12.6,-27.9,strict_tight,0.08,strict,mixed_quarter,380.44,3,True,28.9,3.25
v4,321,2026-03-30,dinner|lunch|snack,1800.0,135.0,180.0,60.0,1771,119,183,63,-1.6,-11.9,1.7,5.0,1857.6499999999999,134.56,178.89000000000001,67.11,3.2,-0.3,-0.6,11.8,strict_tight,0.08,strict,1.0,163.56,1,True,36.0,3.0
v4,322,2026-03-31,dinner|lunch|snack,1800.0,135.0,180.0,60.0,1710,127,178,54,-5.0,-5.9,-1.1,-10.0,1761.82,131.57,179.17000000000002,57.68000000000001,-2.1,-2.5,-0.5,-3.9,strict_tight,0.08,strict,1.0,86.73,1,True,31.1,3.0
v4,323,2026-04-01,dinner|lunch|snack,1800.0,135.0,180.0,60.0,1780,135,177,59,-1.1,0.0,-1.7,-1.7,1792.75,134.23000000000002,180.44,59.35,-0.4,-0.6,0.2,-1.1,strict_tight,0.08,strict,1.0,228.0,1,True,24.4,6.0
v4,324,2026-04-02,dinner|lunch|snack,1800.0,135.0,180.0,60.0,1897,149,181,64,5.4,10.4,0.6,6.7,1761.1799999999998,119.33000000000001,181.35,62.1,-2.2,-11.6,0.7,3.5,strict_tight,0.08,strict,1.0,106.85,1,True,32.8,5.0
v4,325,2026-03-31,breakfast|dinner|lunch|snack,1200.0,90.0,120.0,40.0,1133,103,104,34,-5.6,14.4,-13.3,-15.0,1248.25,109.51,118.69,37.290000000000006,4.0,21.7,-1.1,-6.8,strict_relaxed_tol,0.15,strict,0.5,1055.7,8,True,26.1,2.0
v4,326,2026-04-01,breakfast|dinner|lunch|snack,1200.0,90.0,120.0,40.0,1250,104,144,29,4.2,15.6,20.0,-27.5,1275.44,100.07000000000001,164.44,24.159999999999997,6.3,11.2,37.0,-39.6,best_effort_lp,BEST_EFFORT_LP,relaxed,1.0,2440.73,25,True,24.7,2.0
v4,333,2026-04-07,breakfast|dinner|lunch,1200.0,75.0,165.0,26.7,1149,91,151,20,-4.2,21.3,-8.5,-25.1,962.3249999999999,59.86,134.69,20.465,-19.8,-20.2,-18.4,-23.4,strict_relaxed_tol,0.15,strict,0.5,917.34,8,False,31.0,2.5
v4,334,2026-04-08,breakfast|dinner|lunch,1200.0,75.0,165.0,26.7,1112,86,106,38,-7.3,14.7,-35.8,42.3,1009.67,80.14000000000001,92.81,35.35,-15.9,6.9,-43.8,32.4,best_effort_lp,BEST_EFFORT_LP,relaxed,1.0,2547.05,25,True,28.0,2.0
v4,335,2026-04-09,breakfast|dinner|lunch,1200.0,75.0,165.0,26.7,1325,75,130,56,10.4,0.0,-21.2,109.7,1019.3799999999999,76.23,79.22,44.18,-15.1,1.6,-52.0,65.5,best_effort_lp,BEST_EFFORT_LP,relaxed,1.0,2990.63,25,False,38.7,2.0
v4,336,2026-04-10,breakfast|dinner|lunch,1200.0,75.0,165.0,26.7,1191,68,160,31,-0.8,-9.3,-3.0,16.1,932.2750000000001,64.0,105.985,28.044999999999998,-22.3,-14.7,-35.8,5.0,strict_tight,0.08,strict,mixed_quarter,371.61,3,False,59.1,3.5
v4,355,2026-04-15,breakfast|dinner|lunch|snack,1200.0,90.0,120.0,40.0,1227,90,120,43,2.2,0.0,0.0,7.5,1285.19,94.77000000000001,124.78000000000002,45.23,7.1,5.3,4.0,13.1,strict_tight,0.08,strict,0.5,468.34,2,True,25.4,2.0
v4,534,2026-05-19,dinner|lunch|snack,1500.0,140.0,122.5,50.0,1474,141,129,44,-1.7,0.7,5.3,-12.0,1442.6799999999998,142.6,121.98499999999999,42.71,-3.8,1.9,-0.4,-14.6,strict_tight,0.08,strict,0.5,350.92,2,True,36.8,2.5
v4,356,2026-04-16,breakfast|dinner|lunch|snack,1200.0,90.0,120.0,40.0,1211,92,133,34,0.9,2.2,10.8,-15.0,1183.84,92.345,132.42499999999998,31.565,-1.3,2.6,10.4,-21.1,strict_relaxed_tol,0.1,strict,mixed_quarter,1125.8,6,True,24.5,1.5
v4,342,2026-04-06,dinner|lunch|snack,1500.0,140.0,122.5,50.0,1530,140,130,50,2.0,0.0,6.1,0.0,1495.69,130.71999999999997,121.64999999999999,54.03,-0.3,-6.6,-0.7,8.1,strict_tight,0.08,strict,1.0,141.33,1,True,28.4,8.0
v4,343,2026-04-07,lunch,1500.0,140.0,122.5,50.0,1407,152,131,31,-6.2,8.6,6.9,-38.0,594.63,39.32,67.7,18.509999999999998,-60.4,-71.9,-44.7,-63.0,single_meal_kcal_only,0.08,strict,1.0,116.09,1,True,87.8,4.0
v4,344,2026-04-08,dinner|lunch|snack,1500.0,140.0,122.5,50.0,1519,138,131,49,1.3,-1.4,6.9,-2.0,1474.26,141.615,118.105,48.39,-1.7,1.2,-3.6,-3.2,strict_tight,0.08,strict,1.0,111.67,1,True,31.2,2.0
v4,345,2026-04-09,dinner|lunch,1500.0,140.0,122.5,50.0,1556,156,144,40,3.7,11.4,17.6,-20.0,1196.8200000000002,120.36,113.52000000000001,29.040000000000003,-20.2,-14.0,-7.3,-41.9,relaxed_culinary,0.2,relaxed,mixed_quarter,2571.99,24,True,34.7,3.25
v4,346,2026-04-06,lunch,700.0,52.5,70.0,23.3,665,50,63,24,-5.0,-4.8,-10.0,3.0,662.1899999999999,49.28000000000001,82.95,14.809999999999999,-5.4,-6.1,18.5,-36.4,single_meal_kcal_only,0.08,strict,1.0,97.86,1,True,38.2,6.0
v4,347,2026-04-07,lunch,700.0,52.5,70.0,23.3,678,49,63,26,-3.1,-6.7,-10.0,11.6,718.3199999999999,52.82000000000001,59.72,29.8,2.6,0.6,-14.7,27.9,single_meal_kcal_only,0.08,strict,1.0,118.0,1,True,68.9,2.0
v4,348,2026-04-08,lunch,700.0,52.5,70.0,23.3,736,76,71,16,5.1,44.8,1.4,-31.3,738.44,75.24000000000001,78.96000000000001,13.54,5.5,43.3,12.8,-41.9,single_meal_kcal_only,0.08,strict,1.0,118.27,1,True,64.5,2.0
v4,349,2026-04-09,lunch,700.0,52.5,70.0,23.3,730,54,62,29,4.3,2.9,-11.4,24.5,663.3900000000001,39.22,83.47,19.21,-5.2,-25.3,19.2,-17.6,single_meal_kcal_only,0.08,strict,0.5,195.94,2,True,64.0,2.5
v4,350,2026-04-10,lunch,700.0,52.5,70.0,23.3,692,39,86,21,-1.1,-25.7,22.9,-9.9,676.35,63.525,65.4,17.85,-3.4,21.0,-6.6,-23.4,single_meal_kcal_only,0.08,strict,1.0,111.03,1,True,80.3,2.0
v4,351,2026-04-07,dinner|lunch,885.0,70.0,95.0,25.0,878,75,94,23,-0.8,7.1,-1.1,-8.0,895.95,74.84,100.73,21.549999999999997,1.2,6.9,6.0,-13.8,strict_tight,0.08,strict,0.5,291.54,2,True,26.8,2.5
v4,352,2026-04-08,dinner|lunch,885.0,70.0,95.0,25.0,902,80,95,23,1.9,14.3,0.0,-8.0,929.73,82.75,87.77,27.53,5.1,18.2,-7.6,10.1,strict_relaxed_tol,0.1,strict,0.5,833.85,5,True,38.4,2.0
v4,353,2026-04-13,breakfast|dinner|lunch|snack,1200.0,90.0,120.0,40.0,1180,98,114,37,-1.7,8.9,-5.0,-7.5,1190.41,94.2,119.05000000000003,37.51,-0.8,4.7,-0.8,-6.2,strict_tight,0.08,strict,1.0,100.75,1,True,20.1,1.0
v4,354,2026-04-14,breakfast|dinner|lunch|snack,1200.0,90.0,120.0,40.0,1176,87,119,39,-2.0,-3.3,-0.8,-2.5,1201.33,89.06,134.3,34.04,0.1,-1.0,11.9,-14.9,strict_tight,0.08,strict,0.5,317.13,2,True,26.5,2.0
v4,358,2026-04-14,breakfast|dinner|lunch|snack,1200.0,75.0,165.0,26.7,1033,75,112,32,-13.9,0.0,-32.1,19.9,1256.5,77.19,161.6,33.5,4.7,2.9,-2.1,25.5,best_effort_lp,BEST_EFFORT_LP,relaxed,1.0,2702.55,25,True,22.6,2.0
v4,359,2026-04-15,breakfast|dinner|lunch|snack,1200.0,75.0,165.0,26.7,1198,80,161,26,-0.2,6.7,-2.4,-2.6,1256.57,90.4,134.79,39.19,4.7,20.5,-18.3,46.8,strict_tight,0.08,strict,0.5,310.37,2,True,36.5,1.5
v4,360,2026-04-16,breakfast|dinner|lunch|snack,1200.0,75.0,165.0,26.7,1207,77,152,32,0.6,2.7,-7.9,19.9,1283.33,92.50000000000001,134.73,41.61,6.9,23.3,-18.3,55.8,strict_relaxed_tol,0.1,strict,mixed_quarter,1176.86,6,True,32.0,2.0
v4,361,2026-04-17,breakfast|dinner|lunch|snack,1200.0,75.0,165.0,26.7,1178,71,150,33,-1.8,-5.3,-9.1,23.6,1279.31,91.69000000000001,127.65,44.669999999999995,6.6,22.3,-22.6,67.3,strict_relaxed_tol,0.1,strict,mixed_quarter,1042.42,6,True,29.9,2.0
v4,362,2026-04-13,dinner|lunch|snack,1500.0,140.0,122.5,50.0,1530,140,130,50,2.0,0.0,6.1,0.0,1495.69,130.72,121.65,54.03,-0.3,-6.6,-0.7,8.1,strict_tight,0.08,strict,1.0,184.54,1,True,28.4,8.0
v4,363,2026-04-14,dinner|lunch|snack,1500.0,140.0,122.5,50.0,1484,131,121,53,-1.1,-6.4,-1.2,6.0,1477.85,126.395,132.27499999999998,49.25,-1.5,-9.7,8.0,-1.5,strict_tight,0.08,strict,0.5,379.97,2,True,47.2,3.0
v4,364,2026-04-15,dinner|lunch,1500.0,140.0,122.5,50.0,1380,150,121,33,-8.0,7.1,-1.2,-34.0,1237.39,147.55000000000004,100.98,27.05,-17.5,5.4,-17.6,-45.9,best_effort_lp,BEST_EFFORT_LP,relaxed,1.0,3079.69,25,True,44.8,2.0
v4,365,2026-04-16,dinner|lunch,1500.0,140.0,122.5,50.0,1518,155,127,43,1.2,10.7,3.7,-14.0,1160.4150000000002,118.69500000000001,105.91499999999999,29.115000000000002,-22.6,-15.2,-13.5,-41.8,strict_relaxed_tol,0.1,strict,0.5,647.92,5,True,40.7,3.0
v4,366,2026-04-13,lunch,700.0,52.5,70.0,23.3,647,37,77,21,-7.6,-29.5,10.0,-9.9,639.945,61.86,57.795,17.925,-8.6,17.8,-17.4,-23.1,single_meal_kcal_only,0.08,strict,1.0,126.68,1,True,79.3,2.0
v4,367,2026-04-14,lunch,700.0,52.5,70.0,23.3,736,76,71,16,5.1,44.8,1.4,-31.3,738.44,75.24000000000001,78.96000000000001,13.54,5.5,43.3,12.8,-41.9,single_meal_kcal_only,0.08,strict,1.0,139.32,1,True,64.5,2.0
v4,368,2026-04-15,lunch,700.0,52.5,70.0,23.3,716,54,83,18,2.3,2.9,18.6,-22.7,615.27,55.2,59.22,17.52,-12.1,5.1,-15.4,-24.8,single_meal_kcal_only,0.08,strict,1.0,96.77,1,True,56.2,2.0
v4,369,2026-04-16,lunch,700.0,52.5,70.0,23.3,730,54,62,29,4.3,2.9,-11.4,24.5,663.3900000000001,39.22,83.47,19.21,-5.2,-25.3,19.2,-17.6,single_meal_kcal_only,0.08,strict,0.5,245.27,2,True,64.0,2.5
v4,370,2026-04-17,lunch,700.0,52.5,70.0,23.3,692,39,86,21,-1.1,-25.7,22.9,-9.9,676.35,63.525,65.4,17.85,-3.4,21.0,-6.6,-23.4,single_meal_kcal_only,0.08,strict,1.0,117.5,1,True,80.3,2.0
v4,371,2026-04-14,dinner|lunch,885.0,70.0,95.0,25.0,860,71,94,22,-2.8,1.4,-1.1,-12.0,925.28,81.16,96.81,23.72,4.6,15.9,1.9,-5.1,strict_tight,0.08,strict,0.5,300.53,2,True,35.1,1.5
v4,372,2026-04-15,dinner|lunch,885.0,70.0,95.0,25.0,902,80,95,23,1.9,14.3,0.0,-8.0,932.93,81.28999999999999,99.63000000000001,23.27,5.4,16.1,4.9,-6.9,strict_relaxed_tol,0.1,strict,0.5,913.07,5,True,38.4,2.0
v4,373,2026-04-16,dinner|lunch,885.0,70.0,95.0,25.0,942,76,96,29,6.4,8.6,1.1,16.0,900.6400000000001,74.32000000000001,93.4,25.56,1.8,6.2,-1.7,2.2,strict_tight,0.08,strict,0.5,197.3,2,True,33.1,2.0
v4,374,2026-04-17,dinner|lunch,885.0,70.0,95.0,25.0,832,75,86,21,-6.0,7.1,-9.5,-16.0,832.34,74.96000000000001,85.85000000000001,21.04,-6.0,7.1,-9.6,-15.8,strict_relaxed_tol,0.1,strict,1.0,469.25,4,True,41.6,2.0
v4,375,2026-04-16,breakfast|dinner|lunch|snack,1500.0,112.5,150.0,50.0,1495,112,150,50,-0.3,-0.4,0.0,0.0,1458.3500000000001,93.64,151.38000000000002,53.15,-2.8,-16.8,0.9,6.3,strict_tight,0.08,strict,0.5,391.0,2,True,31.8,5.0
v4,376,2026-04-17,breakfast|dinner|lunch|snack,1500.0,112.5,150.0,50.0,1505,100,152,55,0.3,-11.1,1.3,10.0,1566.48,106.24000000000001,149.96,60.20000000000001,4.4,-5.6,-0.0,20.4,strict_tight,0.08,strict,1.0,156.8,1,True,31.1,2.0
v4,377,2026-04-20,breakfast|dinner|lunch|snack,1500.0,112.5,150.0,50.0,1415,122,156,34,-5.7,8.4,4.0,-32.0,1380.48,120.44,169.61999999999998,24.48,-8.0,7.1,13.1,-51.0,best_effort_lp,BEST_EFFORT_LP,relaxed,1.0,3302.23,25,True,18.0,2.0
v4,378,2026-04-21,breakfast|dinner|lunch|snack,1500.0,112.5,150.0,50.0,1447,113,143,47,-3.5,0.4,-4.7,-6.0,1561.38,112.83,159.26,52.6,4.1,0.3,6.2,5.2,strict_tight,0.08,strict,1.0,154.06,1,True,23.6,2.0
v4,379,2026-04-20,lunch,1000.0,75.0,100.0,33.3,928,74,103,24,-7.2,-1.3,3.0,-27.9,925.4,73.75,109.9,21.2,-7.5,-1.7,9.9,-36.3,single_meal_kcal_only,0.08,strict,1.0,110.52,1,True,54.9,4.0
v4,380,2026-04-21,lunch,1000.0,75.0,100.0,33.3,1000,84,127,18,0.0,12.0,27.0,-45.9,1064.1200000000001,116.16,103.55,20.62,6.4,54.9,3.5,-38.1,single_meal_kcal_only,0.08,strict,1.0,99.19,1,True,47.5,5.0
v4,381,2026-04-22,lunch,1250.0,93.8,125.0,41.7,1210,121,127,24,-3.2,29.0,1.6,-42.4,953.28,83.76,117.42,16.54,-23.7,-10.7,-6.1,-60.3,single_meal_kcal_only,0.08,strict,1.0,127.75,1,True,63.6,5.0
v4,382,2026-04-23,lunch,1250.0,93.8,125.0,41.7,1200,151,91,26,-4.0,61.0,-27.2,-37.6,943.74,103.0,93.30000000000001,17.64,-24.5,9.8,-25.4,-57.7,single_meal_kcal_only,0.08,strict,1.0,100.17,1,True,85.3,3.0
v4,383,2026-04-24,lunch,1250.0,93.8,125.0,41.7,1214,105,136,28,-2.9,11.9,8.8,-32.9,1038.41,101.61,96.65,27.310000000000002,-16.9,8.3,-22.7,-34.5,single_meal_kcal_only,0.08,strict,1.0,115.06,1,True,56.5,6.0
v4,554,2026-05-20,lunch,700.0,52.5,70.0,23.3,736,79,68,17,5.1,50.5,-2.9,-27.0,738.74,78.0,75.6,13.84,5.5,48.6,8.0,-40.6,single_meal_kcal_only,0.08,strict,1.0,112.57,1,True,64.5,2.0
v4,558,2026-05-20,dinner|lunch|snack,1200.0,90.0,120.0,40.0,1045,94,113,24,-12.9,4.4,-5.8,-40.0,1318.16,121.39999999999999,136.495,31.850000000000005,9.8,34.9,13.7,-20.4,best_effort_lp,BEST_EFFORT_LP,relaxed,1.0,2689.59,25,True,29.6,2.0
v4,563,2026-05-26,dinner|lunch|snack,1500.0,140.0,122.5,50.0,1530,140,123,53,2.0,0.0,0.4,6.0,1509.67,139.91,123.27,50.790000000000006,0.6,-0.1,0.6,1.6,strict_tight,0.08,strict,1.0,149.99,1,True,33.9,2.0
v4,388,2026-04-20,breakfast|dinner|lunch|snack,1200.0,90.0,120.0,40.0,1223,94,122,40,1.9,4.4,1.7,0.0,1196.49,89.92,120.29499999999999,39.53,-0.3,-0.1,0.2,-1.2,strict_tight,0.08,strict,0.5,433.41,2,True,31.5,2.0
v4,389,2026-04-21,breakfast|dinner|lunch|snack,1200.0,90.0,120.0,40.0,1209,95,119,39,0.8,5.6,-0.8,-2.5,1276.62,104.89999999999999,108.44999999999999,47.040000000000006,6.4,16.6,-9.6,17.6,strict_tight,0.08,strict,0.5,491.15,2,True,21.1,1.5
v4,390,2026-04-22,breakfast|dinner|lunch|snack,1200.0,90.0,120.0,40.0,1197,96,119,38,-0.2,6.7,-0.8,-5.0,1282.25,102.92999999999999,112.97,46.53,6.9,14.4,-5.9,16.3,strict_tight,0.08,strict,0.5,276.79,2,True,28.5,1.0
v4,391,2026-04-23,breakfast|dinner|lunch|snack,1200.0,90.0,120.0,40.0,1155,82,133,33,-3.8,-8.9,10.8,-17.5,1113.5,89.48499999999999,120.455,30.419999999999998,-7.2,-0.6,0.4,-24.0,strict_relaxed_tol,0.15,strict,mixed_quarter,1168.83,9,True,36.8,1.75
v4,392,2026-04-20,dinner|lunch|snack,1500.0,140.0,122.5,50.0,1560,151,126,50,4.0,7.9,2.9,0.0,1573.75,151.51,127.30000000000001,50.949999999999996,4.9,8.2,3.9,1.9,strict_tight,0.08,strict,1.0,97.02,1,True,32.7,2.0
v4,393,2026-04-21,dinner|lunch|snack,1500.0,140.0,122.5,50.0,1530,151,122,49,2.0,7.9,-0.4,-2.0,1510.29,143.26,125.69,48.31,0.7,2.3,2.6,-3.4,strict_tight,0.08,strict,0.5,307.53,2,True,33.5,1.5
v4,394,2026-04-22,dinner|lunch|snack,1500.0,140.0,122.5,50.0,1522,135,129,52,1.5,-3.6,5.3,4.0,1573.695,130.475,147.805,51.175000000000004,4.9,-6.8,20.7,2.4,strict_tight,0.08,strict,0.5,280.48,2,True,33.5,2.5
v4,395,2026-04-23,dinner|lunch|snack,1500.0,140.0,122.5,50.0,1518,134,123,54,1.2,-4.3,0.4,8.0,1559.075,135.495,120.93,59.275000000000006,3.9,-3.2,-1.3,18.6,strict_tight,0.08,strict,0.5,347.16,2,True,33.9,2.0
v4,396,2026-04-20,lunch,700.0,52.5,70.0,23.3,725,38,79,28,3.6,-27.6,12.9,20.2,698.295,62.61,59.145,23.475,-0.2,19.3,-15.5,0.8,single_meal_kcal_only,0.08,strict,1.0,138.4,1,True,81.6,2.0
v4,397,2026-04-21,lunch,700.0,52.5,70.0,23.3,736,79,68,17,5.1,50.5,-2.9,-27.0,738.74,78.0,75.6,13.84,5.5,48.6,8.0,-40.6,single_meal_kcal_only,0.08,strict,1.0,118.57,1,True,64.5,2.0
v4,398,2026-04-22,lunch,700.0,52.5,70.0,23.3,722,53,72,25,3.1,1.0,2.9,7.3,679.1,52.2,65.6,23.1,-3.0,-0.6,-6.3,-0.9,single_meal_kcal_only,0.08,strict,0.5,240.39,2,True,94.1,2.0
v4,399,2026-04-23,lunch,700.0,52.5,70.0,23.3,707,47,41,40,1.0,-10.5,-41.4,71.7,642.375,42.3,37.15,36.075,-8.2,-19.4,-46.9,54.8,single_meal_kcal_only,0.08,strict,mixed_quarter,387.14,3,True,100.0,2.75
v4,400,2026-04-24,lunch,700.0,52.5,70.0,23.3,678,69,48,24,-3.1,31.4,-31.4,3.0,675.8,68.2,54.4,20.599999999999998,-3.5,29.9,-22.3,-11.6,single_meal_kcal_only,0.08,strict,1.0,114.55,1,True,75.1,2.0
v4,401,2026-04-21,dinner|lunch,885.0,70.0,95.0,25.0,878,78,89,23,-0.8,11.4,-6.3,-8.0,834.46,75.78999999999999,93.35000000000001,17.560000000000002,-5.7,8.3,-1.7,-29.8,strict_tight,0.08,strict,0.5,359.89,2,True,29.0,1.5
v4,402,2026-04-22,dinner|lunch,885.0,70.0,95.0,25.0,858,69,94,23,-3.1,-1.4,-1.1,-8.0,941.9749999999999,80.19,98.06,25.455,6.4,14.6,3.2,1.8,strict_tight,0.08,strict,1.0,139.45,1,True,39.6,2.0
v4,403,2026-04-23,dinner|lunch,885.0,70.0,95.0,25.0,1021,62,99,42,15.4,-11.4,4.2,68.0,1069.8600000000001,68.55000000000001,109.99,39.54,20.9,-2.1,15.8,58.2,best_effort_lp,BEST_EFFORT_LP,relaxed,1.0,2802.58,25,True,50.3,2.0
v4,404,2026-04-24,dinner|lunch,885.0,70.0,95.0,25.0,900,69,92,29,1.7,-1.4,-3.2,16.0,981.0799999999999,99.86500000000001,78.805,29.6,10.9,42.7,-17.0,18.4,strict_tight,0.08,strict,mixed_quarter,404.59,3,True,32.8,1.75
v4,405,2026-04-23,breakfast|dinner|lunch|snack,1500.0,112.5,150.0,50.0,1494,112,152,49,-0.4,-0.4,1.3,-2.0,1402.25,117.95,155.04000000000002,34.49,-6.5,4.8,3.4,-31.0,strict_tight,0.08,strict,0.5,311.17,2,True,34.1,2.5
v4,406,2026-04-24,breakfast|dinner|lunch|snack,1500.0,112.5,150.0,50.0,1530,120,150,50,2.0,6.7,0.0,0.0,1519.455,120.805,149.78,48.574999999999996,1.3,7.4,-0.1,-2.9,strict_tight,0.08,strict,1.0,128.61,1,True,22.7,2.0
v4,407,2026-04-27,lunch|snack,1250.0,93.8,125.0,41.7,1157,118,121,22,-7.4,25.8,-3.2,-47.2,1153.76,117.67999999999999,120.94,22.16,-7.7,25.5,-3.2,-46.9,best_effort_lp,BEST_EFFORT_LP,relaxed,1.0,2824.88,25,True,59.0,2.0
v4,408,2026-04-28,lunch|snack,1250.0,93.8,125.0,41.7,1075,97,125,21,-14.0,3.4,0.0,-49.6,1163.3,98.44,145.06,21.060000000000002,-6.9,4.9,16.0,-49.5,best_effort_lp,BEST_EFFORT_LP,relaxed,1.0,2761.15,25,True,47.7,3.0
v4,409,2026-04-29,lunch|snack,1250.0,93.8,125.0,41.7,1223,86,118,45,-2.2,-8.3,-5.6,7.9,1239.74,88.89999999999999,109.03,49.78,-0.8,-5.2,-12.8,19.4,strict_tight,0.08,strict,0.5,217.55,2,True,83.3,3.0
v4,410,2026-04-30,lunch|snack,1250.0,93.8,125.0,41.7,1258,95,127,41,0.6,1.3,1.6,-1.7,1283.65,94.63,137.52,39.45,2.7,0.9,10.0,-5.4,strict_tight,0.08,strict,0.5,250.78,2,True,81.0,3.0
v4,411,2026-05-01,lunch|snack,1250.0,93.8,125.0,41.7,1275,104,132,37,2.0,10.9,5.6,-11.3,1197.08,93.96,126.96,34.86,-4.2,0.2,1.6,-16.4,strict_tight,0.08,strict,mixed_quarter,469.82,3,True,41.9,4.25
v4,412,2026-05-01,dinner,800.0,50.0,90.0,26.7,771,51,45,43,-3.6,2.0,-50.0,61.0,770.85,50.76,44.58,43.29,-3.6,1.5,-50.5,62.1,single_meal_kcal_only,0.08,strict,1.0,124.57,1,True,100.0,3.0
v4,431,2026-05-01,breakfast|dinner|lunch|snack,1200.0,90.0,120.0,40.0,1207,92,121,40,0.6,2.2,0.8,0.0,1105.5500000000002,95.28,122.23,26.17,-7.9,5.9,1.9,-34.6,strict_tight,0.08,strict,0.5,425.34,2,True,30.7,2.0
v4,432,2026-04-28,breakfast|dinner|lunch|snack,1200.0,90.0,120.0,40.0,1193,88,118,41,-0.6,-2.2,-1.7,2.5,1171.915,96.48,97.565,43.974999999999994,-2.3,7.2,-18.7,9.9,strict_tight,0.08,strict,0.5,439.72,2,True,24.8,1.5
v4,535,2026-05-20,dinner|lunch|snack,1500.0,140.0,122.5,50.0,1497,126,122,56,-0.2,-10.0,-0.4,12.0,1496.65,127.39,118.91,56.849999999999994,-0.2,-9.0,-2.9,13.7,strict_tight,0.08,strict,mixed_quarter,425.2,3,True,34.3,2.25
v4,433,2026-04-29,breakfast|dinner|lunch|snack,1200.0,90.0,120.0,40.0,1208,85,129,39,0.7,-5.6,7.5,-2.5,1163.275,77.96499999999999,120.24000000000001,41.185,-3.1,-13.4,0.2,3.0,strict_tight,0.08,strict,0.5,341.93,2,True,34.9,1.0
v4,418,2026-04-27,dinner|lunch|snack,1500.0,140.0,122.5,50.0,1520,131,127,54,1.3,-6.4,3.7,8.0,1405.365,115.16,131.095,46.705,-6.3,-17.7,7.0,-6.6,strict_tight,0.08,strict,mixed_quarter,438.5,3,True,44.7,3.0
v4,419,2026-04-28,dinner|lunch|snack,1500.0,140.0,122.5,50.0,1501,97,153,56,0.1,-30.7,24.9,12.0,1416.02,94.34,141.05,52.72,-5.6,-32.6,15.1,5.4,best_effort_lp,BEST_EFFORT_LP,relaxed,1.0,3035.09,25,True,45.2,2.0
v4,420,2026-04-29,dinner|lunch|snack,1500.0,140.0,122.5,50.0,1334,129,137,30,-11.1,-7.9,11.8,-40.0,1382.5,135.23000000000002,147.35,28.04,-7.8,-3.4,20.3,-43.9,best_effort_lp,BEST_EFFORT_LP,relaxed,1.0,2842.61,25,True,51.2,2.0
v4,421,2026-04-30,dinner|lunch|snack,1500.0,140.0,122.5,50.0,1563,155,138,43,4.2,10.7,12.7,-14.0,1505.6399999999999,152.72,132.68,40.46,0.4,9.1,8.3,-19.1,strict_relaxed_tol,0.1,strict,0.5,586.5,5,True,43.7,2.0
v4,422,2026-04-27,breakfast|dinner|lunch|snack,1200.0,90.0,120.0,40.0,1218,89,119,43,1.5,-1.1,-0.8,7.5,1220.605,87.92,122.44,42.155,1.7,-2.3,2.0,5.4,strict_tight,0.08,strict,0.5,237.3,2,True,31.6,2.0
v4,423,2026-04-27,dinner|lunch,885.0,70.0,95.0,25.0,911,73,103,23,2.9,4.3,8.4,-8.0,825.8900000000001,70.94,91.05000000000001,19.79,-6.7,1.3,-4.2,-20.8,strict_tight,0.08,strict,1.0,120.93,1,True,27.9,2.0
v4,424,2026-04-28,dinner|lunch,885.0,70.0,95.0,25.0,928,93,97,19,4.9,32.9,2.1,-24.0,842.6500000000001,90.59,84.69,15.75,-4.8,29.4,-10.9,-37.0,best_effort_lp,BEST_EFFORT_LP,relaxed,1.0,2732.07,25,True,36.8,2.0
v4,425,2026-04-29,dinner|lunch,885.0,70.0,95.0,25.0,887,67,93,27,0.2,-4.3,-2.1,8.0,1021.49,76.45,119.69999999999999,26.33,15.4,9.2,26.0,5.3,strict_tight,0.08,strict,mixed_quarter,305.64,3,True,47.6,1.5
v4,426,2026-04-30,dinner|lunch,885.0,70.0,95.0,25.0,939,62,75,44,6.1,-11.4,-21.1,76.0,894.75,64.53,71.49000000000001,38.97,1.1,-7.8,-24.7,55.9,best_effort_lp,BEST_EFFORT_LP,relaxed,1.0,2700.55,25,True,54.7,2.0
v4,427,2026-05-01,dinner|lunch,885.0,70.0,95.0,25.0,895,78,90,24,1.1,11.4,-5.3,-4.0,892.5,79.8,99.225,19.599999999999998,0.8,14.0,4.4,-21.6,strict_tight,0.08,strict,0.5,319.16,2,True,28.4,2.0
v4,428,2026-04-28,breakfast|dinner|lunch|snack,1200.0,90.0,120.0,40.0,1156,107,137,20,-3.7,18.9,14.2,-50.0,1121.85,106.83,134.55,17.39,-6.5,18.7,12.1,-56.5,best_effort_lp,BEST_EFFORT_LP,relaxed,1.0,3523.71,25,True,29.5,1.0
v4,429,2026-04-29,breakfast|dinner|lunch|snack,1200.0,90.0,120.0,40.0,1177,84,116,42,-1.9,-6.7,-3.3,5.0,1240.87,96.9,96.71000000000001,51.83,3.4,7.7,-19.4,29.6,strict_tight,0.08,strict,0.5,383.91,2,True,26.1,2.0
v4,430,2026-04-30,breakfast|dinner|lunch|snack,1200.0,90.0,120.0,40.0,1161,80,117,41,-3.2,-11.1,-2.5,2.5,1142.3,80.64,99.92,46.7,-4.8,-10.4,-16.7,16.8,strict_tight,0.08,strict,0.5,356.83,2,True,33.2,2.5
v4,434,2026-04-30,breakfast|dinner|lunch|snack,1200.0,90.0,120.0,40.0,1178,91,110,42,-1.8,1.1,-8.3,5.0,1182.68,90.59,107.58500000000001,43.36,-1.4,0.7,-10.3,8.4,strict_tight,0.08,strict,0.5,275.74,2,True,32.7,2.0
v4,436,2026-05-04,dinner|lunch|snack,1500.0,140.0,122.5,50.0,1442,130,115,51,-3.9,-7.1,-6.1,2.0,1593.8200000000002,145.21,132.35,53.74,6.3,3.7,8.0,7.5,strict_tight,0.08,strict,1.0,125.97,1,True,28.9,7.0
v4,437,2026-05-05,dinner|lunch|snack,1500.0,140.0,122.5,50.0,1521,152,123,47,1.4,8.6,0.4,-6.0,1525.14,143.68,121.75,51.5,1.7,2.6,-0.6,3.0,strict_tight,0.08,strict,0.5,326.13,2,True,37.7,2.5
v4,438,2026-05-06,dinner|lunch|snack,1500.0,140.0,122.5,50.0,1489,129,122,54,-0.7,-7.9,-0.4,8.0,1491.795,134.62,118.77,53.155,-0.5,-3.8,-3.0,6.3,strict_tight,0.08,strict,0.5,382.0,2,True,30.5,2.0
v4,439,2026-05-07,dinner|lunch|snack,1500.0,140.0,122.5,50.0,1458,142,120,46,-2.8,1.4,-2.0,-8.0,1432.145,146.73000000000002,121.72999999999999,39.815000000000005,-4.5,4.8,-0.6,-20.4,strict_tight,0.08,strict,0.5,382.96,2,True,31.2,2.0
v4,440,2026-05-04,breakfast|dinner|lunch|snack,1200.0,90.0,120.0,40.0,1148,102,108,34,-4.3,13.3,-10.0,-15.0,1221.17,92.16,120.86,41.03,1.8,2.4,0.7,2.6,strict_relaxed_tol,0.1,strict,mixed_quarter,896.99,6,True,30.0,1.5
v4,441,2026-05-05,dinner|lunch,885.0,70.0,95.0,25.0,829,60,86,27,-6.3,-14.3,-9.5,8.0,892.9599999999999,58.760000000000005,92.0,32.239999999999995,0.9,-16.1,-3.2,29.0,strict_relaxed_tol,0.1,strict,mixed_quarter,807.46,6,True,46.8,1.75
v4,442,2026-05-06,dinner|lunch,885.0,70.0,95.0,25.0,893,73,96,24,0.9,4.3,1.1,-4.0,923.17,83.81,90.33,25.189999999999998,4.3,19.7,-4.9,0.8,strict_tight,0.08,strict,1.0,123.27,1,True,33.9,1.0
v4,443,2026-05-07,dinner|lunch,885.0,70.0,95.0,25.0,893,76,90,25,0.9,8.6,-5.3,0.0,956.3499999999999,91.7,81.58000000000001,29.25,8.1,31.0,-14.1,17.0,strict_tight,0.08,strict,mixed_quarter,503.08,3,True,42.4,1.25
v4,444,2026-05-08,dinner|lunch,885.0,70.0,95.0,25.0,893,76,90,25,0.9,8.6,-5.3,0.0,956.3499999999999,91.83,81.58000000000001,29.25,8.1,31.2,-14.1,17.0,strict_tight,0.08,strict,mixed_quarter,544.22,3,True,42.4,1.25
v4,445,2026-05-06,breakfast|dinner|lunch|snack,1500.0,112.5,150.0,50.0,1542,114,160,49,2.8,1.3,6.7,-2.0,1474.92,112.78999999999999,145.86999999999998,48.940000000000005,-1.7,0.3,-2.8,-2.1,strict_tight,0.08,strict,1.0,149.75,1,True,20.7,2.0
v4,446,2026-05-06,breakfast|dinner|lunch|snack,1200.0,90.0,120.0,40.0,1213,90,122,40,1.1,0.0,1.7,0.0,1199.4250000000002,90.33,120.0,39.805,-0.0,0.4,0.0,-0.5,strict_tight,0.08,strict,0.5,268.0,2,True,25.0,1.5
v4,447,2026-05-07,breakfast|dinner|lunch|snack,1200.0,90.0,120.0,40.0,1199,89,128,37,-0.1,-1.1,6.7,-7.5,1259.175,89.68499999999999,138.89,38.335,4.9,-0.4,15.7,-4.2,strict_tight,0.08,strict,0.5,194.09,2,True,27.3,2.0
v4,448,2026-05-08,breakfast|dinner|lunch|snack,1200.0,90.0,120.0,40.0,1267,105,106,47,5.6,16.7,-11.7,17.5,1168.9199999999998,83.12,113.72999999999999,42.42,-2.6,-7.6,-5.2,6.1,strict_relaxed_tol,0.15,strict,0.5,1035.61,8,True,27.1,3.5
v4,449,2026-05-06,breakfast|dinner|lunch|snack,1400.0,105.0,140.0,46.7,1400,105,140,47,0.0,0.0,0.0,0.6,1476.8899999999999,106.38,142.72,53.41,5.5,1.3,1.9,14.4,strict_tight,0.08,strict,0.5,456.26,2,True,24.8,2.0
v4,450,2026-05-08,breakfast|dinner|lunch|snack,1400.0,105.0,140.0,46.7,1363,99,137,47,-2.6,-5.7,-2.1,0.6,1369.3,106.5,108.97,56.4,-2.2,1.4,-22.2,20.8,strict_tight,0.08,strict,0.5,394.96,2,True,26.1,3.5
v4,451,2026-05-12,breakfast|dinner|lunch|snack,1400.0,105.0,140.0,46.7,1440,102,141,52,2.9,-2.9,0.7,11.3,1485.47,106.30000000000001,128.93,60.53,6.1,1.2,-7.9,29.6,strict_tight,0.08,strict,1.0,148.31,1,True,16.5,2.0
v4,452,2026-05-08,dinner,800.0,50.0,90.0,26.7,740,52,78,25,-7.5,4.0,-13.3,-6.4,812.8199999999999,54.28,77.64,31.700000000000003,1.6,8.6,-13.7,18.7,single_meal_kcal_only,0.08,strict,1.0,116.79,1,True,88.4,2.0
v4,453,2026-05-11,dinner|lunch|snack,1500.0,140.0,122.5,50.0,1416,132,114,48,-5.6,-5.7,-6.9,-4.0,1501.68,140.06,122.19499999999998,50.309999999999995,0.1,0.0,-0.2,0.6,strict_tight,0.08,strict,1.0,140.46,1,True,29.5,2.0
v4,454,2026-05-12,dinner|lunch|snack,1500.0,140.0,122.5,50.0,1477,133,122,51,-1.5,-5.0,-0.4,2.0,1477.05,122.14,133.35,50.59,-1.5,-12.8,8.9,1.2,strict_tight,0.08,strict,0.5,419.16,2,True,35.3,2.5
v4,455,2026-05-13,dinner|lunch|snack,1500.0,140.0,122.5,50.0,1461,137,119,48,-2.6,-2.1,-2.9,-4.0,1482.71,139.45,110.41,53.71000000000001,-1.2,-0.4,-9.9,7.4,strict_tight,0.08,strict,1.0,145.89,1,True,31.4,2.0
v4,456,2026-05-14,dinner|lunch|snack,1500.0,140.0,122.5,50.0,1514,145,118,51,0.9,3.6,-3.7,2.0,1599.8799999999999,148.63000000000002,128.01,54.839999999999996,6.7,6.2,4.5,9.7,strict_tight,0.08,strict,1.0,142.22,1,True,41.0,2.0
v4,457,2026-05-11,breakfast|dinner|lunch|snack,1500.0,112.5,150.0,50.0,1508,113,142,55,0.5,0.4,-5.3,10.0,1533.51,99.05,150.07,59.69,2.2,-12.0,0.0,19.4,strict_tight,0.08,strict,0.5,415.81,2,True,30.1,2.0
v4,458,2026-05-13,dinner|lunch|snack,1320.0,120.0,120.0,40.0,1333,117,118,44,1.0,-2.5,-1.7,10.0,945.035,83.255,88.00500000000001,28.895000000000003,-28.4,-30.6,-26.7,-27.8,strict_tight,0.08,strict,0.5,370.81,2,True,34.1,2.0
v4,459,2026-05-14,dinner|lunch|snack,1320.0,120.0,120.0,40.0,1333,121,120,41,1.0,0.8,0.0,2.5,931.67,72.03,89.16999999999999,31.89,-29.4,-40.0,-25.7,-20.3,strict_tight,0.08,strict,0.5,297.47,2,True,36.8,2.0
v4,460,2026-05-15,dinner|lunch|snack,1320.0,120.0,120.0,40.0,1358,117,121,45,2.9,-2.5,0.8,12.5,908.8899999999999,65.00999999999999,73.46999999999998,39.47,-31.1,-45.8,-38.8,-1.3,strict_tight,0.08,strict,mixed_quarter,483.11,3,True,38.0,4.25
v4,555,2026-05-21,lunch,700.0,52.5,70.0,23.3,707,47,41,40,1.0,-10.5,-41.4,71.7,642.375,42.3,37.15,36.075,-8.2,-19.4,-46.9,54.8,single_meal_kcal_only,0.08,strict,mixed_quarter,362.0,3,True,100.0,2.75
v4,559,2026-05-21,dinner|lunch|snack,1200.0,90.0,120.0,40.0,1219,88,120,43,1.6,-2.2,0.0,7.5,1228.73,89.96000000000001,118.89,43.730000000000004,2.4,-0.0,-0.9,9.3,strict_tight,0.08,strict,0.5,309.23,2,True,38.4,2.5
v4,560,2026-05-22,dinner|lunch|snack,1200.0,90.0,120.0,40.0,1249,116,96,45,4.1,28.9,-20.0,12.5,1249.21,115.51,95.74000000000001,44.92999999999999,4.1,28.3,-20.2,12.3,best_effort_lp,BEST_EFFORT_LP,relaxed,1.0,3230.94,25,True,49.5,2.0
v4,564,2026-05-27,lunch|snack,1500.0,140.0,122.5,50.0,1451,141,122,44,-3.3,0.7,-0.4,-12.0,879.23,75.03999999999999,75.67,30.71,-41.4,-46.4,-38.2,-38.6,strict_tight,0.08,strict,1.0,142.02,1,True,38.3,4.0
v4,565,2026-05-28,lunch|snack,1500.0,140.0,122.5,50.0,1449,160,109,41,-3.4,14.3,-11.0,-18.0,919.5899999999999,89.39,78.97999999999999,27.35,-38.7,-36.1,-35.5,-45.3,strict_relaxed_tol,0.15,strict,0.5,1080.98,8,True,59.9,4.0
v4,569,2026-05-29,breakfast|dinner|lunch|snack,1200.0,90.0,120.0,40.0,1170,88,120,38,-2.5,-2.2,0.0,-5.0,1209.62,94.175,121.46,38.58,0.8,4.6,1.2,-3.6,strict_tight,0.08,strict,0.5,386.74,2,True,26.4,1.5
v4,572,2026-06-01,breakfast|lunch|snack,2000.0,150.0,200.0,66.7,2004,150,201,67,0.2,0.0,0.5,0.4,1124.73,75.64,118.25,38.809999999999995,-43.8,-49.6,-40.9,-41.8,strict_tight,0.08,strict,1.0,218.82,1,True,26.7,4.0
v4,575,2026-06-02,breakfast|dinner|lunch|snack,1200.0,90.0,120.0,40.0,1202,90,119,41,0.2,0.0,-0.8,2.5,1204.165,89.80999999999999,120.435,40.405,0.3,-0.2,0.4,1.0,strict_tight,0.08,strict,0.5,456.84,2,True,29.6,2.0
v4,577,2026-06-05,breakfast|dinner|lunch|snack,1200.0,90.0,120.0,40.0,1266,107,137,32,5.5,18.9,14.2,-20.0,1205.645,120.395,121.78999999999999,26.335,0.5,33.8,1.5,-34.2,strict_relaxed_tol,0.2,strict,mixed_quarter,1960.8,12,True,30.4,1.5
v4,579,2026-06-01,dinner|lunch|snack,1500.0,140.0,122.5,50.0,1511,140,121,52,0.7,0.0,-1.2,4.0,1498.75,138.19000000000003,122.71,50.589999999999996,-0.1,-1.3,0.2,1.2,strict_tight,0.08,strict,1.0,269.72,1,True,31.4,3.0
v4,580,2026-06-02,dinner|lunch,1500.0,140.0,122.5,50.0,1489,135,120,52,-0.7,-3.6,-2.0,4.0,1497.1100000000001,119.655,137.61,52.05,-0.2,-14.5,12.3,4.1,strict_tight,0.08,strict,0.5,332.6,2,True,31.4,4.0
v4,581,2026-06-03,dinner|lunch|snack,1500.0,140.0,122.5,50.0,1376,91,147,47,-8.3,-35.0,20.0,-6.0,1468.585,99.42500000000001,156.805,49.305,-2.1,-29.0,28.0,-1.4,best_effort_lp,BEST_EFFORT_LP,relaxed,1.0,3365.66,25,True,30.7,2.0
v4,582,2026-06-04,dinner|lunch|snack,1500.0,140.0,122.5,50.0,1554,138,136,51,3.6,-1.4,11.0,2.0,1383.2350000000001,114.77,138.15,41.285000000000004,-7.8,-18.0,12.8,-17.4,strict_tight,0.08,strict,mixed_quarter,436.45,3,True,38.2,3.5
v4,588,2026-06-02,lunch,700.0,52.5,70.0,23.3,726,38,75,30,3.7,-27.6,7.1,28.8,728.03,36.940000000000005,83.02999999999999,27.61,4.0,-29.6,18.6,18.5,single_meal_kcal_only,0.08,strict,1.0,100.68,1,True,42.3,3.0
v4,591,2026-06-05,lunch,700.0,52.5,70.0,23.3,647,37,77,21,-7.6,-29.5,10.0,-9.9,639.945,61.86,57.795,17.925,-8.6,17.8,-17.4,-23.1,single_meal_kcal_only,0.08,strict,1.0,121.68,1,True,79.3,2.0
v4,595,2026-06-08,breakfast|dinner|lunch|snack,1100.0,82.5,110.0,36.7,1115,68,115,43,1.4,-17.6,4.5,17.2,1093.74,70.15,112.13,40.53,-0.6,-15.0,1.9,10.4,strict_relaxed_tol,0.15,strict,0.5,1164.75,8,True,30.5,2.0
v4,618,2026-06-08,dinner,1500.0,140.0,122.5,50.0,1444,107,143,49,-3.7,-23.6,16.7,-2.0,679.1,52.2,65.6,23.1,-54.7,-62.7,-46.4,-53.8,single_meal_kcal_only,0.08,strict,1.0,94.44,1,True,94.1,4.0
v4,619,2026-06-09,dinner|lunch|snack,1500.0,140.0,122.5,50.0,1484,130,142,44,-1.1,-7.1,15.9,-12.0,1514.245,122.07,169.615,38.625,0.9,-12.8,38.5,-22.8,relaxed_culinary,0.15,relaxed,mixed_quarter,3556.77,21,True,35.5,3.75
v4,621,2026-06-11,dinner|lunch,1500.0,140.0,122.5,50.0,1272,83,147,39,-15.2,-40.7,20.0,-22.0,1481.8899999999999,104.49000000000001,168.20499999999998,43.47,-1.2,-25.4,37.3,-13.1,best_effort_lp,BEST_EFFORT_LP,relaxed,1.0,2384.81,25,True,53.4,2.0
v4,820,2026-07-15,dinner|lunch,1000.0,70.0,118.0,28.0,977,79,108,25,-2.3,12.9,-8.5,-10.7,1013.9,73.235,120.07,26.755,1.4,4.6,1.8,-4.4,strict_tight,0.08,strict,mixed_quarter,233.83,3,True,31.4,2.0
v4,822,2026-07-17,dinner|lunch,1000.0,70.0,118.0,28.0,904,91,76,26,-9.6,30.0,-35.6,-7.1,903.5600000000002,90.86000000000001,76.1,26.189999999999998,-9.6,29.8,-35.5,-6.5,best_effort_lp,BEST_EFFORT_LP,relaxed,1.0,3065.7,25,True,32.7,2.0
v4,626,2026-06-09,lunch,700.0,52.5,70.0,23.3,736,76,71,16,5.1,44.8,1.4,-31.3,562.48,71.88000000000001,39.56,12.979999999999999,-19.6,36.9,-43.5,-44.3,single_meal_kcal_only,0.08,strict,1.0,63.82,1,True,64.5,2.0
v4,536,2026-05-21,lunch,1500.0,140.0,122.5,50.0,1458,131,119,51,-2.8,-6.4,-2.9,2.0,754.49,80.03999999999999,52.67999999999999,24.85,-49.7,-42.8,-57.0,-50.3,single_meal_kcal_only,0.08,strict,1.0,64.44,1,True,44.6,12.0
v4,628,2026-06-11,lunch,700.0,52.5,70.0,23.3,722,53,72,25,3.1,1.0,2.9,7.3,679.1,52.2,65.6,23.1,-3.0,-0.6,-6.3,-0.9,single_meal_kcal_only,0.08,strict,0.5,143.9,2,True,94.1,2.0
v4,629,2026-06-12,lunch,700.0,52.5,70.0,23.3,647,37,77,21,-7.6,-29.5,10.0,-9.9,639.945,61.86,57.795,17.925,-8.6,17.8,-17.4,-23.1,single_meal_kcal_only,0.08,strict,1.0,58.3,1,True,79.3,2.0
v4,630,2026-06-15,lunch,700.0,52.5,70.0,23.3,678,49,63,26,-3.1,-6.7,-10.0,11.6,709.8,56.425,60.849999999999994,26.75,1.4,7.5,-13.1,14.8,single_meal_kcal_only,0.08,strict,1.0,72.49,1,True,68.9,2.0
v4,637,2026-06-16,lunch|snack,1500.0,140.0,122.5,50.0,1472,130,133,46,-1.9,-7.1,8.6,-8.0,861.26,83.26,72.89,26.3,-42.6,-40.5,-40.5,-47.4,strict_tight,0.08,strict,1.0,108.75,1,True,39.3,3.0
v4,556,2026-05-22,lunch,700.0,52.5,70.0,23.3,692,39,86,21,-1.1,-25.7,22.9,-9.9,676.35,63.525,65.4,17.85,-3.4,21.0,-6.6,-23.4,single_meal_kcal_only,0.08,strict,1.0,66.22,1,True,80.3,2.0
v4,561,2026-05-22,breakfast|lunch,1000.0,75.0,100.0,33.3,1029,68,104,38,2.9,-9.3,4.0,14.1,967.6600000000001,59.58,106.44,33.760000000000005,-3.2,-20.6,6.4,1.4,strict_relaxed_tol,0.1,strict,0.5,384.49,5,True,45.4,3.5
v4,566,2026-05-26,breakfast|dinner|lunch|snack,1200.0,90.0,120.0,40.0,1193,88,120,41,-0.6,-2.2,0.0,2.5,1255.32,90.27000000000001,118.75,46.6,4.6,0.3,-1.0,16.5,strict_tight,0.08,strict,0.5,221.6,2,True,26.1,2.0
v4,567,2026-05-27,breakfast|dinner|lunch|snack,1200.0,90.0,120.0,40.0,1217,94,121,40,1.4,4.4,0.8,0.0,1232.1100000000001,104.69,111.88999999999999,40.65,2.7,16.3,-6.8,1.6,strict_tight,0.08,strict,0.5,239.47,2,True,22.8,1.5
v4,570,2026-05-29,lunch,700.0,52.5,70.0,23.3,707,47,41,40,1.0,-10.5,-41.4,71.7,642.375,42.3,37.15,36.075,-8.2,-19.4,-46.9,54.8,single_meal_kcal_only,0.08,strict,mixed_quarter,176.77,3,True,100.0,2.75
v4,573,2026-06-02,breakfast|lunch|snack,2000.0,150.0,200.0,66.7,2020,152,202,67,1.0,1.3,1.0,0.4,1193.67,87.97,122.66,39.03,-40.3,-41.4,-38.7,-41.5,strict_tight,0.08,strict,1.0,108.36,1,True,37.8,4.0
v4,576,2026-06-03,breakfast|dinner|lunch|snack,1200.0,90.0,120.0,40.0,1257,106,137,32,4.8,17.8,14.2,-20.0,1239.44,116.445,129.11,28.6,3.3,29.4,7.6,-28.5,relaxed_culinary,0.2,relaxed,mixed_quarter,1934.05,24,True,31.2,2.5
v4,583,2026-06-01,dinner|lunch|snack,2442.0,107.0,355.0,66.0,2365,118,338,60,-3.2,10.3,-4.8,-9.1,2465.695,117.58,358.32,62.55499999999999,1.0,9.9,0.9,-5.2,strict_tight,0.08,strict,0.5,164.39,2,True,24.4,4.5
v4,587,2026-06-05,dinner|lunch|snack,2442.0,107.0,355.0,66.0,2429,123,356,57,-0.5,15.0,0.3,-13.6,1909.6350000000002,140.43,240.03999999999996,43.105000000000004,-21.8,31.2,-32.4,-34.7,strict_tight,0.08,strict,0.5,172.26,2,True,37.0,4.0
v4,589,2026-06-03,lunch,700.0,52.5,70.0,23.3,716,54,83,18,2.3,2.9,18.6,-22.7,615.27,55.2,59.22,17.52,-12.1,5.1,-15.4,-24.8,single_meal_kcal_only,0.08,strict,1.0,55.57,1,True,56.2,2.0
v4,592,2026-06-03,breakfast|dinner|lunch|snack,1100.0,82.5,110.0,36.7,1125,84,110,39,2.3,1.8,0.0,6.3,1162.62,79.83,121.72,39.62,5.7,-3.2,10.7,8.0,strict_tight,0.08,strict,0.5,245.13,2,True,33.9,1.5
v4,596,2026-06-09,breakfast|dinner|lunch|snack,1100.0,82.5,110.0,36.7,1100,82,110,37,0.0,-0.6,0.0,0.8,1104.3449999999998,83.61000000000001,107.225,37.895,0.4,1.3,-2.5,3.3,strict_tight,0.08,strict,0.5,150.11,2,True,23.3,2.5
v4,599,2026-06-12,breakfast|dinner|lunch|snack,1100.0,82.5,110.0,36.7,1041,75,112,33,-5.4,-9.1,1.8,-10.1,1139.435,76.12,125.76499999999999,36.885000000000005,3.6,-7.7,14.3,0.5,strict_tight,0.08,strict,0.5,103.91,2,True,24.5,2.0
v4,600,2026-06-15,breakfast|dinner|lunch|snack,1100.0,82.5,110.0,36.7,1112,83,112,37,1.1,0.6,1.8,0.8,1148.3200000000002,86.62,109.86000000000001,40.28,4.4,5.0,-0.1,9.8,strict_tight,0.08,strict,0.5,146.9,2,True,24.1,1.5
v4,602,2026-06-17,breakfast|dinner|lunch|snack,1100.0,82.5,110.0,36.7,1118,80,107,41,1.6,-3.0,-2.7,11.7,1080.8850000000002,77.21000000000001,110.18499999999997,36.825,-1.7,-6.4,0.2,0.3,strict_tight,0.08,strict,0.5,144.6,2,True,21.2,1.0
v4,604,2026-06-19,breakfast|dinner|lunch|snack,1100.0,82.5,110.0,36.7,1121,86,125,31,1.9,4.2,13.6,-15.5,1038.54,96.0,113.1,22.460000000000004,-5.6,16.4,2.8,-38.8,strict_relaxed_tol,0.15,strict,mixed_quarter,594.9,9,True,37.2,1.5
v4,640,2026-06-19,lunch|snack,1500.0,140.0,122.5,50.0,1472,130,133,46,-1.9,-7.1,8.6,-8.0,861.26,83.26,72.89,26.3,-42.6,-40.5,-40.5,-47.4,strict_tight,0.08,strict,1.0,66.06,1,True,39.3,3.0
v4,777,2026-07-02,lunch,700.0,52.5,70.0,23.3,740,52,78,25,5.7,-1.0,11.4,7.3,703.53,51.1,71.65,23.62,0.5,-2.7,2.4,1.4,single_meal_kcal_only,0.08,strict,1.0,47.54,1,True,88.4,2.0
v4,843,2026-08-04,breakfast|dinner|lunch|snack,1700.0,119.0,200.0,47.0,1704,134,185,48,0.2,12.6,-7.5,2.1,1723.07,118.2,212.88000000000002,44.31,1.4,-0.7,6.4,-5.7,strict_tight,0.08,strict,1.0,92.29,1,True,23.3,2.0
v4,779,2026-07-20,dinner|lunch,1410.0,150.0,68.0,60.0,995,82,91,34,-29.4,-45.3,33.8,-43.3,1008.4000000000001,82.36,90.99999999999999,35.0,-28.5,-45.1,33.8,-41.7,best_effort_lp,BEST_EFFORT_LP,relaxed,1.0,1417.99,25,True,34.1,2.0
v4,733,2026-06-24,lunch,700.0,52.5,70.0,23.3,707,47,41,40,1.0,-10.5,-41.4,71.7,1027.8,67.68,59.44,57.72,46.8,28.9,-15.1,147.7,single_meal_kcal_only,0.08,strict,mixed_quarter,171.93,3,True,100.0,2.75
v4,735,2026-06-26,lunch,700.0,52.5,70.0,23.3,692,39,86,21,-1.1,-25.7,22.9,-9.9,676.35,63.525,65.4,17.85,-3.4,21.0,-6.6,-23.4,single_meal_kcal_only,0.08,strict,1.0,50.97,1,True,80.3,2.0
v4,736,2026-06-29,lunch,700.0,52.5,70.0,23.3,665,50,63,24,-5.0,-4.8,-10.0,3.0,651.295,48.945,71.69,19.175,-7.0,-6.8,2.4,-17.7,single_meal_kcal_only,0.08,strict,1.0,49.28,1,True,38.2,6.0
v4,856,2026-08-05,breakfast|dinner|lunch|snack,1900.0,133.0,223.0,53.0,1918,149,223,48,0.9,12.0,0.0,-9.4,1928.4499999999998,140.44,224.67000000000002,52.02,1.5,5.6,0.7,-1.8,strict_tight,0.08,strict,1.0,216.91,1,True,36.1,4.0
v4,858,2026-08-04,breakfast|lunch,1600.0,175.0,68.0,70.0,1606,175,68,71,0.4,0.0,0.0,1.4,1049.75,84.02000000000001,86.12,41.019999999999996,-34.4,-52.0,26.6,-41.4,strict_tight,0.08,strict,0.5,122.34,2,False,37.7,18.0
v4,860,2026-08-06,breakfast|lunch,1600.0,175.0,68.0,70.0,1630,185,82,62,1.9,5.7,20.6,-11.4,1029.79,111.32,67.27,35.06,-35.6,-36.4,-1.1,-49.9,strict_relaxed_tol,0.1,strict,0.5,263.88,5,True,67.1,5.5
v4,862,2026-08-03,dinner|lunch,1140.0,95.0,100.0,40.0,1143,94,101,40,0.3,-1.1,1.0,0.0,1143.46,91.08,97.67000000000002,43.16,0.3,-4.1,-2.3,7.9,strict_tight,0.08,strict,0.5,137.48,2,True,31.2,3.5
v4,804,2026-07-06,lunch,700.0,52.5,70.0,23.3,726,79,57,20,3.7,50.5,-18.6,-14.2,677.41,62.31,63.53999999999999,19.39,-3.2,18.7,-9.2,-16.8,single_meal_kcal_only,0.08,strict,1.0,52.78,1,True,65.4,2.0
v4,864,2026-08-05,dinner|lunch,1140.0,95.0,100.0,40.0,1058,83,119,28,-7.2,-12.6,19.0,-30.0,1143.6100000000001,85.35,130.67,31.07,0.3,-10.2,30.7,-22.3,best_effort_lp,BEST_EFFORT_LP,relaxed,1.0,1456.2,25,True,39.9,2.0
v4,865,2026-08-06,dinner|lunch,1140.0,95.0,100.0,40.0,1182,107,88,44,3.7,12.6,-12.0,10.0,1151.46,99.33,94.865,41.64000000000001,1.0,4.6,-5.1,4.1,strict_relaxed_tol,0.1,strict,mixed_quarter,301.06,6,True,43.8,2.0
v4,806,2026-07-08,lunch,700.0,52.5,70.0,23.3,723,78,67,16,3.3,48.6,-4.3,-31.3,834.5,80.72999999999999,78.63999999999999,21.9,19.2,53.8,12.3,-6.0,single_meal_kcal_only,0.08,strict,1.0,52.31,1,True,73.7,2.0
v4,807,2026-07-09,lunch,700.0,52.5,70.0,23.3,716,86,52,18,2.3,63.8,-25.7,-22.7,420.70000000000005,46.25,30.8,12.5,-39.9,-11.9,-56.0,-46.4,single_meal_kcal_only,0.08,strict,1.0,62.77,1,True,82.5,2.0
v4,866,2026-08-17,dinner|lunch,1140.0,95.0,100.0,40.0,1140,91,100,42,0.0,-4.2,0.0,5.0,1247.4700000000003,80.71000000000001,99.62,58.489999999999995,9.4,-15.0,-0.4,46.2,strict_tight,0.08,strict,0.5,273.2,2,True,36.6,2.0
v4,809,2026-07-09,dinner|lunch,1140.0,95.0,100.0,40.0,950,93,97,21,-16.7,-2.1,-3.0,-47.5,963.4000000000001,93.42,96.86,22.499999999999996,-15.5,-1.7,-3.1,-43.8,best_effort_lp,BEST_EFFORT_LP,relaxed,1.0,1537.26,25,True,35.9,2.0
v4,812,2026-07-20,dinner|lunch,1140.0,95.0,100.0,40.0,1091,95,91,39,-4.3,0.0,-9.0,-2.5,1099.99,86.30000000000001,90.62,43.61,-3.5,-9.2,-9.4,9.0,strict_tight,0.08,strict,1.0,50.49,1,True,28.8,6.0
v4,867,2026-08-18,dinner|lunch,1140.0,95.0,100.0,40.0,1105,119,98,26,-3.1,25.3,-2.0,-35.0,867.1800000000001,82.07999999999998,90.14,19.82,-23.9,-13.6,-9.9,-50.4,best_effort_lp,BEST_EFFORT_LP,relaxed,1.0,1557.65,25,True,43.0,2.0
v4,817,2026-07-28,dinner|lunch,1140.0,95.0,100.0,40.0,1188,89,104,46,4.2,-6.3,4.0,15.0,1232.125,90.32000000000001,107.05,49.19,8.1,-4.9,7.0,23.0,strict_relaxed_tol,0.15,strict,0.5,645.62,8,True,43.2,3.0
v4,818,2026-07-29,dinner|lunch,1140.0,95.0,100.0,40.0,1144,93,116,34,0.4,-2.1,16.0,-15.0,1211.26,104.48,115.66999999999999,36.75,6.3,10.0,15.7,-8.1,strict_relaxed_tol,0.15,strict,0.5,582.92,8,True,36.9,2.5
v4,868,2026-08-19,dinner|lunch,1140.0,95.0,100.0,40.0,1156,104,105,36,1.4,9.5,5.0,-10.0,936.04,73.13,85.89999999999999,33.33,-17.9,-23.0,-14.1,-16.7,strict_tight,0.08,strict,0.5,140.56,2,True,40.4,2.0
v4,871,2026-08-25,dinner|lunch,1140.0,95.0,100.0,40.0,1067,97,92,35,-6.4,2.1,-8.0,-12.5,997.2500000000001,83.53,91.79,32.89,-12.5,-12.1,-8.2,-17.8,strict_relaxed_tol,0.1,strict,0.5,446.13,5,True,29.3,1.5
v4,872,2026-08-26,dinner|lunch,1140.0,95.0,100.0,40.0,1153,98,101,39,1.1,3.2,1.0,-2.5,1156.095,90.62,96.245,45.415,1.4,-4.6,-3.8,13.5,strict_tight,0.08,strict,0.5,189.08,2,True,32.2,3.0
v4,873,2026-08-27,dinner|lunch,1140.0,95.0,100.0,40.0,1064,104,88,33,-6.7,9.5,-12.0,-17.5,906.9300000000001,79.92999999999999,76.44,31.280000000000005,-20.4,-15.9,-23.6,-21.8,strict_relaxed_tol,0.15,strict,mixed_quarter,672.65,9,True,36.3,1.5
v4,876,2026-08-11,breakfast|dinner|lunch|snack,3020.0,189.0,445.0,54.0,2945,167,409,71,-2.5,-11.6,-8.1,31.5,2542.13,150.60999999999999,335.97,66.21,-15.8,-20.3,-24.5,22.6,relaxed_culinary,0.07450331125827814,relaxed,0.5,1801.91,20,True,34.9,8.0
v4,878,2026-08-10,lunch,1650.0,136.0,144.0,59.0,1652,164,147,45,0.1,20.6,2.1,-23.7,550.7,54.550000000000004,49.16,15.1,-66.6,-59.9,-65.9,-74.4,single_meal_kcal_only,0.08,strict,1.0,72.87,1,True,50.4,6.0
v4,880,2026-08-12,lunch,1650.0,136.0,144.0,59.0,1623,163,145,44,-1.6,19.9,0.7,-25.4,431.60999999999996,41.160000000000004,38.75,12.440000000000001,-73.8,-69.7,-73.1,-78.9,single_meal_kcal_only,0.08,strict,1.0,90.33,1,True,47.5,5.0
v4,882,2026-08-14,lunch,1650.0,136.0,144.0,59.0,1555,136,118,60,-5.8,0.0,-18.1,1.7,562.73,52.99,39.43,21.45,-65.9,-61.0,-72.6,-63.6,single_meal_kcal_only,0.08,strict,1.0,64.86,1,True,57.0,5.0
v4,883,2026-08-10,lunch,700.0,52.5,70.0,23.3,692,39,86,21,-1.1,-25.7,22.9,-9.9,689.5999999999999,58.475,69.61,19.700000000000003,-1.5,11.4,-0.6,-15.5,single_meal_kcal_only,0.08,strict,1.0,59.11,1,True,80.3,2.0
v4,885,2026-08-12,lunch,700.0,52.5,70.0,23.3,710,46,99,15,1.4,-12.4,41.4,-35.6,810.95,72.10999999999999,76.94,23.86,15.9,37.4,9.9,2.4,single_meal_kcal_only,0.08,strict,1.0,61.2,1,True,44.2,3.0
v4,886,2026-08-13,lunch,700.0,52.5,70.0,23.3,725,38,79,28,3.6,-27.6,12.9,20.2,643.62,45.735,59.145,24.9,-8.1,-12.9,-15.5,6.9,single_meal_kcal_only,0.08,strict,1.0,68.47,1,True,81.6,2.0
v4,887,2026-08-14,lunch,700.0,52.5,70.0,23.3,678,69,48,24,-3.1,31.4,-31.4,3.0,589.75,40.12,76.22,13.819999999999999,-15.8,-23.6,8.9,-40.7,single_meal_kcal_only,0.08,strict,1.0,75.46,1,True,75.1,2.0
v4,889,2026-08-13,breakfast|dinner|lunch|snack,2200.0,154.0,259.0,61.0,2226,159,254,64,1.2,3.2,-1.9,4.9,2233.79,160.39,273.51,55.36,1.5,4.1,5.6,-9.2,strict_tight,0.08,strict,1.0,107.2,1,True,25.0,3.0
v4,891,2026-08-18,breakfast|dinner|lunch|snack,2000.0,125.0,295.0,36.0,2114,116,238,78,5.7,-7.2,-19.3,116.7,1960.5299999999997,102.13000000000002,237.11,67.11000000000001,-2.0,-18.3,-19.6,86.4,best_effort_lp,BEST_EFFORT_LP,relaxed,1.0,1880.66,25,True,22.1,5.0
v4,620,2026-06-10,dinner|lunch|snack,1500.0,140.0,122.5,50.0,1510,145,137,43,0.7,3.6,11.8,-14.0,1550.18,154.55,131.43,45.15,3.3,10.4,7.3,-9.7,strict_relaxed_tol,0.1,strict,0.5,332.97,5,True,45.0,2.5
v4,821,2026-07-16,dinner|lunch,1000.0,70.0,118.0,28.0,1006,96,104,23,0.6,37.1,-11.9,-17.9,968.1950000000002,83.255,110.12,21.685000000000002,-3.2,18.9,-6.7,-22.6,best_effort_lp,BEST_EFFORT_LP,relaxed,1.0,1716.86,25,True,33.9,2.0
v4,627,2026-06-10,lunch,700.0,52.5,70.0,23.3,716,54,83,18,2.3,2.9,18.6,-22.7,615.27,55.2,59.22,17.52,-12.1,5.1,-15.4,-24.8,single_meal_kcal_only,0.08,strict,1.0,64.77,1,True,56.2,2.0
v4,552,2026-05-18,lunch,700.0,52.5,70.0,23.3,730,54,62,29,4.3,2.9,-11.4,24.5,663.3900000000001,39.22,83.47,19.21,-5.2,-25.3,19.2,-17.6,single_meal_kcal_only,0.08,strict,0.5,140.97,2,True,64.0,2.5
v4,553,2026-05-19,lunch,700.0,52.5,70.0,23.3,692,77,49,21,-1.1,46.7,-30.0,-9.9,694.86,76.46,56.2,18.259999999999998,-0.7,45.6,-19.7,-21.6,single_meal_kcal_only,0.08,strict,1.0,64.37,1,True,74.9,2.0
v4,557,2026-05-19,dinner|lunch|snack,1200.0,90.0,120.0,40.0,1152,83,102,46,-4.0,-7.8,-15.0,15.0,1333.04,114.7,105.64,50.2,11.1,27.4,-12.0,25.5,strict_relaxed_tol,0.2,strict,mixed_quarter,1080.42,12,True,33.5,2.0
v4,562,2026-05-25,dinner|lunch|snack,1500.0,140.0,122.5,50.0,1505,160,127,40,0.3,14.3,3.7,-20.0,1504.5599999999997,160.47,123.0,41.199999999999996,0.3,14.6,0.4,-17.6,strict_relaxed_tol,0.2,strict,1.0,1077.34,10,True,41.0,2.0
v4,568,2026-05-28,breakfast|dinner|lunch|snack,1200.0,90.0,120.0,40.0,1122,72,102,48,-6.5,-20.0,-15.0,20.0,1218.765,90.36,91.18,54.745000000000005,1.6,0.4,-24.0,36.9,relaxed_culinary,0.2,relaxed,1.0,1610.13,22,True,22.9,1.0
v4,571,2026-05-29,breakfast|lunch,600.0,45.0,60.0,20.0,606,43,62,21,1.0,-4.4,3.3,5.0,487.28499999999997,39.36,40.379999999999995,18.705,-18.8,-12.5,-32.7,-6.5,strict_tight,0.08,strict,0.5,498.62,2,False,39.2,1.0
v4,574,2026-06-01,breakfast|dinner|lunch|snack,1200.0,90.0,120.0,40.0,1304,86,181,26,8.7,-4.4,50.8,-35.0,1063.085,69.67500000000001,136.93,26.314999999999998,-11.4,-22.6,14.1,-34.2,best_effort_lp,BEST_EFFORT_LP,relaxed,1.0,3696.09,25,True,22.3,2.0
v4,578,2026-06-01,breakfast|lunch,600.0,45.0,60.0,20.0,600,47,59,20,0.0,4.4,-1.7,0.0,601.53,48.915,57.040000000000006,19.770000000000003,0.3,8.7,-4.9,-1.1,strict_tight,0.08,strict,0.5,196.22,2,False,39.0,2.5
v4,584,2026-06-02,dinner|lunch|snack,2442.0,107.0,355.0,66.0,2415,153,346,46,-1.1,43.0,-2.5,-30.3,2072.88,148.28,275.24,42.13999999999999,-15.1,38.6,-22.5,-36.2,best_effort_lp,BEST_EFFORT_LP,relaxed,1.0,2040.77,25,True,31.9,6.0
v4,585,2026-06-03,dinner|lunch|snack,2442.0,107.0,355.0,66.0,2207,122,353,34,-9.6,14.0,-0.6,-48.5,2372.68,139.18,356.63,43.339999999999996,-2.8,30.1,0.5,-34.3,best_effort_lp,BEST_EFFORT_LP,relaxed,1.0,1649.8,25,True,31.4,5.0
v4,586,2026-06-04,dinner|lunch|snack,2442.0,107.0,355.0,66.0,2442,129,354,57,0.0,20.6,-0.3,-13.6,2430.3,136.755,351.6,53.010000000000005,-0.5,27.8,-1.0,-19.7,strict_tight,0.08,strict,0.5,138.66,2,True,34.8,4.5
v4,590,2026-06-04,lunch,700.0,52.5,70.0,23.3,722,53,72,25,3.1,1.0,2.9,7.3,679.1,52.2,65.6,23.1,-3.0,-0.6,-6.3,-0.9,single_meal_kcal_only,0.08,strict,0.5,144.04,2,True,94.1,2.0
v4,593,2026-06-04,breakfast|dinner|lunch|snack,1100.0,82.5,110.0,36.7,1070,74,118,33,-2.7,-10.3,7.3,-10.1,1109.155,84.68,111.29500000000002,36.145,0.8,2.6,1.2,-1.5,strict_tight,0.08,strict,mixed_quarter,261.07,3,True,29.6,2.0
v4,594,2026-06-05,breakfast|dinner|lunch|snack,1100.0,82.5,110.0,36.7,1090,81,109,37,-0.9,-1.8,-0.9,0.8,1101.125,83.29,107.04,37.765,0.1,1.0,-2.7,2.9,strict_tight,0.08,strict,0.5,175.87,2,True,22.9,3.5
v4,597,2026-06-10,breakfast|dinner|lunch|snack,1100.0,82.5,110.0,36.7,1077,73,110,38,-2.1,-11.5,0.0,3.5,1102.875,82.18,108.56,37.785,0.3,-0.4,-1.3,3.0,strict_tight,0.08,strict,mixed_quarter,194.39,3,True,29.4,2.0
v4,598,2026-06-11,breakfast|dinner|lunch|snack,1100.0,82.5,110.0,36.7,1138,97,120,30,3.5,17.6,9.1,-18.3,1078.435,95.025,111.095,28.225,-2.0,15.2,1.0,-23.1,strict_relaxed_tol,0.15,strict,mixed_quarter,632.05,9,True,38.1,1.5
v4,601,2026-06-16,breakfast|dinner|lunch|snack,1100.0,82.5,110.0,36.7,1125,85,115,36,2.3,3.0,4.5,-1.9,1105.44,82.52499999999999,109.80999999999997,37.365,0.5,0.0,-0.2,1.8,strict_tight,0.08,strict,0.5,184.04,2,True,37.8,2.0
v4,603,2026-06-18,breakfast|dinner|lunch|snack,1100.0,82.5,110.0,36.7,1099,80,111,37,-0.1,-3.0,0.9,0.8,1142.9299999999998,90.99,111.63,36.95,3.9,10.3,1.5,0.7,strict_tight,0.08,strict,0.5,227.14,2,True,26.9,1.0
v4,776,2026-07-01,lunch,700.0,52.5,70.0,23.3,726,79,57,20,3.7,50.5,-18.6,-14.2,695.765,52.02,72.695,21.935000000000002,-0.6,-0.9,3.8,-5.9,single_meal_kcal_only,0.08,strict,1.0,62.66,1,True,65.4,2.0
v4,507,2026-05-13,breakfast|dinner|lunch|snack,1200.0,90.0,120.0,40.0,1194,80,121,43,-0.5,-11.1,0.8,7.5,1228.35,71.34,115.73,53.37,2.4,-20.7,-3.6,33.4,strict_tight,0.08,strict,0.5,143.09,2,True,39.0,2.0
v4,508,2026-05-14,breakfast|dinner|lunch|snack,1200.0,90.0,120.0,40.0,1217,96,119,40,1.4,6.7,-0.8,0.0,1199.81,90.065,120.08,39.92999999999999,-0.0,0.1,0.1,-0.2,strict_tight,0.08,strict,0.5,368.26,2,True,21.9,1.5
v4,509,2026-05-15,breakfast|dinner|lunch|snack,1200.0,90.0,120.0,40.0,1164,79,121,41,-3.0,-12.2,0.8,2.5,1196.19,81.74000000000001,122.54999999999998,42.13,-0.3,-9.2,2.1,5.3,strict_tight,0.08,strict,1.0,75.73,1,True,17.6,2.0
v4,510,2026-05-18,breakfast|dinner|lunch|snack,1200.0,90.0,120.0,40.0,1204,95,118,39,0.3,5.6,-1.7,-2.5,1243.35,104.91000000000001,119.61999999999999,38.37,3.6,16.6,-0.3,-4.1,strict_tight,0.08,strict,0.5,239.57,2,True,25.9,1.5
v4,511,2026-05-19,breakfast|dinner|lunch|snack,1200.0,90.0,120.0,40.0,1212,92,121,40,1.0,2.2,0.8,0.0,1164.03,83.31,117.0,40.32,-3.0,-7.4,-2.5,0.8,strict_tight,0.08,strict,0.5,298.79,2,True,28.9,1.5
v4,512,2026-05-20,breakfast|dinner|lunch|snack,1200.0,90.0,120.0,40.0,1192,85,119,42,-0.7,-5.6,-0.8,5.0,1242.67,93.66,126.21000000000001,40.39000000000001,3.6,4.1,5.2,1.0,strict_tight,0.08,strict,0.5,288.43,2,True,28.9,2.5
v4,513,2026-05-21,breakfast|dinner|lunch|snack,1200.0,90.0,120.0,40.0,1202,91,111,44,0.2,1.1,-7.5,10.0,1158.12,83.765,113.805,40.879999999999995,-3.5,-6.9,-5.2,2.2,strict_tight,0.08,strict,mixed_quarter,203.67,3,True,25.7,1.75
v4,514,2026-05-22,breakfast|dinner|lunch|snack,1200.0,90.0,120.0,40.0,1211,89,128,38,0.9,-1.1,6.7,-5.0,1249.41,100.07,129.49999999999997,36.8,4.1,11.2,7.9,-8.0,strict_tight,0.08,strict,0.5,152.17,2,True,22.9,1.5
v4,515,2026-05-25,breakfast|dinner|lunch|snack,1200.0,90.0,120.0,40.0,1169,86,123,37,-2.6,-4.4,2.5,-7.5,1199.03,89.08,120.26,40.19,-0.1,-1.0,0.2,0.5,strict_tight,0.08,strict,1.0,125.2,1,True,20.0,2.0
v4,516,2026-05-26,breakfast|dinner|lunch|snack,1200.0,90.0,120.0,40.0,1253,101,119,41,4.4,12.2,-0.8,2.5,1211.0100000000002,93.95000000000002,127.9,35.97,0.9,4.4,6.6,-10.1,strict_tight,0.08,strict,0.5,207.13,2,True,37.3,1.5
v4,517,2026-05-27,breakfast|dinner|lunch|snack,1200.0,90.0,120.0,40.0,1240,91,123,43,3.3,1.1,2.5,7.5,1187.36,88.96,118.91,39.550000000000004,-1.1,-1.2,-0.9,-1.1,strict_tight,0.08,strict,1.0,93.49,1,True,20.9,2.0
v4,518,2026-05-28,breakfast|dinner|lunch|snack,1200.0,90.0,120.0,40.0,1211,93,119,40,0.9,3.3,-0.8,0.0,1248.43,102.80000000000001,120.02000000000001,39.71,4.0,14.2,0.0,-0.7,strict_tight,0.08,strict,0.5,190.04,2,True,19.6,1.5
v4,519,2026-05-29,breakfast|dinner|lunch|snack,1200.0,90.0,120.0,40.0,1217,95,118,40,1.4,5.6,-1.7,0.0,1222.025,94.36,122.05,39.615,1.8,4.8,1.7,-1.0,strict_tight,0.08,strict,0.5,174.61,2,True,38.1,1.5
v4,844,2026-08-05,breakfast|dinner|lunch|snack,1700.0,119.0,200.0,47.0,1673,115,188,51,-1.6,-3.4,-6.0,8.5,1680.585,115.55000000000001,198.235,47.269999999999996,-1.1,-2.9,-0.9,0.6,strict_tight,0.08,strict,0.5,331.84,2,True,22.9,3.5
v4,778,2026-07-03,lunch,700.0,52.5,70.0,23.3,725,38,79,28,3.6,-27.6,12.9,20.2,710.4449999999999,56.985,59.145,27.325,1.5,8.5,-15.5,17.3,single_meal_kcal_only,0.08,strict,1.0,73.96,1,True,81.6,2.0
v4,636,2026-06-15,lunch|snack,1500.0,140.0,122.5,50.0,1448,154,118,40,-3.5,10.0,-3.7,-20.0,889.645,96.975,73.57499999999999,23.055,-40.7,-30.7,-39.9,-53.9,strict_relaxed_tol,0.2,strict,1.0,881.2,10,True,59.9,4.0
v4,638,2026-06-17,dinner|lunch|snack,1500.0,140.0,122.5,50.0,1513,141,126,50,0.9,0.7,2.9,0.0,1621.7350000000001,160.195,139.525,46.985,8.1,14.4,13.9,-6.0,strict_tight,0.08,strict,0.5,327.58,2,True,29.3,3.0
v4,639,2026-06-18,lunch|snack,1500.0,140.0,122.5,50.0,1448,154,118,40,-3.5,10.0,-3.7,-20.0,889.645,96.975,73.57499999999999,23.055,-40.7,-30.7,-39.9,-53.9,strict_relaxed_tol,0.2,strict,1.0,2655.02,10,True,59.9,4.0
v4,855,2026-08-04,breakfast|dinner|lunch|snack,1900.0,133.0,223.0,53.0,1828,134,202,54,-3.8,0.8,-9.4,1.9,1918.56,135.515,222.825,53.91,1.0,1.9,-0.1,1.7,strict_tight,0.08,strict,0.5,317.81,2,True,29.4,3.5
v4,857,2026-08-03,breakfast|lunch|snack,1600.0,175.0,68.0,70.0,1631,160,76,77,1.9,-8.6,11.8,10.0,1037.6599999999999,102.16,55.245,45.34,-35.1,-41.6,-18.8,-35.2,strict_tight,0.08,strict,0.5,175.02,2,True,41.4,3.5
v4,859,2026-08-05,breakfast|lunch|snack,1600.0,175.0,68.0,70.0,1496,128,103,63,-6.5,-26.9,51.5,-10.0,966.3,74.35000000000001,78.39999999999999,39.47,-39.6,-57.5,15.3,-43.6,best_effort_lp,BEST_EFFORT_LP,relaxed,1.0,1553.53,25,True,41.5,5.0
v4,861,2026-08-07,breakfast|lunch|snack,1600.0,175.0,68.0,70.0,1661,153,84,79,3.8,-12.6,23.5,12.9,946.3299999999999,79.92,59.13,43.370000000000005,-40.9,-54.3,-13.0,-38.0,strict_relaxed_tol,0.140625,strict,mixed_quarter,685.09,9,True,51.7,3.75
v4,863,2026-08-04,dinner|lunch,1140.0,95.0,100.0,40.0,1148,111,83,41,0.7,16.8,-17.0,2.5,1150.74,104.82,95.15,38.995,0.9,10.3,-4.8,-2.5,strict_relaxed_tol,0.2,strict,mixed_quarter,906.86,12,True,34.9,2.5
v4,869,2026-08-20,dinner|lunch,1140.0,95.0,100.0,40.0,1158,88,106,43,1.6,-7.4,6.0,7.5,1225.105,101.78999999999999,84.955,53.125,7.5,7.1,-15.0,32.8,strict_tight,0.08,strict,0.5,140.15,2,True,30.8,2.0
v4,870,2026-08-24,dinner|lunch,1140.0,95.0,100.0,40.0,1064,104,88,33,-6.7,9.5,-12.0,-17.5,906.9300000000001,79.92999999999999,76.44,31.279999999999998,-20.4,-15.9,-23.6,-21.8,strict_relaxed_tol,0.15,strict,mixed_quarter,800.43,9,True,36.3,1.5
v4,874,2026-08-31,dinner|lunch,1140.0,95.0,100.0,40.0,1133,80,99,46,-0.6,-15.8,-1.0,15.0,1212.21,81.35,89.935,58.59,6.3,-14.4,-10.1,46.5,strict_relaxed_tol,0.15,strict,0.5,585.62,8,True,51.6,2.5
v4,840,2026-08-04,breakfast|dinner|lunch|snack,1450.0,102.0,170.0,40.0,1437,102,170,39,-0.9,0.0,0.0,-2.5,1443.1299999999999,101.37,169.14999999999998,40.12,-0.5,-0.6,-0.5,0.3,strict_tight,0.08,strict,1.0,124.42,1,True,16.5,3.0
v4,732,2026-06-23,lunch,700.0,52.5,70.0,23.3,736,79,68,17,5.1,50.5,-2.9,-27.0,691.05,62.72,74.025,16.45,-1.3,19.5,5.8,-29.4,single_meal_kcal_only,0.08,strict,1.0,79.04,1,True,64.5,2.0
v4,841,2026-08-05,breakfast|dinner|lunch|snack,1450.0,102.0,170.0,40.0,1427,94,172,40,-1.6,-7.8,1.2,0.0,1461.2849999999999,105.505,171.165,39.4,0.8,3.4,0.7,-1.5,strict_tight,0.08,strict,0.5,187.05,2,True,26.9,2.5
v4,734,2026-06-25,lunch,700.0,52.5,70.0,23.3,678,49,63,26,-3.1,-6.7,-10.0,11.6,704.6,55.125,62.45,26.25,0.7,5.0,-10.8,12.7,single_meal_kcal_only,0.08,strict,1.0,66.85,1,True,68.9,2.0
v4,842,2026-08-06,breakfast|dinner|lunch|snack,1450.0,102.0,170.0,40.0,1384,101,158,39,-4.6,-1.0,-7.1,-2.5,1447.7400000000002,102.72,171.16,39.14999999999999,-0.2,0.7,0.7,-2.1,strict_tight,0.08,strict,1.0,146.34,1,True,22.4,5.0
v4,875,2026-08-07,lunch,1240.0,124.0,74.0,50.0,1200,132,61,48,-3.2,6.5,-17.6,-4.0,506.345,50.879999999999995,30.380000000000003,20.15,-59.2,-59.0,-58.9,-59.7,single_meal_kcal_only,0.08,strict,1.0,83.09,1,True,66.3,4.0
v4,805,2026-07-07,lunch,700.0,52.5,70.0,23.3,725,38,79,28,3.6,-27.6,12.9,20.2,724.51,38.480000000000004,78.86,28.35,3.5,-26.7,12.7,21.7,single_meal_kcal_only,0.08,strict,1.0,82.7,1,True,81.6,2.0
v4,808,2026-07-08,dinner|lunch,1140.0,95.0,100.0,40.0,1126,91,102,39,-1.2,-4.2,2.0,-2.5,1157.1000000000001,96.35,104.05000000000001,39.519999999999996,1.5,1.4,4.1,-1.2,strict_tight,0.08,strict,0.5,297.29,2,True,39.4,1.5
v4,877,2026-08-12,breakfast|dinner|lunch|snack,3020.0,189.0,445.0,54.0,2756,201,307,81,-8.7,6.3,-31.0,50.0,3126.99,210.07999999999998,386.2,82.42999999999999,3.5,11.2,-13.2,52.6,best_effort_lp,BEST_EFFORT_LP,relaxed,1.0,4185.89,25,True,27.7,7.0
v4,810,2026-07-15,dinner|lunch,1140.0,95.0,100.0,40.0,1126,91,102,39,-1.2,-4.2,2.0,-2.5,1130.6000000000001,95.46999999999998,104.04999999999998,36.96,-0.8,0.5,4.0,-7.6,strict_tight,0.08,strict,0.5,348.94,2,True,39.4,1.5
v4,811,2026-07-16,dinner|lunch,1140.0,95.0,100.0,40.0,1138,112,99,33,-0.2,17.9,-1.0,-17.5,1144.64,110.005,100.43,33.695,0.4,15.8,0.4,-15.8,strict_relaxed_tol,0.2,strict,mixed_quarter,1526.84,12,True,39.9,1.75
v4,879,2026-08-11,lunch,1650.0,136.0,144.0,59.0,1351,81,184,32,-18.1,-40.4,27.8,-45.8,507.46,28.48,69.49,12.850000000000001,-69.2,-79.1,-51.7,-78.2,single_meal_kcal_only,0.18181818181818182,strict,1.0,924.13,10,True,93.7,3.0
v4,813,2026-07-21,dinner|lunch,1140.0,95.0,100.0,40.0,1135,96,99,39,-0.4,1.1,-1.0,-2.5,1269.1599999999999,106.075,94.35000000000001,51.940000000000005,11.3,11.7,-5.6,29.9,strict_tight,0.08,strict,0.5,221.18,2,True,41.2,2.0
v4,814,2026-07-22,dinner|lunch,1140.0,95.0,100.0,40.0,1299,107,93,56,13.9,12.6,-7.0,40.0,1142.8,77.915,101.53999999999999,47.230000000000004,0.2,-18.0,1.5,18.1,best_effort_lp,BEST_EFFORT_LP,relaxed,1.0,1887.29,25,True,39.6,2.0
v4,881,2026-08-13,lunch,1650.0,136.0,144.0,59.0,1520,141,139,45,-7.9,3.7,-3.5,-23.7,551.825,52.779999999999994,40.33,19.93,-66.6,-61.2,-72.0,-66.2,single_meal_kcal_only,0.08,strict,1.0,154.09,1,True,67.0,5.0
v4,815,2026-07-23,dinner|lunch,1140.0,95.0,100.0,40.0,1175,107,108,35,3.1,12.6,8.0,-12.5,1026.3600000000001,105.46000000000001,83.44,30.090000000000003,-10.0,11.0,-16.6,-24.8,strict_relaxed_tol,0.1,strict,mixed_quarter,699.38,6,True,50.6,1.75
v4,884,2026-08-11,lunch,700.0,52.5,70.0,23.3,684,44,72,24,-2.3,-16.2,2.9,3.0,683.905,44.32,71.82,24.375,-2.3,-15.6,2.6,4.6,single_meal_kcal_only,0.08,strict,0.5,206.94,2,True,58.4,2.5
v4,816,2026-07-27,dinner|lunch,1140.0,95.0,100.0,40.0,1155,90,111,39,1.3,-5.3,11.0,-2.5,1157.025,74.38,121.655,41.43,1.5,-21.7,21.7,3.6,strict_tight,0.08,strict,0.5,192.98,2,True,43.5,6.5
v4,888,2026-08-12,breakfast|dinner|lunch|snack,2200.0,154.0,259.0,61.0,2143,135,233,74,-2.6,-12.3,-10.0,21.3,2118.0699999999997,134.35,236.94000000000003,70.325,-3.7,-12.8,-8.5,15.3,strict_relaxed_tol,0.10227272727272727,strict,0.5,1569.83,8,True,22.2,4.5
v4,819,2026-07-30,dinner|lunch,1140.0,95.0,100.0,40.0,1131,93,102,39,-0.8,-2.1,2.0,-2.5,1152.3149999999998,93.245,92.87500000000001,45.34,1.1,-1.8,-7.1,13.4,strict_tight,0.08,strict,1.0,72.77,1,True,41.3,2.0
v4,890,2026-08-17,breakfast|dinner|lunch|snack,2000.0,125.0,295.0,36.0,1627,122,153,59,-18.6,-2.4,-48.1,63.9,1877.2700000000002,121.52000000000001,198.62,66.30000000000001,-6.1,-2.8,-32.7,84.2,best_effort_lp,BEST_EFFORT_LP,relaxed,1.0,2906.92,25,True,20.9,2.0
v5,138,2025-11-26,breakfast|dinner|lunch,1200.0,90.0,135.0,33.3,1216,103,139,27,1.3,14.4,3.0,-18.9,991.9000000000001,87.25999999999999,115.77000000000001,20.21,-17.3,-3.0,-14.2,-39.3,strict_relaxed_tol,0.1,strict,0.5,886.86,5,False,26.7,2.0
v5,139,2025-11-27,breakfast|dinner|lunch,1200.0,90.0,135.0,33.3,1171,84,123,38,-2.4,-6.7,-8.9,14.1,1154.35,90.89000000000001,106.99999999999999,37.120000000000005,-3.8,1.0,-20.7,11.5,strict_tight,0.08,strict,mixed_quarter,311.6,3,False,26.8,3.0
v5,140,2025-11-28,breakfast|dinner|lunch,1200.0,90.0,135.0,33.3,1182,101,124,31,-1.5,12.2,-8.1,-6.9,1016.6499999999999,76.56,117.8,24.32,-15.3,-14.9,-12.7,-27.0,strict_tight,0.08,strict,0.5,248.46,2,True,18.4,1.5
v5,141,2025-12-01,breakfast|dinner|lunch,1200.0,90.0,135.0,33.3,1185,92,135,31,-1.2,2.2,0.0,-6.9,1056.25,83.24000000000001,128.56,21.560000000000002,-12.0,-7.5,-4.8,-35.3,strict_tight,0.08,strict,1.0,98.59,1,True,22.5,4.0
v5,171,2025-12-08,breakfast|dinner|lunch,1300.0,97.5,130.0,43.3,1361,107,138,42,4.7,9.7,6.2,-3.0,1063.2,77.02,125.82999999999998,24.32,-18.2,-21.0,-3.2,-43.8,strict_tight,0.08,strict,1.0,122.57,1,False,30.7,2.0
v5,172,2025-12-09,breakfast|dinner|lunch|snack,1300.0,97.5,130.0,43.3,1287,98,131,41,-1.0,0.5,0.8,-5.3,1301.3000000000002,100.39,136.52,37.01,0.1,3.0,5.0,-14.5,strict_tight,0.08,strict,1.0,496.69,1,True,22.9,7.0
v5,173,2025-12-10,breakfast|dinner|lunch,1300.0,97.5,130.0,43.3,1345,97,138,45,3.5,-0.5,6.2,3.9,1083.8,86.01,111.98000000000002,32.06,-16.6,-11.8,-13.9,-26.0,strict_tight,0.08,strict,1.0,148.48,1,True,20.9,3.0
v5,174,2025-12-11,breakfast|dinner|lunch,1300.0,97.5,130.0,43.3,1288,117,128,34,-0.9,20.0,-1.5,-21.5,1193.4,93.74999999999999,147.63,20.35,-8.2,-3.8,13.6,-53.0,strict_relaxed_tol,0.2,strict,0.5,933.56,11,False,60.2,2.5
v5,233,2026-02-19,lunch,600.0,37.5,82.5,13.3,553,42,50,21,-7.8,12.0,-39.4,57.9,614.03,35.99,81.53999999999999,15.989999999999998,2.3,-4.0,-1.2,20.2,single_meal_kcal_only,0.08,strict,1.0,69.93,1,True,50.3,2.0
v5,327,2026-04-06,breakfast|dinner|lunch|snack,1200.0,90.0,120.0,40.0,1203,90,120,40,0.2,0.0,0.0,0.0,1215.58,91.19999999999999,119.50999999999999,41.42,1.3,1.3,-0.4,3.6,strict_tight,0.08,strict,0.5,208.88,2,True,19.8,2.0
v5,234,2026-02-09,lunch,700.0,52.5,70.0,23.3,687,53,78,18,-1.9,1.0,11.4,-22.7,681.4200000000001,62.08,66.55999999999999,18.54,-2.7,18.2,-4.9,-20.4,single_meal_kcal_only,0.08,strict,1.0,98.98,1,True,59.5,2.0
v5,210,2026-01-16,dinner|lunch,1000.0,75.0,100.0,33.3,928,81,89,28,-7.2,8.0,-11.0,-15.9,804.09,60.2,78.31,27.79,-19.6,-19.7,-21.7,-16.5,strict_relaxed_tol,0.15,strict,1.0,656.79,7,True,28.7,1.0
v5,179,2025-12-08,breakfast|dinner|lunch,2400.0,180.0,240.0,80.0,2282,197,218,69,-4.9,9.4,-9.2,-13.8,1924.75,140.48999999999998,218.10000000000002,51.779999999999994,-19.8,-22.0,-9.1,-35.3,strict_relaxed_tol,0.1,strict,0.5,1016.77,5,False,32.0,3.5
v5,180,2025-12-09,breakfast|dinner|lunch,2400.0,180.0,240.0,80.0,2382,179,236,80,-0.8,-0.6,-1.7,0.0,2236.9,167.0,223.2,69.46,-6.8,-7.2,-7.0,-13.2,strict_tight,0.08,strict,1.0,220.75,1,True,24.8,4.0
v5,152,2025-12-08,breakfast|dinner|lunch,1800.0,135.0,180.0,60.0,1788,136,177,60,-0.7,0.7,-1.7,0.0,1570.2,115.85000000000002,169.71999999999997,46.129999999999995,-12.8,-14.2,-5.7,-23.1,strict_tight,0.08,strict,1.0,333.47,1,True,33.1,2.0
v5,153,2025-12-09,breakfast|dinner|lunch|snack,1800.0,135.0,180.0,60.0,1810,152,178,54,0.6,12.6,-1.1,-10.0,1696.0,134.47,178.96,42.739999999999995,-5.8,-0.4,-0.6,-28.8,strict_tight,0.08,strict,0.5,674.09,2,True,36.2,7.0
v5,154,2025-12-10,breakfast|dinner|lunch,1800.0,135.0,180.0,60.0,1778,134,179,58,-1.2,-0.7,-0.6,-3.3,1669.2,134.07,161.76,51.1,-7.3,-0.7,-10.1,-14.8,strict_tight,0.08,strict,1.0,425.58,1,False,26.7,9.0
v5,155,2025-12-11,breakfast|dinner|lunch|snack,1800.0,135.0,180.0,60.0,1780,134,177,60,-1.1,-0.7,-1.7,0.0,1776.1,137.04000000000002,181.91,51.86,-1.3,1.5,1.1,-13.6,strict_tight,0.08,strict,1.0,449.52,1,True,31.6,10.0
v5,181,2025-12-10,breakfast|dinner|lunch|snack,2400.0,180.0,240.0,80.0,2405,190,239,77,0.2,5.6,-0.4,-3.8,2349.85,179.97,239.85,67.25999999999999,-2.1,-0.0,-0.1,-15.9,strict_tight,0.08,strict,1.0,271.1,1,True,32.0,3.0
v5,182,2025-12-11,breakfast|dinner|lunch,2400.0,180.0,240.0,80.0,2419,183,239,81,0.8,1.7,-0.4,1.2,1995.4,176.01,184.82,57.519999999999996,-16.9,-2.2,-23.0,-28.1,strict_tight,0.08,strict,1.0,243.03,1,True,36.6,3.0
v5,211,2026-01-19,dinner|lunch|snack,1000.0,75.0,100.0,33.3,962,72,100,30,-3.8,-4.0,0.0,-9.9,928.8700000000001,64.06,105.67999999999999,27.79,-7.1,-14.6,5.7,-16.5,strict_tight,0.08,strict,1.0,155.33,1,True,26.7,2.0
v5,212,2026-01-20,dinner|lunch,1000.0,75.0,100.0,33.3,967,74,93,33,-3.3,-1.3,-7.0,-0.9,769.14,56.41,73.84,27.58,-23.1,-24.8,-26.2,-17.2,strict_tight,0.08,strict,0.5,244.04,2,True,36.3,1.5
v5,213,2026-01-21,dinner|lunch,1000.0,75.0,100.0,33.3,979,75,86,37,-2.1,0.0,-14.0,11.1,628.53,50.47,56.959999999999994,22.090000000000003,-37.1,-32.7,-43.0,-33.7,relaxed_culinary,0.2,relaxed,mixed_quarter,2870.0,24,True,39.4,1.75
v5,214,2026-01-19,breakfast|dinner|lunch|snack,1980.0,120.0,240.0,60.0,1934,138,229,52,-2.3,15.0,-4.6,-13.3,1977.18,121.2,238.61,59.78,-0.1,1.0,-0.6,-0.4,strict_tight,0.08,strict,1.0,106.18,1,True,32.1,2.0
v5,215,2026-01-20,breakfast|dinner|lunch|snack,1980.0,120.0,240.0,60.0,1978,121,194,80,-0.1,0.8,-19.2,33.3,2111.81,129.13,223.31,78.00999999999999,6.7,7.6,-7.0,30.0,best_effort_lp,BEST_EFFORT_LP,relaxed,1.0,2634.34,25,True,26.4,3.0
v5,216,2026-01-21,breakfast|dinner|lunch|snack,1980.0,120.0,240.0,60.0,1776,117,250,34,-10.3,-2.5,4.2,-43.3,1848.2099999999998,131.80999999999997,242.5,39.01,-6.7,9.8,1.0,-35.0,best_effort_lp,BEST_EFFORT_LP,relaxed,1.0,2498.48,25,True,35.4,3.0
v5,235,2026-02-10,lunch,700.0,52.5,70.0,23.3,656,56,66,19,-6.3,6.7,-5.7,-18.5,648.37,51.07,70.05000000000001,18.21,-7.4,-2.7,0.1,-21.8,single_meal_kcal_only,0.08,strict,0.5,238.85,2,True,71.0,1.5
v5,236,2026-02-11,lunch,700.0,52.5,70.0,23.3,716,54,83,18,2.3,2.9,18.6,-22.7,694.56,53.6,78.76,18.36,-0.8,2.1,12.5,-21.2,single_meal_kcal_only,0.08,strict,1.0,100.88,1,True,56.2,2.0
v5,533,2026-05-18,dinner|lunch|snack,1500.0,140.0,122.5,50.0,1485,159,123,40,-1.0,13.6,0.4,-20.0,1456.49,157.11,118.96000000000001,39.15,-2.9,12.2,-2.9,-21.7,strict_relaxed_tol,0.2,strict,1.0,1034.78,10,True,41.6,2.0
v5,237,2026-02-12,lunch,700.0,52.5,70.0,23.3,646,53,81,12,-7.7,1.0,15.7,-48.5,718.0600000000001,79.05,64.15,16.16,2.6,50.6,-8.4,-30.6,single_meal_kcal_only,0.08,strict,mixed_quarter,212.44,3,True,45.9,3.0
v5,238,2026-02-13,lunch,700.0,52.5,70.0,23.3,678,49,63,26,-3.1,-6.7,-10.0,11.6,718.3199999999999,52.82000000000001,59.72,29.8,2.6,0.6,-14.7,27.9,single_meal_kcal_only,0.08,strict,1.0,66.92,1,True,68.9,2.0
v5,192,2025-12-22,breakfast|dinner|snack,1500.0,112.5,168.8,41.7,1404,121,169,27,-6.4,7.6,0.1,-35.3,832.75,67.74,110.09,12.180000000000001,-44.5,-39.8,-34.8,-70.8,best_effort_lp,BEST_EFFORT_LP,relaxed,1.0,2380.49,25,True,37.9,2.0
v5,193,2025-12-23,breakfast|dinner|lunch|snack,2250.0,200.0,250.0,50.0,2281,201,248,54,1.4,0.5,-0.8,8.0,1504.65,111.85,169.10999999999999,34.42,-33.1,-44.1,-32.4,-31.2,strict_tight,0.08,strict,1.0,164.31,1,True,18.3,6.0
v5,194,2025-12-24,breakfast|dinner|lunch,2250.0,200.0,250.0,50.0,2318,182,264,59,3.0,-9.0,5.6,18.0,1295.75,89.81,148.4,33.46,-42.4,-55.1,-40.6,-33.1,strict_tight,0.08,strict,1.0,101.76,1,False,40.2,5.0
v5,195,2025-12-25,breakfast|dinner|lunch,2250.0,200.0,250.0,50.0,2192,205,251,41,-2.6,2.5,0.4,-18.0,1187.15,105.58999999999997,138.6,21.82,-47.2,-47.2,-44.6,-56.4,strict_tight,0.08,strict,1.0,151.09,1,False,48.6,4.0
v5,196,2025-12-26,breakfast|dinner|lunch|snack,2250.0,200.0,250.0,50.0,2322,205,247,57,3.2,2.5,-1.2,14.0,1534.9,110.28,169.26000000000002,42.1,-31.8,-44.9,-32.3,-15.8,strict_tight,0.08,strict,1.0,97.47,1,True,28.0,8.0
v5,197,2025-12-26,breakfast|dinner|lunch,2250.0,200.0,250.0,50.0,2169,180,225,61,-3.6,-10.0,-10.0,22.0,2180.15,170.05,240.55999999999997,53.07,-3.1,-15.0,-3.8,6.1,strict_relaxed_tol,0.1,strict,0.5,803.38,5,False,42.9,3.0
v5,198,2025-12-29,breakfast|dinner|lunch,2250.0,200.0,250.0,50.0,2312,216,270,41,2.8,8.0,8.0,-18.0,2178.75,183.18,262.96000000000004,30.429999999999996,-3.2,-8.4,5.2,-39.1,strict_tight,0.08,strict,1.0,66.41,1,True,46.1,4.0
v5,199,2025-12-30,breakfast|dinner|lunch|snack,2250.0,200.0,250.0,50.0,2199,180,236,59,-2.3,-10.0,-5.6,18.0,2362.65,200.05999999999997,250.92999999999995,56.7,5.0,0.0,0.4,13.4,strict_tight,0.08,strict,1.0,69.24,1,True,19.7,9.0
v5,200,2025-12-31,breakfast|dinner|lunch,2250.0,200.0,250.0,50.0,2254,199,250,51,0.2,-0.5,0.0,2.0,2263.8,197.39,239.44,48.92,0.6,-1.3,-4.2,-2.2,strict_tight,0.08,strict,1.0,91.86,1,True,26.2,15.0
v5,239,2026-02-16,lunch,600.0,37.5,67.5,20.0,642,42,37,36,7.0,12.0,-45.2,80.0,540.9,37.64,40.32,25.46,-9.9,0.4,-40.3,27.3,single_meal_kcal_only,0.08,strict,0.5,120.11,2,True,100.0,2.5
v5,240,2026-02-17,lunch,600.0,37.5,67.5,20.0,553,42,50,21,-7.8,12.0,-25.9,5.0,594.11,35.78,67.68,20.03,-1.0,-4.6,0.3,0.2,single_meal_kcal_only,0.08,strict,1.0,57.48,1,True,50.3,2.0
v5,241,2026-02-18,lunch,600.0,37.5,67.5,20.0,556,38,83,8,-7.3,1.3,23.0,-60.0,621.04,55.269999999999996,65.25999999999999,15.440000000000001,3.5,47.4,-3.3,-22.8,single_meal_kcal_only,0.08,strict,mixed_quarter,187.24,3,True,56.4,3.0
v5,242,2026-02-19,lunch,600.0,37.5,67.5,20.0,604,42,60,22,0.7,12.0,-11.1,10.0,552.97,32.16,58.46,21.17,-7.8,-14.2,-13.4,5.9,single_meal_kcal_only,0.08,strict,1.0,58.52,1,True,52.9,2.0
v5,243,2026-02-20,lunch,600.0,37.5,67.5,20.0,638,36,56,30,6.3,-4.0,-17.0,50.0,571.0,32.38,60.980000000000004,21.98,-4.8,-13.7,-9.7,9.9,single_meal_kcal_only,0.08,strict,1.0,66.59,1,True,48.2,2.0
v5,230,2026-02-16,lunch,600.0,37.5,82.5,13.3,642,42,37,36,7.0,12.0,-55.2,170.7,540.9,37.64,40.32,25.46,-9.9,0.4,-51.1,91.4,single_meal_kcal_only,0.08,strict,0.5,143.81,2,True,100.0,2.5
v5,231,2026-02-17,lunch,600.0,37.5,82.5,13.3,604,42,60,22,0.7,12.0,-27.3,65.4,552.97,32.16,58.46,21.17,-7.8,-14.2,-29.1,59.2,single_meal_kcal_only,0.08,strict,1.0,59.78,1,True,52.9,2.0
v5,232,2026-02-18,lunch,600.0,37.5,82.5,13.3,573,39,75,13,-4.5,4.0,-9.1,-2.3,604.26,49.18,67.72,15.2,0.7,31.1,-17.9,14.3,single_meal_kcal_only,0.08,strict,0.5,184.61,2,True,46.7,2.5
v5,244,2026-02-16,lunch,700.0,52.5,70.0,23.3,750,49,85,24,7.1,-6.7,21.4,3.0,671.2900000000001,52.94000000000001,61.81,23.590000000000003,-4.1,0.8,-11.7,1.2,single_meal_kcal_only,0.08,strict,1.0,61.26,1,True,41.9,3.0
v5,245,2026-02-17,lunch,700.0,52.5,70.0,23.3,700,47,76,23,0.0,-10.5,8.6,-1.3,724.48,55.440000000000005,68.44,25.439999999999998,3.5,5.6,-2.2,9.2,single_meal_kcal_only,0.08,strict,1.0,59.15,1,True,39.7,3.0
v5,246,2026-02-18,lunch,700.0,52.5,70.0,23.3,710,57,59,27,1.4,8.6,-15.7,15.9,844.66,64.78,89.46,25.3,20.7,23.4,27.8,8.6,single_meal_kcal_only,0.08,strict,0.5,144.92,2,True,62.4,2.0
v5,247,2026-02-19,lunch,700.0,52.5,70.0,23.3,666,48,94,11,-4.9,-8.6,34.3,-52.8,677.0699999999999,57.34,81.63,13.47,-3.3,9.2,16.6,-42.2,single_meal_kcal_only,0.08,strict,1.0,57.25,1,True,47.2,3.0
v5,248,2026-02-20,lunch,700.0,52.5,70.0,23.3,707,47,41,40,1.0,-10.5,-41.4,71.7,811.35,56.46,60.48,38.19,15.9,7.5,-13.6,63.9,single_meal_kcal_only,0.08,strict,mixed_quarter,191.66,3,True,100.0,2.75
v5,250,2026-02-23,lunch,700.0,52.5,70.0,23.3,710,57,59,27,1.4,8.6,-15.7,15.9,844.66,64.78,89.46,25.3,20.7,23.4,27.8,8.6,single_meal_kcal_only,0.08,strict,0.5,117.85,2,True,62.4,2.0
v5,251,2026-02-24,lunch,700.0,52.5,70.0,23.3,750,49,85,24,7.1,-6.7,21.4,3.0,671.29,52.94000000000001,61.809999999999995,23.590000000000003,-4.1,0.8,-11.7,1.2,single_meal_kcal_only,0.08,strict,1.0,132.65,1,True,41.9,3.0
v5,252,2026-02-25,lunch,700.0,52.5,70.0,23.3,700,47,76,23,0.0,-10.5,8.6,-1.3,724.48,55.440000000000005,68.44,25.439999999999998,3.5,5.6,-2.2,9.2,single_meal_kcal_only,0.08,strict,1.0,58.77,1,True,39.7,3.0
v5,253,2026-02-26,lunch,700.0,52.5,70.0,23.3,707,47,41,40,1.0,-10.5,-41.4,71.7,811.35,56.46,60.48,38.19,15.9,7.5,-13.6,63.9,single_meal_kcal_only,0.08,strict,mixed_quarter,214.73,3,True,100.0,2.75
v5,254,2026-02-27,lunch,700.0,52.5,70.0,23.3,666,48,94,11,-4.9,-8.6,34.3,-52.8,677.0699999999999,57.34,81.63,13.47,-3.3,9.2,16.6,-42.2,single_meal_kcal_only,0.08,strict,1.0,190.25,1,True,47.2,3.0
v5,255,2026-02-23,dinner|lunch|snack,1500.0,112.5,150.0,50.0,1489,126,135,49,-0.7,12.0,-10.0,-2.0,1504.3300000000002,113.36999999999999,150.78,49.75,0.3,0.8,0.5,-0.5,strict_tight,0.08,strict,1.0,90.49,1,True,28.0,2.0
v5,256,2026-02-24,dinner|lunch|snack,1500.0,112.5,150.0,50.0,1457,98,135,59,-2.9,-12.9,-10.0,18.0,1596.4,101.47999999999999,141.93000000000004,69.2,6.4,-9.8,-5.4,38.4,strict_relaxed_tol,0.15,strict,0.5,584.48,8,True,24.5,2.0
v5,257,2026-02-25,dinner|lunch|snack,1500.0,112.5,150.0,50.0,1522,112,158,49,1.5,-0.4,5.3,-2.0,1253.6399999999999,69.34,141.1,45.78,-16.4,-38.4,-5.9,-8.4,strict_tight,0.08,strict,0.5,153.05,2,True,41.6,2.5
v5,258,2026-02-26,dinner|lunch|snack,1500.0,112.5,150.0,50.0,1520,120,133,56,1.3,6.7,-11.3,12.0,1547.9399999999998,113.32,147.68999999999997,56.0,3.2,0.7,-1.5,12.0,strict_relaxed_tol,0.1,strict,0.5,447.52,5,True,33.8,2.0
v5,273,2026-03-02,lunch,700.0,52.5,70.0,23.3,714,49,77,23,2.0,-6.7,10.0,-1.3,639.945,61.86,57.795,17.925,-8.6,17.8,-17.4,-23.1,single_meal_kcal_only,0.08,strict,0.5,132.19,2,True,71.9,2.0
v5,274,2026-03-03,lunch,700.0,52.5,70.0,23.3,646,53,81,12,-7.7,1.0,15.7,-48.5,738.74,78.0,75.6,13.84,5.5,48.6,8.0,-40.6,single_meal_kcal_only,0.08,strict,mixed_quarter,184.8,3,True,45.9,3.0
v5,275,2026-03-04,lunch,700.0,52.5,70.0,23.3,655,57,57,22,-6.4,8.6,-18.6,-5.6,799.56,65.02,89.26,20.28,14.2,23.8,27.5,-13.0,single_meal_kcal_only,0.08,strict,mixed_quarter,186.44,3,True,87.0,2.25
v5,269,2026-03-02,breakfast|dinner|lunch|snack,2600.0,195.0,260.0,86.7,2514,191,237,89,-3.3,-2.1,-8.8,2.7,2591.5,194.67000000000002,259.9,85.91999999999999,-0.3,-0.2,-0.0,-0.9,strict_tight,0.08,strict,0.5,167.05,2,True,41.9,7.5
v5,270,2026-03-03,breakfast|dinner|lunch|snack,2600.0,195.0,260.0,86.7,2560,203,263,77,-1.5,4.1,1.2,-11.2,2498.08,202.76999999999998,260.12,71.88,-3.9,4.0,0.0,-17.1,strict_tight,0.08,strict,0.5,184.97,2,True,30.3,5.0
v5,271,2026-03-02,breakfast|dinner|lunch|snack,3225.0,201.6,362.8,107.5,3216,236,329,107,-0.3,17.1,-9.3,-0.5,3227.2999999999997,201.51,362.83000000000004,107.82,0.1,-0.0,0.0,0.3,strict_relaxed_tol,0.1,strict,mixed_quarter,534.28,6,True,24.1,6.25
v5,272,2026-03-03,breakfast|dinner|lunch|snack,3225.0,201.6,362.8,107.5,3175,204,350,107,-1.6,1.2,-3.5,-0.5,3230.51,200.4,362.84999999999997,108.64999999999999,0.2,-0.6,0.0,1.1,strict_tight,0.08,strict,1.0,88.26,1,True,24.2,6.0
v5,276,2026-03-05,lunch,700.0,52.5,70.0,23.3,678,49,63,26,-3.1,-6.7,-10.0,11.6,718.3199999999999,52.82000000000001,59.72,29.8,2.6,0.6,-14.7,27.9,single_meal_kcal_only,0.08,strict,1.0,64.27,1,True,68.9,2.0
v5,277,2026-03-06,lunch,700.0,52.5,70.0,23.3,707,47,41,40,1.0,-10.5,-41.4,71.7,642.375,42.3,37.15,36.075,-8.2,-19.4,-46.9,54.8,single_meal_kcal_only,0.08,strict,mixed_quarter,181.66,3,True,100.0,2.75
v5,278,2026-03-02,dinner|lunch|snack,1500.0,140.0,122.5,50.0,1503,154,125,43,0.2,10.0,2.0,-14.0,1477.73,134.69,123.11000000000001,49.629999999999995,-1.5,-3.8,0.5,-0.7,strict_relaxed_tol,0.1,strict,mixed_quarter,454.59,6,True,30.8,1.75
v5,279,2026-03-03,dinner|lunch|snack,1500.0,140.0,122.5,50.0,1469,136,110,54,-2.1,-2.9,-10.2,8.0,1530.91,137.66,122.955,54.29,2.1,-1.7,0.4,8.6,strict_tight,0.08,strict,1.0,57.79,1,True,34.5,2.0
v5,280,2026-03-03,lunch,1600.0,120.0,160.0,53.3,1716,189,158,36,7.2,57.5,-1.2,-32.5,366.03,38.0,34.82,8.309999999999999,-77.1,-68.3,-78.2,-84.4,single_meal_kcal_only,0.08,strict,1.0,305.99,4,True,90.0,5.0
v5,281,2026-03-05,lunch,1600.0,120.0,160.0,53.3,1561,120,154,52,-2.4,0.0,-3.8,-2.4,213.315,20.62,19.265,5.975,-86.7,-82.8,-88.0,-88.8,single_meal_kcal_only,0.08,strict,1.0,63.64,1,True,65.7,4.0
v5,282,2026-03-06,lunch,1600.0,120.0,160.0,53.3,1478,135,122,50,-7.6,12.5,-23.8,-6.2,399.78,32.51,44.63,10.14,-75.0,-72.9,-72.1,-81.0,single_meal_kcal_only,0.08,strict,0.5,121.3,2,True,94.2,5.5
v5,284,2026-03-04,dinner|lunch|snack,1500.0,140.0,122.5,50.0,1501,106,137,59,0.1,-24.3,11.8,18.0,1525.6299999999999,99.78000000000002,120.99,71.41,1.7,-28.7,-1.2,42.8,best_effort_lp,BEST_EFFORT_LP,relaxed,1.0,2159.07,25,True,34.2,10.0
v5,285,2026-03-05,dinner|lunch|snack,1500.0,140.0,122.5,50.0,1493,144,130,44,-0.5,2.9,6.1,-12.0,1414.13,139.965,132.175,36.19,-5.7,-0.0,7.9,-27.6,strict_tight,0.08,strict,0.5,283.71,2,True,41.4,2.5
v5,286,2026-03-10,breakfast|dinner|lunch|snack,1500.0,112.5,150.0,50.0,1527,108,148,56,1.8,-4.0,-1.3,12.0,1520.42,110.64,159.33,48.959999999999994,1.4,-1.7,6.2,-2.1,strict_tight,0.08,strict,1.0,89.32,1,True,16.7,4.0
v5,287,2026-03-09,dinner|lunch|snack,1500.0,140.0,122.5,50.0,1473,136,124,48,-1.8,-2.9,1.2,-4.0,1543.0900000000001,140.01,127.41,52.61,2.9,0.0,4.0,5.2,strict_tight,0.08,strict,1.0,96.48,1,True,32.3,5.0
v5,288,2026-03-10,dinner|lunch|snack,1500.0,140.0,122.5,50.0,1379,153,122,31,-8.1,9.3,-0.4,-38.0,1381.6100000000001,152.69,130.01999999999998,27.890000000000004,-7.9,9.1,6.1,-44.2,best_effort_lp,BEST_EFFORT_LP,relaxed,1.0,1737.17,25,True,44.8,2.0
v5,289,2026-03-11,dinner|lunch|snack,1500.0,140.0,122.5,50.0,1480,140,115,51,-1.3,0.0,-6.1,2.0,1544.78,129.785,157.255,44.08,3.0,-7.3,28.4,-11.8,strict_tight,0.08,strict,0.5,161.41,2,True,51.3,3.0
v5,290,2026-03-12,dinner|lunch|snack,1500.0,140.0,122.5,50.0,1473,143,127,44,-1.8,2.1,3.7,-12.0,1531.83,135.83,134.61,50.03,2.1,-3.0,9.9,0.1,strict_tight,0.08,strict,0.5,180.81,2,True,31.6,2.0
v5,291,2026-03-10,dinner,1600.0,120.0,160.0,53.3,1458,124,185,25,-8.9,3.3,15.6,-53.1,413.36,39.839999999999996,47.65,7.0600000000000005,-74.2,-66.8,-70.2,-86.8,single_meal_kcal_only,0.1,strict,0.5,492.79,8,True,48.9,7.5
v5,292,2026-03-12,lunch|snack,1600.0,120.0,160.0,53.3,1636,141,169,44,2.2,17.5,5.6,-17.4,493.88,40.6,51.89,13.780000000000001,-69.1,-66.2,-67.6,-74.1,strict_relaxed_tol,0.140625,strict,0.5,510.24,8,True,66.1,3.5
v5,293,2026-03-10,lunch,700.0,52.5,70.0,23.3,655,57,57,22,-6.4,8.6,-18.6,-5.6,799.56,65.02,89.26,20.28,14.2,23.8,27.5,-13.0,single_meal_kcal_only,0.08,strict,mixed_quarter,186.47,3,True,87.0,2.25
v5,294,2026-03-11,lunch,700.0,52.5,70.0,23.3,646,53,81,12,-7.7,1.0,15.7,-48.5,738.74,78.0,75.6,13.84,5.5,48.6,8.0,-40.6,single_meal_kcal_only,0.08,strict,mixed_quarter,186.3,3,True,45.9,3.0
v5,295,2026-03-12,lunch,700.0,52.5,70.0,23.3,678,49,63,26,-3.1,-6.7,-10.0,11.6,718.3199999999999,52.82000000000001,59.72,29.8,2.6,0.6,-14.7,27.9,single_meal_kcal_only,0.08,strict,1.0,63.17,1,True,68.9,2.0
v5,296,2026-03-13,lunch,700.0,52.5,70.0,23.3,707,47,41,40,1.0,-10.5,-41.4,71.7,642.375,42.3,37.15,36.075,-8.2,-19.4,-46.9,54.8,single_meal_kcal_only,0.08,strict,mixed_quarter,188.47,3,True,100.0,2.75
v5,297,2026-03-16,dinner|lunch|snack,1500.0,140.0,122.5,50.0,1545,126,146,51,3.0,-10.0,19.2,2.0,1382.105,99.92,156.485,39.625,-7.9,-28.6,27.7,-20.8,relaxed_culinary,0.2,relaxed,mixed_quarter,1607.21,24,True,34.1,3.5
v5,298,2026-03-17,dinner|lunch|snack,1500.0,140.0,122.5,50.0,1539,150,123,49,2.6,7.1,0.4,-2.0,1481.62,120.08,122.64999999999998,56.78,-1.2,-14.2,0.1,13.6,strict_tight,0.08,strict,1.0,64.86,1,True,34.6,2.0
v5,299,2026-03-18,dinner|lunch|snack,1500.0,140.0,122.5,50.0,1498,141,112,54,-0.1,0.7,-8.6,8.0,1545.17,125.62,123.23,61.129999999999995,3.0,-10.3,0.6,22.3,strict_tight,0.08,strict,0.5,126.58,2,True,38.2,3.0
v5,300,2026-03-19,dinner|lunch|snack,1500.0,140.0,122.5,50.0,1524,140,121,53,1.6,0.0,-1.2,6.0,1559.3899999999999,152.79,118.28,52.790000000000006,4.0,9.1,-3.4,5.6,strict_tight,0.08,strict,0.5,170.97,2,True,31.6,2.5
v5,301,2026-03-16,lunch,700.0,52.5,70.0,23.3,750,49,85,24,7.1,-6.7,21.4,3.0,744.1700000000001,48.589999999999996,79.0,25.990000000000002,6.3,-7.4,12.9,11.5,single_meal_kcal_only,0.08,strict,1.0,64.92,1,True,41.9,3.0
v5,302,2026-03-17,lunch,700.0,52.5,70.0,23.3,666,48,94,11,-4.9,-8.6,34.3,-52.8,738.9399999999999,50.540000000000006,93.55,18.08,5.6,-3.7,33.6,-22.4,single_meal_kcal_only,0.08,strict,1.0,63.73,1,True,47.2,3.0
v5,303,2026-03-18,lunch,700.0,52.5,70.0,23.3,741,58,66,27,5.9,10.5,-5.7,15.9,677.17,44.160000000000004,59.9,29.009999999999998,-3.3,-15.9,-14.4,24.5,single_meal_kcal_only,0.08,strict,0.5,134.44,2,True,54.0,2.5
v5,304,2026-03-19,lunch,700.0,52.5,70.0,23.3,710,57,59,27,1.4,8.6,-15.7,15.9,698.295,62.61,59.145,23.475,-0.2,19.3,-15.5,0.8,single_meal_kcal_only,0.08,strict,0.5,119.93,2,True,62.4,2.0
v5,305,2026-03-20,lunch,700.0,52.5,70.0,23.3,716,86,52,18,2.3,63.8,-25.7,-22.7,716.0,86.10000000000001,52.400000000000006,18.0,2.3,64.0,-25.1,-22.7,single_meal_kcal_only,0.08,strict,1.0,248.1,4,True,82.5,2.0
v5,306,2026-03-30,breakfast|dinner|lunch|snack,1600.0,80.0,200.0,53.3,1645,97,180,60,2.8,21.2,-10.0,12.6,1693.87,106.92999999999999,180.12000000000003,60.690000000000005,5.9,33.7,-9.9,13.9,strict_relaxed_tol,0.1,strict,mixed_quarter,381.32,6,True,21.7,2.0
v5,308,2026-03-30,lunch,700.0,52.5,70.0,23.3,710,57,59,27,1.4,8.6,-15.7,15.9,698.295,62.61,59.145,23.475,-0.2,19.3,-15.5,0.8,single_meal_kcal_only,0.08,strict,0.5,127.1,2,True,62.4,2.0
v5,309,2026-03-31,lunch,700.0,52.5,70.0,23.3,716,86,52,18,2.3,63.8,-25.7,-22.7,716.0,86.10000000000001,52.400000000000006,18.0,2.3,64.0,-25.1,-22.7,single_meal_kcal_only,0.08,strict,1.0,356.32,4,True,82.5,2.0
v5,310,2026-04-01,lunch,700.0,52.5,70.0,23.3,663,59,80,12,-5.3,12.4,14.3,-48.5,738.44,75.24000000000001,78.96000000000001,13.54,5.5,43.3,12.8,-41.9,single_meal_kcal_only,0.08,strict,0.5,121.34,2,True,53.7,3.0
v5,311,2026-04-02,lunch,700.0,52.5,70.0,23.3,730,54,62,29,4.3,2.9,-11.4,24.5,663.3900000000001,39.22,83.47,19.21,-5.2,-25.3,19.2,-17.6,single_meal_kcal_only,0.08,strict,0.5,126.57,2,True,64.0,2.5
v5,312,2026-04-03,lunch,700.0,52.5,70.0,23.3,690,58,70,20,-1.4,10.5,0.0,-14.2,676.35,63.525,65.4,17.85,-3.4,21.0,-6.6,-23.4,single_meal_kcal_only,0.08,strict,0.5,129.5,2,True,60.4,2.0
v5,328,2026-04-07,breakfast|dinner|lunch|snack,1200.0,90.0,120.0,40.0,1179,88,116,41,-1.8,-2.2,-3.3,2.5,1206.34,91.47000000000001,121.58999999999999,39.36,0.5,1.6,1.3,-1.6,strict_tight,0.08,strict,0.5,203.29,2,True,26.4,1.5
v5,329,2026-04-08,breakfast|dinner|lunch|snack,1200.0,90.0,120.0,40.0,1248,96,128,39,4.0,6.7,6.7,-2.5,1156.52,94.27,119.85000000000001,33.34,-3.6,4.7,-0.1,-16.6,strict_tight,0.08,strict,1.0,63.07,1,True,22.3,2.0
v5,330,2026-04-09,breakfast|dinner|lunch|snack,1200.0,90.0,120.0,40.0,1197,90,120,40,-0.2,0.0,0.0,0.0,1242.53,88.75,126.14999999999999,42.55,3.5,-1.4,5.1,6.4,strict_tight,0.08,strict,0.5,174.25,2,True,29.3,3.5
v5,331,2026-04-10,breakfast|dinner|lunch|snack,1200.0,90.0,120.0,40.0,1195,90,120,40,-0.4,0.0,0.0,0.0,1195.3899999999999,91.49,117.36000000000001,40.01,-0.4,1.7,-2.2,0.0,strict_tight,0.08,strict,0.5,227.83,2,True,26.1,2.0
v5,332,2026-04-06,breakfast|dinner|lunch,1200.0,75.0,165.0,26.7,1100,74,104,43,-8.3,-1.3,-37.0,61.0,1026.9,66.85000000000001,100.02,39.94,-14.4,-10.9,-39.4,49.6,best_effort_lp,BEST_EFFORT_LP,relaxed,1.0,1666.82,25,True,21.6,2.0
v5,317,2026-03-30,dinner|lunch,1500.0,140.0,122.5,50.0,1493,126,123,55,-0.5,-10.0,0.4,10.0,1535.24,135.75,122.245,55.93,2.3,-3.0,-0.2,11.9,strict_tight,0.08,strict,0.5,168.31,2,True,32.1,3.0
v5,318,2026-03-31,dinner|lunch|snack,1500.0,140.0,122.5,50.0,1494,134,124,52,-0.4,-4.3,1.2,4.0,1409.31,122.66000000000001,100.1,57.589999999999996,-6.0,-12.4,-18.3,15.2,strict_tight,0.08,strict,0.5,163.42,2,True,32.3,2.5
v5,319,2026-04-01,dinner|lunch|snack,1500.0,140.0,122.5,50.0,1498,161,124,40,-0.1,15.0,1.2,-20.0,1415.32,152.02999999999997,123.26,34.92,-5.6,8.6,0.6,-30.2,strict_relaxed_tol,0.2,strict,mixed_quarter,829.79,12,True,36.2,2.5
v5,320,2026-04-02,dinner|lunch|snack,1500.0,140.0,122.5,50.0,1503,142,132,45,0.2,1.4,7.8,-10.0,1380.4850000000001,126.09499999999998,137.95000000000002,36.035000000000004,-8.0,-9.9,12.6,-27.9,strict_tight,0.08,strict,mixed_quarter,265.68,3,True,28.9,3.25
v5,321,2026-03-30,dinner|lunch|snack,1800.0,135.0,180.0,60.0,1771,119,183,63,-1.6,-11.9,1.7,5.0,1857.6499999999999,134.56,178.89000000000001,67.11,3.2,-0.3,-0.6,11.8,strict_tight,0.08,strict,1.0,118.25,1,True,36.0,3.0
v5,322,2026-03-31,dinner|lunch|snack,1800.0,135.0,180.0,60.0,1710,127,178,54,-5.0,-5.9,-1.1,-10.0,1761.82,131.57,179.17000000000002,57.68000000000001,-2.1,-2.5,-0.5,-3.9,strict_tight,0.08,strict,1.0,65.46,1,True,31.1,3.0
v5,323,2026-04-01,dinner|lunch|snack,1800.0,135.0,180.0,60.0,1780,135,177,59,-1.1,0.0,-1.7,-1.7,1792.75,134.23000000000002,180.44,59.35,-0.4,-0.6,0.2,-1.1,strict_tight,0.08,strict,1.0,133.43,1,True,24.4,6.0
v5,324,2026-04-02,dinner|lunch|snack,1800.0,135.0,180.0,60.0,1897,149,181,64,5.4,10.4,0.6,6.7,1761.1799999999998,119.33000000000001,181.35,62.1,-2.2,-11.6,0.7,3.5,strict_tight,0.08,strict,1.0,77.51,1,True,32.8,5.0
v5,325,2026-03-31,breakfast|dinner|lunch|snack,1200.0,90.0,120.0,40.0,1133,103,104,34,-5.6,14.4,-13.3,-15.0,1248.25,109.51,118.69,37.290000000000006,4.0,21.7,-1.1,-6.8,strict_relaxed_tol,0.15,strict,0.5,693.31,8,True,26.1,2.0
v5,326,2026-04-01,breakfast|dinner|lunch|snack,1200.0,90.0,120.0,40.0,1250,104,144,29,4.2,15.6,20.0,-27.5,1275.44,100.07000000000001,164.44,24.159999999999997,6.3,11.2,37.0,-39.6,best_effort_lp,BEST_EFFORT_LP,relaxed,1.0,1617.05,25,True,24.7,2.0
v5,333,2026-04-07,breakfast|dinner|lunch,1200.0,75.0,165.0,26.7,1149,91,151,20,-4.2,21.3,-8.5,-25.1,962.3249999999999,59.86,134.69,20.465,-19.8,-20.2,-18.4,-23.4,strict_relaxed_tol,0.15,strict,0.5,587.15,8,False,31.0,2.5
v5,334,2026-04-08,breakfast|dinner|lunch,1200.0,75.0,165.0,26.7,1112,86,106,38,-7.3,14.7,-35.8,42.3,1009.67,80.14000000000001,92.81,35.35,-15.9,6.9,-43.8,32.4,best_effort_lp,BEST_EFFORT_LP,relaxed,1.0,1798.05,25,True,28.0,2.0
v5,335,2026-04-09,breakfast|dinner|lunch,1200.0,75.0,165.0,26.7,1325,75,130,56,10.4,0.0,-21.2,109.7,1019.3799999999999,76.23,79.22,44.18,-15.1,1.6,-52.0,65.5,best_effort_lp,BEST_EFFORT_LP,relaxed,1.0,1546.2,25,False,38.7,2.0
v5,336,2026-04-10,breakfast|dinner|lunch,1200.0,75.0,165.0,26.7,1191,68,160,31,-0.8,-9.3,-3.0,16.1,932.2750000000001,64.0,105.985,28.044999999999998,-22.3,-14.7,-35.8,5.0,strict_tight,0.08,strict,mixed_quarter,282.8,3,False,59.1,3.5
v5,355,2026-04-15,breakfast|dinner|lunch|snack,1200.0,90.0,120.0,40.0,1227,90,120,43,2.2,0.0,0.0,7.5,1285.19,94.77000000000001,124.78000000000002,45.23,7.1,5.3,4.0,13.1,strict_tight,0.08,strict,0.5,187.18,2,True,25.4,2.0
v5,534,2026-05-19,dinner|lunch|snack,1500.0,140.0,122.5,50.0,1474,141,129,44,-1.7,0.7,5.3,-12.0,1442.6799999999998,142.6,121.98499999999999,42.71,-3.8,1.9,-0.4,-14.6,strict_tight,0.08,strict,0.5,132.85,2,True,36.8,2.5
v5,356,2026-04-16,breakfast|dinner|lunch|snack,1200.0,90.0,120.0,40.0,1211,92,133,34,0.9,2.2,10.8,-15.0,1183.84,92.345,132.42499999999998,31.565,-1.3,2.6,10.4,-21.1,strict_relaxed_tol,0.1,strict,mixed_quarter,467.04,6,True,24.5,1.5
v5,342,2026-04-06,dinner|lunch|snack,1500.0,140.0,122.5,50.0,1530,140,130,50,2.0,0.0,6.1,0.0,1495.69,130.71999999999997,121.64999999999999,54.03,-0.3,-6.6,-0.7,8.1,strict_tight,0.08,strict,1.0,69.08,1,True,28.4,8.0
v5,343,2026-04-07,lunch,1500.0,140.0,122.5,50.0,1407,152,131,31,-6.2,8.6,6.9,-38.0,594.63,39.32,67.7,18.509999999999998,-60.4,-71.9,-44.7,-63.0,single_meal_kcal_only,0.08,strict,1.0,61.86,1,True,87.8,4.0
v5,344,2026-04-08,dinner|lunch|snack,1500.0,140.0,122.5,50.0,1519,138,131,49,1.3,-1.4,6.9,-2.0,1474.26,141.615,118.105,48.39,-1.7,1.2,-3.6,-3.2,strict_tight,0.08,strict,1.0,62.11,1,True,31.2,2.0
v5,345,2026-04-09,dinner|lunch,1500.0,140.0,122.5,50.0,1556,156,144,40,3.7,11.4,17.6,-20.0,1196.8200000000002,120.36,113.52000000000001,29.040000000000003,-20.2,-14.0,-7.3,-41.9,relaxed_culinary,0.2,relaxed,mixed_quarter,1587.66,24,True,34.7,3.25
v5,346,2026-04-06,lunch,700.0,52.5,70.0,23.3,665,50,63,24,-5.0,-4.8,-10.0,3.0,662.1899999999999,49.28000000000001,82.95,14.809999999999999,-5.4,-6.1,18.5,-36.4,single_meal_kcal_only,0.08,strict,1.0,66.01,1,True,38.2,6.0
v5,347,2026-04-07,lunch,700.0,52.5,70.0,23.3,678,49,63,26,-3.1,-6.7,-10.0,11.6,718.3199999999999,52.82000000000001,59.72,29.8,2.6,0.6,-14.7,27.9,single_meal_kcal_only,0.08,strict,1.0,65.34,1,True,68.9,2.0
v5,348,2026-04-08,lunch,700.0,52.5,70.0,23.3,663,59,80,12,-5.3,12.4,14.3,-48.5,738.44,75.24000000000001,78.96000000000001,13.54,5.5,43.3,12.8,-41.9,single_meal_kcal_only,0.08,strict,0.5,127.26,2,True,53.7,3.0
v5,349,2026-04-09,lunch,700.0,52.5,70.0,23.3,730,54,62,29,4.3,2.9,-11.4,24.5,663.3900000000001,39.22,83.47,19.21,-5.2,-25.3,19.2,-17.6,single_meal_kcal_only,0.08,strict,0.5,126.03,2,True,64.0,2.5
v5,350,2026-04-10,lunch,700.0,52.5,70.0,23.3,690,58,70,20,-1.4,10.5,0.0,-14.2,676.35,63.525,65.4,17.85,-3.4,21.0,-6.6,-23.4,single_meal_kcal_only,0.08,strict,0.5,124.97,2,True,60.4,2.0
v5,351,2026-04-07,dinner|lunch,885.0,70.0,95.0,25.0,878,75,94,23,-0.8,7.1,-1.1,-8.0,895.95,74.84,100.73,21.549999999999997,1.2,6.9,6.0,-13.8,strict_tight,0.08,strict,0.5,154.69,2,True,26.8,2.5
v5,352,2026-04-08,dinner|lunch,885.0,70.0,95.0,25.0,902,80,95,23,1.9,14.3,0.0,-8.0,929.73,82.75,87.77,27.53,5.1,18.2,-7.6,10.1,strict_relaxed_tol,0.1,strict,0.5,447.68,5,True,38.4,2.0
v5,353,2026-04-13,breakfast|dinner|lunch|snack,1200.0,90.0,120.0,40.0,1180,98,114,37,-1.7,8.9,-5.0,-7.5,1190.41,94.2,119.05000000000003,37.51,-0.8,4.7,-0.8,-6.2,strict_tight,0.08,strict,1.0,64.07,1,True,20.1,1.0
v5,354,2026-04-14,breakfast|dinner|lunch|snack,1200.0,90.0,120.0,40.0,1176,87,119,39,-2.0,-3.3,-0.8,-2.5,1201.33,89.06,134.3,34.04,0.1,-1.0,11.9,-14.9,strict_tight,0.08,strict,0.5,210.06,2,True,26.5,2.0
v5,358,2026-04-14,breakfast|dinner|lunch|snack,1200.0,75.0,165.0,26.7,1033,75,112,32,-13.9,0.0,-32.1,19.9,1256.5,77.19,161.6,33.5,4.7,2.9,-2.1,25.5,best_effort_lp,BEST_EFFORT_LP,relaxed,1.0,1585.11,25,True,22.6,2.0
v5,359,2026-04-15,breakfast|dinner|lunch|snack,1200.0,75.0,165.0,26.7,1198,80,161,26,-0.2,6.7,-2.4,-2.6,1256.57,90.4,134.79,39.19,4.7,20.5,-18.3,46.8,strict_tight,0.08,strict,0.5,133.26,2,True,36.5,1.5
v5,360,2026-04-16,breakfast|dinner|lunch|snack,1200.0,75.0,165.0,26.7,1207,77,152,32,0.6,2.7,-7.9,19.9,1283.33,92.50000000000001,134.73,41.61,6.9,23.3,-18.3,55.8,strict_relaxed_tol,0.1,strict,mixed_quarter,619.16,6,True,32.0,2.0
v5,361,2026-04-17,breakfast|dinner|lunch|snack,1200.0,75.0,165.0,26.7,1178,71,150,33,-1.8,-5.3,-9.1,23.6,1279.31,91.69000000000001,127.65,44.669999999999995,6.6,22.3,-22.6,67.3,strict_relaxed_tol,0.1,strict,mixed_quarter,451.66,6,True,29.9,2.0
v5,362,2026-04-13,dinner|lunch|snack,1500.0,140.0,122.5,50.0,1530,140,130,50,2.0,0.0,6.1,0.0,1495.69,130.72,121.65,54.03,-0.3,-6.6,-0.7,8.1,strict_tight,0.08,strict,1.0,71.56,1,True,28.4,8.0
v5,363,2026-04-14,dinner|lunch|snack,1500.0,140.0,122.5,50.0,1484,131,121,53,-1.1,-6.4,-1.2,6.0,1477.85,126.395,132.27499999999998,49.25,-1.5,-9.7,8.0,-1.5,strict_tight,0.08,strict,0.5,167.74,2,True,47.2,3.0
v5,364,2026-04-15,dinner|lunch,1500.0,140.0,122.5,50.0,1380,150,121,33,-8.0,7.1,-1.2,-34.0,1237.39,147.55000000000004,100.98,27.05,-17.5,5.4,-17.6,-45.9,best_effort_lp,BEST_EFFORT_LP,relaxed,1.0,1603.97,25,True,44.8,2.0
v5,365,2026-04-16,dinner|lunch,1500.0,140.0,122.5,50.0,1518,155,127,43,1.2,10.7,3.7,-14.0,1160.4150000000002,118.69500000000001,105.91499999999999,29.115000000000002,-22.6,-15.2,-13.5,-41.8,strict_relaxed_tol,0.1,strict,0.5,416.69,5,True,40.7,3.0
v5,366,2026-04-13,lunch,700.0,52.5,70.0,23.3,714,49,77,23,2.0,-6.7,10.0,-1.3,639.945,61.86,57.795,17.925,-8.6,17.8,-17.4,-23.1,single_meal_kcal_only,0.08,strict,0.5,134.8,2,True,71.9,2.0
v5,367,2026-04-14,lunch,700.0,52.5,70.0,23.3,663,59,80,12,-5.3,12.4,14.3,-48.5,738.44,75.24000000000001,78.96000000000001,13.54,5.5,43.3,12.8,-41.9,single_meal_kcal_only,0.08,strict,0.5,135.7,2,True,53.7,3.0
v5,368,2026-04-15,lunch,700.0,52.5,70.0,23.3,716,54,83,18,2.3,2.9,18.6,-22.7,615.27,55.2,59.22,17.52,-12.1,5.1,-15.4,-24.8,single_meal_kcal_only,0.08,strict,1.0,66.17,1,True,56.2,2.0
v5,369,2026-04-16,lunch,700.0,52.5,70.0,23.3,730,54,62,29,4.3,2.9,-11.4,24.5,663.3900000000001,39.22,83.47,19.21,-5.2,-25.3,19.2,-17.6,single_meal_kcal_only,0.08,strict,0.5,133.27,2,True,64.0,2.5
v5,370,2026-04-17,lunch,700.0,52.5,70.0,23.3,690,58,70,20,-1.4,10.5,0.0,-14.2,676.35,63.525,65.4,17.85,-3.4,21.0,-6.6,-23.4,single_meal_kcal_only,0.08,strict,0.5,132.26,2,True,60.4,2.0
v5,371,2026-04-14,dinner|lunch,885.0,70.0,95.0,25.0,860,71,94,22,-2.8,1.4,-1.1,-12.0,925.28,81.16,96.81,23.72,4.6,15.9,1.9,-5.1,strict_tight,0.08,strict,0.5,185.33,2,True,35.1,1.5
v5,372,2026-04-15,dinner|lunch,885.0,70.0,95.0,25.0,902,80,95,23,1.9,14.3,0.0,-8.0,932.93,81.28999999999999,99.63000000000001,23.27,5.4,16.1,4.9,-6.9,strict_relaxed_tol,0.1,strict,0.5,477.27,5,True,38.4,2.0
v5,373,2026-04-16,dinner|lunch,885.0,70.0,95.0,25.0,942,76,96,29,6.4,8.6,1.1,16.0,900.6400000000001,74.32000000000001,93.4,25.56,1.8,6.2,-1.7,2.2,strict_tight,0.08,strict,0.5,133.96,2,True,33.1,2.0
v5,374,2026-04-17,dinner|lunch,885.0,70.0,95.0,25.0,832,75,86,21,-6.0,7.1,-9.5,-16.0,832.34,74.96000000000001,85.85000000000001,21.04,-6.0,7.1,-9.6,-15.8,strict_relaxed_tol,0.1,strict,1.0,291.29,4,True,41.6,2.0
v5,375,2026-04-16,breakfast|dinner|lunch|snack,1500.0,112.5,150.0,50.0,1495,112,150,50,-0.3,-0.4,0.0,0.0,1458.3500000000001,93.64,151.38000000000002,53.15,-2.8,-16.8,0.9,6.3,strict_tight,0.08,strict,0.5,213.06,2,True,31.8,5.0
v5,376,2026-04-17,breakfast|dinner|lunch|snack,1500.0,112.5,150.0,50.0,1505,100,152,55,0.3,-11.1,1.3,10.0,1566.48,106.24000000000001,149.96,60.20000000000001,4.4,-5.6,-0.0,20.4,strict_tight,0.08,strict,1.0,155.8,1,True,31.1,2.0
v5,377,2026-04-20,breakfast|dinner|lunch|snack,1500.0,112.5,150.0,50.0,1415,122,156,34,-5.7,8.4,4.0,-32.0,1380.48,120.44,169.61999999999998,24.48,-8.0,7.1,13.1,-51.0,best_effort_lp,BEST_EFFORT_LP,relaxed,1.0,1706.83,25,True,18.0,2.0
v5,378,2026-04-21,breakfast|dinner|lunch|snack,1500.0,112.5,150.0,50.0,1447,113,143,47,-3.5,0.4,-4.7,-6.0,1561.38,112.83,159.26,52.6,4.1,0.3,6.2,5.2,strict_tight,0.08,strict,1.0,64.08,1,True,23.6,2.0
v5,379,2026-04-20,lunch,1000.0,75.0,100.0,33.3,928,74,103,24,-7.2,-1.3,3.0,-27.9,925.4,73.75,109.9,21.2,-7.5,-1.7,9.9,-36.3,single_meal_kcal_only,0.08,strict,1.0,66.72,1,True,54.9,4.0
v5,380,2026-04-21,lunch,1000.0,75.0,100.0,33.3,1000,84,127,18,0.0,12.0,27.0,-45.9,1064.1200000000001,116.16,103.55,20.62,6.4,54.9,3.5,-38.1,single_meal_kcal_only,0.08,strict,1.0,64.43,1,True,47.5,5.0
v5,381,2026-04-22,lunch,1250.0,93.8,125.0,41.7,1170,104,142,21,-6.4,10.9,13.6,-49.6,953.28,83.76,117.42,16.54,-23.7,-10.7,-6.1,-60.3,single_meal_kcal_only,0.08,strict,0.5,123.97,2,True,54.9,6.0
v5,382,2026-04-23,lunch,1250.0,93.8,125.0,41.7,1200,151,91,26,-4.0,61.0,-27.2,-37.6,943.74,103.0,93.30000000000001,17.64,-24.5,9.8,-25.4,-57.7,single_meal_kcal_only,0.08,strict,1.0,253.88,4,True,85.3,3.0
v5,383,2026-04-24,lunch,1250.0,93.8,125.0,41.7,1214,105,136,28,-2.9,11.9,8.8,-32.9,1038.41,101.61,96.65,27.310000000000002,-16.9,8.3,-22.7,-34.5,single_meal_kcal_only,0.08,strict,1.0,66.28,1,True,56.5,6.0
v5,554,2026-05-20,lunch,700.0,52.5,70.0,23.3,646,53,81,12,-7.7,1.0,15.7,-48.5,738.74,78.0,75.6,13.84,5.5,48.6,8.0,-40.6,single_meal_kcal_only,0.08,strict,mixed_quarter,195.31,3,True,45.9,3.0
v5,558,2026-05-20,dinner|lunch|snack,1200.0,90.0,120.0,40.0,1045,94,113,24,-12.9,4.4,-5.8,-40.0,1318.16,121.39999999999999,136.495,31.850000000000005,9.8,34.9,13.7,-20.4,best_effort_lp,BEST_EFFORT_LP,relaxed,1.0,1604.65,25,True,29.6,2.0
v5,563,2026-05-26,dinner|lunch|snack,1500.0,140.0,122.5,50.0,1530,140,123,53,2.0,0.0,0.4,6.0,1509.67,139.91,123.27,50.790000000000006,0.6,-0.1,0.6,1.6,strict_tight,0.08,strict,1.0,80.79,1,True,33.9,2.0
v5,388,2026-04-20,breakfast|dinner|lunch|snack,1200.0,90.0,120.0,40.0,1223,94,122,40,1.9,4.4,1.7,0.0,1196.49,89.92,120.29499999999999,39.53,-0.3,-0.1,0.2,-1.2,strict_tight,0.08,strict,0.5,216.0,2,True,31.5,2.0
v5,389,2026-04-21,breakfast|dinner|lunch|snack,1200.0,90.0,120.0,40.0,1209,95,119,39,0.8,5.6,-0.8,-2.5,1276.62,104.89999999999999,108.44999999999999,47.040000000000006,6.4,16.6,-9.6,17.6,strict_tight,0.08,strict,0.5,208.3,2,True,21.1,1.5
v5,390,2026-04-22,breakfast|dinner|lunch|snack,1200.0,90.0,120.0,40.0,1197,96,119,38,-0.2,6.7,-0.8,-5.0,1282.25,102.92999999999999,112.97,46.53,6.9,14.4,-5.9,16.3,strict_tight,0.08,strict,0.5,138.59,2,True,28.5,1.0
v5,391,2026-04-23,breakfast|dinner|lunch|snack,1200.0,90.0,120.0,40.0,1155,82,133,33,-3.8,-8.9,10.8,-17.5,1113.5,89.48499999999999,120.455,30.419999999999998,-7.2,-0.6,0.4,-24.0,strict_relaxed_tol,0.15,strict,mixed_quarter,603.79,9,True,36.8,1.75
v5,392,2026-04-20,dinner|lunch|snack,1500.0,140.0,122.5,50.0,1560,151,126,50,4.0,7.9,2.9,0.0,1573.75,151.51,127.30000000000001,50.949999999999996,4.9,8.2,3.9,1.9,strict_tight,0.08,strict,1.0,69.74,1,True,32.7,2.0
v5,393,2026-04-21,dinner|lunch|snack,1500.0,140.0,122.5,50.0,1530,151,122,49,2.0,7.9,-0.4,-2.0,1510.29,143.26,125.69,48.31,0.7,2.3,2.6,-3.4,strict_tight,0.08,strict,0.5,190.53,2,True,33.5,1.5
v5,394,2026-04-22,dinner|lunch|snack,1500.0,140.0,122.5,50.0,1522,135,129,52,1.5,-3.6,5.3,4.0,1573.695,130.475,147.805,51.175000000000004,4.9,-6.8,20.7,2.4,strict_tight,0.08,strict,0.5,175.49,2,True,33.5,2.5
v5,395,2026-04-23,dinner|lunch|snack,1500.0,140.0,122.5,50.0,1518,134,123,54,1.2,-4.3,0.4,8.0,1559.075,135.495,120.93,59.275000000000006,3.9,-3.2,-1.3,18.6,strict_tight,0.08,strict,0.5,186.16,2,True,33.9,2.0
v5,396,2026-04-20,lunch,700.0,52.5,70.0,23.3,710,57,59,27,1.4,8.6,-15.7,15.9,698.295,62.61,59.145,23.475,-0.2,19.3,-15.5,0.8,single_meal_kcal_only,0.08,strict,0.5,140.05,2,True,62.4,2.0
v5,397,2026-04-21,lunch,700.0,52.5,70.0,23.3,646,53,81,12,-7.7,1.0,15.7,-48.5,738.74,78.0,75.6,13.84,5.5,48.6,8.0,-40.6,single_meal_kcal_only,0.08,strict,mixed_quarter,197.78,3,True,45.9,3.0
v5,398,2026-04-22,lunch,700.0,52.5,70.0,23.3,722,53,72,25,3.1,1.0,2.9,7.3,679.1,52.2,65.6,23.1,-3.0,-0.6,-6.3,-0.9,single_meal_kcal_only,0.08,strict,0.5,133.91,2,True,94.1,2.0
v5,399,2026-04-23,lunch,700.0,52.5,70.0,23.3,707,47,41,40,1.0,-10.5,-41.4,71.7,642.375,42.3,37.15,36.075,-8.2,-19.4,-46.9,54.8,single_meal_kcal_only,0.08,strict,mixed_quarter,200.27,3,True,100.0,2.75
v5,400,2026-04-24,lunch,700.0,52.5,70.0,23.3,676,55,71,19,-3.4,4.8,1.4,-18.5,675.8,68.2,54.4,20.599999999999998,-3.5,29.9,-22.3,-11.6,single_meal_kcal_only,0.08,strict,0.5,134.86,2,True,56.6,2.5
v5,401,2026-04-21,dinner|lunch,885.0,70.0,95.0,25.0,878,78,89,23,-0.8,11.4,-6.3,-8.0,834.46,75.78999999999999,93.35000000000001,17.560000000000002,-5.7,8.3,-1.7,-29.8,strict_tight,0.08,strict,0.5,166.59,2,True,29.0,1.5
v5,402,2026-04-22,dinner|lunch,885.0,70.0,95.0,25.0,858,69,94,23,-3.1,-1.4,-1.1,-8.0,941.9749999999999,80.19,98.06,25.455,6.4,14.6,3.2,1.8,strict_tight,0.08,strict,1.0,70.26,1,True,39.6,2.0
v5,403,2026-04-23,dinner|lunch,885.0,70.0,95.0,25.0,1021,62,99,42,15.4,-11.4,4.2,68.0,1069.8600000000001,68.55000000000001,109.99,39.54,20.9,-2.1,15.8,58.2,best_effort_lp,BEST_EFFORT_LP,relaxed,1.0,1619.33,25,True,50.3,2.0
v5,404,2026-04-24,dinner|lunch,885.0,70.0,95.0,25.0,900,69,92,29,1.7,-1.4,-3.2,16.0,981.0799999999999,99.86500000000001,78.805,29.6,10.9,42.7,-17.0,18.4,strict_tight,0.08,strict,mixed_quarter,234.2,3,True,32.8,1.75
v5,405,2026-04-23,breakfast|dinner|lunch|snack,1500.0,112.5,150.0,50.0,1494,112,152,49,-0.4,-0.4,1.3,-2.0,1402.25,117.95,155.04000000000002,34.49,-6.5,4.8,3.4,-31.0,strict_tight,0.08,strict,0.5,184.76,2,True,34.1,2.5
v5,406,2026-04-24,breakfast|dinner|lunch|snack,1500.0,112.5,150.0,50.0,1530,120,150,50,2.0,6.7,0.0,0.0,1519.455,120.805,149.78,48.574999999999996,1.3,7.4,-0.1,-2.9,strict_tight,0.08,strict,1.0,73.62,1,True,22.7,2.0
v5,407,2026-04-27,lunch|snack,1250.0,93.8,125.0,41.7,1157,118,121,22,-7.4,25.8,-3.2,-47.2,1153.76,117.67999999999999,120.94,22.16,-7.7,25.5,-3.2,-46.9,best_effort_lp,BEST_EFFORT_LP,relaxed,1.0,1602.87,25,True,59.0,2.0
v5,408,2026-04-28,lunch|snack,1250.0,93.8,125.0,41.7,1075,97,125,21,-14.0,3.4,0.0,-49.6,1163.3,98.44,145.06,21.060000000000002,-6.9,4.9,16.0,-49.5,best_effort_lp,BEST_EFFORT_LP,relaxed,1.0,1676.23,25,True,47.7,3.0
v5,409,2026-04-29,lunch|snack,1250.0,93.8,125.0,41.7,1223,86,118,45,-2.2,-8.3,-5.6,7.9,1239.74,88.89999999999999,109.03,49.78,-0.8,-5.2,-12.8,19.4,strict_tight,0.08,strict,0.5,119.37,2,True,83.3,3.0
v5,410,2026-04-30,lunch|snack,1250.0,93.8,125.0,41.7,1258,95,127,41,0.6,1.3,1.6,-1.7,1283.65,94.63,137.52,39.45,2.7,0.9,10.0,-5.4,strict_tight,0.08,strict,0.5,125.81,2,True,81.0,3.0
v5,411,2026-05-01,lunch|snack,1250.0,93.8,125.0,41.7,1275,104,132,37,2.0,10.9,5.6,-11.3,1197.08,93.96,126.96,34.86,-4.2,0.2,1.6,-16.4,strict_tight,0.08,strict,mixed_quarter,222.08,3,True,41.9,4.25
v5,412,2026-05-01,dinner,800.0,50.0,90.0,26.7,771,51,45,43,-3.6,2.0,-50.0,61.0,770.85,50.76,44.58,43.29,-3.6,1.5,-50.5,62.1,single_meal_kcal_only,0.08,strict,1.0,61.98,1,True,100.0,3.0
v5,431,2026-05-01,breakfast|dinner|lunch|snack,1200.0,90.0,120.0,40.0,1207,92,121,40,0.6,2.2,0.8,0.0,1105.5500000000002,95.28,122.23,26.17,-7.9,5.9,1.9,-34.6,strict_tight,0.08,strict,0.5,203.45,2,True,30.7,2.0
v5,432,2026-04-28,breakfast|dinner|lunch|snack,1200.0,90.0,120.0,40.0,1193,88,118,41,-0.6,-2.2,-1.7,2.5,1171.915,96.48,97.565,43.974999999999994,-2.3,7.2,-18.7,9.9,strict_tight,0.08,strict,0.5,178.72,2,True,24.8,1.5
v5,535,2026-05-20,dinner|lunch|snack,1500.0,140.0,122.5,50.0,1497,126,122,56,-0.2,-10.0,-0.4,12.0,1496.65,127.39,118.91,56.849999999999994,-0.2,-9.0,-2.9,13.7,strict_tight,0.08,strict,mixed_quarter,276.69,3,True,34.3,2.25
v5,433,2026-04-29,breakfast|dinner|lunch|snack,1200.0,90.0,120.0,40.0,1208,85,129,39,0.7,-5.6,7.5,-2.5,1163.275,77.96499999999999,120.24000000000001,41.185,-3.1,-13.4,0.2,3.0,strict_tight,0.08,strict,0.5,182.52,2,True,34.9,1.0
v5,418,2026-04-27,dinner|lunch|snack,1500.0,140.0,122.5,50.0,1520,131,127,54,1.3,-6.4,3.7,8.0,1405.365,115.16,131.095,46.705,-6.3,-17.7,7.0,-6.6,strict_tight,0.08,strict,mixed_quarter,216.85,3,True,44.7,3.0
v5,419,2026-04-28,dinner|lunch|snack,1500.0,140.0,122.5,50.0,1501,97,153,56,0.1,-30.7,24.9,12.0,1416.02,94.34,141.05,52.72,-5.6,-32.6,15.1,5.4,best_effort_lp,BEST_EFFORT_LP,relaxed,1.0,1561.24,25,True,45.2,2.0
v5,420,2026-04-29,dinner|lunch|snack,1500.0,140.0,122.5,50.0,1334,129,137,30,-11.1,-7.9,11.8,-40.0,1382.5,135.23000000000002,147.35,28.04,-7.8,-3.4,20.3,-43.9,best_effort_lp,BEST_EFFORT_LP,relaxed,1.0,1670.27,25,True,51.2,2.0
v5,421,2026-04-30,dinner|lunch|snack,1500.0,140.0,122.5,50.0,1563,155,138,43,4.2,10.7,12.7,-14.0,1505.6399999999999,152.72,132.68,40.46,0.4,9.1,8.3,-19.1,strict_relaxed_tol,0.1,strict,0.5,411.81,5,True,43.7,2.0
v5,422,2026-04-27,breakfast|dinner|lunch|snack,1200.0,90.0,120.0,40.0,1218,89,119,43,1.5,-1.1,-0.8,7.5,1220.605,87.92,122.44,42.155,1.7,-2.3,2.0,5.4,strict_tight,0.08,strict,0.5,155.72,2,True,31.6,2.0
v5,423,2026-04-27,dinner|lunch,885.0,70.0,95.0,25.0,911,73,103,23,2.9,4.3,8.4,-8.0,825.8900000000001,70.94,91.05000000000001,19.79,-6.7,1.3,-4.2,-20.8,strict_tight,0.08,strict,1.0,64.11,1,True,27.9,2.0
v5,424,2026-04-28,dinner|lunch,885.0,70.0,95.0,25.0,928,93,97,19,4.9,32.9,2.1,-24.0,842.6500000000001,90.59,84.69,15.75,-4.8,29.4,-10.9,-37.0,best_effort_lp,BEST_EFFORT_LP,relaxed,1.0,1684.85,25,True,36.8,2.0
v5,425,2026-04-29,dinner|lunch,885.0,70.0,95.0,25.0,887,67,93,27,0.2,-4.3,-2.1,8.0,1021.49,76.45,119.69999999999999,26.33,15.4,9.2,26.0,5.3,strict_tight,0.08,strict,mixed_quarter,190.08,3,True,47.6,1.5
v5,426,2026-04-30,dinner|lunch,885.0,70.0,95.0,25.0,939,62,75,44,6.1,-11.4,-21.1,76.0,894.75,64.53,71.49000000000001,38.97,1.1,-7.8,-24.7,55.9,best_effort_lp,BEST_EFFORT_LP,relaxed,1.0,1631.01,25,True,54.7,2.0
v5,427,2026-05-01,dinner|lunch,885.0,70.0,95.0,25.0,895,78,90,24,1.1,11.4,-5.3,-4.0,892.5,79.8,99.225,19.599999999999998,0.8,14.0,4.4,-21.6,strict_tight,0.08,strict,0.5,169.31,2,True,28.4,2.0
v5,428,2026-04-28,breakfast|dinner|lunch|snack,1200.0,90.0,120.0,40.0,1156,107,137,20,-3.7,18.9,14.2,-50.0,1121.85,106.83,134.55,17.39,-6.5,18.7,12.1,-56.5,best_effort_lp,BEST_EFFORT_LP,relaxed,1.0,1931.22,25,True,29.5,1.0
v5,429,2026-04-29,breakfast|dinner|lunch|snack,1200.0,90.0,120.0,40.0,1177,84,116,42,-1.9,-6.7,-3.3,5.0,1240.87,96.9,96.71000000000001,51.83,3.4,7.7,-19.4,29.6,strict_tight,0.08,strict,0.5,308.51,2,True,26.1,2.0
v5,430,2026-04-30,breakfast|dinner|lunch|snack,1200.0,90.0,120.0,40.0,1161,80,117,41,-3.2,-11.1,-2.5,2.5,1142.3,80.64,99.92,46.7,-4.8,-10.4,-16.7,16.8,strict_tight,0.08,strict,0.5,185.35,2,True,33.2,2.5
v5,434,2026-04-30,breakfast|dinner|lunch|snack,1200.0,90.0,120.0,40.0,1178,91,110,42,-1.8,1.1,-8.3,5.0,1182.68,90.59,107.58500000000001,43.36,-1.4,0.7,-10.3,8.4,strict_tight,0.08,strict,0.5,119.3,2,True,32.7,2.0
v5,436,2026-05-04,dinner|lunch|snack,1500.0,140.0,122.5,50.0,1442,130,115,51,-3.9,-7.1,-6.1,2.0,1593.8200000000002,145.21,132.35,53.74,6.3,3.7,8.0,7.5,strict_tight,0.08,strict,1.0,64.4,1,True,28.9,7.0
v5,437,2026-05-05,dinner|lunch|snack,1500.0,140.0,122.5,50.0,1521,152,123,47,1.4,8.6,0.4,-6.0,1525.14,143.68,121.75,51.5,1.7,2.6,-0.6,3.0,strict_tight,0.08,strict,0.5,151.6,2,True,37.7,2.5
v5,438,2026-05-06,dinner|lunch|snack,1500.0,140.0,122.5,50.0,1489,129,122,54,-0.7,-7.9,-0.4,8.0,1491.795,134.62,118.77,53.155,-0.5,-3.8,-3.0,6.3,strict_tight,0.08,strict,0.5,266.78,2,True,30.5,2.0
v5,439,2026-05-07,dinner|lunch|snack,1500.0,140.0,122.5,50.0,1458,142,120,46,-2.8,1.4,-2.0,-8.0,1432.145,146.73000000000002,121.72999999999999,39.815000000000005,-4.5,4.8,-0.6,-20.4,strict_tight,0.08,strict,0.5,210.97,2,True,31.2,2.0
v5,440,2026-05-04,breakfast|dinner|lunch|snack,1200.0,90.0,120.0,40.0,1148,102,108,34,-4.3,13.3,-10.0,-15.0,1221.17,92.16,120.86,41.03,1.8,2.4,0.7,2.6,strict_relaxed_tol,0.1,strict,mixed_quarter,454.93,6,True,30.0,1.5
v5,441,2026-05-05,dinner|lunch,885.0,70.0,95.0,25.0,829,60,86,27,-6.3,-14.3,-9.5,8.0,892.9599999999999,58.760000000000005,92.0,32.239999999999995,0.9,-16.1,-3.2,29.0,strict_relaxed_tol,0.1,strict,mixed_quarter,373.74,6,True,46.8,1.75
v5,442,2026-05-06,dinner|lunch,885.0,70.0,95.0,25.0,893,73,96,24,0.9,4.3,1.1,-4.0,923.17,83.81,90.33,25.189999999999998,4.3,19.7,-4.9,0.8,strict_tight,0.08,strict,1.0,104.61,1,True,33.9,1.0
v5,443,2026-05-07,dinner|lunch,885.0,70.0,95.0,25.0,893,76,90,25,0.9,8.6,-5.3,0.0,956.3499999999999,91.7,81.58000000000001,29.25,8.1,31.0,-14.1,17.0,strict_tight,0.08,strict,mixed_quarter,243.34,3,True,42.4,1.25
v5,444,2026-05-08,dinner|lunch,885.0,70.0,95.0,25.0,893,76,90,25,0.9,8.6,-5.3,0.0,956.3499999999999,91.83,81.58000000000001,29.25,8.1,31.2,-14.1,17.0,strict_tight,0.08,strict,mixed_quarter,291.85,3,True,42.4,1.25
v5,445,2026-05-06,breakfast|dinner|lunch|snack,1500.0,112.5,150.0,50.0,1542,114,160,49,2.8,1.3,6.7,-2.0,1474.92,112.78999999999999,145.86999999999998,48.940000000000005,-1.7,0.3,-2.8,-2.1,strict_tight,0.08,strict,1.0,61.84,1,True,20.7,2.0
v5,446,2026-05-06,breakfast|dinner|lunch|snack,1200.0,90.0,120.0,40.0,1213,90,122,40,1.1,0.0,1.7,0.0,1199.4250000000002,90.33,120.0,39.805,-0.0,0.4,0.0,-0.5,strict_tight,0.08,strict,0.5,127.99,2,True,25.0,1.5
v5,447,2026-05-07,breakfast|dinner|lunch|snack,1200.0,90.0,120.0,40.0,1199,89,128,37,-0.1,-1.1,6.7,-7.5,1259.175,89.68499999999999,138.89,38.335,4.9,-0.4,15.7,-4.2,strict_tight,0.08,strict,0.5,120.94,2,True,27.3,2.0
v5,448,2026-05-08,breakfast|dinner|lunch|snack,1200.0,90.0,120.0,40.0,1267,105,106,47,5.6,16.7,-11.7,17.5,1168.9199999999998,83.12,113.72999999999999,42.42,-2.6,-7.6,-5.2,6.1,strict_relaxed_tol,0.15,strict,0.5,507.63,8,True,27.1,3.5
v5,449,2026-05-06,breakfast|dinner|lunch|snack,1400.0,105.0,140.0,46.7,1400,105,140,47,0.0,0.0,0.0,0.6,1476.8899999999999,106.38,142.72,53.41,5.5,1.3,1.9,14.4,strict_tight,0.08,strict,0.5,222.34,2,True,24.8,2.0
v5,450,2026-05-08,breakfast|dinner|lunch|snack,1400.0,105.0,140.0,46.7,1363,99,137,47,-2.6,-5.7,-2.1,0.6,1369.3,106.5,108.97,56.4,-2.2,1.4,-22.2,20.8,strict_tight,0.08,strict,0.5,177.49,2,True,26.1,3.5
v5,451,2026-05-12,breakfast|dinner|lunch|snack,1400.0,105.0,140.0,46.7,1440,102,141,52,2.9,-2.9,0.7,11.3,1485.47,106.30000000000001,128.93,60.53,6.1,1.2,-7.9,29.6,strict_tight,0.08,strict,1.0,65.65,1,True,16.5,2.0
v5,452,2026-05-08,dinner,800.0,50.0,90.0,26.7,740,52,78,25,-7.5,4.0,-13.3,-6.4,812.8199999999999,54.28,77.64,31.700000000000003,1.6,8.6,-13.7,18.7,single_meal_kcal_only,0.08,strict,1.0,61.27,1,True,88.4,2.0
v5,453,2026-05-11,dinner|lunch|snack,1500.0,140.0,122.5,50.0,1416,132,114,48,-5.6,-5.7,-6.9,-4.0,1501.68,140.06,122.19499999999998,50.309999999999995,0.1,0.0,-0.2,0.6,strict_tight,0.08,strict,1.0,64.08,1,True,29.5,2.0
v5,454,2026-05-12,dinner|lunch|snack,1500.0,140.0,122.5,50.0,1477,133,122,51,-1.5,-5.0,-0.4,2.0,1477.05,122.14,133.35,50.59,-1.5,-12.8,8.9,1.2,strict_tight,0.08,strict,0.5,177.27,2,True,35.3,2.5
v5,455,2026-05-13,dinner|lunch|snack,1500.0,140.0,122.5,50.0,1461,137,119,48,-2.6,-2.1,-2.9,-4.0,1482.71,139.45,110.41,53.71000000000001,-1.2,-0.4,-9.9,7.4,strict_tight,0.08,strict,1.0,65.94,1,True,31.4,2.0
v5,456,2026-05-14,dinner|lunch|snack,1500.0,140.0,122.5,50.0,1514,145,118,51,0.9,3.6,-3.7,2.0,1599.8799999999999,148.63000000000002,128.01,54.839999999999996,6.7,6.2,4.5,9.7,strict_tight,0.08,strict,1.0,64.84,1,True,41.0,2.0
v5,457,2026-05-11,breakfast|dinner|lunch|snack,1500.0,112.5,150.0,50.0,1508,113,142,55,0.5,0.4,-5.3,10.0,1533.51,99.05,150.07,59.69,2.2,-12.0,0.0,19.4,strict_tight,0.08,strict,0.5,160.28,2,True,30.1,2.0
v5,458,2026-05-13,dinner|lunch|snack,1320.0,120.0,120.0,40.0,1333,117,118,44,1.0,-2.5,-1.7,10.0,945.035,83.255,88.00500000000001,28.895000000000003,-28.4,-30.6,-26.7,-27.8,strict_tight,0.08,strict,0.5,164.52,2,True,34.1,2.0
v5,459,2026-05-14,dinner|lunch|snack,1320.0,120.0,120.0,40.0,1333,121,120,41,1.0,0.8,0.0,2.5,931.67,72.03,89.16999999999999,31.89,-29.4,-40.0,-25.7,-20.3,strict_tight,0.08,strict,0.5,133.59,2,True,36.8,2.0
v5,460,2026-05-15,dinner|lunch|snack,1320.0,120.0,120.0,40.0,1358,117,121,45,2.9,-2.5,0.8,12.5,908.8899999999999,65.00999999999999,73.46999999999998,39.47,-31.1,-45.8,-38.8,-1.3,strict_tight,0.08,strict,mixed_quarter,240.91,3,True,38.0,4.25
v5,555,2026-05-21,lunch,700.0,52.5,70.0,23.3,707,47,41,40,1.0,-10.5,-41.4,71.7,642.375,42.3,37.15,36.075,-8.2,-19.4,-46.9,54.8,single_meal_kcal_only,0.08,strict,mixed_quarter,185.0,3,True,100.0,2.75
v5,559,2026-05-21,dinner|lunch|snack,1200.0,90.0,120.0,40.0,1219,88,120,43,1.6,-2.2,0.0,7.5,1228.73,89.96000000000001,118.89,43.730000000000004,2.4,-0.0,-0.9,9.3,strict_tight,0.08,strict,0.5,169.44,2,True,38.4,2.5
v5,560,2026-05-22,dinner|lunch|snack,1200.0,90.0,120.0,40.0,1249,116,96,45,4.1,28.9,-20.0,12.5,1249.21,115.51,95.74000000000001,44.92999999999999,4.1,28.3,-20.2,12.3,best_effort_lp,BEST_EFFORT_LP,relaxed,1.0,1565.6,25,True,49.5,2.0
v5,564,2026-05-27,lunch|snack,1500.0,140.0,122.5,50.0,1451,141,122,44,-3.3,0.7,-0.4,-12.0,879.23,75.03999999999999,75.67,30.71,-41.4,-46.4,-38.2,-38.6,strict_tight,0.08,strict,1.0,65.68,1,True,38.3,4.0
v5,565,2026-05-28,lunch|snack,1500.0,140.0,122.5,50.0,1449,160,109,41,-3.4,14.3,-11.0,-18.0,919.5899999999999,89.39,78.97999999999999,27.35,-38.7,-36.1,-35.5,-45.3,strict_relaxed_tol,0.15,strict,0.5,602.58,8,True,59.9,4.0
v5,569,2026-05-29,breakfast|dinner|lunch|snack,1200.0,90.0,120.0,40.0,1170,88,120,38,-2.5,-2.2,0.0,-5.0,1209.62,94.175,121.46,38.58,0.8,4.6,1.2,-3.6,strict_tight,0.08,strict,0.5,173.63,2,True,26.4,1.5
v5,572,2026-06-01,breakfast|lunch|snack,2000.0,150.0,200.0,66.7,2004,150,201,67,0.2,0.0,0.5,0.4,1124.73,75.64,118.25,38.809999999999995,-43.8,-49.6,-40.9,-41.8,strict_tight,0.08,strict,1.0,98.89,1,True,26.7,4.0
v5,575,2026-06-02,breakfast|dinner|lunch|snack,1200.0,90.0,120.0,40.0,1202,90,119,41,0.2,0.0,-0.8,2.5,1204.165,89.80999999999999,120.435,40.405,0.3,-0.2,0.4,1.0,strict_tight,0.08,strict,0.5,213.69,2,True,29.6,2.0
v5,577,2026-06-05,breakfast|dinner|lunch|snack,1200.0,90.0,120.0,40.0,1266,107,137,32,5.5,18.9,14.2,-20.0,1205.645,120.395,121.78999999999999,26.335,0.5,33.8,1.5,-34.2,strict_relaxed_tol,0.2,strict,mixed_quarter,786.99,12,True,30.4,1.5
v5,579,2026-06-01,dinner|lunch|snack,1500.0,140.0,122.5,50.0,1511,140,121,52,0.7,0.0,-1.2,4.0,1498.75,138.19000000000003,122.71,50.589999999999996,-0.1,-1.3,0.2,1.2,strict_tight,0.08,strict,1.0,111.45,1,True,31.4,3.0
v5,580,2026-06-02,dinner|lunch,1500.0,140.0,122.5,50.0,1489,135,120,52,-0.7,-3.6,-2.0,4.0,1497.1100000000001,119.655,137.61,52.05,-0.2,-14.5,12.3,4.1,strict_tight,0.08,strict,0.5,159.72,2,True,31.4,4.0
v5,581,2026-06-03,dinner|lunch|snack,1500.0,140.0,122.5,50.0,1376,91,147,47,-8.3,-35.0,20.0,-6.0,1468.585,99.42500000000001,156.805,49.305,-2.1,-29.0,28.0,-1.4,best_effort_lp,BEST_EFFORT_LP,relaxed,1.0,1667.38,25,True,30.7,2.0
v5,582,2026-06-04,dinner|lunch|snack,1500.0,140.0,122.5,50.0,1554,138,136,51,3.6,-1.4,11.0,2.0,1383.2350000000001,114.77,138.15,41.285000000000004,-7.8,-18.0,12.8,-17.4,strict_tight,0.08,strict,mixed_quarter,232.78,3,True,38.2,3.5
v5,588,2026-06-02,lunch,700.0,52.5,70.0,23.3,714,47,49,37,2.0,-10.5,-30.0,58.8,728.03,36.940000000000005,83.02999999999999,27.61,4.0,-29.6,18.6,18.5,single_meal_kcal_only,0.08,strict,0.5,123.91,2,True,64.5,3.0
v5,591,2026-06-05,lunch,700.0,52.5,70.0,23.3,714,49,77,23,2.0,-6.7,10.0,-1.3,639.945,61.86,57.795,17.925,-8.6,17.8,-17.4,-23.1,single_meal_kcal_only,0.08,strict,0.5,125.43,2,True,71.9,2.0
v5,595,2026-06-08,breakfast|dinner|lunch|snack,1100.0,82.5,110.0,36.7,1115,68,115,43,1.4,-17.6,4.5,17.2,1093.74,70.15,112.13,40.53,-0.6,-15.0,1.9,10.4,strict_relaxed_tol,0.15,strict,0.5,544.7,8,True,30.5,2.0
v5,618,2026-06-08,dinner,1500.0,140.0,122.5,50.0,1444,107,143,49,-3.7,-23.6,16.7,-2.0,679.1,52.2,65.6,23.1,-54.7,-62.7,-46.4,-53.8,single_meal_kcal_only,0.08,strict,1.0,271.05,4,True,94.1,4.0
v5,619,2026-06-09,dinner|lunch|snack,1500.0,140.0,122.5,50.0,1484,130,142,44,-1.1,-7.1,15.9,-12.0,1514.245,122.07,169.615,38.625,0.9,-12.8,38.5,-22.8,relaxed_culinary,0.15,relaxed,mixed_quarter,1320.65,21,True,35.5,3.75
v5,621,2026-06-11,dinner|lunch,1500.0,140.0,122.5,50.0,1272,83,147,39,-15.2,-40.7,20.0,-22.0,1481.8899999999999,104.49000000000001,168.20499999999998,43.47,-1.2,-25.4,37.3,-13.1,best_effort_lp,BEST_EFFORT_LP,relaxed,1.0,1612.59,25,True,53.4,2.0
v5,820,2026-07-15,dinner|lunch,1000.0,70.0,118.0,28.0,977,79,108,25,-2.3,12.9,-8.5,-10.7,1013.9,73.235,120.07,26.755,1.4,4.6,1.8,-4.4,strict_tight,0.08,strict,mixed_quarter,242.57,3,True,31.4,2.0
v5,822,2026-07-17,dinner|lunch,1000.0,70.0,118.0,28.0,904,91,76,26,-9.6,30.0,-35.6,-7.1,903.5600000000002,90.86000000000001,76.1,26.189999999999998,-9.6,29.8,-35.5,-6.5,best_effort_lp,BEST_EFFORT_LP,relaxed,1.0,1619.0,25,True,32.7,2.0
v5,626,2026-06-09,lunch,700.0,52.5,70.0,23.3,663,59,80,12,-5.3,12.4,14.3,-48.5,562.48,71.88000000000001,39.56,12.979999999999999,-19.6,36.9,-43.5,-44.3,single_meal_kcal_only,0.08,strict,0.5,128.0,2,True,53.7,3.0
v5,536,2026-05-21,lunch,1500.0,140.0,122.5,50.0,1458,131,119,51,-2.8,-6.4,-2.9,2.0,754.49,80.03999999999999,52.67999999999999,24.85,-49.7,-42.8,-57.0,-50.3,single_meal_kcal_only,0.08,strict,1.0,68.17,1,True,44.6,12.0
v5,628,2026-06-11,lunch,700.0,52.5,70.0,23.3,722,53,72,25,3.1,1.0,2.9,7.3,679.1,52.2,65.6,23.1,-3.0,-0.6,-6.3,-0.9,single_meal_kcal_only,0.08,strict,0.5,130.7,2,True,94.1,2.0
v5,629,2026-06-12,lunch,700.0,52.5,70.0,23.3,714,49,77,23,2.0,-6.7,10.0,-1.3,639.945,61.86,57.795,17.925,-8.6,17.8,-17.4,-23.1,single_meal_kcal_only,0.08,strict,0.5,131.75,2,True,71.9,2.0
v5,630,2026-06-15,lunch,700.0,52.5,70.0,23.3,678,49,63,26,-3.1,-6.7,-10.0,11.6,709.8,56.425,60.849999999999994,26.75,1.4,7.5,-13.1,14.8,single_meal_kcal_only,0.08,strict,1.0,66.9,1,True,68.9,2.0
v5,637,2026-06-16,lunch|snack,1500.0,140.0,122.5,50.0,1472,130,133,46,-1.9,-7.1,8.6,-8.0,861.26,83.26,72.89,26.3,-42.6,-40.5,-40.5,-47.4,strict_tight,0.08,strict,1.0,72.27,1,True,39.3,3.0
v5,556,2026-05-22,lunch,700.0,52.5,70.0,23.3,690,58,70,20,-1.4,10.5,0.0,-14.2,676.35,63.525,65.4,17.85,-3.4,21.0,-6.6,-23.4,single_meal_kcal_only,0.08,strict,0.5,129.86,2,True,60.4,2.0
v5,561,2026-05-22,breakfast|lunch,1000.0,75.0,100.0,33.3,1029,68,104,38,2.9,-9.3,4.0,14.1,967.6600000000001,59.58,106.44,33.760000000000005,-3.2,-20.6,6.4,1.4,strict_relaxed_tol,0.1,strict,0.5,317.57,5,True,45.4,3.5
v5,566,2026-05-26,breakfast|dinner|lunch|snack,1200.0,90.0,120.0,40.0,1193,88,120,41,-0.6,-2.2,0.0,2.5,1255.32,90.27000000000001,118.75,46.6,4.6,0.3,-1.0,16.5,strict_tight,0.08,strict,0.5,194.62,2,True,26.1,2.0
v5,567,2026-05-27,breakfast|dinner|lunch|snack,1200.0,90.0,120.0,40.0,1217,94,121,40,1.4,4.4,0.8,0.0,1232.1100000000001,104.69,111.88999999999999,40.65,2.7,16.3,-6.8,1.6,strict_tight,0.08,strict,0.5,221.66,2,True,22.8,1.5
v5,570,2026-05-29,lunch,700.0,52.5,70.0,23.3,707,47,41,40,1.0,-10.5,-41.4,71.7,642.375,42.3,37.15,36.075,-8.2,-19.4,-46.9,54.8,single_meal_kcal_only,0.08,strict,mixed_quarter,192.88,3,True,100.0,2.75
v5,573,2026-06-02,breakfast|lunch|snack,2000.0,150.0,200.0,66.7,2020,152,202,67,1.0,1.3,1.0,0.4,1193.67,87.97,122.66,39.03,-40.3,-41.4,-38.7,-41.5,strict_tight,0.08,strict,1.0,103.08,1,True,37.8,4.0
v5,576,2026-06-03,breakfast|dinner|lunch|snack,1200.0,90.0,120.0,40.0,1257,106,137,32,4.8,17.8,14.2,-20.0,1239.44,116.445,129.11,28.6,3.3,29.4,7.6,-28.5,relaxed_culinary,0.2,relaxed,mixed_quarter,1581.55,24,True,31.2,2.5
v5,583,2026-06-01,dinner|lunch|snack,2442.0,107.0,355.0,66.0,2365,118,338,60,-3.2,10.3,-4.8,-9.1,2465.695,117.58,358.32,62.55499999999999,1.0,9.9,0.9,-5.2,strict_tight,0.08,strict,0.5,158.65,2,True,24.4,4.5
v5,587,2026-06-05,dinner|lunch|snack,2442.0,107.0,355.0,66.0,2429,123,356,57,-0.5,15.0,0.3,-13.6,1909.6350000000002,140.43,240.03999999999996,43.105000000000004,-21.8,31.2,-32.4,-34.7,strict_tight,0.08,strict,0.5,168.33,2,True,37.0,4.0
v5,589,2026-06-03,lunch,700.0,52.5,70.0,23.3,716,54,83,18,2.3,2.9,18.6,-22.7,615.27,55.2,59.22,17.52,-12.1,5.1,-15.4,-24.8,single_meal_kcal_only,0.08,strict,1.0,60.48,1,True,56.2,2.0
v5,592,2026-06-03,breakfast|dinner|lunch|snack,1100.0,82.5,110.0,36.7,1125,84,110,39,2.3,1.8,0.0,6.3,1162.62,79.83,121.72,39.62,5.7,-3.2,10.7,8.0,strict_tight,0.08,strict,0.5,181.67,2,True,33.9,1.5
v5,596,2026-06-09,breakfast|dinner|lunch|snack,1100.0,82.5,110.0,36.7,1100,82,110,37,0.0,-0.6,0.0,0.8,1104.3449999999998,83.61000000000001,107.225,37.895,0.4,1.3,-2.5,3.3,strict_tight,0.08,strict,0.5,173.71,2,True,23.3,2.5
v5,599,2026-06-12,breakfast|dinner|lunch|snack,1100.0,82.5,110.0,36.7,1041,75,112,33,-5.4,-9.1,1.8,-10.1,1139.435,76.12,125.76499999999999,36.885000000000005,3.6,-7.7,14.3,0.5,strict_tight,0.08,strict,0.5,123.07,2,True,24.5,2.0
v5,600,2026-06-15,breakfast|dinner|lunch|snack,1100.0,82.5,110.0,36.7,1112,83,112,37,1.1,0.6,1.8,0.8,1148.3200000000002,86.62,109.86000000000001,40.28,4.4,5.0,-0.1,9.8,strict_tight,0.08,strict,0.5,183.75,2,True,24.1,1.5
v5,602,2026-06-17,breakfast|dinner|lunch|snack,1100.0,82.5,110.0,36.7,1118,80,107,41,1.6,-3.0,-2.7,11.7,1080.8850000000002,77.21000000000001,110.18499999999997,36.825,-1.7,-6.4,0.2,0.3,strict_tight,0.08,strict,0.5,133.24,2,True,21.2,1.0
v5,604,2026-06-19,breakfast|dinner|lunch|snack,1100.0,82.5,110.0,36.7,1121,86,125,31,1.9,4.2,13.6,-15.5,1038.54,96.0,113.1,22.460000000000004,-5.6,16.4,2.8,-38.8,strict_relaxed_tol,0.15,strict,mixed_quarter,593.91,9,True,37.2,1.5
v5,640,2026-06-19,lunch|snack,1500.0,140.0,122.5,50.0,1472,130,133,46,-1.9,-7.1,8.6,-8.0,861.26,83.26,72.89,26.3,-42.6,-40.5,-40.5,-47.4,strict_tight,0.08,strict,1.0,61.86,1,True,39.3,3.0
v5,777,2026-07-02,lunch,700.0,52.5,70.0,23.3,740,52,78,25,5.7,-1.0,11.4,7.3,703.53,51.1,71.65,23.62,0.5,-2.7,2.4,1.4,single_meal_kcal_only,0.08,strict,1.0,58.02,1,True,88.4,2.0
v5,843,2026-08-04,breakfast|dinner|lunch|snack,1700.0,119.0,200.0,47.0,1704,134,185,48,0.2,12.6,-7.5,2.1,1723.07,118.2,212.88000000000002,44.31,1.4,-0.7,6.4,-5.7,strict_tight,0.08,strict,1.0,96.63,1,True,23.3,2.0
v5,779,2026-07-20,dinner|lunch,1410.0,150.0,68.0,60.0,995,82,91,34,-29.4,-45.3,33.8,-43.3,1008.4000000000001,82.36,90.99999999999999,35.0,-28.5,-45.1,33.8,-41.7,best_effort_lp,BEST_EFFORT_LP,relaxed,1.0,1428.35,25,True,34.1,2.0
v5,733,2026-06-24,lunch,700.0,52.5,70.0,23.3,707,47,41,40,1.0,-10.5,-41.4,71.7,1027.8,67.68,59.44,57.72,46.8,28.9,-15.1,147.7,single_meal_kcal_only,0.08,strict,mixed_quarter,167.49,3,True,100.0,2.75
v5,735,2026-06-26,lunch,700.0,52.5,70.0,23.3,690,58,70,20,-1.4,10.5,0.0,-14.2,676.35,63.525,65.4,17.85,-3.4,21.0,-6.6,-23.4,single_meal_kcal_only,0.08,strict,0.5,105.51,2,True,60.4,2.0
v5,736,2026-06-29,lunch,700.0,52.5,70.0,23.3,665,50,63,24,-5.0,-4.8,-10.0,3.0,651.295,48.945,71.69,19.175,-7.0,-6.8,2.4,-17.7,single_meal_kcal_only,0.08,strict,1.0,58.94,1,True,38.2,6.0
v5,856,2026-08-05,breakfast|dinner|lunch|snack,1900.0,133.0,223.0,53.0,1918,149,223,48,0.9,12.0,0.0,-9.4,1928.4499999999998,140.44,224.67000000000002,52.02,1.5,5.6,0.7,-1.8,strict_tight,0.08,strict,1.0,62.02,1,True,36.1,4.0
v5,858,2026-08-04,breakfast|lunch,1600.0,175.0,68.0,70.0,1606,175,68,71,0.4,0.0,0.0,1.4,1049.75,84.02000000000001,86.12,41.019999999999996,-34.4,-52.0,26.6,-41.4,strict_tight,0.08,strict,0.5,120.45,2,False,37.7,18.0
v5,860,2026-08-06,breakfast|lunch,1600.0,175.0,68.0,70.0,1630,185,82,62,1.9,5.7,20.6,-11.4,1029.79,111.32,67.27,35.06,-35.6,-36.4,-1.1,-49.9,strict_relaxed_tol,0.1,strict,0.5,400.74,5,True,67.1,5.5
v5,862,2026-08-03,dinner|lunch,1140.0,95.0,100.0,40.0,1143,94,101,40,0.3,-1.1,1.0,0.0,1143.46,91.08,97.67000000000002,43.16,0.3,-4.1,-2.3,7.9,strict_tight,0.08,strict,0.5,160.74,2,True,31.2,3.5
v5,804,2026-07-06,lunch,700.0,52.5,70.0,23.3,698,49,83,19,-0.3,-6.7,18.6,-18.5,677.41,62.31,63.53999999999999,19.39,-3.2,18.7,-9.2,-16.8,single_meal_kcal_only,0.08,strict,0.5,111.57,2,True,50.1,2.5
v5,864,2026-08-05,dinner|lunch,1140.0,95.0,100.0,40.0,1058,83,119,28,-7.2,-12.6,19.0,-30.0,1143.6100000000001,85.35,130.67,31.07,0.3,-10.2,30.7,-22.3,best_effort_lp,BEST_EFFORT_LP,relaxed,1.0,1487.68,25,True,39.9,2.0
v5,865,2026-08-06,dinner|lunch,1140.0,95.0,100.0,40.0,1182,107,88,44,3.7,12.6,-12.0,10.0,1151.46,99.33,94.865,41.64000000000001,1.0,4.6,-5.1,4.1,strict_relaxed_tol,0.1,strict,mixed_quarter,347.05,6,True,43.8,2.0
v5,806,2026-07-08,lunch,700.0,52.5,70.0,23.3,666,48,94,11,-4.9,-8.6,34.3,-52.8,834.5,80.72999999999999,78.63999999999999,21.9,19.2,53.8,12.3,-6.0,single_meal_kcal_only,0.08,strict,1.0,62.18,1,True,47.2,3.0
v5,807,2026-07-09,lunch,700.0,52.5,70.0,23.3,716,86,52,18,2.3,63.8,-25.7,-22.7,420.70000000000005,46.25,30.8,12.5,-39.9,-11.9,-56.0,-46.4,single_meal_kcal_only,0.08,strict,1.0,303.26,4,True,82.5,2.0
v5,866,2026-08-17,dinner|lunch,1140.0,95.0,100.0,40.0,1140,91,100,42,0.0,-4.2,0.0,5.0,1247.4700000000003,80.71000000000001,99.62,58.489999999999995,9.4,-15.0,-0.4,46.2,strict_tight,0.08,strict,0.5,175.69,2,True,36.6,2.0
v5,809,2026-07-09,dinner|lunch,1140.0,95.0,100.0,40.0,950,93,97,21,-16.7,-2.1,-3.0,-47.5,963.4000000000001,93.42,96.86,22.499999999999996,-15.5,-1.7,-3.1,-43.8,best_effort_lp,BEST_EFFORT_LP,relaxed,1.0,1491.36,25,True,35.9,2.0
v5,812,2026-07-20,dinner|lunch,1140.0,95.0,100.0,40.0,1091,95,91,39,-4.3,0.0,-9.0,-2.5,1099.99,86.30000000000001,90.62,43.61,-3.5,-9.2,-9.4,9.0,strict_tight,0.08,strict,1.0,63.45,1,True,28.8,6.0
v5,867,2026-08-18,dinner|lunch,1140.0,95.0,100.0,40.0,1105,119,98,26,-3.1,25.3,-2.0,-35.0,867.1800000000001,82.07999999999998,90.14,19.82,-23.9,-13.6,-9.9,-50.4,best_effort_lp,BEST_EFFORT_LP,relaxed,1.0,1457.0,25,True,43.0,2.0
v5,817,2026-07-28,dinner|lunch,1140.0,95.0,100.0,40.0,1188,89,104,46,4.2,-6.3,4.0,15.0,1232.125,90.32000000000001,107.05,49.19,8.1,-4.9,7.0,23.0,strict_relaxed_tol,0.15,strict,0.5,466.69,8,True,43.2,3.0
v5,818,2026-07-29,dinner|lunch,1140.0,95.0,100.0,40.0,1144,93,116,34,0.4,-2.1,16.0,-15.0,1211.26,104.48,115.66999999999999,36.75,6.3,10.0,15.7,-8.1,strict_relaxed_tol,0.15,strict,0.5,478.25,8,True,36.9,2.5
v5,868,2026-08-19,dinner|lunch,1140.0,95.0,100.0,40.0,1156,104,105,36,1.4,9.5,5.0,-10.0,936.04,73.13,85.89999999999999,33.33,-17.9,-23.0,-14.1,-16.7,strict_tight,0.08,strict,0.5,123.61,2,True,40.4,2.0
v5,871,2026-08-25,dinner|lunch,1140.0,95.0,100.0,40.0,1067,97,92,35,-6.4,2.1,-8.0,-12.5,997.2500000000001,83.53,91.79,32.89,-12.5,-12.1,-8.2,-17.8,strict_relaxed_tol,0.1,strict,0.5,393.47,5,True,29.3,1.5
v5,872,2026-08-26,dinner|lunch,1140.0,95.0,100.0,40.0,1153,98,101,39,1.1,3.2,1.0,-2.5,1156.095,90.62,96.245,45.415,1.4,-4.6,-3.8,13.5,strict_tight,0.08,strict,0.5,156.05,2,True,32.2,3.0
v5,873,2026-08-27,dinner|lunch,1140.0,95.0,100.0,40.0,1064,104,88,33,-6.7,9.5,-12.0,-17.5,906.9300000000001,79.92999999999999,76.44,31.280000000000005,-20.4,-15.9,-23.6,-21.8,strict_relaxed_tol,0.15,strict,mixed_quarter,605.73,9,True,36.3,1.5
v5,876,2026-08-11,breakfast|dinner|lunch|snack,3020.0,189.0,445.0,54.0,2945,167,409,71,-2.5,-11.6,-8.1,31.5,2542.13,150.60999999999999,335.97,66.21,-15.8,-20.3,-24.5,22.6,relaxed_culinary,0.07450331125827814,relaxed,0.5,1151.37,20,True,34.9,8.0
v5,878,2026-08-10,lunch,1650.0,136.0,144.0,59.0,1657,125,180,49,0.4,-8.1,25.0,-16.9,550.7,54.550000000000004,49.16,15.1,-66.6,-59.9,-65.9,-74.4,single_meal_kcal_only,0.08,strict,1.0,53.65,1,True,67.1,4.0
v5,880,2026-08-12,lunch,1650.0,136.0,144.0,59.0,1584,134,171,41,-4.0,-1.5,18.8,-30.5,431.60999999999996,41.160000000000004,38.75,12.440000000000001,-73.8,-69.7,-73.1,-78.9,single_meal_kcal_only,0.08,strict,1.0,53.82,1,True,58.1,6.0
v5,882,2026-08-14,lunch,1650.0,136.0,144.0,59.0,1555,136,118,60,-5.8,0.0,-18.1,1.7,562.73,52.99,39.43,21.45,-65.9,-61.0,-72.6,-63.6,single_meal_kcal_only,0.08,strict,1.0,56.21,1,True,57.0,5.0
v5,883,2026-08-10,lunch,700.0,52.5,70.0,23.3,690,58,70,20,-1.4,10.5,0.0,-14.2,689.5999999999999,58.475,69.61,19.700000000000003,-1.5,11.4,-0.6,-15.5,single_meal_kcal_only,0.08,strict,0.5,106.26,2,True,60.4,2.0
v5,885,2026-08-12,lunch,700.0,52.5,70.0,23.3,656,56,66,19,-6.3,6.7,-5.7,-18.5,810.95,72.10999999999999,76.94,23.86,15.9,37.4,9.9,2.4,single_meal_kcal_only,0.08,strict,0.5,111.76,2,True,71.0,1.5
v5,886,2026-08-13,lunch,700.0,52.5,70.0,23.3,710,57,59,27,1.4,8.6,-15.7,15.9,643.62,45.735,59.145,24.9,-8.1,-12.9,-15.5,6.9,single_meal_kcal_only,0.08,strict,0.5,114.79,2,True,62.4,2.0
v5,887,2026-08-14,lunch,700.0,52.5,70.0,23.3,676,55,71,19,-3.4,4.8,1.4,-18.5,589.75,40.12,76.22,13.819999999999999,-15.8,-23.6,8.9,-40.7,single_meal_kcal_only,0.08,strict,0.5,108.27,2,True,56.6,2.5
v5,889,2026-08-13,breakfast|dinner|lunch|snack,2200.0,154.0,259.0,61.0,2226,159,254,64,1.2,3.2,-1.9,4.9,2233.79,160.39,273.51,55.36,1.5,4.1,5.6,-9.2,strict_tight,0.08,strict,1.0,104.67,1,True,25.0,3.0
v5,891,2026-08-18,breakfast|dinner|lunch|snack,2000.0,125.0,295.0,36.0,2114,116,238,78,5.7,-7.2,-19.3,116.7,1960.5299999999997,102.13000000000002,237.11,67.11000000000001,-2.0,-18.3,-19.6,86.4,best_effort_lp,BEST_EFFORT_LP,relaxed,1.0,1405.2,25,True,22.1,5.0
v5,620,2026-06-10,dinner|lunch|snack,1500.0,140.0,122.5,50.0,1510,145,137,43,0.7,3.6,11.8,-14.0,1550.18,154.55,131.43,45.15,3.3,10.4,7.3,-9.7,strict_relaxed_tol,0.1,strict,0.5,277.06,5,True,45.0,2.5
v5,821,2026-07-16,dinner|lunch,1000.0,70.0,118.0,28.0,1006,96,104,23,0.6,37.1,-11.9,-17.9,968.1950000000002,83.255,110.12,21.685000000000002,-3.2,18.9,-6.7,-22.6,best_effort_lp,BEST_EFFORT_LP,relaxed,1.0,1377.34,25,True,33.9,2.0
v5,627,2026-06-10,lunch,700.0,52.5,70.0,23.3,716,54,83,18,2.3,2.9,18.6,-22.7,615.27,55.2,59.22,17.52,-12.1,5.1,-15.4,-24.8,single_meal_kcal_only,0.08,strict,1.0,54.66,1,True,56.2,2.0
v5,552,2026-05-18,lunch,700.0,52.5,70.0,23.3,730,54,62,29,4.3,2.9,-11.4,24.5,663.3900000000001,39.22,83.47,19.21,-5.2,-25.3,19.2,-17.6,single_meal_kcal_only,0.08,strict,0.5,119.97,2,True,64.0,2.5
v5,553,2026-05-19,lunch,700.0,52.5,70.0,23.3,652,53,77,15,-6.9,1.0,10.0,-35.6,694.86,76.46,56.2,18.259999999999998,-0.7,45.6,-19.7,-21.6,single_meal_kcal_only,0.08,strict,mixed_quarter,182.81,3,True,49.8,2.75
v5,557,2026-05-19,dinner|lunch|snack,1200.0,90.0,120.0,40.0,1152,83,102,46,-4.0,-7.8,-15.0,15.0,1333.04,114.7,105.64,50.2,11.1,27.4,-12.0,25.5,strict_relaxed_tol,0.2,strict,mixed_quarter,888.83,12,True,33.5,2.0
v5,562,2026-05-25,dinner|lunch|snack,1500.0,140.0,122.5,50.0,1505,160,127,40,0.3,14.3,3.7,-20.0,1504.5599999999997,160.47,123.0,41.199999999999996,0.3,14.6,0.4,-17.6,strict_relaxed_tol,0.2,strict,1.0,566.7,10,True,41.0,2.0
v5,568,2026-05-28,breakfast|dinner|lunch|snack,1200.0,90.0,120.0,40.0,1122,72,102,48,-6.5,-20.0,-15.0,20.0,1218.765,90.36,91.18,54.745000000000005,1.6,0.4,-24.0,36.9,relaxed_culinary,0.2,relaxed,1.0,1284.95,22,True,22.9,1.0
v5,571,2026-05-29,breakfast|lunch,600.0,45.0,60.0,20.0,606,43,62,21,1.0,-4.4,3.3,5.0,487.28499999999997,39.36,40.379999999999995,18.705,-18.8,-12.5,-32.7,-6.5,strict_tight,0.08,strict,0.5,115.51,2,False,39.2,1.0
v5,574,2026-06-01,breakfast|dinner|lunch|snack,1200.0,90.0,120.0,40.0,1304,86,181,26,8.7,-4.4,50.8,-35.0,1063.085,69.67500000000001,136.93,26.314999999999998,-11.4,-22.6,14.1,-34.2,best_effort_lp,BEST_EFFORT_LP,relaxed,1.0,1490.87,25,True,22.3,2.0
v5,578,2026-06-01,breakfast|lunch,600.0,45.0,60.0,20.0,600,47,59,20,0.0,4.4,-1.7,0.0,601.53,48.915,57.040000000000006,19.770000000000003,0.3,8.7,-4.9,-1.1,strict_tight,0.08,strict,0.5,122.87,2,False,39.0,2.5
v5,584,2026-06-02,dinner|lunch|snack,2442.0,107.0,355.0,66.0,2415,153,346,46,-1.1,43.0,-2.5,-30.3,2072.88,148.28,275.24,42.13999999999999,-15.1,38.6,-22.5,-36.2,best_effort_lp,BEST_EFFORT_LP,relaxed,1.0,1529.15,25,True,31.9,6.0
v5,585,2026-06-03,dinner|lunch|snack,2442.0,107.0,355.0,66.0,2207,122,353,34,-9.6,14.0,-0.6,-48.5,2372.68,139.18,356.63,43.339999999999996,-2.8,30.1,0.5,-34.3,best_effort_lp,BEST_EFFORT_LP,relaxed,1.0,1523.38,25,True,31.4,5.0
v5,586,2026-06-04,dinner|lunch|snack,2442.0,107.0,355.0,66.0,2442,129,354,57,0.0,20.6,-0.3,-13.6,2430.3,136.755,351.6,53.010000000000005,-0.5,27.8,-1.0,-19.7,strict_tight,0.08,strict,0.5,130.33,2,True,34.8,4.5
v5,590,2026-06-04,lunch,700.0,52.5,70.0,23.3,722,53,72,25,3.1,1.0,2.9,7.3,679.1,52.2,65.6,23.1,-3.0,-0.6,-6.3,-0.9,single_meal_kcal_only,0.08,strict,0.5,116.03,2,True,94.1,2.0
v5,593,2026-06-04,breakfast|dinner|lunch|snack,1100.0,82.5,110.0,36.7,1070,74,118,33,-2.7,-10.3,7.3,-10.1,1109.155,84.68,111.29500000000002,36.145,0.8,2.6,1.2,-1.5,strict_tight,0.08,strict,mixed_quarter,189.98,3,True,29.6,2.0
v5,594,2026-06-05,breakfast|dinner|lunch|snack,1100.0,82.5,110.0,36.7,1090,81,109,37,-0.9,-1.8,-0.9,0.8,1101.125,83.29,107.04,37.765,0.1,1.0,-2.7,2.9,strict_tight,0.08,strict,0.5,193.17,2,True,22.9,3.5
v5,597,2026-06-10,breakfast|dinner|lunch|snack,1100.0,82.5,110.0,36.7,1077,73,110,38,-2.1,-11.5,0.0,3.5,1102.875,82.18,108.56,37.785,0.3,-0.4,-1.3,3.0,strict_tight,0.08,strict,mixed_quarter,191.11,3,True,29.4,2.0
v5,598,2026-06-11,breakfast|dinner|lunch|snack,1100.0,82.5,110.0,36.7,1138,97,120,30,3.5,17.6,9.1,-18.3,1078.435,95.025,111.095,28.225,-2.0,15.2,1.0,-23.1,strict_relaxed_tol,0.15,strict,mixed_quarter,608.2,9,True,38.1,1.5
v5,601,2026-06-16,breakfast|dinner|lunch|snack,1100.0,82.5,110.0,36.7,1125,85,115,36,2.3,3.0,4.5,-1.9,1105.44,82.52499999999999,109.80999999999997,37.365,0.5,0.0,-0.2,1.8,strict_tight,0.08,strict,0.5,166.74,2,True,37.8,2.0
v5,603,2026-06-18,breakfast|dinner|lunch|snack,1100.0,82.5,110.0,36.7,1099,80,111,37,-0.1,-3.0,0.9,0.8,1142.9299999999998,90.99,111.63,36.95,3.9,10.3,1.5,0.7,strict_tight,0.08,strict,0.5,178.18,2,True,26.9,1.0
v5,776,2026-07-01,lunch,700.0,52.5,70.0,23.3,698,49,83,19,-0.3,-6.7,18.6,-18.5,695.765,52.02,72.695,21.935000000000002,-0.6,-0.9,3.8,-5.9,single_meal_kcal_only,0.08,strict,0.5,123.19,2,True,50.1,2.5
v5,507,2026-05-13,breakfast|dinner|lunch|snack,1200.0,90.0,120.0,40.0,1194,80,121,43,-0.5,-11.1,0.8,7.5,1228.35,71.34,115.73,53.37,2.4,-20.7,-3.6,33.4,strict_tight,0.08,strict,0.5,150.65,2,True,39.0,2.0
v5,508,2026-05-14,breakfast|dinner|lunch|snack,1200.0,90.0,120.0,40.0,1217,96,119,40,1.4,6.7,-0.8,0.0,1199.81,90.065,120.08,39.92999999999999,-0.0,0.1,0.1,-0.2,strict_tight,0.08,strict,0.5,200.13,2,True,21.9,1.5
v5,509,2026-05-15,breakfast|dinner|lunch|snack,1200.0,90.0,120.0,40.0,1164,79,121,41,-3.0,-12.2,0.8,2.5,1196.19,81.74000000000001,122.54999999999998,42.13,-0.3,-9.2,2.1,5.3,strict_tight,0.08,strict,1.0,64.44,1,True,17.6,2.0
v5,510,2026-05-18,breakfast|dinner|lunch|snack,1200.0,90.0,120.0,40.0,1204,95,118,39,0.3,5.6,-1.7,-2.5,1243.35,104.91000000000001,119.61999999999999,38.37,3.6,16.6,-0.3,-4.1,strict_tight,0.08,strict,0.5,219.0,2,True,25.9,1.5
v5,511,2026-05-19,breakfast|dinner|lunch|snack,1200.0,90.0,120.0,40.0,1212,92,121,40,1.0,2.2,0.8,0.0,1164.03,83.31,117.0,40.32,-3.0,-7.4,-2.5,0.8,strict_tight,0.08,strict,0.5,183.68,2,True,28.9,1.5
v5,512,2026-05-20,breakfast|dinner|lunch|snack,1200.0,90.0,120.0,40.0,1192,85,119,42,-0.7,-5.6,-0.8,5.0,1242.67,93.66,126.21000000000001,40.39000000000001,3.6,4.1,5.2,1.0,strict_tight,0.08,strict,0.5,183.62,2,True,28.9,2.5
v5,513,2026-05-21,breakfast|dinner|lunch|snack,1200.0,90.0,120.0,40.0,1202,91,111,44,0.2,1.1,-7.5,10.0,1158.12,83.765,113.805,40.879999999999995,-3.5,-6.9,-5.2,2.2,strict_tight,0.08,strict,mixed_quarter,181.69,3,True,25.7,1.75
v5,514,2026-05-22,breakfast|dinner|lunch|snack,1200.0,90.0,120.0,40.0,1211,89,128,38,0.9,-1.1,6.7,-5.0,1249.41,100.07,129.49999999999997,36.8,4.1,11.2,7.9,-8.0,strict_tight,0.08,strict,0.5,161.83,2,True,22.9,1.5
v5,515,2026-05-25,breakfast|dinner|lunch|snack,1200.0,90.0,120.0,40.0,1169,86,123,37,-2.6,-4.4,2.5,-7.5,1199.03,89.08,120.26,40.19,-0.1,-1.0,0.2,0.5,strict_tight,0.08,strict,1.0,62.28,1,True,20.0,2.0
v5,516,2026-05-26,breakfast|dinner|lunch|snack,1200.0,90.0,120.0,40.0,1253,101,119,41,4.4,12.2,-0.8,2.5,1211.0100000000002,93.95000000000002,127.9,35.97,0.9,4.4,6.6,-10.1,strict_tight,0.08,strict,0.5,180.07,2,True,37.3,1.5
v5,517,2026-05-27,breakfast|dinner|lunch|snack,1200.0,90.0,120.0,40.0,1240,91,123,43,3.3,1.1,2.5,7.5,1187.36,88.96,118.91,39.550000000000004,-1.1,-1.2,-0.9,-1.1,strict_tight,0.08,strict,1.0,60.37,1,True,20.9,2.0
v5,518,2026-05-28,breakfast|dinner|lunch|snack,1200.0,90.0,120.0,40.0,1211,93,119,40,0.9,3.3,-0.8,0.0,1248.43,102.80000000000001,120.02000000000001,39.71,4.0,14.2,0.0,-0.7,strict_tight,0.08,strict,0.5,190.93,2,True,19.6,1.5
v5,519,2026-05-29,breakfast|dinner|lunch|snack,1200.0,90.0,120.0,40.0,1217,95,118,40,1.4,5.6,-1.7,0.0,1222.025,94.36,122.05,39.615,1.8,4.8,1.7,-1.0,strict_tight,0.08,strict,0.5,156.48,2,True,38.1,1.5
v5,844,2026-08-05,breakfast|dinner|lunch|snack,1700.0,119.0,200.0,47.0,1673,115,188,51,-1.6,-3.4,-6.0,8.5,1680.585,115.55000000000001,198.235,47.269999999999996,-1.1,-2.9,-0.9,0.6,strict_tight,0.08,strict,0.5,169.4,2,True,22.9,3.5
v5,778,2026-07-03,lunch,700.0,52.5,70.0,23.3,710,57,59,27,1.4,8.6,-15.7,15.9,710.4449999999999,56.985,59.145,27.325,1.5,8.5,-15.5,17.3,single_meal_kcal_only,0.08,strict,0.5,115.37,2,True,62.4,2.0
v5,636,2026-06-15,lunch|snack,1500.0,140.0,122.5,50.0,1448,154,118,40,-3.5,10.0,-3.7,-20.0,889.645,96.975,73.57499999999999,23.055,-40.7,-30.7,-39.9,-53.9,strict_relaxed_tol,0.2,strict,1.0,614.73,10,True,59.9,4.0
v5,638,2026-06-17,dinner|lunch|snack,1500.0,140.0,122.5,50.0,1513,141,126,50,0.9,0.7,2.9,0.0,1621.7350000000001,160.195,139.525,46.985,8.1,14.4,13.9,-6.0,strict_tight,0.08,strict,0.5,171.59,2,True,29.3,3.0
v5,639,2026-06-18,lunch|snack,1500.0,140.0,122.5,50.0,1448,154,118,40,-3.5,10.0,-3.7,-20.0,889.645,96.975,73.57499999999999,23.055,-40.7,-30.7,-39.9,-53.9,strict_relaxed_tol,0.2,strict,1.0,582.9,10,True,59.9,4.0
v5,855,2026-08-04,breakfast|dinner|lunch|snack,1900.0,133.0,223.0,53.0,1828,134,202,54,-3.8,0.8,-9.4,1.9,1918.56,135.515,222.825,53.91,1.0,1.9,-0.1,1.7,strict_tight,0.08,strict,0.5,169.83,2,True,29.4,3.5
v5,857,2026-08-03,breakfast|lunch|snack,1600.0,175.0,68.0,70.0,1631,160,76,77,1.9,-8.6,11.8,10.0,1037.6599999999999,102.16,55.245,45.34,-35.1,-41.6,-18.8,-35.2,strict_tight,0.08,strict,0.5,124.15,2,True,41.4,3.5
v5,859,2026-08-05,breakfast|lunch|snack,1600.0,175.0,68.0,70.0,1496,128,103,63,-6.5,-26.9,51.5,-10.0,966.3,74.35000000000001,78.39999999999999,39.47,-39.6,-57.5,15.3,-43.6,best_effort_lp,BEST_EFFORT_LP,relaxed,1.0,1741.63,25,True,41.5,5.0
v5,861,2026-08-07,breakfast|lunch|snack,1600.0,175.0,68.0,70.0,1661,153,84,79,3.8,-12.6,23.5,12.9,946.3299999999999,79.92,59.13,43.370000000000005,-40.9,-54.3,-13.0,-38.0,strict_relaxed_tol,0.140625,strict,mixed_quarter,494.02,9,True,51.7,3.75
v5,863,2026-08-04,dinner|lunch,1140.0,95.0,100.0,40.0,1148,111,83,41,0.7,16.8,-17.0,2.5,1150.74,104.82,95.15,38.995,0.9,10.3,-4.8,-2.5,strict_relaxed_tol,0.2,strict,mixed_quarter,698.86,12,True,34.9,2.5
v5,869,2026-08-20,dinner|lunch,1140.0,95.0,100.0,40.0,1158,88,106,43,1.6,-7.4,6.0,7.5,1225.105,101.78999999999999,84.955,53.125,7.5,7.1,-15.0,32.8,strict_tight,0.08,strict,0.5,126.47,2,True,30.8,2.0
v5,870,2026-08-24,dinner|lunch,1140.0,95.0,100.0,40.0,1064,104,88,33,-6.7,9.5,-12.0,-17.5,906.9300000000001,79.92999999999999,76.44,31.279999999999998,-20.4,-15.9,-23.6,-21.8,strict_relaxed_tol,0.15,strict,mixed_quarter,591.34,9,True,36.3,1.5
v5,874,2026-08-31,dinner|lunch,1140.0,95.0,100.0,40.0,1133,80,99,46,-0.6,-15.8,-1.0,15.0,1212.21,81.35,89.935,58.59,6.3,-14.4,-10.1,46.5,strict_relaxed_tol,0.15,strict,0.5,467.98,8,True,51.6,2.5
v5,840,2026-08-04,breakfast|dinner|lunch|snack,1450.0,102.0,170.0,40.0,1437,102,170,39,-0.9,0.0,0.0,-2.5,1443.1299999999999,101.37,169.14999999999998,40.12,-0.5,-0.6,-0.5,0.3,strict_tight,0.08,strict,1.0,100.01,1,True,16.5,3.0
v5,732,2026-06-23,lunch,700.0,52.5,70.0,23.3,646,53,81,12,-7.7,1.0,15.7,-48.5,691.05,62.72,74.025,16.45,-1.3,19.5,5.8,-29.4,single_meal_kcal_only,0.08,strict,mixed_quarter,168.26,3,True,45.9,3.0
v5,841,2026-08-05,breakfast|dinner|lunch|snack,1450.0,102.0,170.0,40.0,1427,94,172,40,-1.6,-7.8,1.2,0.0,1461.2849999999999,105.505,171.165,39.4,0.8,3.4,0.7,-1.5,strict_tight,0.08,strict,0.5,139.85,2,True,26.9,2.5
v5,734,2026-06-25,lunch,700.0,52.5,70.0,23.3,678,49,63,26,-3.1,-6.7,-10.0,11.6,704.6,55.125,62.45,26.25,0.7,5.0,-10.8,12.7,single_meal_kcal_only,0.08,strict,1.0,54.56,1,True,68.9,2.0
v5,842,2026-08-06,breakfast|dinner|lunch|snack,1450.0,102.0,170.0,40.0,1384,101,158,39,-4.6,-1.0,-7.1,-2.5,1447.7400000000002,102.72,171.16,39.14999999999999,-0.2,0.7,0.7,-2.1,strict_tight,0.08,strict,1.0,58.37,1,True,22.4,5.0
v5,875,2026-08-07,lunch,1240.0,124.0,74.0,50.0,1200,132,61,48,-3.2,6.5,-17.6,-4.0,506.345,50.879999999999995,30.380000000000003,20.15,-59.2,-59.0,-58.9,-59.7,single_meal_kcal_only,0.08,strict,1.0,52.74,1,True,66.3,4.0
v5,805,2026-07-07,lunch,700.0,52.5,70.0,23.3,710,57,59,27,1.4,8.6,-15.7,15.9,724.51,38.480000000000004,78.86,28.35,3.5,-26.7,12.7,21.7,single_meal_kcal_only,0.08,strict,0.5,111.59,2,True,62.4,2.0
v5,808,2026-07-08,dinner|lunch,1140.0,95.0,100.0,40.0,1126,91,102,39,-1.2,-4.2,2.0,-2.5,1157.1000000000001,96.35,104.05000000000001,39.519999999999996,1.5,1.4,4.1,-1.2,strict_tight,0.08,strict,0.5,151.8,2,True,39.4,1.5
v5,877,2026-08-12,breakfast|dinner|lunch|snack,3020.0,189.0,445.0,54.0,2756,201,307,81,-8.7,6.3,-31.0,50.0,3126.99,210.07999999999998,386.2,82.42999999999999,3.5,11.2,-13.2,52.6,best_effort_lp,BEST_EFFORT_LP,relaxed,1.0,1430.18,25,True,27.7,7.0
v5,810,2026-07-15,dinner|lunch,1140.0,95.0,100.0,40.0,1126,91,102,39,-1.2,-4.2,2.0,-2.5,1130.6000000000001,95.46999999999998,104.04999999999998,36.96,-0.8,0.5,4.0,-7.6,strict_tight,0.08,strict,0.5,152.5,2,True,39.4,1.5
v5,811,2026-07-16,dinner|lunch,1140.0,95.0,100.0,40.0,1138,112,99,33,-0.2,17.9,-1.0,-17.5,1144.64,110.005,100.43,33.695,0.4,15.8,0.4,-15.8,strict_relaxed_tol,0.2,strict,mixed_quarter,713.87,12,True,39.9,1.75
v5,879,2026-08-11,lunch,1650.0,136.0,144.0,59.0,1351,81,184,32,-18.1,-40.4,27.8,-45.8,507.46,28.48,69.49,12.850000000000001,-69.2,-79.1,-51.7,-78.2,single_meal_kcal_only,0.18181818181818182,strict,1.0,1220.96,22,True,93.7,3.0
v5,813,2026-07-21,dinner|lunch,1140.0,95.0,100.0,40.0,1135,96,99,39,-0.4,1.1,-1.0,-2.5,1269.1599999999999,106.075,94.35000000000001,51.940000000000005,11.3,11.7,-5.6,29.9,strict_tight,0.08,strict,0.5,147.61,2,True,41.2,2.0
v5,814,2026-07-22,dinner|lunch,1140.0,95.0,100.0,40.0,1299,107,93,56,13.9,12.6,-7.0,40.0,1142.8,77.915,101.53999999999999,47.230000000000004,0.2,-18.0,1.5,18.1,best_effort_lp,BEST_EFFORT_LP,relaxed,1.0,1374.8,25,True,39.6,2.0
v5,881,2026-08-13,lunch,1650.0,136.0,144.0,59.0,1520,141,139,45,-7.9,3.7,-3.5,-23.7,551.825,52.779999999999994,40.33,19.93,-66.6,-61.2,-72.0,-66.2,single_meal_kcal_only,0.08,strict,1.0,58.25,1,True,67.0,5.0
v5,815,2026-07-23,dinner|lunch,1140.0,95.0,100.0,40.0,1175,107,108,35,3.1,12.6,8.0,-12.5,1026.3600000000001,105.46000000000001,83.44,30.090000000000003,-10.0,11.0,-16.6,-24.8,strict_relaxed_tol,0.1,strict,mixed_quarter,331.5,6,True,50.6,1.75
v5,884,2026-08-11,lunch,700.0,52.5,70.0,23.3,741,58,66,27,5.9,10.5,-5.7,15.9,683.905,44.32,71.82,24.375,-2.3,-15.6,2.6,4.6,single_meal_kcal_only,0.08,strict,0.5,118.63,2,True,54.0,2.5
v5,816,2026-07-27,dinner|lunch,1140.0,95.0,100.0,40.0,1155,90,111,39,1.3,-5.3,11.0,-2.5,1157.025,74.38,121.655,41.43,1.5,-21.7,21.7,3.6,strict_tight,0.08,strict,0.5,112.21,2,True,43.5,6.5
v5,888,2026-08-12,breakfast|dinner|lunch|snack,2200.0,154.0,259.0,61.0,2143,135,233,74,-2.6,-12.3,-10.0,21.3,2118.0699999999997,134.35,236.94000000000003,70.325,-3.7,-12.8,-8.5,15.3,strict_relaxed_tol,0.10227272727272727,strict,0.5,504.7,8,True,22.2,4.5
v5,819,2026-07-30,dinner|lunch,1140.0,95.0,100.0,40.0,1131,93,102,39,-0.8,-2.1,2.0,-2.5,1152.3149999999998,93.245,92.87500000000001,45.34,1.1,-1.8,-7.1,13.4,strict_tight,0.08,strict,1.0,61.51,1,True,41.3,2.0
v5,890,2026-08-17,breakfast|dinner|lunch|snack,2000.0,125.0,295.0,36.0,1627,122,153,59,-18.6,-2.4,-48.1,63.9,1877.2700000000002,121.52000000000001,198.62,66.30000000000001,-6.1,-2.8,-32.7,84.2,best_effort_lp,BEST_EFFORT_LP,relaxed,1.0,1414.7,25,True,20.9,2.0
