version,diet_id,diet_label,diet_group,combo,target_kcal,target_protein_g,target_carbs_g,target_fat_g,actual_kcal,actual_protein_g,actual_carbs_g,actual_fat_g,dev_kcal_pct,dev_protein_pct,dev_carbs_pct,dev_fat_pct,solve_mode,tolerance_tier,culinary_pass,serving_step,wall_time_ms,lp_attempts,root_cause_category,root_cause_detail,culinary_cap_adherent,max_subrecipe_kcal_share_pct,max_subrecipe_servings
v0,person_1,Person 1,real,full_day,2000.0,175.0,200.0,56.0,2012,153,200,67,0.6,-12.6,0.0,19.6,strict_relaxed_tol,0.15,strict,0.5,390.73,6,RECIPE_POOL_MISMATCH,"achievable kcal [1218,5176] vs target 2000",True,25.9,4.5
v0,person_1,Person 1,real,lunch_snack_dinner,2000.0,175.0,200.0,56.0,1746,105,206,56,-12.7,-40.0,3.0,0.0,best_effort_lp,BEST_EFFORT_LP,relaxed,1.0,1104.7,17,SERVING_BALANCE_RATIO_BLOCKED,flat_2.5x_default_ratio,True,25.2,5.0
v0,person_1,Person 1,real,lunch_dinner,2000.0,175.0,200.0,56.0,1773,107,204,59,-11.3,-38.9,2.0,5.4,best_effort_lp,BEST_EFFORT_LP,relaxed,1.0,1233.64,17,SERVING_BALANCE_RATIO_BLOCKED,flat_2.5x_default_ratio,True,24.8,5.0
v0,person_1,Person 1,real,lunch_only,2000.0,175.0,200.0,56.0,940,78,78,35,-53.0,-55.4,-61.0,-37.5,best_effort_lp,BEST_EFFORT_LP,relaxed,1.0,917.88,17,RECIPE_POOL_MISMATCH,"achievable kcal [472,2087] vs target 2000",True,44.4,2.0
v0,person_1,Person 1,real,dinner_only,2000.0,175.0,200.0,56.0,1294,71,129,55,-35.3,-59.4,-35.5,-1.8,best_effort_lp,BEST_EFFORT_LP,relaxed,1.0,1017.3,17,RECIPE_POOL_MISMATCH,"achievable kcal [396,1724] vs target 2000",True,47.5,5.0
v0,person_1,Person 1,real,lunch_snack,2000.0,175.0,200.0,56.0,1323,86,129,52,-33.9,-50.9,-35.5,-7.1,best_effort_lp,BEST_EFFORT_LP,relaxed,1.0,975.13,17,SERVING_BALANCE_RATIO_BLOCKED,flat_2.5x_default_ratio,True,31.5,3.0
v0,person_2,Person 2,real,full_day,1350.0,101.0,135.0,45.0,1360,101,135,47,0.7,0.0,0.0,4.4,strict_tight,0.08,strict,0.5,184.58,2,,,True,23.0,3.0
v0,person_2,Person 2,real,lunch_snack_dinner,1350.0,101.0,135.0,45.0,1335,94,138,45,-1.1,-6.9,2.2,0.0,strict_tight,0.08,strict,0.5,158.77,2,,,True,31.2,3.5
v0,person_2,Person 2,real,lunch_dinner,1350.0,101.0,135.0,45.0,1340,95,136,46,-0.7,-5.9,0.7,2.2,strict_tight,0.08,strict,1.0,62.41,1,,,True,31.1,4.0
v0,person_2,Person 2,real,lunch_only,1350.0,101.0,135.0,45.0,940,78,78,35,-30.4,-22.8,-42.2,-22.2,best_effort_lp,BEST_EFFORT_LP,relaxed,1.0,1102.36,17,SERVING_BALANCE_RATIO_BLOCKED,flat_2.5x_default_ratio,True,44.4,2.0
v0,person_2,Person 2,real,dinner_only,1350.0,101.0,135.0,45.0,1140,57,128,45,-15.6,-43.6,-5.2,0.0,best_effort_lp,BEST_EFFORT_LP,relaxed,1.0,1073.19,17,RECIPE_POOL_MISMATCH,"achievable kcal [396,1724] vs target 1350",True,40.4,5.0
v0,person_2,Person 2,real,lunch_snack,1350.0,101.0,135.0,45.0,1347,98,130,48,-0.2,-3.0,-3.7,6.7,strict_tight,0.08,strict,0.5,138.88,2,,,True,38.7,2.5
v0,person_3,Person 3,real,full_day,1800.0,135.0,180.0,60.0,1835,131,178,66,1.9,-3.0,-1.1,10.0,strict_tight,0.08,strict,1.0,71.85,1,,,True,22.7,3.0
v0,person_3,Person 3,real,lunch_snack_dinner,1800.0,135.0,180.0,60.0,1786,128,182,61,-0.8,-5.2,1.1,1.7,strict_tight,0.08,strict,0.5,137.3,2,,,True,29.2,4.5
v0,person_3,Person 3,real,lunch_dinner,1800.0,135.0,180.0,60.0,1841,119,192,66,2.3,-11.9,6.7,10.0,strict_tight,0.08,strict,1.0,81.27,1,,,True,23.9,5.0
v0,person_3,Person 3,real,lunch_only,1800.0,135.0,180.0,60.0,940,78,78,35,-47.8,-42.2,-56.7,-41.7,best_effort_lp,BEST_EFFORT_LP,relaxed,1.0,1361.64,17,SERVING_BALANCE_RATIO_BLOCKED,flat_2.5x_default_ratio,True,44.4,2.0
v0,person_3,Person 3,real,dinner_only,1800.0,135.0,180.0,60.0,1363,73,131,61,-24.3,-45.9,-27.2,1.7,best_effort_lp,BEST_EFFORT_LP,relaxed,1.0,1481.95,17,RECIPE_POOL_MISMATCH,"achievable kcal [396,1724] vs target 1800",True,45.1,5.0
v0,person_3,Person 3,real,lunch_snack,1800.0,135.0,180.0,60.0,1706,108,168,67,-5.2,-20.0,-6.7,11.7,relaxed_culinary,0.2,relaxed,0.5,1294.26,16,SERVING_BALANCE_RATIO_BLOCKED,flat_2.5x_default_ratio,True,33.7,4.5
v0,person_4,Person 4,real,full_day,1140.0,95.0,100.0,40.0,1138,87,101,43,-0.2,-8.4,1.0,7.5,strict_tight,0.08,strict,0.5,261.25,2,,,True,22.4,2.0
v0,person_4,Person 4,real,lunch_snack_dinner,1140.0,95.0,100.0,40.0,1168,83,107,45,2.5,-12.6,7.0,12.5,strict_relaxed_tol,0.1,strict,0.5,692.97,4,RECIPE_POOL_MISMATCH,"achievable kcal [996,4450] vs target 1140",True,26.8,2.5
v0,person_4,Person 4,real,lunch_dinner,1140.0,95.0,100.0,40.0,1174,91,105,43,3.0,-4.2,5.0,7.5,strict_tight,0.08,strict,0.5,466.58,2,,,True,35.5,2.5
v0,person_4,Person 4,real,lunch_only,1140.0,95.0,100.0,40.0,1096,95,90,40,-3.9,0.0,-10.0,0.0,strict_tight,0.08,strict,0.5,158.94,2,,,True,47.6,2.5
v0,person_4,Person 4,real,dinner_only,1140.0,95.0,100.0,40.0,967,53,96,41,-15.2,-44.2,-4.0,2.5,best_effort_lp,BEST_EFFORT_LP,relaxed,1.0,1375.38,17,RECIPE_POOL_MISMATCH,"achievable kcal [396,1724] vs target 1140",True,47.6,4.0
v0,person_4,Person 4,real,lunch_snack,1140.0,95.0,100.0,40.0,1147,95,100,41,0.6,0.0,0.0,2.5,strict_tight,0.08,strict,0.5,171.53,2,,,True,45.5,2.5
v0,person_5,Person 5,real,full_day,1400.0,105.0,140.0,46.7,1377,101,139,47,-1.6,-3.8,-0.7,0.6,strict_tight,0.08,strict,0.5,219.93,2,,,True,22.7,3.0
v0,person_5,Person 5,real,lunch_snack_dinner,1400.0,105.0,140.0,46.7,1380,96,133,52,-1.4,-8.6,-5.0,11.3,strict_tight,0.08,strict,1.0,74.77,1,,,True,30.2,3.0
v0,person_5,Person 5,real,lunch_dinner,1400.0,105.0,140.0,46.7,1357,97,138,47,-3.1,-7.6,-1.4,0.6,strict_tight,0.08,strict,1.0,77.83,1,,,True,30.7,3.0
v0,person_5,Person 5,real,lunch_only,1400.0,105.0,140.0,46.7,940,78,78,35,-32.9,-25.7,-44.3,-25.1,best_effort_lp,BEST_EFFORT_LP,relaxed,1.0,1224.57,17,SERVING_BALANCE_RATIO_BLOCKED,flat_2.5x_default_ratio,True,44.4,2.0
v0,person_5,Person 5,real,dinner_only,1400.0,105.0,140.0,46.7,1209,60,130,50,-13.6,-42.9,-7.1,7.1,best_effort_lp,BEST_EFFORT_LP,relaxed,1.0,1161.65,17,RECIPE_POOL_MISMATCH,"achievable kcal [396,1724] vs target 1400",True,38.1,5.0
v0,person_5,Person 5,real,lunch_snack,1400.0,105.0,140.0,46.7,1347,98,130,48,-3.8,-6.7,-7.1,2.8,strict_tight,0.08,strict,0.5,228.53,2,,,True,38.7,2.5
v0,person_6,Person 6,real,full_day,1600.0,120.0,160.0,53.3,1600,119,160,54,0.0,-0.8,0.0,1.3,strict_tight,0.08,strict,0.5,250.84,2,,,True,26.1,4.0
v0,person_6,Person 6,real,lunch_snack_dinner,1600.0,120.0,160.0,53.3,1613,119,160,55,0.8,-0.8,0.0,3.2,strict_tight,0.08,strict,0.5,152.71,2,,,True,32.3,4.0
v0,person_6,Person 6,real,lunch_dinner,1600.0,120.0,160.0,53.3,1599,112,158,58,-0.1,-6.7,-1.2,8.8,strict_tight,0.08,strict,1.0,75.62,1,,,True,26.1,4.0
v0,person_6,Person 6,real,lunch_only,1600.0,120.0,160.0,53.3,940,78,78,35,-41.2,-35.0,-51.2,-34.3,best_effort_lp,BEST_EFFORT_LP,relaxed,1.0,1521.23,17,SERVING_BALANCE_RATIO_BLOCKED,flat_2.5x_default_ratio,True,44.4,2.0
v0,person_6,Person 6,real,dinner_only,1600.0,120.0,160.0,53.3,1294,71,129,55,-19.1,-40.8,-19.4,3.2,best_effort_lp,BEST_EFFORT_LP,relaxed,1.0,1563.72,17,RECIPE_POOL_MISMATCH,"achievable kcal [396,1724] vs target 1600",True,47.5,5.0
v0,person_6,Person 6,real,lunch_snack,1600.0,120.0,160.0,53.3,1539,102,156,56,-3.8,-15.0,-2.5,5.1,relaxed_culinary,0.1,relaxed,0.5,1855.9,12,SERVING_BALANCE_RATIO_BLOCKED,flat_2.5x_default_ratio,True,33.9,4.0
v0,person_7,Person 7,real,full_day,1700.0,127.5,170.0,56.7,1707,116,171,62,0.4,-9.0,0.6,9.3,strict_tight,0.08,strict,1.0,100.1,1,,,True,24.4,3.0
v0,person_7,Person 7,real,lunch_snack_dinner,1700.0,127.5,170.0,56.7,1710,113,173,63,0.6,-11.4,1.8,11.1,strict_tight,0.08,strict,1.0,107.47,1,,,True,25.7,5.0
v0,person_7,Person 7,real,lunch_dinner,1700.0,127.5,170.0,56.7,1687,114,178,58,-0.8,-10.6,4.7,2.3,strict_tight,0.08,strict,1.0,84.77,1,,,True,26.1,5.0
v0,person_7,Person 7,real,lunch_only,1700.0,127.5,170.0,56.7,940,78,78,35,-44.7,-38.8,-54.1,-38.3,best_effort_lp,BEST_EFFORT_LP,relaxed,1.0,1330.54,17,SERVING_BALANCE_RATIO_BLOCKED,flat_2.5x_default_ratio,True,44.4,2.0
v0,person_7,Person 7,real,dinner_only,1700.0,127.5,170.0,56.7,1363,73,131,61,-19.8,-42.7,-22.9,7.6,best_effort_lp,BEST_EFFORT_LP,relaxed,1.0,1490.24,17,RECIPE_POOL_MISMATCH,"achievable kcal [396,1724] vs target 1700",True,45.1,5.0
v0,person_7,Person 7,real,lunch_snack,1700.0,127.5,170.0,56.7,1672,106,167,64,-1.6,-16.9,-1.8,12.9,relaxed_culinary,0.15,relaxed,0.5,1283.93,14,SERVING_BALANCE_RATIO_BLOCKED,flat_2.5x_default_ratio,True,34.4,4.5
v0,person_8,Person 8,real,full_day,1400.0,70.0,175.0,46.7,1398,70,175,47,-0.1,0.0,0.0,0.6,strict_tight,0.08,strict,0.5,332.56,2,,,True,25.2,4.0
v0,person_8,Person 8,real,lunch_snack_dinner,1400.0,70.0,175.0,46.7,1433,71,182,47,2.4,1.4,4.0,0.6,strict_tight,0.08,strict,1.0,132.94,1,,,True,30.7,5.0
v0,person_8,Person 8,real,lunch_dinner,1400.0,70.0,175.0,46.7,1374,72,167,47,-1.9,2.9,-4.6,0.6,strict_tight,0.08,strict,1.0,83.11,1,,,True,32.0,5.0
v0,person_8,Person 8,real,lunch_only,1400.0,70.0,175.0,46.7,940,78,78,35,-32.9,11.4,-55.4,-25.1,best_effort_lp,BEST_EFFORT_LP,relaxed,1.0,1572.04,17,RECIPE_POOL_MISMATCH,"achievable kcal [472,2087] vs target 1400",True,44.4,2.0
v0,person_8,Person 8,real,dinner_only,1400.0,70.0,175.0,46.7,1294,71,129,55,-7.6,1.4,-26.3,17.8,best_effort_lp,BEST_EFFORT_LP,relaxed,1.0,1715.11,17,RECIPE_POOL_MISMATCH,"achievable kcal [396,1724] vs target 1400",True,47.5,5.0
v0,person_8,Person 8,real,lunch_snack,1400.0,70.0,175.0,46.7,1469,89,156,55,4.9,27.1,-10.9,17.8,relaxed_culinary,0.2,relaxed,0.5,1289.54,16,SERVING_BALANCE_RATIO_BLOCKED,flat_2.5x_default_ratio,True,34.8,4.0
v0,person_9,Person 9,real,full_day,1140.0,95.0,100.0,40.0,1138,87,101,43,-0.2,-8.4,1.0,7.5,strict_tight,0.08,strict,0.5,233.17,2,,,True,22.4,2.0
v0,person_9,Person 9,real,lunch_snack_dinner,1140.0,95.0,100.0,40.0,1168,83,107,45,2.5,-12.6,7.0,12.5,strict_relaxed_tol,0.1,strict,0.5,402.92,4,RECIPE_POOL_MISMATCH,"achievable kcal [996,4450] vs target 1140",True,26.8,2.5
v0,person_9,Person 9,real,lunch_dinner,1140.0,95.0,100.0,40.0,1174,91,105,43,3.0,-4.2,5.0,7.5,strict_tight,0.08,strict,0.5,192.0,2,,,True,35.5,2.5
v0,person_9,Person 9,real,lunch_only,1140.0,95.0,100.0,40.0,1096,95,90,40,-3.9,0.0,-10.0,0.0,strict_tight,0.08,strict,0.5,146.37,2,,,True,47.6,2.5
v0,person_9,Person 9,real,dinner_only,1140.0,95.0,100.0,40.0,967,53,96,41,-15.2,-44.2,-4.0,2.5,best_effort_lp,BEST_EFFORT_LP,relaxed,1.0,1366.57,17,RECIPE_POOL_MISMATCH,"achievable kcal [396,1724] vs target 1140",True,47.6,4.0
v0,person_9,Person 9,real,lunch_snack,1140.0,95.0,100.0,40.0,1147,95,100,41,0.6,0.0,0.0,2.5,strict_tight,0.08,strict,0.5,170.59,2,,,True,45.5,2.5
v0,person_10,Person 10,real,full_day,1200.0,90.0,120.0,40.0,1175,83,120,40,-2.1,-7.8,0.0,0.0,strict_tight,0.08,strict,0.5,235.15,2,,,True,21.7,2.0
v0,person_10,Person 10,real,lunch_snack_dinner,1200.0,90.0,120.0,40.0,1239,92,117,45,3.2,2.2,-2.5,12.5,strict_tight,0.08,strict,0.5,194.43,2,,,True,33.7,3.0
v0,person_10,Person 10,real,lunch_dinner,1200.0,90.0,120.0,40.0,1184,86,120,40,-1.3,-4.4,0.0,0.0,strict_tight,0.08,strict,0.5,246.53,2,,,True,35.2,3.0
v0,person_10,Person 10,real,lunch_only,1200.0,90.0,120.0,40.0,940,78,78,35,-21.7,-13.3,-35.0,-12.5,best_effort_lp,BEST_EFFORT_LP,relaxed,1.0,1451.49,17,SERVING_BALANCE_RATIO_BLOCKED,flat_2.5x_default_ratio,True,44.4,2.0
v0,person_10,Person 10,real,dinner_only,1200.0,90.0,120.0,40.0,1055,55,116,42,-12.1,-38.9,-3.3,5.0,best_effort_lp,BEST_EFFORT_LP,relaxed,1.0,1161.95,17,RECIPE_POOL_MISMATCH,"achievable kcal [396,1724] vs target 1200",True,43.7,5.0
v0,person_10,Person 10,real,lunch_snack,1200.0,90.0,120.0,40.0,1126,80,110,41,-6.2,-11.1,-8.3,2.5,strict_tight,0.08,strict,1.0,67.49,1,,,True,37.0,2.0
v0,synth_1000_balanced,1000kcal / balanced,synthetic,full_day,1000.0,72.0,76.8,45.0,999,72,77,45,-0.1,0.0,0.3,0.0,strict_tight,0.08,strict,0.5,259.5,2,,,True,25.5,2.0
v0,synth_1000_balanced,1000kcal / balanced,synthetic,lunch_snack_dinner,1000.0,72.0,76.8,45.0,1008,72,77,46,0.8,0.0,0.3,2.2,strict_tight,0.08,strict,0.5,223.48,2,,,True,30.5,2.0
v0,synth_1000_balanced,1000kcal / balanced,synthetic,lunch_dinner,1000.0,72.0,76.8,45.0,1021,73,75,48,2.1,1.4,-2.3,6.7,strict_tight,0.08,strict,1.0,67.2,1,,,True,30.1,2.0
v0,synth_1000_balanced,1000kcal / balanced,synthetic,lunch_only,1000.0,72.0,76.8,45.0,1027,81,90,38,2.7,12.5,17.2,-15.6,strict_relaxed_tol,0.2,strict,0.5,712.34,8,SERVING_BALANCE_RATIO_BLOCKED,flat_2.5x_default_ratio,True,40.6,2.5
v0,synth_1000_balanced,1000kcal / balanced,synthetic,dinner_only,1000.0,72.0,76.8,45.0,998,63,76,49,-0.2,-12.5,-1.0,8.9,strict_tight,0.08,strict,0.5,223.83,2,,,True,61.5,4.0
v0,synth_1000_balanced,1000kcal / balanced,synthetic,lunch_snack,1000.0,72.0,76.8,45.0,1019,79,77,44,1.9,9.7,0.3,-2.2,strict_tight,0.08,strict,0.5,145.91,2,,,True,41.0,2.5
v0,synth_1000_low_protein,1000kcal / low protein,synthetic,full_day,1000.0,49.5,99.2,45.0,994,49,100,44,-0.6,-1.0,0.8,-2.2,strict_tight,0.08,strict,0.5,219.33,2,,,True,19.3,2.0
v0,synth_1000_low_protein,1000kcal / low protein,synthetic,lunch_snack_dinner,1000.0,49.5,99.2,45.0,995,50,100,44,-0.5,1.0,0.8,-2.2,strict_tight,0.08,strict,0.5,198.08,2,,,True,19.3,2.0
v0,synth_1000_low_protein,1000kcal / low protein,synthetic,lunch_dinner,1000.0,49.5,99.2,45.0,990,59,98,40,-1.0,19.2,-1.2,-11.1,strict_relaxed_tol,0.1,strict,0.5,370.98,4,MACRO_TOLERANCE_TOO_TIGHT,needs >= 15% band,True,21.1,2.5
v0,synth_1000_low_protein,1000kcal / low protein,synthetic,lunch_only,1000.0,49.5,99.2,45.0,731,48,75,27,-26.9,-3.0,-24.4,-40.0,best_effort_lp,BEST_EFFORT_LP,relaxed,1.0,1478.94,17,SERVING_BALANCE_RATIO_BLOCKED,flat_2.5x_default_ratio,True,28.6,2.0
v0,synth_1000_low_protein,1000kcal / low protein,synthetic,dinner_only,1000.0,49.5,99.2,45.0,1036,56,98,47,3.6,13.1,-1.2,4.4,strict_tight,0.08,strict,1.0,76.95,1,,,True,44.5,4.0
v0,synth_1000_low_protein,1000kcal / low protein,synthetic,lunch_snack,1000.0,49.5,99.2,45.0,975,65,91,39,-2.5,31.3,-8.3,-13.3,strict_relaxed_tol,0.2,strict,0.5,564.36,8,SERVING_BALANCE_RATIO_BLOCKED,flat_2.5x_default_ratio,True,32.1,2.0
v0,synth_1000_extremely_low_protein,1000kcal / extremely low protein,synthetic,full_day,1000.0,27.0,121.8,45.0,1218,79,108,52,21.8,192.6,-11.3,15.6,best_effort_lp,BEST_EFFORT_LP,relaxed,1.0,1792.91,17,RECIPE_POOL_MISMATCH,"achievable kcal [1218,5176] vs target 1000",True,17.1,1.0
v0,synth_1000_extremely_low_protein,1000kcal / extremely low protein,synthetic,lunch_snack_dinner,1000.0,27.0,121.8,45.0,1006,43,123,38,0.6,59.3,1.0,-15.6,relaxed_culinary,0.2,relaxed,0.5,1679.99,16,RECIPE_POOL_MISMATCH,"achievable kcal [996,4450] vs target 1000",True,31.8,2.5
v0,synth_1000_extremely_low_protein,1000kcal / extremely low protein,synthetic,lunch_dinner,1000.0,27.0,121.8,45.0,1127,66,118,43,12.7,144.4,-3.1,-4.4,best_effort_lp,BEST_EFFORT_LP,relaxed,1.0,1530.55,17,RECIPE_POOL_MISMATCH,"achievable kcal [868,3811] vs target 1000",True,18.5,2.0
v0,synth_1000_extremely_low_protein,1000kcal / extremely low protein,synthetic,lunch_only,1000.0,27.0,121.8,45.0,731,48,75,27,-26.9,77.8,-38.4,-40.0,best_effort_lp,BEST_EFFORT_LP,relaxed,1.0,1648.16,17,RECIPE_POOL_MISMATCH,"achievable kcal [472,2087] vs target 1000",True,28.6,2.0
v0,synth_1000_extremely_low_protein,1000kcal / extremely low protein,synthetic,dinner_only,1000.0,27.0,121.8,45.0,833,30,126,24,-16.7,11.1,3.4,-46.7,best_effort_lp,BEST_EFFORT_LP,relaxed,1.0,1350.03,17,RECIPE_POOL_MISMATCH,"achievable kcal [396,1724] vs target 1000",True,52.8,5.0
v0,synth_1000_extremely_low_protein,1000kcal / extremely low protein,synthetic,lunch_snack,1000.0,27.0,121.8,45.0,1115,55,127,43,11.5,103.7,4.3,-4.4,best_effort_lp,BEST_EFFORT_LP,relaxed,1.0,1628.11,17,RECIPE_POOL_MISMATCH,"achievable kcal [600,2726] vs target 1000",True,34.4,3.0
v0,synth_1000_high_protein,1000kcal / high protein,synthetic,full_day,1000.0,90.0,58.8,45.0,994,83,63,45,-0.6,-7.8,7.1,0.0,strict_tight,0.08,strict,0.5,147.22,2,,,True,23.2,1.5
v0,synth_1000_high_protein,1000kcal / high protein,synthetic,lunch_snack_dinner,1000.0,90.0,58.8,45.0,996,77,61,50,-0.4,-14.4,3.7,11.1,strict_relaxed_tol,0.15,strict,0.5,594.77,6,RECIPE_POOL_MISMATCH,"achievable kcal [996,4450] vs target 1000",True,38.5,2.5
v0,synth_1000_high_protein,1000kcal / high protein,synthetic,lunch_dinner,1000.0,90.0,58.8,45.0,1004,85,59,47,0.4,-5.6,0.3,4.4,strict_tight,0.08,strict,0.5,246.33,2,,,True,31.2,2.0
v0,synth_1000_high_protein,1000kcal / high protein,synthetic,lunch_only,1000.0,90.0,58.8,45.0,974,91,58,42,-2.6,1.1,-1.4,-6.7,strict_tight,0.08,strict,0.5,154.39,2,,,True,53.6,2.5
v0,synth_1000_high_protein,1000kcal / high protein,synthetic,dinner_only,1000.0,90.0,58.8,45.0,945,63,58,51,-5.5,-30.0,-1.4,13.3,best_effort_lp,BEST_EFFORT_LP,relaxed,1.0,1539.8,17,RECIPE_POOL_MISMATCH,"achievable kcal [396,1724] vs target 1000",True,65.0,4.0
v0,synth_1000_high_protein,1000kcal / high protein,synthetic,lunch_snack,1000.0,90.0,58.8,45.0,995,91,61,43,-0.5,1.1,3.7,-4.4,strict_tight,0.08,strict,0.5,139.63,2,,,True,52.4,2.5
v0,synth_1000_extremely_high_protein,1000kcal / extremely high protein,synthetic,full_day,1000.0,115.9,33.8,44.6,1218,79,108,52,21.8,-31.8,219.5,16.6,best_effort_lp,BEST_EFFORT_LP,relaxed,1.0,1873.96,17,RECIPE_POOL_MISMATCH,"achievable kcal [1218,5176] vs target 1000",True,17.1,1.0
v0,synth_1000_extremely_high_protein,1000kcal / extremely high protein,synthetic,lunch_snack_dinner,1000.0,115.9,33.8,44.6,996,62,91,42,-0.4,-46.5,169.2,-5.8,best_effort_lp,BEST_EFFORT_LP,relaxed,1.0,1940.16,17,RECIPE_POOL_MISMATCH,"achievable kcal [996,4450] vs target 1000",True,21.0,1.0
v0,synth_1000_extremely_high_protein,1000kcal / extremely high protein,synthetic,lunch_dinner,1000.0,115.9,33.8,44.6,1021,73,75,48,2.1,-37.0,121.9,7.6,best_effort_lp,BEST_EFFORT_LP,relaxed,1.0,1696.43,17,RECIPE_POOL_MISMATCH,"achievable kcal [868,3811] vs target 1000",True,30.1,2.0
v0,synth_1000_extremely_high_protein,1000kcal / extremely high protein,synthetic,lunch_only,1000.0,115.9,33.8,44.6,750,72,44,32,-25.0,-37.9,30.2,-28.3,best_effort_lp,BEST_EFFORT_LP,relaxed,1.0,1469.98,17,SERVING_BALANCE_RATIO_BLOCKED,flat_2.5x_default_ratio,True,55.7,2.0
v0,synth_1000_extremely_high_protein,1000kcal / extremely high protein,synthetic,dinner_only,1000.0,115.9,33.8,44.6,857,62,38,51,-14.3,-46.5,12.4,14.3,best_effort_lp,BEST_EFFORT_LP,relaxed,1.0,1292.95,17,RECIPE_POOL_MISMATCH,"achievable kcal [396,1724] vs target 1000",True,71.7,4.0
v0,synth_1000_extremely_high_protein,1000kcal / extremely high protein,synthetic,lunch_snack,1000.0,115.9,33.8,44.6,877,75,61,37,-12.3,-35.3,80.5,-17.0,best_effort_lp,BEST_EFFORT_LP,relaxed,1.0,1267.64,17,RECIPE_POOL_MISMATCH,"achievable kcal [600,2726] vs target 1000",True,47.6,2.0
v0,synth_1000_low_fat,1000kcal / low fat,synthetic,full_day,1000.0,72.0,127.4,22.5,1306,81,128,52,30.6,12.5,0.5,131.1,best_effort_lp,BEST_EFFORT_LP,relaxed,1.0,1249.63,17,RECIPE_POOL_MISMATCH,"achievable kcal [1218,5176] vs target 1000",True,16.0,2.0
v0,synth_1000_low_fat,1000kcal / low fat,synthetic,lunch_snack_dinner,1000.0,72.0,127.4,22.5,1172,66,131,43,17.2,-8.3,2.8,91.1,best_effort_lp,BEST_EFFORT_LP,relaxed,1.0,1260.05,17,RECIPE_POOL_MISMATCH,"achievable kcal [996,4450] vs target 1000",True,22.5,3.0
v0,synth_1000_low_fat,1000kcal / low fat,synthetic,lunch_dinner,1000.0,72.0,127.4,22.5,995,57,128,28,-0.5,-20.8,0.5,24.4,strict_relaxed_tol,0.2,strict,0.5,720.04,8,RECIPE_POOL_MISMATCH,"achievable kcal [868,3811] vs target 1000",True,26.5,3.0
v0,synth_1000_low_fat,1000kcal / low fat,synthetic,lunch_only,1000.0,72.0,127.4,22.5,785,73,63,27,-21.5,1.4,-50.5,20.0,best_effort_lp,BEST_EFFORT_LP,relaxed,1.0,1390.78,17,SERVING_BALANCE_RATIO_BLOCKED,flat_2.5x_default_ratio,True,53.1,2.0
v0,synth_1000_low_fat,1000kcal / low fat,synthetic,dinner_only,1000.0,72.0,127.4,22.5,833,30,126,24,-16.7,-58.3,-1.1,6.7,best_effort_lp,BEST_EFFORT_LP,relaxed,1.0,1158.96,17,RECIPE_POOL_MISMATCH,"achievable kcal [396,1724] vs target 1000",True,52.8,5.0
v0,synth_1000_low_fat,1000kcal / low fat,synthetic,lunch_snack,1000.0,72.0,127.4,22.5,913,75,80,32,-8.7,4.2,-37.2,42.2,best_effort_lp,BEST_EFFORT_LP,relaxed,1.0,1212.76,17,RECIPE_POOL_MISMATCH,"achievable kcal [600,2726] vs target 1000",True,45.7,2.0
v0,synth_1000_extremely_low_fat,1000kcal / extremely low fat,synthetic,full_day,1000.0,72.0,152.7,11.2,1394,83,147,53,39.4,15.3,-3.7,373.2,best_effort_lp,BEST_EFFORT_LP,relaxed,1.0,1376.01,17,RECIPE_POOL_MISMATCH,"achievable kcal [1218,5176] vs target 1000",True,18.9,3.0
v0,synth_1000_extremely_low_fat,1000kcal / extremely low fat,synthetic,lunch_snack_dinner,1000.0,72.0,152.7,11.2,1276,69,152,43,27.6,-4.2,-0.5,283.9,best_effort_lp,BEST_EFFORT_LP,relaxed,1.0,1186.81,17,RECIPE_POOL_MISMATCH,"achievable kcal [996,4450] vs target 1000",True,20.7,3.0
v0,synth_1000_extremely_low_fat,1000kcal / extremely low fat,synthetic,lunch_dinner,1000.0,72.0,152.7,11.2,1220,66,153,38,22.0,-8.3,0.2,239.3,best_effort_lp,BEST_EFFORT_LP,relaxed,1.0,1255.64,17,RECIPE_POOL_MISMATCH,"achievable kcal [868,3811] vs target 1000",True,36.1,5.0
v0,synth_1000_extremely_low_fat,1000kcal / extremely low fat,synthetic,lunch_only,1000.0,72.0,152.7,11.2,577,42,61,18,-42.3,-41.7,-60.1,60.7,best_effort_lp,BEST_EFFORT_LP,relaxed,1.0,1253.08,17,RECIPE_POOL_MISMATCH,"achievable kcal [472,2087] vs target 1000",True,36.3,2.0
v0,synth_1000_extremely_low_fat,1000kcal / extremely low fat,synthetic,dinner_only,1000.0,72.0,152.7,11.2,748,27,114,20,-25.2,-62.5,-25.3,78.6,best_effort_lp,BEST_EFFORT_LP,relaxed,1.0,1270.31,17,RECIPE_POOL_MISMATCH,"achievable kcal [396,1724] vs target 1000",True,58.8,5.0
v0,synth_1000_extremely_low_fat,1000kcal / extremely low fat,synthetic,lunch_snack,1000.0,72.0,152.7,11.2,704,45,78,24,-29.6,-37.5,-48.9,114.3,best_effort_lp,BEST_EFFORT_LP,relaxed,1.0,1387.04,17,RECIPE_POOL_MISMATCH,"achievable kcal [600,2726] vs target 1000",True,29.7,2.0
v0,synth_1000_high_fat,1000kcal / high fat,synthetic,full_day,1000.0,66.5,33.8,66.5,1218,79,108,52,21.8,18.8,219.5,-21.8,best_effort_lp,BEST_EFFORT_LP,relaxed,1.0,1320.93,17,RECIPE_POOL_MISMATCH,"achievable kcal [1218,5176] vs target 1000",True,17.1,1.0
v0,synth_1000_high_fat,1000kcal / high fat,synthetic,lunch_snack_dinner,1000.0,66.5,33.8,66.5,1065,65,94,48,6.5,-2.3,178.1,-27.8,best_effort_lp,BEST_EFFORT_LP,relaxed,1.0,1791.59,17,RECIPE_POOL_MISMATCH,"achievable kcal [996,4450] vs target 1000",True,19.6,2.0
v0,synth_1000_high_fat,1000kcal / high fat,synthetic,lunch_dinner,1000.0,66.5,33.8,66.5,1021,73,75,48,2.1,9.8,121.9,-27.8,best_effort_lp,BEST_EFFORT_LP,relaxed,1.0,1162.53,17,RECIPE_POOL_MISMATCH,"achievable kcal [868,3811] vs target 1000",True,30.1,2.0
v0,synth_1000_high_fat,1000kcal / high fat,synthetic,lunch_only,1000.0,66.5,33.8,66.5,680,69,42,26,-32.0,3.8,24.3,-60.9,best_effort_lp,BEST_EFFORT_LP,relaxed,1.0,1503.82,17,RECIPE_POOL_MISMATCH,"achievable kcal [472,2087] vs target 1000",True,61.3,2.0
v0,synth_1000_high_fat,1000kcal / high fat,synthetic,dinner_only,1000.0,66.5,33.8,66.5,995,67,43,62,-0.5,0.8,27.2,-6.8,strict_tight,0.08,strict,1.0,72.36,1,,,True,61.7,4.0
v0,synth_1000_high_fat,1000kcal / high fat,synthetic,lunch_snack,1000.0,66.5,33.8,66.5,808,72,59,32,-19.2,8.3,74.6,-51.9,best_effort_lp,BEST_EFFORT_LP,relaxed,1.0,1242.88,17,RECIPE_POOL_MISMATCH,"achievable kcal [600,2726] vs target 1000",True,51.6,2.0
v0,synth_1000_extremely_high_fat,1000kcal / extremely high fat,synthetic,full_day,1000.0,52.8,33.8,72.6,1218,79,108,52,21.8,49.6,219.5,-28.4,best_effort_lp,BEST_EFFORT_LP,relaxed,1.0,1404.95,17,RECIPE_POOL_MISMATCH,"achievable kcal [1218,5176] vs target 1000",True,17.1,1.0
v0,synth_1000_extremely_high_fat,1000kcal / extremely high fat,synthetic,lunch_snack_dinner,1000.0,52.8,33.8,72.6,996,62,91,42,-0.4,17.4,169.2,-42.1,best_effort_lp,BEST_EFFORT_LP,relaxed,1.0,1368.82,17,RECIPE_POOL_MISMATCH,"achievable kcal [996,4450] vs target 1000",True,21.0,1.0
v0,synth_1000_extremely_high_fat,1000kcal / extremely high fat,synthetic,lunch_dinner,1000.0,52.8,33.8,72.6,868,60,74,37,-13.2,13.6,118.9,-49.0,best_effort_lp,BEST_EFFORT_LP,relaxed,1.0,1213.11,17,RECIPE_POOL_MISMATCH,"achievable kcal [868,3811] vs target 1000",True,24.0,1.0
v0,synth_1000_extremely_high_fat,1000kcal / extremely high fat,synthetic,lunch_only,1000.0,52.8,33.8,72.6,541,42,42,23,-45.9,-20.5,24.3,-68.3,best_effort_lp,BEST_EFFORT_LP,relaxed,1.0,1198.49,17,RECIPE_POOL_MISMATCH,"achievable kcal [472,2087] vs target 1000",True,38.6,2.0
v0,synth_1000_extremely_high_fat,1000kcal / extremely high fat,synthetic,dinner_only,1000.0,52.8,33.8,72.6,977,68,29,65,-2.3,28.8,-14.2,-10.5,strict_relaxed_tol,0.2,strict,0.5,857.57,8,RECIPE_POOL_MISMATCH,"achievable kcal [396,1724] vs target 1000",True,62.9,4.0
v0,synth_1000_extremely_high_fat,1000kcal / extremely high fat,synthetic,lunch_snack,1000.0,52.8,33.8,72.6,669,45,59,28,-33.1,-14.8,74.6,-61.4,best_effort_lp,BEST_EFFORT_LP,relaxed,1.0,1593.32,17,RECIPE_POOL_MISMATCH,"achievable kcal [600,2726] vs target 1000",True,31.2,2.0
v0,synth_1000_low_carbs,1000kcal / low carbs,synthetic,full_day,1000.0,84.0,33.8,58.8,1279,81,109,57,27.9,-3.6,222.5,-3.1,best_effort_lp,BEST_EFFORT_LP,relaxed,1.0,1224.77,17,RECIPE_POOL_MISMATCH,"achievable kcal [1218,5176] vs target 1000",True,16.3,2.0
v0,synth_1000_low_carbs,1000kcal / low carbs,synthetic,lunch_snack_dinner,1000.0,84.0,33.8,58.8,1218,79,95,58,21.8,-6.0,181.1,-1.4,best_effort_lp,BEST_EFFORT_LP,relaxed,1.0,1656.38,17,RECIPE_POOL_MISMATCH,"achievable kcal [996,4450] vs target 1000",True,25.2,2.0
v0,synth_1000_low_carbs,1000kcal / low carbs,synthetic,lunch_dinner,1000.0,84.0,33.8,58.8,999,82,48,53,-0.1,-2.4,42.0,-9.9,strict_relaxed_tol,0.2,strict,0.5,805.89,8,RECIPE_POOL_MISMATCH,"achievable kcal [868,3811] vs target 1000",True,46.1,3.0
v0,synth_1000_low_carbs,1000kcal / low carbs,synthetic,lunch_only,1000.0,84.0,33.8,58.8,750,72,44,32,-25.0,-14.3,30.2,-45.6,best_effort_lp,BEST_EFFORT_LP,relaxed,1.0,1414.38,17,RECIPE_POOL_MISMATCH,"achievable kcal [472,2087] vs target 1000",True,55.7,2.0
v0,synth_1000_low_carbs,1000kcal / low carbs,synthetic,dinner_only,1000.0,84.0,33.8,58.8,1010,75,39,62,1.0,-10.7,15.4,5.4,strict_tight,0.08,strict,1.0,62.93,1,,,True,76.0,5.0
v0,synth_1000_low_carbs,1000kcal / low carbs,synthetic,lunch_snack,1000.0,84.0,33.8,58.8,877,75,61,37,-12.3,-10.7,80.5,-37.1,best_effort_lp,BEST_EFFORT_LP,relaxed,1.0,1207.35,17,RECIPE_POOL_MISMATCH,"achievable kcal [600,2726] vs target 1000",True,47.6,2.0
v0,synth_1000_extremely_low_carbs,1000kcal / extremely low carbs,synthetic,full_day,1000.0,80.5,33.8,60.3,1279,81,109,57,27.9,0.6,222.5,-5.5,best_effort_lp,BEST_EFFORT_LP,relaxed,1.0,1083.69,17,RECIPE_POOL_MISMATCH,"achievable kcal [1218,5176] vs target 1000",True,16.3,2.0
v0,synth_1000_extremely_low_carbs,1000kcal / extremely low carbs,synthetic,lunch_snack_dinner,1000.0,80.5,33.8,60.3,1218,79,95,58,21.8,-1.9,181.1,-3.8,best_effort_lp,BEST_EFFORT_LP,relaxed,1.0,1250.4,17,RECIPE_POOL_MISMATCH,"achievable kcal [996,4450] vs target 1000",True,25.2,2.0
v0,synth_1000_extremely_low_carbs,1000kcal / extremely low carbs,synthetic,lunch_dinner,1000.0,80.5,33.8,60.3,999,82,48,53,-0.1,1.9,42.0,-12.1,strict_relaxed_tol,0.2,strict,0.5,498.36,8,RECIPE_POOL_MISMATCH,"achievable kcal [868,3811] vs target 1000",True,46.1,3.0
v0,synth_1000_extremely_low_carbs,1000kcal / extremely low carbs,synthetic,lunch_only,1000.0,80.5,33.8,60.3,750,72,44,32,-25.0,-10.6,30.2,-46.9,best_effort_lp,BEST_EFFORT_LP,relaxed,1.0,1168.21,17,RECIPE_POOL_MISMATCH,"achievable kcal [472,2087] vs target 1000",True,55.7,2.0
v0,synth_1000_extremely_low_carbs,1000kcal / extremely low carbs,synthetic,dinner_only,1000.0,80.5,33.8,60.3,1010,75,39,62,1.0,-6.8,15.4,2.8,strict_tight,0.08,strict,1.0,58.56,1,,,True,76.0,5.0
v0,synth_1000_extremely_low_carbs,1000kcal / extremely low carbs,synthetic,lunch_snack,1000.0,80.5,33.8,60.3,877,75,61,37,-12.3,-6.8,80.5,-38.6,best_effort_lp,BEST_EFFORT_LP,relaxed,1.0,1177.82,17,RECIPE_POOL_MISMATCH,"achievable kcal [600,2726] vs target 1000",True,47.6,2.0
v0,synth_1000_high_carbs,1000kcal / high carbs,synthetic,full_day,1000.0,54.0,135.2,27.0,1034,55,134,31,3.4,1.9,-0.9,14.8,strict_tight,0.08,strict,0.5,135.76,2,,,True,29.8,3.5
v0,synth_1000_high_carbs,1000kcal / high carbs,synthetic,lunch_snack_dinner,1000.0,54.0,135.2,27.0,1008,55,137,27,0.8,1.9,1.3,0.0,strict_tight,0.08,strict,0.5,269.53,2,,,True,39.3,4.5
v0,synth_1000_high_carbs,1000kcal / high carbs,synthetic,lunch_dinner,1000.0,54.0,135.2,27.0,986,55,131,27,-1.4,1.9,-3.1,0.0,strict_tight,0.08,strict,0.5,251.3,2,,,True,35.7,4.0
v0,synth_1000_high_carbs,1000kcal / high carbs,synthetic,lunch_only,1000.0,54.0,135.2,27.0,731,48,75,27,-26.9,-11.1,-44.5,0.0,best_effort_lp,BEST_EFFORT_LP,relaxed,1.0,1753.88,17,SERVING_BALANCE_RATIO_BLOCKED,flat_2.5x_default_ratio,True,28.6,2.0
v0,synth_1000_high_carbs,1000kcal / high carbs,synthetic,dinner_only,1000.0,54.0,135.2,27.0,952,42,126,31,-4.8,-22.2,-6.8,14.8,strict_relaxed_tol,0.15,strict,0.5,622.26,6,RECIPE_POOL_MISMATCH,"achievable kcal [396,1724] vs target 1000",True,46.2,5.0
v0,synth_1000_high_carbs,1000kcal / high carbs,synthetic,lunch_snack,1000.0,54.0,135.2,27.0,991,52,121,34,-0.9,-3.7,-10.5,25.9,relaxed_culinary,0.2,relaxed,0.5,1303.23,16,SERVING_BALANCE_RATIO_BLOCKED,flat_2.5x_default_ratio,True,32.2,2.5
v0,synth_1000_extremely_high_carbs,1000kcal / extremely high carbs,synthetic,full_day,1000.0,40.5,174.1,15.7,1482,84,167,53,48.2,107.4,-4.1,237.6,best_effort_lp,BEST_EFFORT_LP,relaxed,1.0,1662.54,17,RECIPE_POOL_MISMATCH,"achievable kcal [1218,5176] vs target 1000",True,23.8,4.0
v0,synth_1000_extremely_high_carbs,1000kcal / extremely high carbs,synthetic,lunch_snack_dinner,1000.0,40.5,174.1,15.7,1348,69,170,44,34.8,70.4,-2.4,180.3,best_effort_lp,BEST_EFFORT_LP,relaxed,1.0,1471.3,17,RECIPE_POOL_MISMATCH,"achievable kcal [996,4450] vs target 1000",True,32.6,5.0
v0,synth_1000_extremely_high_carbs,1000kcal / extremely high carbs,synthetic,lunch_dinner,1000.0,40.5,174.1,15.7,1220,66,153,38,22.0,63.0,-12.1,142.0,best_effort_lp,BEST_EFFORT_LP,relaxed,1.0,1731.28,17,RECIPE_POOL_MISMATCH,"achievable kcal [868,3811] vs target 1000",True,36.1,5.0
v0,synth_1000_extremely_high_carbs,1000kcal / extremely high carbs,synthetic,lunch_only,1000.0,40.5,174.1,15.7,577,42,61,18,-42.3,3.7,-65.0,14.6,best_effort_lp,BEST_EFFORT_LP,relaxed,1.0,1213.08,17,RECIPE_POOL_MISMATCH,"achievable kcal [472,2087] vs target 1000",True,36.3,2.0
v0,synth_1000_extremely_high_carbs,1000kcal / extremely high carbs,synthetic,dinner_only,1000.0,40.5,174.1,15.7,748,27,114,20,-25.2,-33.3,-34.5,27.4,best_effort_lp,BEST_EFFORT_LP,relaxed,1.0,1188.31,17,RECIPE_POOL_MISMATCH,"achievable kcal [396,1724] vs target 1000",True,58.8,5.0
v0,synth_1000_extremely_high_carbs,1000kcal / extremely high carbs,synthetic,lunch_snack,1000.0,40.5,174.1,15.7,704,45,78,24,-29.6,11.1,-55.2,52.9,best_effort_lp,BEST_EFFORT_LP,relaxed,1.0,1265.5,17,RECIPE_POOL_MISMATCH,"achievable kcal [600,2726] vs target 1000",True,29.7,2.0
v0,synth_1500_balanced,1500kcal / balanced,synthetic,full_day,1500.0,96.0,144.0,60.0,1519,98,147,60,1.3,2.1,2.1,0.0,strict_tight,0.08,strict,1.0,105.9,1,,,True,16.8,2.0
v0,synth_1500_balanced,1500kcal / balanced,synthetic,lunch_snack_dinner,1500.0,96.0,144.0,60.0,1506,99,143,60,0.4,3.1,-0.7,0.0,strict_tight,0.08,strict,1.0,99.97,1,,,True,27.7,2.0
v0,synth_1500_balanced,1500kcal / balanced,synthetic,lunch_dinner,1500.0,96.0,144.0,60.0,1541,96,149,62,2.7,0.0,3.5,3.3,strict_tight,0.08,strict,1.0,111.58,1,,,True,29.9,3.0
v0,synth_1500_balanced,1500kcal / balanced,synthetic,lunch_only,1500.0,96.0,144.0,60.0,940,78,78,35,-37.3,-18.8,-45.8,-41.7,best_effort_lp,BEST_EFFORT_LP,relaxed,1.0,1146.87,17,SERVING_BALANCE_RATIO_BLOCKED,flat_2.5x_default_ratio,True,44.4,2.0
v0,synth_1500_balanced,1500kcal / balanced,synthetic,dinner_only,1500.0,96.0,144.0,60.0,1448,84,130,66,-3.5,-12.5,-9.7,10.0,strict_relaxed_tol,0.1,strict,1.0,343.62,3,MACRO_TOLERANCE_TOO_TIGHT,needs >= 10% band,True,53.0,5.0
v0,synth_1500_balanced,1500kcal / balanced,synthetic,lunch_snack,1500.0,96.0,144.0,60.0,1451,103,134,56,-3.3,7.3,-6.9,-6.7,strict_tight,0.08,strict,0.5,147.58,2,,,True,36.0,2.5
v0,synth_1500_low_protein,1500kcal / low protein,synthetic,full_day,1500.0,66.0,174.0,60.0,1501,67,174,60,0.1,1.5,0.0,0.0,strict_tight,0.08,strict,0.5,222.3,2,,,True,21.3,2.5
v0,synth_1500_low_protein,1500kcal / low protein,synthetic,lunch_snack_dinner,1500.0,66.0,174.0,60.0,1539,76,174,60,2.6,15.2,0.0,0.0,strict_tight,0.08,strict,1.0,123.7,1,,,True,17.1,3.0
v0,synth_1500_low_protein,1500kcal / low protein,synthetic,lunch_dinner,1500.0,66.0,174.0,60.0,1493,80,170,55,-0.5,21.2,-2.3,-8.3,strict_tight,0.08,strict,0.5,173.6,2,,,True,26.5,4.5
v0,synth_1500_low_protein,1500kcal / low protein,synthetic,lunch_only,1500.0,66.0,174.0,60.0,940,78,78,35,-37.3,18.2,-55.2,-41.7,best_effort_lp,BEST_EFFORT_LP,relaxed,1.0,1332.06,17,RECIPE_POOL_MISMATCH,"achievable kcal [472,2087] vs target 1500",True,44.4,2.0
v0,synth_1500_low_protein,1500kcal / low protein,synthetic,dinner_only,1500.0,66.0,174.0,60.0,1363,73,131,61,-9.1,10.6,-24.7,1.7,best_effort_lp,BEST_EFFORT_LP,relaxed,1.0,1308.86,17,RECIPE_POOL_MISMATCH,"achievable kcal [396,1724] vs target 1500",True,45.1,5.0
v0,synth_1500_low_protein,1500kcal / low protein,synthetic,lunch_snack,1500.0,66.0,174.0,60.0,1469,89,156,55,-2.1,34.8,-10.3,-8.3,relaxed_culinary,0.2,relaxed,0.5,1156.07,16,SERVING_BALANCE_RATIO_BLOCKED,flat_2.5x_default_ratio,True,34.8,4.0
v0,synth_1500_extremely_low_protein,1500kcal / extremely low protein,synthetic,full_day,1500.0,36.0,204.0,60.0,1521,59,201,53,1.4,63.9,-1.5,-11.7,relaxed_culinary,0.2,relaxed,0.5,1181.2,16,RECIPE_POOL_MISMATCH,"achievable kcal [1218,5176] vs target 1500",True,33.6,4.0
v0,synth_1500_extremely_low_protein,1500kcal / extremely low protein,synthetic,lunch_snack_dinner,1500.0,36.0,204.0,60.0,1462,57,193,51,-2.5,58.3,-5.4,-15.0,relaxed_culinary,0.2,relaxed,0.5,1125.86,16,RECIPE_POOL_MISMATCH,"achievable kcal [996,4450] vs target 1500",True,35.0,4.0
v0,synth_1500_extremely_low_protein,1500kcal / extremely low protein,synthetic,lunch_dinner,1500.0,36.0,204.0,60.0,1564,77,201,50,4.3,113.9,-1.5,-16.7,best_effort_lp,BEST_EFFORT_LP,relaxed,1.0,1257.43,17,RECIPE_POOL_MISMATCH,"achievable kcal [868,3811] vs target 1500",True,28.1,5.0
v0,synth_1500_extremely_low_protein,1500kcal / extremely low protein,synthetic,lunch_only,1500.0,36.0,204.0,60.0,731,48,75,27,-51.3,33.3,-63.2,-55.0,best_effort_lp,BEST_EFFORT_LP,relaxed,1.0,1390.46,17,RECIPE_POOL_MISMATCH,"achievable kcal [472,2087] vs target 1500",True,28.6,2.0
v0,synth_1500_extremely_low_protein,1500kcal / extremely low protein,synthetic,dinner_only,1500.0,36.0,204.0,60.0,1056,46,129,39,-29.6,27.8,-36.8,-35.0,best_effort_lp,BEST_EFFORT_LP,relaxed,1.0,1313.72,17,RECIPE_POOL_MISMATCH,"achievable kcal [396,1724] vs target 1500",True,41.7,5.0
v0,synth_1500_extremely_low_protein,1500kcal / extremely low protein,synthetic,lunch_snack,1500.0,36.0,204.0,60.0,1115,55,127,43,-25.7,52.8,-37.7,-28.3,best_effort_lp,BEST_EFFORT_LP,relaxed,1.0,1315.45,17,RECIPE_POOL_MISMATCH,"achievable kcal [600,2726] vs target 1500",True,34.4,3.0
v0,synth_1500_high_protein,1500kcal / high protein,synthetic,full_day,1500.0,120.0,120.0,60.0,1509,122,119,60,0.6,1.7,-0.8,0.0,strict_tight,0.08,strict,0.5,235.61,2,,,True,27.7,2.0
v0,synth_1500_high_protein,1500kcal / high protein,synthetic,lunch_snack_dinner,1500.0,120.0,120.0,60.0,1446,108,114,62,-3.6,-10.0,-5.0,3.3,strict_tight,0.08,strict,1.0,123.3,1,,,True,28.9,2.0
v0,synth_1500_high_protein,1500kcal / high protein,synthetic,lunch_dinner,1500.0,120.0,120.0,60.0,1492,111,121,62,-0.5,-7.5,0.8,3.3,strict_tight,0.08,strict,1.0,105.15,1,,,True,28.0,2.0
v0,synth_1500_high_protein,1500kcal / high protein,synthetic,lunch_only,1500.0,120.0,120.0,60.0,940,78,78,35,-37.3,-35.0,-35.0,-41.7,best_effort_lp,BEST_EFFORT_LP,relaxed,1.0,1248.56,17,SERVING_BALANCE_RATIO_BLOCKED,flat_2.5x_default_ratio,True,44.4,2.0
v0,synth_1500_high_protein,1500kcal / high protein,synthetic,dinner_only,1500.0,120.0,120.0,60.0,1362,82,118,63,-9.2,-31.7,-1.7,5.0,best_effort_lp,BEST_EFFORT_LP,relaxed,1.0,1386.99,17,RECIPE_POOL_MISMATCH,"achievable kcal [396,1724] vs target 1500",True,56.4,5.0
v0,synth_1500_high_protein,1500kcal / high protein,synthetic,lunch_snack,1500.0,120.0,120.0,60.0,1398,101,123,56,-6.8,-15.8,2.5,-6.7,strict_relaxed_tol,0.15,strict,0.5,397.41,6,SERVING_BALANCE_RATIO_BLOCKED,flat_2.5x_default_ratio,True,37.3,2.5
v0,synth_1500_extremely_high_protein,1500kcal / extremely high protein,synthetic,full_day,1500.0,156.0,84.0,60.0,1532,133,95,69,2.1,-14.7,13.1,15.0,strict_relaxed_tol,0.2,strict,0.5,690.32,8,RECIPE_POOL_MISMATCH,"achievable kcal [1218,5176] vs target 1500",True,27.2,2.5
v0,synth_1500_extremely_high_protein,1500kcal / extremely high protein,synthetic,lunch_snack_dinner,1500.0,156.0,84.0,60.0,1527,133,92,70,1.8,-14.7,9.5,16.7,strict_relaxed_tol,0.2,strict,0.5,623.49,8,RECIPE_POOL_MISMATCH,"achievable kcal [996,4450] vs target 1500",True,34.2,3.0
v0,synth_1500_extremely_high_protein,1500kcal / extremely high protein,synthetic,lunch_dinner,1500.0,156.0,84.0,60.0,1498,133,85,70,-0.1,-14.7,1.2,16.7,strict_relaxed_tol,0.2,strict,0.5,631.62,8,SERVING_BALANCE_RATIO_BLOCKED,flat_2.5x_default_ratio,True,34.8,3.0
v0,synth_1500_extremely_high_protein,1500kcal / extremely high protein,synthetic,lunch_only,1500.0,156.0,84.0,60.0,940,78,78,35,-37.3,-50.0,-7.1,-41.7,best_effort_lp,BEST_EFFORT_LP,relaxed,1.0,1229.33,17,SERVING_BALANCE_RATIO_BLOCKED,flat_2.5x_default_ratio,True,44.4,2.0
v0,synth_1500_extremely_high_protein,1500kcal / extremely high protein,synthetic,dinner_only,1500.0,156.0,84.0,60.0,1186,79,78,62,-20.9,-49.4,-7.1,3.3,best_effort_lp,BEST_EFFORT_LP,relaxed,1.0,1275.99,17,RECIPE_POOL_MISMATCH,"achievable kcal [396,1724] vs target 1500",True,64.7,5.0
v0,synth_1500_extremely_high_protein,1500kcal / extremely high protein,synthetic,lunch_snack,1500.0,156.0,84.0,60.0,1091,80,90,46,-27.3,-48.7,7.1,-23.3,best_effort_lp,BEST_EFFORT_LP,relaxed,1.0,1319.48,17,SERVING_BALANCE_RATIO_BLOCKED,flat_2.5x_default_ratio,True,38.3,2.0
v0,synth_1500_low_fat,1500kcal / low fat,synthetic,full_day,1500.0,96.0,211.5,30.0,1478,79,202,39,-1.5,-17.7,-4.5,30.0,strict_relaxed_tol,0.15,strict,0.5,413.38,6,RECIPE_POOL_MISMATCH,"achievable kcal [1218,5176] vs target 1500",True,29.8,5.0
v0,synth_1500_low_fat,1500kcal / low fat,synthetic,lunch_snack_dinner,1500.0,96.0,211.5,30.0,1434,80,194,38,-4.4,-16.7,-8.3,26.7,strict_relaxed_tol,0.15,strict,0.5,457.61,6,RECIPE_POOL_MISMATCH,"achievable kcal [996,4450] vs target 1500",True,30.7,5.0
v0,synth_1500_low_fat,1500kcal / low fat,synthetic,lunch_dinner,1500.0,96.0,211.5,30.0,1413,79,191,37,-5.8,-17.7,-9.7,23.3,strict_relaxed_tol,0.1,strict,0.5,274.14,4,SERVING_BALANCE_RATIO_BLOCKED,flat_2.5x_default_ratio,True,31.1,5.0
v0,synth_1500_low_fat,1500kcal / low fat,synthetic,lunch_only,1500.0,96.0,211.5,30.0,871,75,75,30,-41.9,-21.9,-64.5,0.0,best_effort_lp,BEST_EFFORT_LP,relaxed,1.0,1398.21,17,RECIPE_POOL_MISMATCH,"achievable kcal [472,2087] vs target 1500",True,47.9,2.0
v0,synth_1500_low_fat,1500kcal / low fat,synthetic,dinner_only,1500.0,96.0,211.5,30.0,901,41,115,31,-39.9,-57.3,-45.6,3.3,best_effort_lp,BEST_EFFORT_LP,relaxed,1.0,1298.85,17,RECIPE_POOL_MISMATCH,"achievable kcal [396,1724] vs target 1500",True,48.8,5.0
v0,synth_1500_low_fat,1500kcal / low fat,synthetic,lunch_snack,1500.0,96.0,211.5,30.0,913,75,80,32,-39.1,-21.9,-62.2,6.7,best_effort_lp,BEST_EFFORT_LP,relaxed,1.0,1305.03,17,RECIPE_POOL_MISMATCH,"achievable kcal [600,2726] vs target 1500",True,45.7,2.0
v0,synth_1500_extremely_low_fat,1500kcal / extremely low fat,synthetic,full_day,1500.0,96.0,245.2,15.0,1674,89,208,54,11.6,-7.3,-15.2,260.0,best_effort_lp,BEST_EFFORT_LP,relaxed,1.0,1352.08,17,RECIPE_POOL_MISMATCH,"achievable kcal [1218,5176] vs target 1500",True,26.3,5.0
v0,synth_1500_extremely_low_fat,1500kcal / extremely low fat,synthetic,lunch_snack_dinner,1500.0,96.0,245.2,15.0,1452,72,192,44,-3.2,-25.0,-21.7,193.3,best_effort_lp,BEST_EFFORT_LP,relaxed,1.0,974.47,17,RECIPE_POOL_MISMATCH,"achievable kcal [996,4450] vs target 1500",True,30.3,5.0
v0,synth_1500_extremely_low_fat,1500kcal / extremely low fat,synthetic,lunch_dinner,1500.0,96.0,245.2,15.0,1324,70,175,39,-11.7,-27.1,-28.6,160.0,best_effort_lp,BEST_EFFORT_LP,relaxed,1.0,1047.27,17,RECIPE_POOL_MISMATCH,"achievable kcal [868,3811] vs target 1500",True,33.2,5.0
v0,synth_1500_extremely_low_fat,1500kcal / extremely low fat,synthetic,lunch_only,1500.0,96.0,245.2,15.0,577,42,61,18,-61.5,-56.2,-75.1,20.0,best_effort_lp,BEST_EFFORT_LP,relaxed,1.0,1019.56,17,RECIPE_POOL_MISMATCH,"achievable kcal [472,2087] vs target 1500",True,36.3,2.0
v0,synth_1500_extremely_low_fat,1500kcal / extremely low fat,synthetic,dinner_only,1500.0,96.0,245.2,15.0,748,27,114,20,-50.1,-71.9,-53.5,33.3,best_effort_lp,BEST_EFFORT_LP,relaxed,1.0,1116.85,17,RECIPE_POOL_MISMATCH,"achievable kcal [396,1724] vs target 1500",True,58.8,5.0
v0,synth_1500_extremely_low_fat,1500kcal / extremely low fat,synthetic,lunch_snack,1500.0,96.0,245.2,15.0,704,45,78,24,-53.1,-53.1,-68.2,60.0,best_effort_lp,BEST_EFFORT_LP,relaxed,1.0,978.37,17,RECIPE_POOL_MISMATCH,"achievable kcal [600,2726] vs target 1500",True,29.7,2.0
v0,synth_1500_high_fat,1500kcal / high fat,synthetic,full_day,1500.0,96.0,63.0,96.0,1506,104,76,87,0.4,8.3,20.6,-9.4,strict_tight,0.08,strict,0.5,196.62,2,,,True,25.5,5.0
v0,synth_1500_high_fat,1500kcal / high fat,synthetic,lunch_snack_dinner,1500.0,96.0,63.0,96.0,1575,118,79,87,5.0,22.9,25.4,-9.4,strict_relaxed_tol,0.2,strict,0.5,605.37,8,RECIPE_POOL_MISMATCH,"achievable kcal [996,4450] vs target 1500",True,34.1,3.5
v0,synth_1500_high_fat,1500kcal / high fat,synthetic,lunch_dinner,1500.0,96.0,63.0,96.0,1569,111,81,89,4.6,15.6,28.6,-7.3,strict_relaxed_tol,0.15,strict,0.5,424.61,6,RECIPE_POOL_MISMATCH,"achievable kcal [868,3811] vs target 1500",True,39.1,4.0
v0,synth_1500_high_fat,1500kcal / high fat,synthetic,lunch_only,1500.0,96.0,63.0,96.0,854,76,66,32,-43.1,-20.8,4.8,-66.7,best_effort_lp,BEST_EFFORT_LP,relaxed,1.0,1014.35,17,RECIPE_POOL_MISMATCH,"achievable kcal [472,2087] vs target 1500",True,48.8,2.0
v0,synth_1500_high_fat,1500kcal / high fat,synthetic,dinner_only,1500.0,96.0,63.0,96.0,1460,91,80,86,-2.7,-5.2,27.0,-10.4,strict_relaxed_tol,0.15,strict,1.0,306.47,5,MACRO_TOLERANCE_TOO_TIGHT,needs >= 15% band,True,52.6,5.0
v0,synth_1500_high_fat,1500kcal / high fat,synthetic,lunch_snack,1500.0,96.0,63.0,96.0,877,75,61,37,-41.5,-21.9,-3.2,-61.5,best_effort_lp,BEST_EFFORT_LP,relaxed,1.0,1093.16,17,RECIPE_POOL_MISMATCH,"achievable kcal [600,2726] vs target 1500",True,47.6,2.0
v0,synth_1500_extremely_high_fat,1500kcal / extremely high fat,synthetic,full_day,1500.0,80.6,45.0,110.8,1463,87,113,73,-2.5,7.9,151.1,-34.1,best_effort_lp,BEST_EFFORT_LP,relaxed,1.0,1035.98,17,RECIPE_POOL_MISMATCH,"achievable kcal [1218,5176] vs target 1500",True,21.0,5.0
v0,synth_1500_extremely_high_fat,1500kcal / extremely high fat,synthetic,lunch_snack_dinner,1500.0,80.6,45.0,110.8,1287,82,97,64,-14.2,1.7,115.6,-42.2,best_effort_lp,BEST_EFFORT_LP,relaxed,1.0,1195.34,17,RECIPE_POOL_MISMATCH,"achievable kcal [996,4450] vs target 1500",True,23.9,2.0
v0,synth_1500_extremely_high_fat,1500kcal / extremely high fat,synthetic,lunch_dinner,1500.0,80.6,45.0,110.8,1175,87,76,58,-21.7,7.9,68.9,-47.7,best_effort_lp,BEST_EFFORT_LP,relaxed,1.0,1027.18,17,RECIPE_POOL_MISMATCH,"achievable kcal [868,3811] vs target 1500",True,39.2,3.0
v0,synth_1500_extremely_high_fat,1500kcal / extremely high fat,synthetic,lunch_only,1500.0,80.6,45.0,110.8,750,72,44,32,-50.0,-10.7,-2.2,-71.1,best_effort_lp,BEST_EFFORT_LP,relaxed,1.0,1109.95,17,RECIPE_POOL_MISMATCH,"achievable kcal [472,2087] vs target 1500",True,55.7,2.0
v0,synth_1500_extremely_high_fat,1500kcal / extremely high fat,synthetic,dinner_only,1500.0,80.6,45.0,110.8,1217,84,46,78,-18.9,4.2,2.2,-29.6,best_effort_lp,BEST_EFFORT_LP,relaxed,1.0,1207.51,17,RECIPE_POOL_MISMATCH,"achievable kcal [396,1724] vs target 1500",True,63.1,5.0
v0,synth_1500_extremely_high_fat,1500kcal / extremely high fat,synthetic,lunch_snack,1500.0,80.6,45.0,110.8,877,75,61,37,-41.5,-6.9,35.6,-66.6,best_effort_lp,BEST_EFFORT_LP,relaxed,1.0,1208.42,17,RECIPE_POOL_MISMATCH,"achievable kcal [600,2726] vs target 1500",True,47.6,2.0
v0,synth_1500_low_carbs,1500kcal / low carbs,synthetic,full_day,1500.0,120.0,66.0,84.0,1522,115,75,85,1.5,-4.2,13.6,1.2,strict_tight,0.08,strict,0.5,191.57,2,,,True,25.2,5.0
v0,synth_1500_low_carbs,1500kcal / low carbs,synthetic,lunch_snack_dinner,1500.0,120.0,66.0,84.0,1521,123,73,82,1.4,2.5,10.6,-2.4,strict_tight,0.08,strict,0.5,175.43,2,,,True,45.4,4.5
v0,synth_1500_low_carbs,1500kcal / low carbs,synthetic,lunch_dinner,1500.0,120.0,66.0,84.0,1537,131,80,77,2.5,9.2,21.2,-8.3,strict_tight,0.08,strict,1.0,72.34,1,,,True,40.0,4.0
v0,synth_1500_low_carbs,1500kcal / low carbs,synthetic,lunch_only,1500.0,120.0,66.0,84.0,854,76,66,32,-43.1,-36.7,0.0,-61.9,best_effort_lp,BEST_EFFORT_LP,relaxed,1.0,1020.27,17,RECIPE_POOL_MISMATCH,"achievable kcal [472,2087] vs target 1500",True,48.8,2.0
v0,synth_1500_low_carbs,1500kcal / low carbs,synthetic,dinner_only,1500.0,120.0,66.0,84.0,1374,88,68,83,-8.4,-26.7,3.0,-1.2,best_effort_lp,BEST_EFFORT_LP,relaxed,1.0,1026.21,17,RECIPE_POOL_MISMATCH,"achievable kcal [396,1724] vs target 1500",True,55.9,5.0
v0,synth_1500_low_carbs,1500kcal / low carbs,synthetic,lunch_snack,1500.0,120.0,66.0,84.0,963,77,73,40,-35.8,-35.8,10.6,-52.4,best_effort_lp,BEST_EFFORT_LP,relaxed,1.0,1145.21,17,RECIPE_POOL_MISMATCH,"achievable kcal [600,2726] vs target 1500",True,43.3,2.0
v0,synth_1500_extremely_low_carbs,1500kcal / extremely low carbs,synthetic,full_day,1500.0,122.8,45.0,92.1,1471,107,68,86,-1.9,-12.9,51.1,-6.6,relaxed_culinary,0.2,relaxed,0.5,1158.99,16,RECIPE_POOL_MISMATCH,"achievable kcal [1218,5176] vs target 1500",True,31.3,5.0
v0,synth_1500_extremely_low_carbs,1500kcal / extremely low carbs,synthetic,lunch_snack_dinner,1500.0,122.8,45.0,92.1,1580,123,98,78,5.3,0.2,117.8,-15.3,best_effort_lp,BEST_EFFORT_LP,relaxed,1.0,1763.5,17,RECIPE_POOL_MISMATCH,"achievable kcal [996,4450] vs target 1500",True,29.1,3.0
v0,synth_1500_extremely_low_carbs,1500kcal / extremely low carbs,synthetic,lunch_dinner,1500.0,122.8,45.0,92.1,1534,129,65,85,2.3,5.0,44.4,-7.7,strict_relaxed_tol,0.15,strict,0.5,657.2,6,RECIPE_POOL_MISMATCH,"achievable kcal [868,3811] vs target 1500",True,50.0,5.0
v0,synth_1500_extremely_low_carbs,1500kcal / extremely low carbs,synthetic,lunch_only,1500.0,122.8,45.0,92.1,750,72,44,32,-50.0,-41.4,-2.2,-65.3,best_effort_lp,BEST_EFFORT_LP,relaxed,1.0,1222.62,17,RECIPE_POOL_MISMATCH,"achievable kcal [472,2087] vs target 1500",True,55.7,2.0
v0,synth_1500_extremely_low_carbs,1500kcal / extremely low carbs,synthetic,dinner_only,1500.0,122.8,45.0,92.1,1286,87,48,83,-14.3,-29.2,6.7,-9.9,best_effort_lp,BEST_EFFORT_LP,relaxed,1.0,1093.12,17,RECIPE_POOL_MISMATCH,"achievable kcal [396,1724] vs target 1500",True,59.7,5.0
v0,synth_1500_extremely_low_carbs,1500kcal / extremely low carbs,synthetic,lunch_snack,1500.0,122.8,45.0,92.1,877,75,61,37,-41.5,-38.9,35.6,-59.8,best_effort_lp,BEST_EFFORT_LP,relaxed,1.0,1120.7,17,RECIPE_POOL_MISMATCH,"achievable kcal [600,2726] vs target 1500",True,47.6,2.0
v0,synth_1500_high_carbs,1500kcal / high carbs,synthetic,full_day,1500.0,72.0,222.0,36.0,1440,73,201,38,-4.0,1.4,-9.5,5.6,strict_tight,0.08,strict,0.5,128.72,2,,,True,30.5,5.0
v0,synth_1500_high_carbs,1500kcal / high carbs,synthetic,lunch_snack_dinner,1500.0,72.0,222.0,36.0,1500,69,217,40,0.0,-4.2,-2.3,11.1,strict_tight,0.08,strict,0.5,131.34,2,,,True,29.3,5.0
v0,synth_1500_high_carbs,1500kcal / high carbs,synthetic,lunch_dinner,1500.0,72.0,222.0,36.0,1436,68,208,37,-4.3,-5.6,-6.3,2.8,strict_tight,0.08,strict,0.5,127.82,2,,,True,30.6,5.0
v0,synth_1500_high_carbs,1500kcal / high carbs,synthetic,lunch_only,1500.0,72.0,222.0,36.0,940,78,78,35,-37.3,8.3,-64.9,-2.8,best_effort_lp,BEST_EFFORT_LP,relaxed,1.0,1019.09,17,RECIPE_POOL_MISMATCH,"achievable kcal [472,2087] vs target 1500",True,44.4,2.0
v0,synth_1500_high_carbs,1500kcal / high carbs,synthetic,dinner_only,1500.0,72.0,222.0,36.0,1140,57,128,45,-24.0,-20.8,-42.3,25.0,best_effort_lp,BEST_EFFORT_LP,relaxed,1.0,1168.15,17,RECIPE_POOL_MISMATCH,"achievable kcal [396,1724] vs target 1500",True,40.4,5.0
v0,synth_1500_high_carbs,1500kcal / high carbs,synthetic,lunch_snack,1500.0,72.0,222.0,36.0,998,78,92,35,-33.5,8.3,-58.6,-2.8,best_effort_lp,BEST_EFFORT_LP,relaxed,1.0,1150.31,17,SERVING_BALANCE_RATIO_BLOCKED,flat_2.5x_default_ratio,True,41.8,2.0
v0,synth_1500_extremely_high_carbs,1500kcal / extremely high carbs,synthetic,full_day,1500.0,54.0,273.8,21.0,1570,86,187,53,4.7,59.3,-31.7,152.4,best_effort_lp,BEST_EFFORT_LP,relaxed,1.0,1014.68,17,RECIPE_POOL_MISMATCH,"achievable kcal [1218,5176] vs target 1500",True,28.0,5.0
v0,synth_1500_extremely_high_carbs,1500kcal / extremely high carbs,synthetic,lunch_snack_dinner,1500.0,54.0,273.8,21.0,1452,72,192,44,-3.2,33.3,-29.9,109.5,best_effort_lp,BEST_EFFORT_LP,relaxed,1.0,1088.95,17,RECIPE_POOL_MISMATCH,"achievable kcal [996,4450] vs target 1500",True,30.3,5.0
v0,synth_1500_extremely_high_carbs,1500kcal / extremely high carbs,synthetic,lunch_dinner,1500.0,54.0,273.8,21.0,1324,70,175,39,-11.7,29.6,-36.1,85.7,best_effort_lp,BEST_EFFORT_LP,relaxed,1.0,1148.7,17,RECIPE_POOL_MISMATCH,"achievable kcal [868,3811] vs target 1500",True,33.2,5.0
v0,synth_1500_extremely_high_carbs,1500kcal / extremely high carbs,synthetic,lunch_only,1500.0,54.0,273.8,21.0,662,45,73,21,-55.9,-16.7,-73.3,0.0,best_effort_lp,BEST_EFFORT_LP,relaxed,1.0,1100.52,17,RECIPE_POOL_MISMATCH,"achievable kcal [472,2087] vs target 1500",True,31.6,2.0
v0,synth_1500_extremely_high_carbs,1500kcal / extremely high carbs,synthetic,dinner_only,1500.0,54.0,273.8,21.0,833,30,126,24,-44.5,-44.4,-54.0,14.3,best_effort_lp,BEST_EFFORT_LP,relaxed,1.0,995.16,17,RECIPE_POOL_MISMATCH,"achievable kcal [396,1724] vs target 1500",True,52.8,5.0
v0,synth_1500_extremely_high_carbs,1500kcal / extremely high carbs,synthetic,lunch_snack,1500.0,54.0,273.8,21.0,704,45,78,24,-53.1,-16.7,-71.5,14.3,best_effort_lp,BEST_EFFORT_LP,relaxed,1.0,1036.53,17,RECIPE_POOL_MISMATCH,"achievable kcal [600,2726] vs target 1500",True,29.7,2.0
v0,synth_2000_balanced,2000kcal / balanced,synthetic,full_day,2000.0,120.0,211.2,75.0,1983,119,209,74,-0.9,-0.8,-1.0,-1.3,strict_tight,0.08,strict,1.0,140.05,1,,,True,15.5,3.0
v0,synth_2000_balanced,2000kcal / balanced,synthetic,lunch_snack_dinner,2000.0,120.0,211.2,75.0,2009,120,215,74,0.4,0.0,1.8,-1.3,strict_tight,0.08,strict,1.0,119.65,1,,,True,21.9,5.0
v0,synth_2000_balanced,2000kcal / balanced,synthetic,lunch_dinner,2000.0,120.0,211.2,75.0,1996,124,207,75,-0.2,3.3,-2.0,0.0,strict_tight,0.08,strict,1.0,76.71,1,,,True,22.0,5.0
v0,synth_2000_balanced,2000kcal / balanced,synthetic,lunch_only,2000.0,120.0,211.2,75.0,940,78,78,35,-53.0,-35.0,-63.1,-53.3,best_effort_lp,BEST_EFFORT_LP,relaxed,1.0,1134.28,17,RECIPE_POOL_MISMATCH,"achievable kcal [472,2087] vs target 2000",True,44.4,2.0
v0,synth_2000_balanced,2000kcal / balanced,synthetic,dinner_only,2000.0,120.0,211.2,75.0,1586,90,134,77,-20.7,-25.0,-36.6,2.7,best_effort_lp,BEST_EFFORT_LP,relaxed,1.0,1193.43,17,RECIPE_POOL_MISMATCH,"achievable kcal [396,1724] vs target 2000",True,48.4,5.0
v0,synth_2000_balanced,2000kcal / balanced,synthetic,lunch_snack,2000.0,120.0,211.2,75.0,1323,86,129,52,-33.9,-28.3,-38.9,-30.7,best_effort_lp,BEST_EFFORT_LP,relaxed,1.0,1080.45,17,SERVING_BALANCE_RATIO_BLOCKED,flat_2.5x_default_ratio,True,31.5,3.0
v0,synth_2000_low_protein,2000kcal / low protein,synthetic,full_day,2000.0,82.5,248.8,75.0,2052,98,245,75,2.6,18.8,-1.5,0.0,strict_tight,0.08,strict,1.0,103.89,1,,,True,21.4,5.0
v0,synth_2000_low_protein,2000kcal / low protein,synthetic,lunch_snack_dinner,2000.0,82.5,248.8,75.0,2076,88,269,72,3.8,6.7,8.1,-4.0,strict_tight,0.08,strict,1.0,97.66,1,,,True,24.6,5.0
v0,synth_2000_low_protein,2000kcal / low protein,synthetic,lunch_dinner,2000.0,82.5,248.8,75.0,1978,112,218,73,-1.1,35.8,-12.4,-2.7,strict_relaxed_tol,0.2,strict,0.5,474.07,8,SERVING_BALANCE_RATIO_BLOCKED,flat_2.5x_default_ratio,True,22.2,5.0
v0,synth_2000_low_protein,2000kcal / low protein,synthetic,lunch_only,2000.0,82.5,248.8,75.0,940,78,78,35,-53.0,-5.5,-68.6,-53.3,best_effort_lp,BEST_EFFORT_LP,relaxed,1.0,1039.07,17,RECIPE_POOL_MISMATCH,"achievable kcal [472,2087] vs target 2000",True,44.4,2.0
v0,synth_2000_low_protein,2000kcal / low protein,synthetic,dinner_only,2000.0,82.5,248.8,75.0,1501,79,136,71,-24.9,-4.2,-45.3,-5.3,best_effort_lp,BEST_EFFORT_LP,relaxed,1.0,1020.19,17,RECIPE_POOL_MISMATCH,"achievable kcal [396,1724] vs target 2000",True,40.9,5.0
v0,synth_2000_low_protein,2000kcal / low protein,synthetic,lunch_snack,2000.0,82.5,248.8,75.0,1323,86,129,52,-33.9,4.2,-48.2,-30.7,best_effort_lp,BEST_EFFORT_LP,relaxed,1.0,1088.2,17,SERVING_BALANCE_RATIO_BLOCKED,flat_2.5x_default_ratio,True,31.5,3.0
v0,synth_2000_extremely_low_protein,2000kcal / extremely low protein,synthetic,full_day,2000.0,45.0,286.2,75.0,2081,96,255,75,4.0,113.3,-10.9,0.0,best_effort_lp,BEST_EFFORT_LP,relaxed,1.0,1080.03,17,RECIPE_POOL_MISMATCH,"achievable kcal [1218,5176] vs target 2000",True,30.7,5.0
v0,synth_2000_extremely_low_protein,2000kcal / extremely low protein,synthetic,lunch_snack_dinner,2000.0,45.0,286.2,75.0,1919,76,261,64,-4.0,68.9,-8.8,-14.7,relaxed_culinary,0.2,relaxed,0.5,1107.07,16,RECIPE_POOL_MISMATCH,"achievable kcal [996,4450] vs target 2000",True,33.3,5.0
v0,synth_2000_extremely_low_protein,2000kcal / extremely low protein,synthetic,lunch_dinner,2000.0,45.0,286.2,75.0,1564,77,201,50,-21.8,71.1,-29.8,-33.3,best_effort_lp,BEST_EFFORT_LP,relaxed,1.0,1033.76,17,RECIPE_POOL_MISMATCH,"achievable kcal [868,3811] vs target 2000",True,28.1,5.0
v0,synth_2000_extremely_low_protein,2000kcal / extremely low protein,synthetic,lunch_only,2000.0,45.0,286.2,75.0,731,48,75,27,-63.4,6.7,-73.8,-64.0,best_effort_lp,BEST_EFFORT_LP,relaxed,1.0,999.37,17,RECIPE_POOL_MISMATCH,"achievable kcal [472,2087] vs target 2000",True,28.6,2.0
v0,synth_2000_extremely_low_protein,2000kcal / extremely low protein,synthetic,dinner_only,2000.0,45.0,286.2,75.0,1056,46,129,39,-47.2,2.2,-54.9,-48.0,best_effort_lp,BEST_EFFORT_LP,relaxed,1.0,1021.33,17,RECIPE_POOL_MISMATCH,"achievable kcal [396,1724] vs target 2000",True,41.7,5.0
v0,synth_2000_extremely_low_protein,2000kcal / extremely low protein,synthetic,lunch_snack,2000.0,45.0,286.2,75.0,1115,55,127,43,-44.2,22.2,-55.6,-42.7,best_effort_lp,BEST_EFFORT_LP,relaxed,1.0,1091.18,17,RECIPE_POOL_MISMATCH,"achievable kcal [600,2726] vs target 2000",True,34.4,3.0
v0,synth_2000_high_protein,2000kcal / high protein,synthetic,full_day,2000.0,150.0,181.2,75.0,1988,145,179,77,-0.6,-3.3,-1.2,2.7,strict_tight,0.08,strict,1.0,69.45,1,,,True,21.0,3.0
v0,synth_2000_high_protein,2000kcal / high protein,synthetic,lunch_snack_dinner,2000.0,150.0,181.2,75.0,2005,131,186,82,0.2,-12.7,2.6,9.3,strict_tight,0.08,strict,1.0,90.33,1,,,True,23.0,3.0
v0,synth_2000_high_protein,2000kcal / high protein,synthetic,lunch_dinner,2000.0,150.0,181.2,75.0,1978,133,184,79,-1.1,-11.3,1.5,5.3,strict_tight,0.08,strict,1.0,103.09,1,,,True,23.3,5.0
v0,synth_2000_high_protein,2000kcal / high protein,synthetic,lunch_only,2000.0,150.0,181.2,75.0,940,78,78,35,-53.0,-48.0,-57.0,-53.3,best_effort_lp,BEST_EFFORT_LP,relaxed,1.0,1034.2,17,SERVING_BALANCE_RATIO_BLOCKED,flat_2.5x_default_ratio,True,44.4,2.0
v0,synth_2000_high_protein,2000kcal / high protein,synthetic,dinner_only,2000.0,150.0,181.2,75.0,1586,90,134,77,-20.7,-40.0,-26.0,2.7,best_effort_lp,BEST_EFFORT_LP,relaxed,1.0,1026.85,17,RECIPE_POOL_MISMATCH,"achievable kcal [396,1724] vs target 2000",True,48.4,5.0
v0,synth_2000_high_protein,2000kcal / high protein,synthetic,lunch_snack,2000.0,150.0,181.2,75.0,1323,86,129,52,-33.9,-42.7,-28.8,-30.7,best_effort_lp,BEST_EFFORT_LP,relaxed,1.0,1054.77,17,SERVING_BALANCE_RATIO_BLOCKED,flat_2.5x_default_ratio,True,31.5,3.0
v0,synth_2000_extremely_high_protein,2000kcal / extremely high protein,synthetic,full_day,2000.0,195.0,136.2,75.0,1977,168,137,84,-1.1,-13.8,0.6,12.0,strict_relaxed_tol,0.15,strict,0.5,438.38,6,SERVING_BALANCE_RATIO_BLOCKED,flat_2.5x_default_ratio,True,26.4,3.0
v0,synth_2000_extremely_high_protein,2000kcal / extremely high protein,synthetic,lunch_snack_dinner,2000.0,195.0,136.2,75.0,1841,137,136,83,-8.0,-29.7,-0.1,10.7,best_effort_lp,BEST_EFFORT_LP,relaxed,1.0,1053.24,17,SERVING_BALANCE_RATIO_BLOCKED,flat_2.5x_default_ratio,True,33.4,4.0
v0,synth_2000_extremely_high_protein,2000kcal / extremely high protein,synthetic,lunch_dinner,2000.0,195.0,136.2,75.0,1818,138,141,78,-9.1,-29.2,3.5,4.0,best_effort_lp,BEST_EFFORT_LP,relaxed,1.0,1216.3,17,SERVING_BALANCE_RATIO_BLOCKED,flat_2.5x_default_ratio,True,33.8,4.0
v0,synth_2000_extremely_high_protein,2000kcal / extremely high protein,synthetic,lunch_only,2000.0,195.0,136.2,75.0,940,78,78,35,-53.0,-60.0,-42.7,-53.3,best_effort_lp,BEST_EFFORT_LP,relaxed,1.0,1199.2,17,SERVING_BALANCE_RATIO_BLOCKED,flat_2.5x_default_ratio,True,44.4,2.0
v0,synth_2000_extremely_high_protein,2000kcal / extremely high protein,synthetic,dinner_only,2000.0,195.0,136.2,75.0,1586,90,134,77,-20.7,-53.8,-1.6,2.7,best_effort_lp,BEST_EFFORT_LP,relaxed,1.0,1077.31,17,RECIPE_POOL_MISMATCH,"achievable kcal [396,1724] vs target 2000",True,48.4,5.0
v0,synth_2000_extremely_high_protein,2000kcal / extremely high protein,synthetic,lunch_snack,2000.0,195.0,136.2,75.0,1323,86,129,52,-33.9,-55.9,-5.3,-30.7,best_effort_lp,BEST_EFFORT_LP,relaxed,1.0,1027.93,17,SERVING_BALANCE_RATIO_BLOCKED,flat_2.5x_default_ratio,True,31.5,3.0
v0,synth_2000_low_fat,2000kcal / low fat,synthetic,full_day,2000.0,120.0,295.6,37.5,1835,104,224,58,-8.2,-13.3,-24.2,54.7,best_effort_lp,BEST_EFFORT_LP,relaxed,1.0,1079.1,17,RECIPE_POOL_MISMATCH,"achievable kcal [1218,5176] vs target 2000",True,24.0,5.0
v0,synth_2000_low_fat,2000kcal / low fat,synthetic,lunch_snack_dinner,2000.0,120.0,295.6,37.5,1661,103,194,53,-17.0,-14.2,-34.4,41.3,best_effort_lp,BEST_EFFORT_LP,relaxed,1.0,1323.77,17,RECIPE_POOL_MISMATCH,"achievable kcal [996,4450] vs target 2000",True,26.5,5.0
v0,synth_2000_low_fat,2000kcal / low fat,synthetic,lunch_dinner,2000.0,120.0,295.6,37.5,1533,100,177,47,-23.4,-16.7,-40.1,25.3,best_effort_lp,BEST_EFFORT_LP,relaxed,1.0,1392.04,17,RECIPE_POOL_MISMATCH,"achievable kcal [868,3811] vs target 2000",True,28.7,5.0
v0,synth_2000_low_fat,2000kcal / low fat,synthetic,lunch_only,2000.0,120.0,295.6,37.5,940,78,78,35,-53.0,-35.0,-73.6,-6.7,best_effort_lp,BEST_EFFORT_LP,relaxed,1.0,1208.57,17,RECIPE_POOL_MISMATCH,"achievable kcal [472,2087] vs target 2000",True,44.4,2.0
v0,synth_2000_low_fat,2000kcal / low fat,synthetic,dinner_only,2000.0,120.0,295.6,37.5,1056,46,129,39,-47.2,-61.7,-56.4,4.0,best_effort_lp,BEST_EFFORT_LP,relaxed,1.0,1244.49,17,RECIPE_POOL_MISMATCH,"achievable kcal [396,1724] vs target 2000",True,41.7,5.0
v0,synth_2000_low_fat,2000kcal / low fat,synthetic,lunch_snack,2000.0,120.0,295.6,37.5,1041,78,98,38,-47.9,-35.0,-66.8,1.3,best_effort_lp,BEST_EFFORT_LP,relaxed,1.0,1295.38,17,RECIPE_POOL_MISMATCH,"achievable kcal [600,2726] vs target 2000",True,40.1,2.0
v0,synth_2000_extremely_low_fat,2000kcal / extremely low fat,synthetic,full_day,2000.0,120.0,337.8,18.8,1674,89,208,54,-16.3,-25.8,-38.4,187.2,best_effort_lp,BEST_EFFORT_LP,relaxed,1.0,1244.97,17,RECIPE_POOL_MISMATCH,"achievable kcal [1218,5176] vs target 2000",True,26.3,5.0
v0,synth_2000_extremely_low_fat,2000kcal / extremely low fat,synthetic,lunch_snack_dinner,2000.0,120.0,337.8,18.8,1452,72,192,44,-27.4,-40.0,-43.2,134.0,best_effort_lp,BEST_EFFORT_LP,relaxed,1.0,1252.37,17,RECIPE_POOL_MISMATCH,"achievable kcal [996,4450] vs target 2000",True,30.3,5.0
v0,synth_2000_extremely_low_fat,2000kcal / extremely low fat,synthetic,lunch_dinner,2000.0,120.0,337.8,18.8,1324,70,175,39,-33.8,-41.7,-48.2,107.4,best_effort_lp,BEST_EFFORT_LP,relaxed,1.0,1336.61,17,RECIPE_POOL_MISMATCH,"achievable kcal [868,3811] vs target 2000",True,33.2,5.0
v0,synth_2000_extremely_low_fat,2000kcal / extremely low fat,synthetic,lunch_only,2000.0,120.0,337.8,18.8,577,42,61,18,-71.2,-65.0,-81.9,-4.3,best_effort_lp,BEST_EFFORT_LP,relaxed,1.0,1317.47,17,RECIPE_POOL_MISMATCH,"achievable kcal [472,2087] vs target 2000",True,36.3,2.0
v0,synth_2000_extremely_low_fat,2000kcal / extremely low fat,synthetic,dinner_only,2000.0,120.0,337.8,18.8,748,27,114,20,-62.6,-77.5,-66.3,6.4,best_effort_lp,BEST_EFFORT_LP,relaxed,1.0,1317.19,17,RECIPE_POOL_MISMATCH,"achievable kcal [396,1724] vs target 2000",True,58.8,5.0
v0,synth_2000_extremely_low_fat,2000kcal / extremely low fat,synthetic,lunch_snack,2000.0,120.0,337.8,18.8,704,45,78,24,-64.8,-62.5,-76.9,27.7,best_effort_lp,BEST_EFFORT_LP,relaxed,1.0,1215.38,17,RECIPE_POOL_MISMATCH,"achievable kcal [600,2726] vs target 2000",True,29.7,2.0
v0,synth_2000_high_fat,2000kcal / high fat,synthetic,full_day,2000.0,120.0,110.0,120.0,2020,126,111,119,1.0,5.0,0.9,-0.8,strict_tight,0.08,strict,0.5,284.25,2,,,True,26.6,5.0
v0,synth_2000_high_fat,2000kcal / high fat,synthetic,lunch_snack_dinner,2000.0,120.0,110.0,120.0,1976,138,110,109,-1.2,15.0,0.0,-9.2,strict_tight,0.08,strict,0.5,188.42,2,,,True,35.0,4.5
v0,synth_2000_high_fat,2000kcal / high fat,synthetic,lunch_dinner,2000.0,120.0,110.0,120.0,2001,142,114,108,0.1,18.3,3.6,-10.0,strict_relaxed_tol,0.1,strict,0.5,318.09,4,SERVING_BALANCE_RATIO_BLOCKED,flat_2.5x_default_ratio,True,34.5,4.5
v0,synth_2000_high_fat,2000kcal / high fat,synthetic,lunch_only,2000.0,120.0,110.0,120.0,940,78,78,35,-53.0,-35.0,-29.1,-70.8,best_effort_lp,BEST_EFFORT_LP,relaxed,1.0,1333.54,17,RECIPE_POOL_MISMATCH,"achievable kcal [472,2087] vs target 2000",True,44.4,2.0
v0,synth_2000_high_fat,2000kcal / high fat,synthetic,dinner_only,2000.0,120.0,110.0,120.0,1550,92,107,84,-22.5,-23.3,-2.7,-30.0,best_effort_lp,BEST_EFFORT_LP,relaxed,1.0,1313.8,17,RECIPE_POOL_MISMATCH,"achievable kcal [396,1724] vs target 2000",True,49.5,5.0
v0,synth_2000_high_fat,2000kcal / high fat,synthetic,lunch_snack,2000.0,120.0,110.0,120.0,1219,82,107,51,-39.1,-31.7,-2.7,-57.5,best_effort_lp,BEST_EFFORT_LP,relaxed,1.0,1232.25,17,RECIPE_POOL_MISMATCH,"achievable kcal [600,2726] vs target 2000",True,34.2,3.0
v0,synth_2000_extremely_high_fat,2000kcal / extremely high fat,synthetic,full_day,2000.0,108.4,56.2,149.0,1770,115,115,95,-11.5,6.1,104.6,-36.2,best_effort_lp,BEST_EFFORT_LP,relaxed,1.0,1432.31,17,RECIPE_POOL_MISMATCH,"achievable kcal [1218,5176] vs target 2000",True,26.0,5.0
v0,synth_2000_extremely_high_fat,2000kcal / extremely high fat,synthetic,lunch_snack_dinner,2000.0,108.4,56.2,149.0,1525,106,97,79,-23.8,-2.2,72.6,-47.0,best_effort_lp,BEST_EFFORT_LP,relaxed,1.0,1235.13,17,RECIPE_POOL_MISMATCH,"achievable kcal [996,4450] vs target 2000",True,40.3,4.0
v0,synth_2000_extremely_high_fat,2000kcal / extremely high fat,synthetic,lunch_dinner,2000.0,108.4,56.2,149.0,1398,103,79,74,-30.1,-5.0,40.6,-50.3,best_effort_lp,BEST_EFFORT_LP,relaxed,1.0,1297.61,17,RECIPE_POOL_MISMATCH,"achievable kcal [868,3811] vs target 2000",True,43.9,4.0
v0,synth_2000_extremely_high_fat,2000kcal / extremely high fat,synthetic,lunch_only,2000.0,108.4,56.2,149.0,835,75,56,35,-58.2,-30.8,-0.4,-76.5,best_effort_lp,BEST_EFFORT_LP,relaxed,1.0,1209.19,17,RECIPE_POOL_MISMATCH,"achievable kcal [472,2087] vs target 2000",True,50.0,2.0
v0,synth_2000_extremely_high_fat,2000kcal / extremely high fat,synthetic,dinner_only,2000.0,108.4,56.2,149.0,1372,89,60,86,-31.4,-17.9,6.8,-42.3,best_effort_lp,BEST_EFFORT_LP,relaxed,1.0,1222.71,17,RECIPE_POOL_MISMATCH,"achievable kcal [396,1724] vs target 2000",True,56.0,5.0
v0,synth_2000_extremely_high_fat,2000kcal / extremely high fat,synthetic,lunch_snack,2000.0,108.4,56.2,149.0,877,75,61,37,-56.1,-30.8,8.5,-75.2,best_effort_lp,BEST_EFFORT_LP,relaxed,1.0,1061.39,17,RECIPE_POOL_MISMATCH,"achievable kcal [600,2726] vs target 2000",True,47.6,2.0
v0,synth_2000_low_carbs,2000kcal / low carbs,synthetic,full_day,2000.0,150.0,113.8,105.0,2009,155,116,103,0.4,3.3,1.9,-1.9,strict_tight,0.08,strict,1.0,70.16,1,,,True,30.6,4.0
v0,synth_2000_low_carbs,2000kcal / low carbs,synthetic,lunch_snack_dinner,2000.0,150.0,113.8,105.0,2015,153,117,104,0.8,2.0,2.8,-1.0,strict_tight,0.08,strict,1.0,110.89,1,,,True,38.1,5.0
v0,synth_2000_low_carbs,2000kcal / low carbs,synthetic,lunch_dinner,2000.0,150.0,113.8,105.0,1984,147,113,105,-0.8,-2.0,-0.7,0.0,strict_tight,0.08,strict,1.0,97.95,1,,,True,31.0,4.0
v0,synth_2000_low_carbs,2000kcal / low carbs,synthetic,lunch_only,2000.0,150.0,113.8,105.0,940,78,78,35,-53.0,-48.0,-31.5,-66.7,best_effort_lp,BEST_EFFORT_LP,relaxed,1.0,1189.79,17,RECIPE_POOL_MISMATCH,"achievable kcal [472,2087] vs target 2000",True,44.4,2.0
v0,synth_2000_low_carbs,2000kcal / low carbs,synthetic,dinner_only,2000.0,150.0,113.8,105.0,1636,94,119,87,-18.2,-37.3,4.6,-17.1,best_effort_lp,BEST_EFFORT_LP,relaxed,1.0,1031.71,17,RECIPE_POOL_MISMATCH,"achievable kcal [396,1724] vs target 2000",True,46.9,5.0
v0,synth_2000_low_carbs,2000kcal / low carbs,synthetic,lunch_snack,2000.0,150.0,113.8,105.0,1238,83,117,49,-38.1,-44.7,2.8,-53.3,best_effort_lp,BEST_EFFORT_LP,relaxed,1.0,1060.99,17,SERVING_BALANCE_RATIO_BLOCKED,flat_2.5x_default_ratio,True,33.7,3.0
v0,synth_2000_extremely_low_carbs,2000kcal / extremely low carbs,synthetic,full_day,2000.0,165.1,56.2,123.8,2055,161,87,118,2.8,-2.5,54.8,-4.7,strict_relaxed_tol,0.2,strict,0.5,625.6,8,RECIPE_POOL_MISMATCH,"achievable kcal [1218,5176] vs target 2000",True,37.4,5.0
v0,synth_2000_extremely_low_carbs,2000kcal / extremely low carbs,synthetic,lunch_snack_dinner,2000.0,165.1,56.2,123.8,2014,169,83,112,0.7,2.4,47.7,-9.5,strict_relaxed_tol,0.15,strict,0.5,377.11,6,RECIPE_POOL_MISMATCH,"achievable kcal [996,4450] vs target 2000",True,38.1,5.0
v0,synth_2000_extremely_low_carbs,2000kcal / extremely low carbs,synthetic,lunch_dinner,2000.0,165.1,56.2,123.8,1984,169,75,112,-0.8,2.4,33.5,-9.5,strict_relaxed_tol,0.1,strict,0.5,249.82,4,RECIPE_POOL_MISMATCH,"achievable kcal [868,3811] vs target 2000",True,38.7,5.0
v0,synth_2000_extremely_low_carbs,2000kcal / extremely low carbs,synthetic,lunch_only,2000.0,165.1,56.2,123.8,835,75,56,35,-58.2,-54.6,-0.4,-71.7,best_effort_lp,BEST_EFFORT_LP,relaxed,1.0,1051.27,17,RECIPE_POOL_MISMATCH,"achievable kcal [472,2087] vs target 2000",True,50.0,2.0
v0,synth_2000_extremely_low_carbs,2000kcal / extremely low carbs,synthetic,dinner_only,2000.0,165.1,56.2,123.8,1372,89,60,86,-31.4,-46.1,6.8,-30.5,best_effort_lp,BEST_EFFORT_LP,relaxed,1.0,1103.64,17,RECIPE_POOL_MISMATCH,"achievable kcal [396,1724] vs target 2000",True,56.0,5.0
v0,synth_2000_extremely_low_carbs,2000kcal / extremely low carbs,synthetic,lunch_snack,2000.0,165.1,56.2,123.8,877,75,61,37,-56.1,-54.6,8.5,-70.1,best_effort_lp,BEST_EFFORT_LP,relaxed,1.0,1655.61,17,RECIPE_POOL_MISMATCH,"achievable kcal [600,2726] vs target 2000",True,47.6,2.0
v0,synth_2000_high_carbs,2000kcal / high carbs,synthetic,full_day,2000.0,90.0,308.8,45.0,1674,89,208,54,-16.3,-1.1,-32.6,20.0,best_effort_lp,BEST_EFFORT_LP,relaxed,1.0,2345.71,17,SERVING_BALANCE_RATIO_BLOCKED,flat_2.5x_default_ratio,True,26.3,5.0
v0,synth_2000_high_carbs,2000kcal / high carbs,synthetic,lunch_snack_dinner,2000.0,90.0,308.8,45.0,1623,77,216,50,-18.9,-14.4,-30.1,11.1,best_effort_lp,BEST_EFFORT_LP,relaxed,1.0,1768.31,17,SERVING_BALANCE_RATIO_BLOCKED,flat_2.5x_default_ratio,True,27.1,5.0
v0,synth_2000_high_carbs,2000kcal / high carbs,synthetic,lunch_dinner,2000.0,90.0,308.8,45.0,1495,74,199,45,-25.2,-17.8,-35.6,0.0,best_effort_lp,BEST_EFFORT_LP,relaxed,1.0,1533.91,17,RECIPE_POOL_MISMATCH,"achievable kcal [868,3811] vs target 2000",True,29.4,5.0
v0,synth_2000_high_carbs,2000kcal / high carbs,synthetic,lunch_only,2000.0,90.0,308.8,45.0,940,78,78,35,-53.0,-13.3,-74.7,-22.2,best_effort_lp,BEST_EFFORT_LP,relaxed,1.0,1548.69,17,RECIPE_POOL_MISMATCH,"achievable kcal [472,2087] vs target 2000",True,44.4,2.0
v0,synth_2000_high_carbs,2000kcal / high carbs,synthetic,dinner_only,2000.0,90.0,308.8,45.0,1140,57,128,45,-43.0,-36.7,-58.5,0.0,best_effort_lp,BEST_EFFORT_LP,relaxed,1.0,1448.73,17,RECIPE_POOL_MISMATCH,"achievable kcal [396,1724] vs target 2000",True,40.4,5.0
v0,synth_2000_high_carbs,2000kcal / high carbs,synthetic,lunch_snack,2000.0,90.0,308.8,45.0,1254,83,127,46,-37.3,-7.8,-58.9,2.2,best_effort_lp,BEST_EFFORT_LP,relaxed,1.0,1386.38,17,RECIPE_POOL_MISMATCH,"achievable kcal [600,2726] vs target 2000",True,33.3,3.0
v0,synth_2000_extremely_high_carbs,2000kcal / extremely high carbs,synthetic,full_day,2000.0,67.5,373.4,26.2,1674,89,208,54,-16.3,31.9,-44.3,106.1,best_effort_lp,BEST_EFFORT_LP,relaxed,1.0,1370.46,17,RECIPE_POOL_MISMATCH,"achievable kcal [1218,5176] vs target 2000",True,26.3,5.0
v0,synth_2000_extremely_high_carbs,2000kcal / extremely high carbs,synthetic,lunch_snack_dinner,2000.0,67.5,373.4,26.2,1452,72,192,44,-27.4,6.7,-48.6,67.9,best_effort_lp,BEST_EFFORT_LP,relaxed,1.0,1518.54,17,RECIPE_POOL_MISMATCH,"achievable kcal [996,4450] vs target 2000",True,30.3,5.0
v0,synth_2000_extremely_high_carbs,2000kcal / extremely high carbs,synthetic,lunch_dinner,2000.0,67.5,373.4,26.2,1324,70,175,39,-33.8,3.7,-53.1,48.9,best_effort_lp,BEST_EFFORT_LP,relaxed,1.0,1639.03,17,RECIPE_POOL_MISMATCH,"achievable kcal [868,3811] vs target 2000",True,33.2,5.0
v0,synth_2000_extremely_high_carbs,2000kcal / extremely high carbs,synthetic,lunch_only,2000.0,67.5,373.4,26.2,785,73,63,27,-60.8,8.1,-83.1,3.1,best_effort_lp,BEST_EFFORT_LP,relaxed,1.0,1532.74,17,RECIPE_POOL_MISMATCH,"achievable kcal [472,2087] vs target 2000",True,53.1,2.0
v0,synth_2000_extremely_high_carbs,2000kcal / extremely high carbs,synthetic,dinner_only,2000.0,67.5,373.4,26.2,901,41,115,31,-54.9,-39.3,-69.2,18.3,best_effort_lp,BEST_EFFORT_LP,relaxed,1.0,1351.6,17,RECIPE_POOL_MISMATCH,"achievable kcal [396,1724] vs target 2000",True,48.8,5.0
v0,synth_2000_extremely_high_carbs,2000kcal / extremely high carbs,synthetic,lunch_snack,2000.0,67.5,373.4,26.2,790,47,90,27,-60.5,-30.4,-75.9,3.1,best_effort_lp,BEST_EFFORT_LP,relaxed,1.0,1524.86,17,RECIPE_POOL_MISMATCH,"achievable kcal [600,2726] vs target 2000",True,26.5,2.0
v0,synth_2500_balanced,2500kcal / balanced,synthetic,full_day,2500.0,136.0,297.8,85.0,2437,132,286,85,-2.5,-2.9,-4.0,0.0,strict_tight,0.08,strict,1.0,116.07,1,,,True,21.0,5.0
v0,synth_2500_balanced,2500kcal / balanced,synthetic,lunch_snack_dinner,2500.0,136.0,297.8,85.0,2369,129,270,86,-5.2,-5.1,-9.3,1.2,strict_tight,0.08,strict,1.0,111.01,1,,,True,21.6,5.0
v0,synth_2500_balanced,2500kcal / balanced,synthetic,lunch_dinner,2500.0,136.0,297.8,85.0,2149,138,208,85,-14.0,1.5,-30.2,0.0,best_effort_lp,BEST_EFFORT_LP,relaxed,1.0,1239.47,17,SERVING_BALANCE_RATIO_BLOCKED,flat_2.5x_default_ratio,True,21.4,5.0
v0,synth_2500_balanced,2500kcal / balanced,synthetic,lunch_only,2500.0,136.0,297.8,85.0,940,78,78,35,-62.4,-42.6,-73.8,-58.8,best_effort_lp,BEST_EFFORT_LP,relaxed,1.0,1201.9,17,RECIPE_POOL_MISMATCH,"achievable kcal [472,2087] vs target 2500",True,44.4,2.0
v0,synth_2500_balanced,2500kcal / balanced,synthetic,dinner_only,2500.0,136.0,297.8,85.0,2189,121,215,94,-12.4,-11.0,-27.8,10.6,best_effort_lp,BEST_EFFORT_LP,relaxed,1.0,1343.71,17,RECIPE_POOL_MISMATCH,"achievable kcal [396,2826] vs target 2500",True,49.1,8.0
v0,synth_2500_balanced,2500kcal / balanced,synthetic,lunch_snack,2500.0,136.0,297.8,85.0,1323,86,129,52,-47.1,-36.8,-56.7,-38.8,best_effort_lp,BEST_EFFORT_LP,relaxed,1.0,1387.95,17,RECIPE_POOL_MISMATCH,"achievable kcal [600,2726] vs target 2500",True,31.5,3.0
v0,synth_2500_low_protein,2500kcal / low protein,synthetic,full_day,2500.0,93.5,340.2,85.0,2399,103,306,85,-4.0,10.2,-10.1,0.0,strict_tight,0.08,strict,0.5,156.72,2,,,True,24.0,5.0
v0,synth_2500_low_protein,2500kcal / low protein,synthetic,lunch_snack_dinner,2500.0,93.5,340.2,85.0,2590,117,302,102,3.6,25.1,-11.2,20.0,strict_relaxed_tol,0.2,strict,0.5,845.2,8,SERVING_BALANCE_RATIO_BLOCKED,flat_2.5x_default_ratio,True,24.7,5.0
v0,synth_2500_low_protein,2500kcal / low protein,synthetic,lunch_dinner,2500.0,93.5,340.2,85.0,1787,94,204,66,-28.5,0.5,-40.0,-22.4,best_effort_lp,BEST_EFFORT_LP,relaxed,1.0,1152.05,17,RECIPE_POOL_MISMATCH,"achievable kcal [868,3811] vs target 2500",True,24.6,5.0
v0,synth_2500_low_protein,2500kcal / low protein,synthetic,lunch_only,2500.0,93.5,340.2,85.0,940,78,78,35,-62.4,-16.6,-77.1,-58.8,best_effort_lp,BEST_EFFORT_LP,relaxed,1.0,1403.58,17,RECIPE_POOL_MISMATCH,"achievable kcal [472,2087] vs target 2500",True,44.4,2.0
v0,synth_2500_low_protein,2500kcal / low protein,synthetic,dinner_only,2500.0,93.5,340.2,85.0,2020,100,217,84,-19.2,7.0,-36.2,-1.2,best_effort_lp,BEST_EFFORT_LP,relaxed,1.0,1355.07,17,RECIPE_POOL_MISMATCH,"achievable kcal [396,2826] vs target 2500",True,38.0,8.0
v0,synth_2500_low_protein,2500kcal / low protein,synthetic,lunch_snack,2500.0,93.5,340.2,85.0,1323,86,129,52,-47.1,-8.0,-62.1,-38.8,best_effort_lp,BEST_EFFORT_LP,relaxed,1.0,1728.74,17,RECIPE_POOL_MISMATCH,"achievable kcal [600,2726] vs target 2500",True,31.5,3.0
v0,synth_2500_extremely_low_protein,2500kcal / extremely low protein,synthetic,full_day,2500.0,51.0,382.8,85.0,2332,104,290,84,-6.7,103.9,-24.2,-1.2,best_effort_lp,BEST_EFFORT_LP,relaxed,1.0,1695.13,17,RECIPE_POOL_MISMATCH,"achievable kcal [1218,5176] vs target 2500",True,27.4,5.0
v0,synth_2500_extremely_low_protein,2500kcal / extremely low protein,synthetic,lunch_snack_dinner,2500.0,51.0,382.8,85.0,2204,90,287,77,-11.8,76.5,-25.0,-9.4,best_effort_lp,BEST_EFFORT_LP,relaxed,1.0,1837.97,17,RECIPE_POOL_MISMATCH,"achievable kcal [996,4450] vs target 2500",True,29.0,5.0
v0,synth_2500_extremely_low_protein,2500kcal / extremely low protein,synthetic,lunch_dinner,2500.0,51.0,382.8,85.0,1564,77,201,50,-37.4,51.0,-47.5,-41.2,best_effort_lp,BEST_EFFORT_LP,relaxed,1.0,2113.03,17,RECIPE_POOL_MISMATCH,"achievable kcal [868,3811] vs target 2500",True,28.1,5.0
v0,synth_2500_extremely_low_protein,2500kcal / extremely low protein,synthetic,lunch_only,2500.0,51.0,382.8,85.0,731,48,75,27,-70.8,-5.9,-80.4,-68.2,best_effort_lp,BEST_EFFORT_LP,relaxed,1.0,1733.28,17,RECIPE_POOL_MISMATCH,"achievable kcal [472,2087] vs target 2500",True,28.6,2.0
v0,synth_2500_extremely_low_protein,2500kcal / extremely low protein,synthetic,dinner_only,2500.0,51.0,382.8,85.0,1491,56,212,47,-40.4,9.8,-44.6,-44.7,best_effort_lp,BEST_EFFORT_LP,relaxed,1.0,1861.31,17,RECIPE_POOL_MISMATCH,"achievable kcal [396,2826] vs target 2500",True,47.2,8.0
v0,synth_2500_extremely_low_protein,2500kcal / extremely low protein,synthetic,lunch_snack,2500.0,51.0,382.8,85.0,1115,55,127,43,-55.4,7.8,-66.8,-49.4,best_effort_lp,BEST_EFFORT_LP,relaxed,1.0,1617.36,17,RECIPE_POOL_MISMATCH,"achievable kcal [600,2726] vs target 2500",True,34.4,3.0
v0,synth_2500_high_protein,2500kcal / high protein,synthetic,full_day,2500.0,170.0,263.8,85.0,2496,156,268,89,-0.2,-8.2,1.6,4.7,strict_tight,0.08,strict,1.0,201.68,1,,,True,17.6,5.0
v0,synth_2500_high_protein,2500kcal / high protein,synthetic,lunch_snack_dinner,2500.0,170.0,263.8,85.0,2440,148,265,88,-2.4,-12.9,0.5,3.5,strict_tight,0.08,strict,0.5,204.84,2,,,True,21.4,5.0
v0,synth_2500_high_protein,2500kcal / high protein,synthetic,lunch_dinner,2500.0,170.0,263.8,85.0,2165,146,204,85,-13.4,-14.1,-22.7,0.0,best_effort_lp,BEST_EFFORT_LP,relaxed,1.0,1591.44,17,SERVING_BALANCE_RATIO_BLOCKED,flat_2.5x_default_ratio,True,28.4,5.0
v0,synth_2500_high_protein,2500kcal / high protein,synthetic,lunch_only,2500.0,170.0,263.8,85.0,940,78,78,35,-62.4,-54.1,-70.4,-58.8,best_effort_lp,BEST_EFFORT_LP,relaxed,1.0,1420.34,17,RECIPE_POOL_MISMATCH,"achievable kcal [472,2087] vs target 2500",True,44.4,2.0
v0,synth_2500_high_protein,2500kcal / high protein,synthetic,dinner_only,2500.0,170.0,263.8,85.0,2189,121,215,94,-12.4,-28.8,-18.5,10.6,best_effort_lp,BEST_EFFORT_LP,relaxed,1.0,1283.09,17,RECIPE_POOL_MISMATCH,"achievable kcal [396,2826] vs target 2500",True,49.1,8.0
v0,synth_2500_high_protein,2500kcal / high protein,synthetic,lunch_snack,2500.0,170.0,263.8,85.0,1323,86,129,52,-47.1,-49.4,-51.1,-38.8,best_effort_lp,BEST_EFFORT_LP,relaxed,1.0,1300.94,17,SERVING_BALANCE_RATIO_BLOCKED,flat_2.5x_default_ratio,True,31.5,3.0
v0,synth_2500_extremely_high_protein,2500kcal / extremely high protein,synthetic,full_day,2500.0,221.0,212.8,85.0,2439,188,212,93,-2.4,-14.9,-0.4,9.4,strict_relaxed_tol,0.15,strict,0.5,437.27,6,SERVING_BALANCE_RATIO_BLOCKED,flat_2.5x_default_ratio,True,25.2,5.0
v0,synth_2500_extremely_high_protein,2500kcal / extremely high protein,synthetic,lunch_snack_dinner,2500.0,221.0,212.8,85.0,2207,146,209,88,-11.7,-33.9,-1.8,3.5,best_effort_lp,BEST_EFFORT_LP,relaxed,1.0,1192.66,17,SERVING_BALANCE_RATIO_BLOCKED,flat_2.5x_default_ratio,True,27.8,5.0
v0,synth_2500_extremely_high_protein,2500kcal / extremely high protein,synthetic,lunch_dinner,2500.0,221.0,212.8,85.0,2165,146,204,85,-13.4,-33.9,-4.1,0.0,best_effort_lp,BEST_EFFORT_LP,relaxed,1.0,1278.15,17,SERVING_BALANCE_RATIO_BLOCKED,flat_2.5x_default_ratio,True,28.4,5.0
v0,synth_2500_extremely_high_protein,2500kcal / extremely high protein,synthetic,lunch_only,2500.0,221.0,212.8,85.0,940,78,78,35,-62.4,-64.7,-63.3,-58.8,best_effort_lp,BEST_EFFORT_LP,relaxed,1.0,1179.9,17,RECIPE_POOL_MISMATCH,"achievable kcal [472,2087] vs target 2500",True,44.4,2.0
v0,synth_2500_extremely_high_protein,2500kcal / extremely high protein,synthetic,dinner_only,2500.0,221.0,212.8,85.0,2036,108,214,83,-18.6,-51.1,0.6,-2.4,best_effort_lp,BEST_EFFORT_LP,relaxed,1.0,1179.98,17,RECIPE_POOL_MISMATCH,"achievable kcal [396,2826] vs target 2500",True,45.2,8.0
v0,synth_2500_extremely_high_protein,2500kcal / extremely high protein,synthetic,lunch_snack,2500.0,221.0,212.8,85.0,1323,86,129,52,-47.1,-61.1,-39.4,-38.8,best_effort_lp,BEST_EFFORT_LP,relaxed,1.0,1247.66,17,SERVING_BALANCE_RATIO_BLOCKED,flat_2.5x_default_ratio,True,31.5,3.0
v0,synth_2500_low_fat,2500kcal / low fat,synthetic,full_day,2500.0,136.0,393.4,42.5,2043,135,226,67,-18.3,-0.7,-42.6,57.6,best_effort_lp,BEST_EFFORT_LP,relaxed,1.0,1261.24,17,RECIPE_POOL_MISMATCH,"achievable kcal [1218,5176] vs target 2500",True,21.5,5.0
v0,synth_2500_low_fat,2500kcal / low fat,synthetic,lunch_snack_dinner,2500.0,136.0,393.4,42.5,1661,103,194,53,-33.6,-24.3,-50.7,24.7,best_effort_lp,BEST_EFFORT_LP,relaxed,1.0,1253.95,17,RECIPE_POOL_MISMATCH,"achievable kcal [996,4450] vs target 2500",True,26.5,5.0
v0,synth_2500_low_fat,2500kcal / low fat,synthetic,lunch_dinner,2500.0,136.0,393.4,42.5,1533,100,177,47,-38.7,-26.5,-55.0,10.6,best_effort_lp,BEST_EFFORT_LP,relaxed,1.0,1284.8,17,RECIPE_POOL_MISMATCH,"achievable kcal [868,3811] vs target 2500",True,28.7,5.0
v0,synth_2500_low_fat,2500kcal / low fat,synthetic,lunch_only,2500.0,136.0,393.4,42.5,940,78,78,35,-62.4,-42.6,-80.2,-17.6,best_effort_lp,BEST_EFFORT_LP,relaxed,1.0,1329.18,17,RECIPE_POOL_MISMATCH,"achievable kcal [472,2087] vs target 2500",True,44.4,2.0
v0,synth_2500_low_fat,2500kcal / low fat,synthetic,dinner_only,2500.0,136.0,393.4,42.5,1422,53,210,41,-43.1,-61.0,-46.6,-3.5,best_effort_lp,BEST_EFFORT_LP,relaxed,1.0,1118.81,17,RECIPE_POOL_MISMATCH,"achievable kcal [396,2826] vs target 2500",True,49.5,8.0
v0,synth_2500_low_fat,2500kcal / low fat,synthetic,lunch_snack,2500.0,136.0,393.4,42.5,1169,80,115,43,-53.2,-41.2,-70.8,1.2,best_effort_lp,BEST_EFFORT_LP,relaxed,1.0,1197.82,17,RECIPE_POOL_MISMATCH,"achievable kcal [600,2726] vs target 2500",True,35.7,3.0
v0,synth_2500_extremely_low_fat,2500kcal / extremely low fat,synthetic,full_day,2500.0,136.0,441.2,21.2,1674,89,208,54,-33.0,-34.6,-52.9,154.7,best_effort_lp,BEST_EFFORT_LP,relaxed,1.0,1727.2,17,RECIPE_POOL_MISMATCH,"achievable kcal [1218,5176] vs target 2500",True,26.3,5.0
v0,synth_2500_extremely_low_fat,2500kcal / extremely low fat,synthetic,lunch_snack_dinner,2500.0,136.0,441.2,21.2,1452,72,192,44,-41.9,-47.1,-56.5,107.5,best_effort_lp,BEST_EFFORT_LP,relaxed,1.0,1833.59,17,RECIPE_POOL_MISMATCH,"achievable kcal [996,4450] vs target 2500",True,30.3,5.0
v0,synth_2500_extremely_low_fat,2500kcal / extremely low fat,synthetic,lunch_dinner,2500.0,136.0,441.2,21.2,1324,70,175,39,-47.0,-48.5,-60.3,84.0,best_effort_lp,BEST_EFFORT_LP,relaxed,1.0,1461.71,17,RECIPE_POOL_MISMATCH,"achievable kcal [868,3811] vs target 2500",True,33.2,5.0
v0,synth_2500_extremely_low_fat,2500kcal / extremely low fat,synthetic,lunch_only,2500.0,136.0,441.2,21.2,662,45,73,21,-73.5,-66.9,-83.5,-0.9,best_effort_lp,BEST_EFFORT_LP,relaxed,1.0,1220.74,17,RECIPE_POOL_MISMATCH,"achievable kcal [472,2087] vs target 2500",True,31.6,2.0
v0,synth_2500_extremely_low_fat,2500kcal / extremely low fat,synthetic,dinner_only,2500.0,136.0,441.2,21.2,1012,32,173,21,-59.5,-76.5,-60.8,-0.9,best_effort_lp,BEST_EFFORT_LP,relaxed,1.0,1947.13,17,RECIPE_POOL_MISMATCH,"achievable kcal [396,2826] vs target 2500",True,69.6,8.0
v0,synth_2500_extremely_low_fat,2500kcal / extremely low fat,synthetic,lunch_snack,2500.0,136.0,441.2,21.2,704,45,78,24,-71.8,-66.9,-82.3,13.2,best_effort_lp,BEST_EFFORT_LP,relaxed,1.0,1380.92,17,RECIPE_POOL_MISMATCH,"achievable kcal [600,2726] vs target 2500",True,29.7,2.0
v0,synth_2500_high_fat,2500kcal / high fat,synthetic,full_day,2500.0,136.0,183.0,136.0,2446,133,185,130,-2.2,-2.2,1.1,-4.4,strict_tight,0.08,strict,1.0,134.07,1,,,True,20.9,5.0
v0,synth_2500_high_fat,2500kcal / high fat,synthetic,lunch_snack_dinner,2500.0,136.0,183.0,136.0,2496,157,181,127,-0.2,15.4,-1.1,-6.6,strict_tight,0.08,strict,1.0,78.65,1,,,True,24.6,4.0
v0,synth_2500_high_fat,2500kcal / high fat,synthetic,lunch_dinner,2500.0,136.0,183.0,136.0,2452,170,168,122,-1.9,25.0,-8.2,-10.3,strict_relaxed_tol,0.15,strict,0.5,511.52,6,CULINARY_AND_TOLERANCE,>= 15% band AND dinner_lunch_diff_pct,True,31.3,5.0
v0,synth_2500_high_fat,2500kcal / high fat,synthetic,lunch_only,2500.0,136.0,183.0,136.0,940,78,78,35,-62.4,-42.6,-57.4,-74.3,best_effort_lp,BEST_EFFORT_LP,relaxed,1.0,1487.38,17,RECIPE_POOL_MISMATCH,"achievable kcal [472,2087] vs target 2500",True,44.4,2.0
v0,synth_2500_high_fat,2500kcal / high fat,synthetic,dinner_only,2500.0,136.0,183.0,136.0,2428,135,189,126,-2.9,-0.7,3.3,-7.4,strict_tight,0.08,strict,1.0,151.36,1,,,True,44.3,7.0
v0,synth_2500_high_fat,2500kcal / high fat,synthetic,lunch_snack,2500.0,136.0,183.0,136.0,1323,86,129,52,-47.1,-36.8,-29.5,-61.8,best_effort_lp,BEST_EFFORT_LP,relaxed,1.0,1472.19,17,RECIPE_POOL_MISMATCH,"achievable kcal [600,2726] vs target 2500",True,31.5,3.0
v0,synth_2500_extremely_high_fat,2500kcal / extremely high fat,synthetic,full_day,2500.0,136.0,68.2,187.0,1992,131,118,111,-20.3,-3.7,73.0,-40.6,best_effort_lp,BEST_EFFORT_LP,relaxed,1.0,1536.31,17,RECIPE_POOL_MISMATCH,"achievable kcal [1218,5176] vs target 2500",True,30.8,5.0
v0,synth_2500_extremely_high_fat,2500kcal / extremely high fat,synthetic,lunch_snack_dinner,2500.0,136.0,68.2,187.0,1734,136,99,88,-30.6,0.0,45.2,-52.9,best_effort_lp,BEST_EFFORT_LP,relaxed,1.0,1582.89,17,RECIPE_POOL_MISMATCH,"achievable kcal [996,4450] vs target 2500",True,35.4,4.0
v0,synth_2500_extremely_high_fat,2500kcal / extremely high fat,synthetic,lunch_dinner,2500.0,136.0,68.2,187.0,1675,137,84,88,-33.0,0.7,23.2,-52.9,best_effort_lp,BEST_EFFORT_LP,relaxed,1.0,1557.93,17,RECIPE_POOL_MISMATCH,"achievable kcal [868,3811] vs target 2500",True,36.7,4.0
v0,synth_2500_extremely_high_fat,2500kcal / extremely high fat,synthetic,lunch_only,2500.0,136.0,68.2,187.0,854,76,66,32,-65.8,-44.1,-3.2,-82.9,best_effort_lp,BEST_EFFORT_LP,relaxed,1.0,1530.13,17,RECIPE_POOL_MISMATCH,"achievable kcal [472,2087] vs target 2500",True,48.8,2.0
v0,synth_2500_extremely_high_fat,2500kcal / extremely high fat,synthetic,dinner_only,2500.0,136.0,68.2,187.0,1970,136,68,129,-21.2,0.0,-0.3,-31.0,best_effort_lp,BEST_EFFORT_LP,relaxed,1.0,1674.97,17,RECIPE_POOL_MISMATCH,"achievable kcal [396,2826] vs target 2500",True,62.3,8.0
v0,synth_2500_extremely_high_fat,2500kcal / extremely high fat,synthetic,lunch_snack,2500.0,136.0,68.2,187.0,963,77,73,40,-61.5,-43.4,7.0,-78.6,best_effort_lp,BEST_EFFORT_LP,relaxed,1.0,1971.54,17,RECIPE_POOL_MISMATCH,"achievable kcal [600,2726] vs target 2500",True,43.3,2.0
v0,synth_2500_low_carbs,2500kcal / low carbs,synthetic,full_day,2500.0,170.0,187.3,119.0,2508,171,187,120,0.3,0.6,-0.2,0.8,strict_tight,0.08,strict,1.0,290.83,1,,,True,18.4,3.0
v0,synth_2500_low_carbs,2500kcal / low carbs,synthetic,lunch_snack_dinner,2500.0,170.0,187.3,119.0,2490,165,190,119,-0.4,-2.9,1.4,0.0,strict_tight,0.08,strict,1.0,200.39,1,,,True,30.8,5.0
v0,synth_2500_low_carbs,2500kcal / low carbs,synthetic,lunch_dinner,2500.0,170.0,187.3,119.0,2463,169,181,118,-1.5,-0.6,-3.4,-0.8,strict_tight,0.08,strict,0.5,242.04,2,,,True,31.2,5.0
v0,synth_2500_low_carbs,2500kcal / low carbs,synthetic,lunch_only,2500.0,170.0,187.3,119.0,940,78,78,35,-62.4,-54.1,-58.4,-70.6,best_effort_lp,BEST_EFFORT_LP,relaxed,1.0,1363.12,17,RECIPE_POOL_MISMATCH,"achievable kcal [472,2087] vs target 2500",True,44.4,2.0
v0,synth_2500_low_carbs,2500kcal / low carbs,synthetic,dinner_only,2500.0,170.0,187.3,119.0,2586,148,206,130,3.4,-12.9,10.0,9.2,strict_tight,0.08,strict,1.0,78.72,1,,,True,47.5,8.0
v0,synth_2500_low_carbs,2500kcal / low carbs,synthetic,lunch_snack,2500.0,170.0,187.3,119.0,1323,86,129,52,-47.1,-49.4,-31.1,-56.3,best_effort_lp,BEST_EFFORT_LP,relaxed,1.0,1350.73,17,SERVING_BALANCE_RATIO_BLOCKED,flat_2.5x_default_ratio,True,31.5,3.0
v0,synth_2500_extremely_low_carbs,2500kcal / extremely low carbs,synthetic,full_day,2500.0,204.0,76.8,153.0,2470,190,99,146,-1.2,-6.9,28.9,-4.6,strict_tight,0.08,strict,0.5,237.44,2,,,True,31.1,5.0
v0,synth_2500_extremely_low_carbs,2500kcal / extremely low carbs,synthetic,lunch_snack_dinner,2500.0,204.0,76.8,153.0,2026,156,105,109,-19.0,-23.5,36.7,-28.8,best_effort_lp,BEST_EFFORT_LP,relaxed,1.0,1617.83,17,SERVING_BALANCE_RATIO_BLOCKED,flat_2.5x_default_ratio,True,37.9,5.0
v0,synth_2500_extremely_low_carbs,2500kcal / extremely low carbs,synthetic,lunch_dinner,2500.0,204.0,76.8,153.0,1898,153,87,104,-24.1,-25.0,13.3,-32.0,best_effort_lp,BEST_EFFORT_LP,relaxed,1.0,1619.72,17,SERVING_BALANCE_RATIO_BLOCKED,flat_2.5x_default_ratio,True,40.4,5.0
v0,synth_2500_extremely_low_carbs,2500kcal / extremely low carbs,synthetic,lunch_only,2500.0,204.0,76.8,153.0,940,78,78,35,-62.4,-61.8,1.6,-77.1,best_effort_lp,BEST_EFFORT_LP,relaxed,1.0,1352.19,17,RECIPE_POOL_MISMATCH,"achievable kcal [472,2087] vs target 2500",True,44.4,2.0
v0,synth_2500_extremely_low_carbs,2500kcal / extremely low carbs,synthetic,dinner_only,2500.0,204.0,76.8,153.0,2125,141,82,137,-15.0,-30.9,6.8,-10.5,best_effort_lp,BEST_EFFORT_LP,relaxed,1.0,1420.55,17,RECIPE_POOL_MISMATCH,"achievable kcal [396,2826] vs target 2500",True,57.8,8.0
v0,synth_2500_extremely_low_carbs,2500kcal / extremely low carbs,synthetic,lunch_snack,2500.0,204.0,76.8,153.0,1005,77,78,43,-59.8,-62.3,1.6,-71.9,best_effort_lp,BEST_EFFORT_LP,relaxed,1.0,1395.62,17,RECIPE_POOL_MISMATCH,"achievable kcal [600,2726] vs target 2500",True,41.5,2.0
v0,synth_2500_high_carbs,2500kcal / high carbs,synthetic,full_day,2500.0,102.0,408.2,51.0,1835,104,224,58,-26.6,2.0,-45.1,13.7,best_effort_lp,BEST_EFFORT_LP,relaxed,1.0,1445.98,17,RECIPE_POOL_MISMATCH,"achievable kcal [1218,5176] vs target 2500",True,24.0,5.0
v0,synth_2500_high_carbs,2500kcal / high carbs,synthetic,lunch_snack_dinner,2500.0,102.0,408.2,51.0,1661,103,194,53,-33.6,1.0,-52.5,3.9,best_effort_lp,BEST_EFFORT_LP,relaxed,1.0,1355.52,17,RECIPE_POOL_MISMATCH,"achievable kcal [996,4450] vs target 2500",True,26.5,5.0
v0,synth_2500_high_carbs,2500kcal / high carbs,synthetic,lunch_dinner,2500.0,102.0,408.2,51.0,1619,102,189,50,-35.2,0.0,-53.7,-2.0,best_effort_lp,BEST_EFFORT_LP,relaxed,1.0,1375.01,17,RECIPE_POOL_MISMATCH,"achievable kcal [868,3811] vs target 2500",True,27.2,5.0
v0,synth_2500_high_carbs,2500kcal / high carbs,synthetic,lunch_only,2500.0,102.0,408.2,51.0,940,78,78,35,-62.4,-23.5,-80.9,-31.4,best_effort_lp,BEST_EFFORT_LP,relaxed,1.0,1245.61,17,RECIPE_POOL_MISMATCH,"achievable kcal [472,2087] vs target 2500",True,44.4,2.0
v0,synth_2500_high_carbs,2500kcal / high carbs,synthetic,dinner_only,2500.0,102.0,408.2,51.0,1575,67,211,52,-37.0,-34.3,-48.3,2.0,best_effort_lp,BEST_EFFORT_LP,relaxed,1.0,1251.68,17,RECIPE_POOL_MISMATCH,"achievable kcal [396,2826] vs target 2500",True,44.7,8.0
v0,synth_2500_high_carbs,2500kcal / high carbs,synthetic,lunch_snack,2500.0,102.0,408.2,51.0,1323,86,129,52,-47.1,-15.7,-68.4,2.0,best_effort_lp,BEST_EFFORT_LP,relaxed,1.0,1133.08,17,RECIPE_POOL_MISMATCH,"achievable kcal [600,2726] vs target 2500",True,31.5,3.0
v0,synth_2500_extremely_high_carbs,2500kcal / extremely high carbs,synthetic,full_day,2500.0,76.5,481.6,29.7,1570,86,187,53,-37.2,12.4,-61.2,78.5,best_effort_lp,BEST_EFFORT_LP,relaxed,1.0,1135.08,17,RECIPE_POOL_MISMATCH,"achievable kcal [1218,5176] vs target 2500",True,28.0,5.0
v0,synth_2500_extremely_high_carbs,2500kcal / extremely high carbs,synthetic,lunch_snack_dinner,2500.0,76.5,481.6,29.7,1452,72,192,44,-41.9,-5.9,-60.1,48.1,best_effort_lp,BEST_EFFORT_LP,relaxed,1.0,1360.24,17,RECIPE_POOL_MISMATCH,"achievable kcal [996,4450] vs target 2500",True,30.3,5.0
v0,synth_2500_extremely_high_carbs,2500kcal / extremely high carbs,synthetic,lunch_dinner,2500.0,76.5,481.6,29.7,1324,70,175,39,-47.0,-8.5,-63.7,31.3,best_effort_lp,BEST_EFFORT_LP,relaxed,1.0,1197.08,17,RECIPE_POOL_MISMATCH,"achievable kcal [868,3811] vs target 2500",True,33.2,5.0
v0,synth_2500_extremely_high_carbs,2500kcal / extremely high carbs,synthetic,lunch_only,2500.0,76.5,481.6,29.7,871,75,75,30,-65.2,-2.0,-84.4,1.0,best_effort_lp,BEST_EFFORT_LP,relaxed,1.0,1229.74,17,RECIPE_POOL_MISMATCH,"achievable kcal [472,2087] vs target 2500",True,47.9,2.0
v0,synth_2500_extremely_high_carbs,2500kcal / extremely high carbs,synthetic,dinner_only,2500.0,76.5,481.6,29.7,1268,39,209,31,-49.3,-49.0,-56.6,4.4,best_effort_lp,BEST_EFFORT_LP,relaxed,1.0,1176.85,17,RECIPE_POOL_MISMATCH,"achievable kcal [396,2826] vs target 2500",True,55.5,8.0
v0,synth_2500_extremely_high_carbs,2500kcal / extremely high carbs,synthetic,lunch_snack,2500.0,76.5,481.6,29.7,913,75,80,32,-63.5,-2.0,-83.4,7.7,best_effort_lp,BEST_EFFORT_LP,relaxed,1.0,1129.23,17,RECIPE_POOL_MISMATCH,"achievable kcal [600,2726] vs target 2500",True,45.7,2.0
v0,synth_3000_balanced,3000kcal / balanced,synthetic,full_day,3000.0,152.0,384.2,95.0,2726,150,318,95,-9.1,-1.3,-17.2,0.0,best_effort_lp,BEST_EFFORT_LP,relaxed,1.0,1264.68,17,SERVING_BALANCE_RATIO_BLOCKED,flat_2.5x_default_ratio / recipe_subrecipe_rule,True,23.5,5.0
v0,synth_3000_balanced,3000kcal / balanced,synthetic,lunch_snack_dinner,3000.0,152.0,384.2,95.0,2650,145,288,102,-11.7,-4.6,-25.0,7.4,best_effort_lp,BEST_EFFORT_LP,relaxed,1.0,1543.5,17,SERVING_BALANCE_RATIO_BLOCKED,flat_2.5x_default_ratio,True,24.1,5.0
v0,synth_3000_balanced,3000kcal / balanced,synthetic,lunch_dinner,3000.0,152.0,384.2,95.0,2303,151,209,96,-23.2,-0.7,-45.6,1.1,best_effort_lp,BEST_EFFORT_LP,relaxed,1.0,1351.74,17,RECIPE_POOL_MISMATCH,"achievable kcal [868,3811] vs target 3000",True,26.7,5.0
v0,synth_3000_balanced,3000kcal / balanced,synthetic,lunch_only,3000.0,152.0,384.2,95.0,2053,162,180,76,-31.6,6.6,-53.1,-20.0,best_effort_lp,BEST_EFFORT_LP,relaxed,1.0,1315.42,17,RECIPE_POOL_MISMATCH,"achievable kcal [472,3409] vs target 3000",True,40.6,5.0
v0,synth_3000_balanced,3000kcal / balanced,synthetic,dinner_only,3000.0,152.0,384.2,95.0,2519,138,255,105,-16.0,-9.2,-33.6,10.5,best_effort_lp,BEST_EFFORT_LP,relaxed,1.0,1348.13,17,RECIPE_POOL_MISMATCH,"achievable kcal [396,3447] vs target 3000",True,48.8,10.0
v0,synth_3000_balanced,3000kcal / balanced,synthetic,lunch_snack,3000.0,152.0,384.2,95.0,1323,86,129,52,-55.9,-43.4,-66.4,-45.3,best_effort_lp,BEST_EFFORT_LP,relaxed,1.0,1528.2,17,RECIPE_POOL_MISMATCH,"achievable kcal [600,2726] vs target 3000",True,31.5,3.0
v0,synth_3000_low_protein,3000kcal / low protein,synthetic,full_day,3000.0,104.5,431.8,95.0,2479,108,303,93,-17.4,3.3,-29.8,-2.1,best_effort_lp,BEST_EFFORT_LP,relaxed,1.0,1579.36,17,SERVING_BALANCE_RATIO_BLOCKED,flat_2.5x_default_ratio,True,25.8,5.0
v0,synth_3000_low_protein,3000kcal / low protein,synthetic,lunch_snack_dinner,3000.0,104.5,431.8,95.0,2426,107,290,93,-19.1,2.4,-32.8,-2.1,best_effort_lp,BEST_EFFORT_LP,relaxed,1.0,1487.12,17,RECIPE_POOL_MISMATCH,"achievable kcal [996,4450] vs target 3000",True,26.3,5.0
v0,synth_3000_low_protein,3000kcal / low protein,synthetic,lunch_dinner,3000.0,104.5,431.8,95.0,1871,105,203,71,-37.6,0.5,-53.0,-25.3,best_effort_lp,BEST_EFFORT_LP,relaxed,1.0,1361.54,17,RECIPE_POOL_MISMATCH,"achievable kcal [868,3811] vs target 3000",True,24.6,5.0
v0,synth_3000_low_protein,3000kcal / low protein,synthetic,lunch_only,3000.0,104.5,431.8,95.0,1636,101,175,59,-45.5,-3.3,-59.5,-37.9,best_effort_lp,BEST_EFFORT_LP,relaxed,1.0,1209.96,17,RECIPE_POOL_MISMATCH,"achievable kcal [472,3409] vs target 3000",True,32.0,5.0
v0,synth_3000_low_protein,3000kcal / low protein,synthetic,dinner_only,3000.0,104.5,431.8,95.0,2334,109,262,95,-22.2,4.3,-39.3,0.0,best_effort_lp,BEST_EFFORT_LP,relaxed,1.0,1197.47,17,RECIPE_POOL_MISMATCH,"achievable kcal [396,3447] vs target 3000",True,37.7,10.0
v0,synth_3000_low_protein,3000kcal / low protein,synthetic,lunch_snack,3000.0,104.5,431.8,95.0,1323,86,129,52,-55.9,-17.7,-70.1,-45.3,best_effort_lp,BEST_EFFORT_LP,relaxed,1.0,1117.2,17,RECIPE_POOL_MISMATCH,"achievable kcal [600,2726] vs target 3000",True,31.5,3.0
v0,synth_3000_extremely_low_protein,3000kcal / extremely low protein,synthetic,full_day,3000.0,57.0,479.2,95.0,2455,108,293,95,-18.2,89.5,-38.9,0.0,best_effort_lp,BEST_EFFORT_LP,relaxed,1.0,1200.61,17,RECIPE_POOL_MISMATCH,"achievable kcal [1218,5176] vs target 3000",True,26.0,5.0
v0,synth_3000_extremely_low_protein,3000kcal / extremely low protein,synthetic,lunch_snack_dinner,3000.0,57.0,479.2,95.0,2204,90,287,77,-26.5,57.9,-40.1,-18.9,best_effort_lp,BEST_EFFORT_LP,relaxed,1.0,1175.35,17,RECIPE_POOL_MISMATCH,"achievable kcal [996,4450] vs target 3000",True,29.0,5.0
v0,synth_3000_extremely_low_protein,3000kcal / extremely low protein,synthetic,lunch_dinner,3000.0,57.0,479.2,95.0,1564,77,201,50,-47.9,35.1,-58.1,-47.4,best_effort_lp,BEST_EFFORT_LP,relaxed,1.0,1163.77,17,RECIPE_POOL_MISMATCH,"achievable kcal [868,3811] vs target 3000",True,28.1,5.0
v0,synth_3000_extremely_low_protein,3000kcal / extremely low protein,synthetic,lunch_only,3000.0,57.0,479.2,95.0,1636,101,175,59,-45.5,77.2,-63.5,-37.9,best_effort_lp,BEST_EFFORT_LP,relaxed,1.0,1426.99,17,RECIPE_POOL_MISMATCH,"achievable kcal [472,3409] vs target 3000",True,32.0,5.0
v0,synth_3000_extremely_low_protein,3000kcal / extremely low protein,synthetic,dinner_only,3000.0,57.0,479.2,95.0,1667,59,252,47,-44.4,3.5,-47.4,-50.5,best_effort_lp,BEST_EFFORT_LP,relaxed,1.0,1430.47,17,RECIPE_POOL_MISMATCH,"achievable kcal [396,3447] vs target 3000",True,52.8,10.0
v0,synth_3000_extremely_low_protein,3000kcal / extremely low protein,synthetic,lunch_snack,3000.0,57.0,479.2,95.0,1115,55,127,43,-62.8,-3.5,-73.5,-54.7,best_effort_lp,BEST_EFFORT_LP,relaxed,1.0,1153.08,17,RECIPE_POOL_MISMATCH,"achievable kcal [600,2726] vs target 3000",True,34.4,3.0
v0,synth_3000_high_protein,3000kcal / high protein,synthetic,full_day,3000.0,190.0,346.2,95.0,2879,163,319,106,-4.0,-14.2,-7.9,11.6,strict_tight,0.08,strict,1.0,67.32,1,,,True,22.2,5.0
v0,synth_3000_high_protein,3000kcal / high protein,synthetic,lunch_snack_dinner,3000.0,190.0,346.2,95.0,2826,155,305,109,-5.8,-18.4,-11.9,14.7,strict_relaxed_tol,0.15,strict,0.5,412.66,6,SERVING_BALANCE_RATIO_BLOCKED,flat_2.5x_default_ratio,True,22.6,5.0
v0,synth_3000_high_protein,3000kcal / high protein,synthetic,lunch_dinner,3000.0,190.0,346.2,95.0,2387,162,207,101,-20.4,-14.7,-40.2,6.3,best_effort_lp,BEST_EFFORT_LP,relaxed,1.0,1196.62,17,RECIPE_POOL_MISMATCH,"achievable kcal [868,3811] vs target 3000",True,32.2,5.0
v0,synth_3000_high_protein,3000kcal / high protein,synthetic,lunch_only,3000.0,190.0,346.2,95.0,2262,192,182,85,-24.6,1.1,-47.4,-10.5,best_effort_lp,BEST_EFFORT_LP,relaxed,1.0,1216.59,17,RECIPE_POOL_MISMATCH,"achievable kcal [472,3409] vs target 3000",True,46.1,5.0
v0,synth_3000_high_protein,3000kcal / high protein,synthetic,dinner_only,3000.0,190.0,346.2,95.0,2365,125,254,95,-21.2,-34.2,-26.6,0.0,best_effort_lp,BEST_EFFORT_LP,relaxed,1.0,1116.18,17,RECIPE_POOL_MISMATCH,"achievable kcal [396,3447] vs target 3000",True,45.4,10.0
v0,synth_3000_high_protein,3000kcal / high protein,synthetic,lunch_snack,3000.0,190.0,346.2,95.0,1323,86,129,52,-55.9,-54.7,-62.7,-45.3,best_effort_lp,BEST_EFFORT_LP,relaxed,1.0,1191.51,17,RECIPE_POOL_MISMATCH,"achievable kcal [600,2726] vs target 3000",True,31.5,3.0
v0,synth_3000_extremely_high_protein,3000kcal / extremely high protein,synthetic,full_day,3000.0,247.0,289.2,95.0,2856,207,255,112,-4.8,-16.2,-11.8,17.9,strict_relaxed_tol,0.15,strict,0.5,479.34,6,SERVING_BALANCE_RATIO_BLOCKED,flat_2.5x_default_ratio,True,26.9,5.0
v0,synth_3000_extremely_high_protein,3000kcal / extremely high protein,synthetic,lunch_snack_dinner,3000.0,247.0,289.2,95.0,2566,134,290,97,-14.5,-45.7,0.3,2.1,best_effort_lp,BEST_EFFORT_LP,relaxed,1.0,1260.23,17,SERVING_BALANCE_RATIO_BLOCKED,flat_2.5x_default_ratio,True,24.9,5.0
v0,synth_3000_extremely_high_protein,3000kcal / extremely high protein,synthetic,lunch_dinner,3000.0,247.0,289.2,95.0,2303,151,209,96,-23.2,-38.9,-27.7,1.1,best_effort_lp,BEST_EFFORT_LP,relaxed,1.0,1242.04,17,SERVING_BALANCE_RATIO_BLOCKED,flat_2.5x_default_ratio,True,26.7,5.0
v0,synth_3000_extremely_high_protein,3000kcal / extremely high protein,synthetic,lunch_only,3000.0,247.0,289.2,95.0,2262,192,182,85,-24.6,-22.3,-37.1,-10.5,best_effort_lp,BEST_EFFORT_LP,relaxed,1.0,1149.7,17,SERVING_BALANCE_RATIO_BLOCKED,flat_2.5x_default_ratio,True,46.1,5.0
v0,synth_3000_extremely_high_protein,3000kcal / extremely high protein,synthetic,dinner_only,3000.0,247.0,289.2,95.0,2365,125,254,95,-21.2,-49.4,-12.2,0.0,best_effort_lp,BEST_EFFORT_LP,relaxed,1.0,1157.91,17,RECIPE_POOL_MISMATCH,"achievable kcal [396,3447] vs target 3000",True,45.4,10.0
v0,synth_3000_extremely_high_protein,3000kcal / extremely high protein,synthetic,lunch_snack,3000.0,247.0,289.2,95.0,1323,86,129,52,-55.9,-65.2,-55.4,-45.3,best_effort_lp,BEST_EFFORT_LP,relaxed,1.0,1360.96,17,SERVING_BALANCE_RATIO_BLOCKED,flat_2.5x_default_ratio,True,31.5,3.0
v0,synth_3000_low_fat,3000kcal / low fat,synthetic,full_day,3000.0,152.0,491.1,47.5,2043,135,226,67,-31.9,-11.2,-54.0,41.1,best_effort_lp,BEST_EFFORT_LP,relaxed,1.0,1235.36,17,RECIPE_POOL_MISMATCH,"achievable kcal [1218,5176] vs target 3000",True,21.5,5.0
v0,synth_3000_low_fat,3000kcal / low fat,synthetic,lunch_snack_dinner,3000.0,152.0,491.1,47.5,1661,103,194,53,-44.6,-32.2,-60.5,11.6,best_effort_lp,BEST_EFFORT_LP,relaxed,1.0,1318.57,17,RECIPE_POOL_MISMATCH,"achievable kcal [996,4450] vs target 3000",True,26.5,5.0
v0,synth_3000_low_fat,3000kcal / low fat,synthetic,lunch_dinner,3000.0,152.0,491.1,47.5,1533,100,177,47,-48.9,-34.2,-64.0,-1.1,best_effort_lp,BEST_EFFORT_LP,relaxed,1.0,1172.86,17,RECIPE_POOL_MISMATCH,"achievable kcal [868,3811] vs target 3000",True,28.7,5.0
v0,synth_3000_low_fat,3000kcal / low fat,synthetic,lunch_only,3000.0,152.0,491.1,47.5,1675,149,148,54,-44.2,-2.0,-69.9,13.7,best_effort_lp,BEST_EFFORT_LP,relaxed,1.0,1351.9,17,RECIPE_POOL_MISMATCH,"achievable kcal [472,3409] vs target 3000",True,49.8,5.0
v0,synth_3000_low_fat,3000kcal / low fat,synthetic,dinner_only,3000.0,152.0,491.1,47.5,1666,68,238,49,-44.5,-55.3,-51.5,3.2,best_effort_lp,BEST_EFFORT_LP,relaxed,1.0,1268.12,17,RECIPE_POOL_MISMATCH,"achievable kcal [396,3447] vs target 3000",True,52.8,10.0
v0,synth_3000_low_fat,3000kcal / low fat,synthetic,lunch_snack,3000.0,152.0,491.1,47.5,1254,83,127,46,-58.2,-45.4,-74.1,-3.2,best_effort_lp,BEST_EFFORT_LP,relaxed,1.0,1343.57,17,RECIPE_POOL_MISMATCH,"achievable kcal [600,2726] vs target 3000",True,33.3,3.0
v0,synth_3000_extremely_low_fat,3000kcal / extremely low fat,synthetic,full_day,3000.0,152.0,544.6,23.8,1674,89,208,54,-44.2,-41.4,-61.8,126.9,best_effort_lp,BEST_EFFORT_LP,relaxed,1.0,1821.98,17,RECIPE_POOL_MISMATCH,"achievable kcal [1218,5176] vs target 3000",True,26.3,5.0
v0,synth_3000_extremely_low_fat,3000kcal / extremely low fat,synthetic,lunch_snack_dinner,3000.0,152.0,544.6,23.8,1452,72,192,44,-51.6,-52.6,-64.7,84.9,best_effort_lp,BEST_EFFORT_LP,relaxed,1.0,1506.19,17,RECIPE_POOL_MISMATCH,"achievable kcal [996,4450] vs target 3000",True,30.3,5.0
v0,synth_3000_extremely_low_fat,3000kcal / extremely low fat,synthetic,lunch_dinner,3000.0,152.0,544.6,23.8,1324,70,175,39,-55.9,-53.9,-67.9,63.9,best_effort_lp,BEST_EFFORT_LP,relaxed,1.0,1429.7,17,RECIPE_POOL_MISMATCH,"achievable kcal [868,3811] vs target 3000",True,33.2,5.0
v0,synth_3000_extremely_low_fat,3000kcal / extremely low fat,synthetic,lunch_only,3000.0,152.0,544.6,23.8,789,73,64,27,-73.7,-52.0,-88.2,13.4,best_effort_lp,BEST_EFFORT_LP,relaxed,1.0,1542.97,17,RECIPE_POOL_MISMATCH,"achievable kcal [472,3409] vs target 3000",True,52.9,2.0
v0,synth_3000_extremely_low_fat,3000kcal / extremely low fat,synthetic,dinner_only,3000.0,152.0,544.6,23.8,1273,38,224,25,-57.6,-75.0,-58.9,5.0,best_effort_lp,BEST_EFFORT_LP,relaxed,1.0,1406.6,17,RECIPE_POOL_MISMATCH,"achievable kcal [396,3447] vs target 3000",True,69.1,10.0
v0,synth_3000_extremely_low_fat,3000kcal / extremely low fat,synthetic,lunch_snack,3000.0,152.0,544.6,23.8,704,45,78,24,-76.5,-70.4,-85.7,0.8,best_effort_lp,BEST_EFFORT_LP,relaxed,1.0,1586.7,17,RECIPE_POOL_MISMATCH,"achievable kcal [600,2726] vs target 3000",True,29.7,2.0
v0,synth_3000_high_fat,3000kcal / high fat,synthetic,full_day,3000.0,152.0,256.0,152.0,2925,157,251,144,-2.5,3.3,-2.0,-5.3,strict_tight,0.08,strict,1.0,132.89,1,,,True,21.9,5.0
v0,synth_3000_high_fat,3000kcal / high fat,synthetic,lunch_snack_dinner,3000.0,152.0,256.0,152.0,2884,176,229,141,-3.9,15.8,-10.5,-7.2,strict_tight,0.08,strict,1.0,71.37,1,,,True,26.6,5.0
v0,synth_3000_high_fat,3000kcal / high fat,synthetic,lunch_dinner,3000.0,152.0,256.0,152.0,2441,157,213,107,-18.6,3.3,-16.8,-29.6,best_effort_lp,BEST_EFFORT_LP,relaxed,1.0,1457.31,17,SERVING_BALANCE_RATIO_BLOCKED,flat_2.5x_default_ratio,True,25.2,5.0
v0,synth_3000_high_fat,3000kcal / high fat,synthetic,lunch_only,3000.0,152.0,256.0,152.0,2053,162,180,76,-31.6,6.6,-29.7,-50.0,best_effort_lp,BEST_EFFORT_LP,relaxed,1.0,2191.74,17,RECIPE_POOL_MISMATCH,"achievable kcal [472,3409] vs target 3000",True,40.6,5.0
v0,synth_3000_high_fat,3000kcal / high fat,synthetic,dinner_only,3000.0,152.0,256.0,152.0,2914,157,252,142,-2.9,3.3,-1.6,-6.6,strict_tight,0.08,strict,1.0,91.94,1,,,True,42.1,9.0
v0,synth_3000_high_fat,3000kcal / high fat,synthetic,lunch_snack,3000.0,152.0,256.0,152.0,1323,86,129,52,-55.9,-43.4,-49.6,-65.8,best_effort_lp,BEST_EFFORT_LP,relaxed,1.0,1369.82,17,RECIPE_POOL_MISMATCH,"achievable kcal [600,2726] vs target 3000",True,31.5,3.0
v0,synth_3000_extremely_high_fat,3000kcal / extremely high fat,synthetic,full_day,3000.0,152.0,127.7,209.0,2408,170,128,135,-19.7,11.8,0.2,-35.4,best_effort_lp,BEST_EFFORT_LP,relaxed,1.0,1400.01,17,RECIPE_POOL_MISMATCH,"achievable kcal [1218,5176] vs target 3000",True,25.5,5.0
v0,synth_3000_extremely_high_fat,3000kcal / extremely high fat,synthetic,lunch_snack_dinner,3000.0,152.0,127.7,209.0,2197,160,129,116,-26.8,5.3,1.0,-44.5,best_effort_lp,BEST_EFFORT_LP,relaxed,1.0,1189.35,17,RECIPE_POOL_MISMATCH,"achievable kcal [996,4450] vs target 3000",True,34.9,5.0
v0,synth_3000_extremely_high_fat,3000kcal / extremely high fat,synthetic,lunch_dinner,3000.0,152.0,127.7,209.0,2226,165,126,118,-25.8,8.6,-1.3,-43.5,best_effort_lp,BEST_EFFORT_LP,relaxed,1.0,1419.43,17,RECIPE_POOL_MISMATCH,"achievable kcal [868,3811] vs target 3000",True,34.5,5.0
v0,synth_3000_extremely_high_fat,3000kcal / extremely high fat,synthetic,lunch_only,3000.0,152.0,127.7,209.0,1758,153,124,72,-41.4,0.7,-2.9,-65.6,best_effort_lp,BEST_EFFORT_LP,relaxed,1.0,1440.33,17,RECIPE_POOL_MISMATCH,"achievable kcal [472,3409] vs target 3000",True,47.5,5.0
v0,synth_3000_extremely_high_fat,3000kcal / extremely high fat,synthetic,dinner_only,3000.0,152.0,127.7,209.0,2746,177,128,169,-8.5,16.4,0.2,-19.1,best_effort_lp,BEST_EFFORT_LP,relaxed,1.0,1464.82,17,RECIPE_POOL_MISMATCH,"achievable kcal [396,3447] vs target 3000",True,55.9,10.0
v0,synth_3000_extremely_high_fat,3000kcal / extremely high fat,synthetic,lunch_snack,3000.0,152.0,127.7,209.0,1323,86,129,52,-55.9,-43.4,1.0,-75.1,best_effort_lp,BEST_EFFORT_LP,relaxed,1.0,1488.98,17,RECIPE_POOL_MISMATCH,"achievable kcal [600,2726] vs target 3000",True,31.5,3.0
v0,synth_3000_low_carbs,3000kcal / low carbs,synthetic,full_day,3000.0,190.0,260.8,133.0,3002,189,261,134,0.1,-0.5,0.1,0.8,strict_tight,0.08,strict,1.0,176.66,1,,,True,20.5,5.0
v0,synth_3000_low_carbs,3000kcal / low carbs,synthetic,lunch_snack_dinner,3000.0,190.0,260.8,133.0,2853,171,261,125,-4.9,-10.0,0.1,-6.0,strict_tight,0.08,strict,1.0,112.87,1,,,True,26.9,5.0
v0,synth_3000_low_carbs,3000kcal / low carbs,synthetic,lunch_dinner,3000.0,190.0,260.8,133.0,2709,182,227,119,-9.7,-4.2,-13.0,-10.5,strict_relaxed_tol,0.1,strict,0.5,514.49,4,SERVING_BALANCE_RATIO_BLOCKED,flat_2.5x_default_ratio,True,25.5,5.0
v0,synth_3000_low_carbs,3000kcal / low carbs,synthetic,lunch_only,3000.0,190.0,260.8,133.0,2262,192,182,85,-24.6,1.1,-30.2,-36.1,best_effort_lp,BEST_EFFORT_LP,relaxed,1.0,1367.83,17,RECIPE_POOL_MISMATCH,"achievable kcal [472,3409] vs target 3000",True,46.1,5.0
v0,synth_3000_low_carbs,3000kcal / low carbs,synthetic,dinner_only,3000.0,190.0,260.8,133.0,2964,171,262,137,-1.2,-10.0,0.5,3.0,strict_tight,0.08,strict,1.0,78.93,1,,,True,51.8,10.0
v0,synth_3000_low_carbs,3000kcal / low carbs,synthetic,lunch_snack,3000.0,190.0,260.8,133.0,1323,86,129,52,-55.9,-54.7,-50.5,-60.9,best_effort_lp,BEST_EFFORT_LP,relaxed,1.0,1377.46,17,RECIPE_POOL_MISMATCH,"achievable kcal [600,2726] vs target 3000",True,31.5,3.0
v0,synth_3000_extremely_low_carbs,3000kcal / extremely low carbs,synthetic,full_day,3000.0,228.0,137.2,171.0,2922,219,138,166,-2.6,-3.9,0.6,-2.9,strict_tight,0.08,strict,0.5,153.47,2,,,True,26.3,5.0
v0,synth_3000_extremely_low_carbs,3000kcal / extremely low carbs,synthetic,lunch_snack_dinner,3000.0,228.0,137.2,171.0,2813,189,176,150,-6.2,-17.1,28.3,-12.3,strict_relaxed_tol,0.2,strict,0.5,634.35,8,SERVING_BALANCE_RATIO_BLOCKED,flat_2.5x_default_ratio,True,27.3,5.0
v0,synth_3000_extremely_low_carbs,3000kcal / extremely low carbs,synthetic,lunch_dinner,3000.0,228.0,137.2,171.0,2311,167,138,121,-23.0,-26.8,0.6,-29.2,best_effort_lp,BEST_EFFORT_LP,relaxed,1.0,1560.07,17,SERVING_BALANCE_RATIO_BLOCKED,flat_2.5x_default_ratio,True,33.2,5.0
v0,synth_3000_extremely_low_carbs,3000kcal / extremely low carbs,synthetic,lunch_only,3000.0,228.0,137.2,171.0,2052,186,139,84,-31.6,-18.4,1.3,-50.9,best_effort_lp,BEST_EFFORT_LP,relaxed,1.0,1548.04,17,RECIPE_POOL_MISMATCH,"achievable kcal [472,3409] vs target 3000",True,50.8,5.0
v0,synth_3000_extremely_low_carbs,3000kcal / extremely low carbs,synthetic,dinner_only,3000.0,228.0,137.2,171.0,2920,181,160,173,-2.7,-20.6,16.6,1.2,strict_relaxed_tol,0.2,strict,1.0,580.02,7,MACRO_TOLERANCE_TOO_TIGHT,needs >= 20% band,True,52.6,10.0
v0,synth_3000_extremely_low_carbs,3000kcal / extremely low carbs,synthetic,lunch_snack,3000.0,228.0,137.2,171.0,1323,86,129,52,-55.9,-62.3,-6.0,-69.6,best_effort_lp,BEST_EFFORT_LP,relaxed,1.0,1463.08,17,RECIPE_POOL_MISMATCH,"achievable kcal [600,2726] vs target 3000",True,31.5,3.0
v0,synth_3000_high_carbs,3000kcal / high carbs,synthetic,full_day,3000.0,114.0,507.8,57.0,1835,104,224,58,-38.8,-8.8,-55.9,1.8,best_effort_lp,BEST_EFFORT_LP,relaxed,1.0,1586.42,17,RECIPE_POOL_MISMATCH,"achievable kcal [1218,5176] vs target 3000",True,24.0,5.0
v0,synth_3000_high_carbs,3000kcal / high carbs,synthetic,lunch_snack_dinner,3000.0,114.0,507.8,57.0,1832,107,218,59,-38.9,-6.1,-57.1,3.5,best_effort_lp,BEST_EFFORT_LP,relaxed,1.0,1342.88,17,RECIPE_POOL_MISMATCH,"achievable kcal [996,4450] vs target 3000",True,24.0,5.0
v0,synth_3000_high_carbs,3000kcal / high carbs,synthetic,lunch_dinner,3000.0,114.0,507.8,57.0,1687,114,178,58,-43.8,0.0,-64.9,1.8,best_effort_lp,BEST_EFFORT_LP,relaxed,1.0,1352.71,17,RECIPE_POOL_MISMATCH,"achievable kcal [868,3811] vs target 3000",True,26.1,5.0
v0,synth_3000_high_carbs,3000kcal / high carbs,synthetic,lunch_only,3000.0,114.0,507.8,57.0,1706,126,172,57,-43.1,10.5,-66.1,0.0,best_effort_lp,BEST_EFFORT_LP,relaxed,1.0,1454.34,17,RECIPE_POOL_MISMATCH,"achievable kcal [472,3409] vs target 3000",True,36.7,5.0
v0,synth_3000_high_carbs,3000kcal / high carbs,synthetic,dinner_only,3000.0,114.0,507.8,57.0,1819,81,239,60,-39.4,-28.9,-52.9,5.3,best_effort_lp,BEST_EFFORT_LP,relaxed,1.0,1339.58,17,RECIPE_POOL_MISMATCH,"achievable kcal [396,3447] vs target 3000",True,48.4,10.0
v0,synth_3000_high_carbs,3000kcal / high carbs,synthetic,lunch_snack,3000.0,114.0,507.8,57.0,1323,86,129,52,-55.9,-24.6,-74.6,-8.8,best_effort_lp,BEST_EFFORT_LP,relaxed,1.0,1455.86,17,RECIPE_POOL_MISMATCH,"achievable kcal [600,2726] vs target 3000",True,31.5,3.0
v0,synth_3000_extremely_high_carbs,3000kcal / extremely high carbs,synthetic,full_day,3000.0,85.5,589.7,33.2,1570,86,187,53,-47.7,0.6,-68.3,59.6,best_effort_lp,BEST_EFFORT_LP,relaxed,1.0,1530.92,17,RECIPE_POOL_MISMATCH,"achievable kcal [1218,5176] vs target 3000",True,28.0,5.0
v0,synth_3000_extremely_high_carbs,3000kcal / extremely high carbs,synthetic,lunch_snack_dinner,3000.0,85.5,589.7,33.2,1452,72,192,44,-51.6,-15.8,-67.4,32.5,best_effort_lp,BEST_EFFORT_LP,relaxed,1.0,1512.81,17,RECIPE_POOL_MISMATCH,"achievable kcal [996,4450] vs target 3000",True,30.3,5.0
v0,synth_3000_extremely_high_carbs,3000kcal / extremely high carbs,synthetic,lunch_dinner,3000.0,85.5,589.7,33.2,1324,70,175,39,-55.9,-18.1,-70.3,17.5,best_effort_lp,BEST_EFFORT_LP,relaxed,1.0,1299.03,17,RECIPE_POOL_MISMATCH,"achievable kcal [868,3811] vs target 3000",True,33.2,5.0
v0,synth_3000_extremely_high_carbs,3000kcal / extremely high carbs,synthetic,lunch_only,3000.0,85.5,589.7,33.2,1258,88,144,37,-58.1,2.9,-75.6,11.4,best_effort_lp,BEST_EFFORT_LP,relaxed,1.0,1266.61,17,RECIPE_POOL_MISMATCH,"achievable kcal [472,3409] vs target 3000",True,41.6,5.0
v0,synth_3000_extremely_high_carbs,3000kcal / extremely high carbs,synthetic,dinner_only,3000.0,85.5,589.7,33.2,1427,52,225,36,-52.4,-39.2,-61.8,8.4,best_effort_lp,BEST_EFFORT_LP,relaxed,1.0,1531.82,17,RECIPE_POOL_MISMATCH,"achievable kcal [396,3447] vs target 3000",True,61.7,10.0
v0,synth_3000_extremely_high_carbs,3000kcal / extremely high carbs,synthetic,lunch_snack,3000.0,85.5,589.7,33.2,998,78,92,35,-66.7,-8.8,-84.4,5.4,best_effort_lp,BEST_EFFORT_LP,relaxed,1.0,1609.2,17,RECIPE_POOL_MISMATCH,"achievable kcal [600,2726] vs target 3000",True,41.8,2.0
v0,synth_3500_balanced,3500kcal / balanced,synthetic,full_day,3500.0,176.0,451.5,110.0,3033,177,320,116,-13.3,0.6,-29.1,5.5,best_effort_lp,BEST_EFFORT_LP,relaxed,1.0,1719.3,17,RECIPE_POOL_MISMATCH,"achievable kcal [1218,5176] vs target 3500",True,21.1,5.0
v0,synth_3500_balanced,3500kcal / balanced,synthetic,lunch_snack_dinner,3500.0,176.0,451.5,110.0,2804,159,289,113,-19.9,-9.7,-36.0,2.7,best_effort_lp,BEST_EFFORT_LP,relaxed,1.0,1628.18,17,RECIPE_POOL_MISMATCH,"achievable kcal [996,4450] vs target 3500",True,22.8,5.0
v0,synth_3500_balanced,3500kcal / balanced,synthetic,lunch_dinner,3500.0,176.0,451.5,110.0,2440,166,200,109,-30.3,-5.7,-55.7,-0.9,best_effort_lp,BEST_EFFORT_LP,relaxed,1.0,1905.21,17,RECIPE_POOL_MISMATCH,"achievable kcal [868,3811] vs target 3500",True,31.5,5.0
v0,synth_3500_balanced,3500kcal / balanced,synthetic,lunch_only,3500.0,176.0,451.5,110.0,2262,192,182,85,-35.4,9.1,-59.7,-22.7,best_effort_lp,BEST_EFFORT_LP,relaxed,1.0,1935.08,17,RECIPE_POOL_MISMATCH,"achievable kcal [472,3791] vs target 3500",True,46.1,5.0
v0,synth_3500_balanced,3500kcal / balanced,synthetic,dinner_only,3500.0,176.0,451.5,110.0,2846,156,288,119,-18.7,-11.4,-36.2,8.2,best_effort_lp,BEST_EFFORT_LP,relaxed,1.0,1299.22,17,RECIPE_POOL_MISMATCH,"achievable kcal [396,3843] vs target 3500",True,48.6,11.0
v0,synth_3500_balanced,3500kcal / balanced,synthetic,lunch_snack,3500.0,176.0,451.5,110.0,2863,178,287,112,-18.2,1.1,-36.4,1.8,best_effort_lp,BEST_EFFORT_LP,relaxed,1.0,1389.86,17,RECIPE_POOL_MISMATCH,"achievable kcal [600,3836] vs target 3500",True,31.3,7.0
v0,synth_3500_low_protein,3500kcal / low protein,synthetic,full_day,3500.0,121.0,506.5,110.0,2762,127,321,108,-21.1,5.0,-36.6,-1.8,best_effort_lp,BEST_EFFORT_LP,relaxed,1.0,1256.73,17,RECIPE_POOL_MISMATCH,"achievable kcal [1218,5176] vs target 3500",True,23.1,5.0
v0,synth_3500_low_protein,3500kcal / low protein,synthetic,lunch_snack_dinner,3500.0,121.0,506.5,110.0,2473,120,254,109,-29.3,-0.8,-49.9,-0.9,best_effort_lp,BEST_EFFORT_LP,relaxed,1.0,1717.5,17,RECIPE_POOL_MISMATCH,"achievable kcal [996,4450] vs target 3500",True,25.9,5.0
v0,synth_3500_low_protein,3500kcal / low protein,synthetic,lunch_dinner,3500.0,121.0,506.5,110.0,2441,157,213,107,-30.3,29.8,-57.9,-2.7,best_effort_lp,BEST_EFFORT_LP,relaxed,1.0,1316.75,17,RECIPE_POOL_MISMATCH,"achievable kcal [868,3811] vs target 3500",True,25.2,5.0
v0,synth_3500_low_protein,3500kcal / low protein,synthetic,lunch_only,3500.0,121.0,506.5,110.0,1844,132,177,68,-47.3,9.1,-65.1,-38.2,best_effort_lp,BEST_EFFORT_LP,relaxed,1.0,1123.54,17,RECIPE_POOL_MISMATCH,"achievable kcal [472,3791] vs target 3500",True,33.9,5.0
v0,synth_3500_low_protein,3500kcal / low protein,synthetic,dinner_only,3500.0,121.0,506.5,110.0,2661,126,294,109,-24.0,4.1,-42.0,-0.9,best_effort_lp,BEST_EFFORT_LP,relaxed,1.0,1109.6,17,RECIPE_POOL_MISMATCH,"achievable kcal [396,3843] vs target 3500",True,36.4,11.0
v0,synth_3500_low_protein,3500kcal / low protein,synthetic,lunch_snack,3500.0,121.0,506.5,110.0,2654,148,285,103,-24.2,22.3,-43.7,-6.4,best_effort_lp,BEST_EFFORT_LP,relaxed,1.0,1167.33,17,RECIPE_POOL_MISMATCH,"achievable kcal [600,3836] vs target 3500",True,33.7,7.0
v0,synth_3500_extremely_low_protein,3500kcal / extremely low protein,synthetic,full_day,3500.0,66.0,561.5,110.0,2671,115,308,109,-23.7,74.2,-45.1,-0.9,best_effort_lp,BEST_EFFORT_LP,relaxed,1.0,1141.91,17,RECIPE_POOL_MISMATCH,"achievable kcal [1218,5176] vs target 3500",True,23.9,5.0
v0,synth_3500_extremely_low_protein,3500kcal / extremely low protein,synthetic,lunch_snack_dinner,3500.0,66.0,561.5,110.0,2204,90,287,77,-37.0,36.4,-48.9,-30.0,best_effort_lp,BEST_EFFORT_LP,relaxed,1.0,1258.41,17,RECIPE_POOL_MISMATCH,"achievable kcal [996,4450] vs target 3500",True,29.0,5.0
v0,synth_3500_extremely_low_protein,3500kcal / extremely low protein,synthetic,lunch_dinner,3500.0,66.0,561.5,110.0,1564,77,201,50,-55.3,16.7,-64.2,-54.5,best_effort_lp,BEST_EFFORT_LP,relaxed,1.0,1228.44,17,RECIPE_POOL_MISMATCH,"achievable kcal [868,3811] vs target 3500",True,28.1,5.0
v0,synth_3500_extremely_low_protein,3500kcal / extremely low protein,synthetic,lunch_only,3500.0,66.0,561.5,110.0,1636,101,175,59,-53.3,53.0,-68.8,-46.4,best_effort_lp,BEST_EFFORT_LP,relaxed,1.0,1125.53,17,RECIPE_POOL_MISMATCH,"achievable kcal [472,3791] vs target 3500",True,32.0,5.0
v0,synth_3500_extremely_low_protein,3500kcal / extremely low protein,synthetic,dinner_only,3500.0,66.0,561.5,110.0,2063,80,287,66,-41.1,21.2,-48.9,-40.0,best_effort_lp,BEST_EFFORT_LP,relaxed,1.0,1277.02,17,RECIPE_POOL_MISMATCH,"achievable kcal [396,3843] vs target 3500",True,46.9,11.0
v0,synth_3500_extremely_low_protein,3500kcal / extremely low protein,synthetic,lunch_snack,3500.0,66.0,561.5,110.0,2318,115,265,89,-33.8,74.2,-52.8,-19.1,best_effort_lp,BEST_EFFORT_LP,relaxed,1.0,1103.72,17,RECIPE_POOL_MISMATCH,"achievable kcal [600,3836] vs target 3500",True,33.1,6.0
v0,synth_3500_high_protein,3500kcal / high protein,synthetic,full_day,3500.0,220.0,407.5,110.0,3033,177,320,116,-13.3,-19.5,-21.5,5.5,best_effort_lp,BEST_EFFORT_LP,relaxed,1.0,1169.26,17,SERVING_BALANCE_RATIO_BLOCKED,flat_2.5x_default_ratio / recipe_subrecipe_rule,True,21.1,5.0
v0,synth_3500_high_protein,3500kcal / high protein,synthetic,lunch_snack_dinner,3500.0,220.0,407.5,110.0,2804,159,289,113,-19.9,-27.7,-29.1,2.7,best_effort_lp,BEST_EFFORT_LP,relaxed,1.0,1248.07,17,SERVING_BALANCE_RATIO_BLOCKED,flat_2.5x_default_ratio,True,22.8,5.0
v0,synth_3500_high_protein,3500kcal / high protein,synthetic,lunch_dinner,3500.0,220.0,407.5,110.0,2440,166,200,109,-30.3,-24.5,-50.9,-0.9,best_effort_lp,BEST_EFFORT_LP,relaxed,1.0,1112.4,17,RECIPE_POOL_MISMATCH,"achievable kcal [868,3811] vs target 3500",True,31.5,5.0
v0,synth_3500_high_protein,3500kcal / high protein,synthetic,lunch_only,3500.0,220.0,407.5,110.0,2262,192,182,85,-35.4,-12.7,-55.3,-22.7,best_effort_lp,BEST_EFFORT_LP,relaxed,1.0,1139.79,17,RECIPE_POOL_MISMATCH,"achievable kcal [472,3791] vs target 3500",True,46.1,5.0
v0,synth_3500_high_protein,3500kcal / high protein,synthetic,dinner_only,3500.0,220.0,407.5,110.0,2846,156,288,119,-18.7,-29.1,-29.3,8.2,best_effort_lp,BEST_EFFORT_LP,relaxed,1.0,1211.13,17,RECIPE_POOL_MISMATCH,"achievable kcal [396,3843] vs target 3500",True,48.6,11.0
v0,synth_3500_high_protein,3500kcal / high protein,synthetic,lunch_snack,3500.0,220.0,407.5,110.0,2933,202,285,109,-16.2,-8.2,-30.1,-0.9,best_effort_lp,BEST_EFFORT_LP,relaxed,1.0,1236.15,17,RECIPE_POOL_MISMATCH,"achievable kcal [600,3836] vs target 3500",True,35.6,7.0
v0,synth_3500_extremely_high_protein,3500kcal / extremely high protein,synthetic,full_day,3500.0,286.0,341.5,110.0,2948,166,322,111,-15.8,-42.0,-5.7,0.9,best_effort_lp,BEST_EFFORT_LP,relaxed,1.0,1201.54,17,SERVING_BALANCE_RATIO_BLOCKED,flat_2.5x_default_ratio,True,21.7,5.0
v0,synth_3500_extremely_high_protein,3500kcal / extremely high protein,synthetic,lunch_snack_dinner,3500.0,286.0,341.5,110.0,2804,159,289,113,-19.9,-44.4,-15.4,2.7,best_effort_lp,BEST_EFFORT_LP,relaxed,1.0,1324.94,17,SERVING_BALANCE_RATIO_BLOCKED,flat_2.5x_default_ratio,True,22.8,5.0
v0,synth_3500_extremely_high_protein,3500kcal / extremely high protein,synthetic,lunch_dinner,3500.0,286.0,341.5,110.0,2440,166,200,109,-30.3,-42.0,-41.4,-0.9,best_effort_lp,BEST_EFFORT_LP,relaxed,1.0,1175.28,17,SERVING_BALANCE_RATIO_BLOCKED,flat_2.5x_default_ratio,True,31.5,5.0
v0,synth_3500_extremely_high_protein,3500kcal / extremely high protein,synthetic,lunch_only,3500.0,286.0,341.5,110.0,2262,192,182,85,-35.4,-32.9,-46.7,-22.7,best_effort_lp,BEST_EFFORT_LP,relaxed,1.0,1119.99,17,RECIPE_POOL_MISMATCH,"achievable kcal [472,3791] vs target 3500",True,46.1,5.0
v0,synth_3500_extremely_high_protein,3500kcal / extremely high protein,synthetic,dinner_only,3500.0,286.0,341.5,110.0,2692,142,287,109,-23.1,-50.3,-16.0,-0.9,best_effort_lp,BEST_EFFORT_LP,relaxed,1.0,1253.84,17,RECIPE_POOL_MISMATCH,"achievable kcal [396,3843] vs target 3500",True,45.6,11.0
v0,synth_3500_extremely_high_protein,3500kcal / extremely high protein,synthetic,lunch_snack,3500.0,286.0,341.5,110.0,2933,202,285,109,-16.2,-29.4,-16.5,-0.9,best_effort_lp,BEST_EFFORT_LP,relaxed,1.0,1221.47,17,SERVING_BALANCE_RATIO_BLOCKED,flat_2.5x_default_ratio,True,35.6,7.0
v0,synth_3500_low_fat,3500kcal / low fat,synthetic,full_day,3500.0,176.0,575.2,55.0,2043,135,226,67,-41.6,-23.3,-60.7,21.8,best_effort_lp,BEST_EFFORT_LP,relaxed,1.0,1195.48,17,RECIPE_POOL_MISMATCH,"achievable kcal [1218,5176] vs target 3500",True,21.5,5.0
v0,synth_3500_low_fat,3500kcal / low fat,synthetic,lunch_snack_dinner,3500.0,176.0,575.2,55.0,1746,105,206,56,-50.1,-40.3,-64.2,1.8,best_effort_lp,BEST_EFFORT_LP,relaxed,1.0,1173.52,17,RECIPE_POOL_MISMATCH,"achievable kcal [996,4450] vs target 3500",True,25.2,5.0
v0,synth_3500_low_fat,3500kcal / low fat,synthetic,lunch_dinner,3500.0,176.0,575.2,55.0,1688,105,192,56,-51.8,-40.3,-66.6,1.8,best_effort_lp,BEST_EFFORT_LP,relaxed,1.0,1287.32,17,RECIPE_POOL_MISMATCH,"achievable kcal [868,3811] vs target 3500",True,26.1,5.0
v0,synth_3500_low_fat,3500kcal / low fat,synthetic,lunch_only,3500.0,176.0,575.2,55.0,1884,179,151,63,-46.2,1.7,-73.7,14.5,best_effort_lp,BEST_EFFORT_LP,relaxed,1.0,1148.76,17,RECIPE_POOL_MISMATCH,"achievable kcal [472,3791] vs target 3500",True,55.4,5.0
v0,synth_3500_low_fat,3500kcal / low fat,synthetic,dinner_only,3500.0,176.0,575.2,55.0,1925,74,282,56,-45.0,-58.0,-51.0,1.8,best_effort_lp,BEST_EFFORT_LP,relaxed,1.0,1232.34,17,RECIPE_POOL_MISMATCH,"achievable kcal [396,3843] vs target 3500",True,50.3,11.0
v0,synth_3500_low_fat,3500kcal / low fat,synthetic,lunch_snack,3500.0,176.0,575.2,55.0,1803,151,166,60,-48.5,-14.2,-71.1,9.1,best_effort_lp,BEST_EFFORT_LP,relaxed,1.0,1183.18,17,RECIPE_POOL_MISMATCH,"achievable kcal [600,3836] vs target 3500",True,46.3,5.0
v0,synth_3500_extremely_low_fat,3500kcal / extremely low fat,synthetic,full_day,3500.0,176.0,637.1,27.5,1674,89,208,54,-52.2,-49.4,-67.4,96.4,best_effort_lp,BEST_EFFORT_LP,relaxed,1.0,1180.93,17,RECIPE_POOL_MISMATCH,"achievable kcal [1218,5176] vs target 3500",True,26.3,5.0
v0,synth_3500_extremely_low_fat,3500kcal / extremely low fat,synthetic,lunch_snack_dinner,3500.0,176.0,637.1,27.5,1452,72,192,44,-58.5,-59.1,-69.9,60.0,best_effort_lp,BEST_EFFORT_LP,relaxed,1.0,1158.19,17,RECIPE_POOL_MISMATCH,"achievable kcal [996,4450] vs target 3500",True,30.3,5.0
v0,synth_3500_extremely_low_fat,3500kcal / extremely low fat,synthetic,lunch_dinner,3500.0,176.0,637.1,27.5,1324,70,175,39,-62.2,-60.2,-72.5,41.8,best_effort_lp,BEST_EFFORT_LP,relaxed,1.0,1134.64,17,RECIPE_POOL_MISMATCH,"achievable kcal [868,3811] vs target 3500",True,33.2,5.0
v0,synth_3500_extremely_low_fat,3500kcal / extremely low fat,synthetic,lunch_only,3500.0,176.0,637.1,27.5,789,73,64,27,-77.5,-58.5,-90.0,-1.8,best_effort_lp,BEST_EFFORT_LP,relaxed,1.0,1421.02,17,RECIPE_POOL_MISMATCH,"achievable kcal [472,3791] vs target 3500",True,52.9,2.0
v0,synth_3500_extremely_low_fat,3500kcal / extremely low fat,synthetic,dinner_only,3500.0,176.0,637.1,27.5,1447,42,256,28,-58.7,-76.1,-59.8,1.8,best_effort_lp,BEST_EFFORT_LP,relaxed,1.0,1256.4,17,RECIPE_POOL_MISMATCH,"achievable kcal [396,3843] vs target 3500",True,66.9,11.0
v0,synth_3500_extremely_low_fat,3500kcal / extremely low fat,synthetic,lunch_snack,3500.0,176.0,637.1,27.5,917,75,81,32,-73.8,-57.4,-87.3,16.4,best_effort_lp,BEST_EFFORT_LP,relaxed,1.0,1266.44,17,RECIPE_POOL_MISMATCH,"achievable kcal [600,3836] vs target 3500",True,45.5,2.0
v0,synth_3500_high_fat,3500kcal / high fat,synthetic,full_day,3500.0,176.0,303.0,176.0,3465,203,302,161,-1.0,15.3,-0.3,-8.5,strict_tight,0.08,strict,1.0,110.36,1,,,True,18.4,5.0
v0,synth_3500_high_fat,3500kcal / high fat,synthetic,lunch_snack_dinner,3500.0,176.0,303.0,176.0,3319,201,280,155,-5.2,14.2,-7.6,-11.9,strict_relaxed_tol,0.15,strict,0.5,436.49,6,SERVING_BALANCE_RATIO_BLOCKED,flat_2.5x_default_ratio,True,23.1,5.0
v0,synth_3500_high_fat,3500kcal / high fat,synthetic,lunch_dinner,3500.0,176.0,303.0,176.0,2440,166,200,109,-30.3,-5.7,-34.0,-38.1,best_effort_lp,BEST_EFFORT_LP,relaxed,1.0,1227.71,17,RECIPE_POOL_MISMATCH,"achievable kcal [868,3811] vs target 3500",True,31.5,5.0
v0,synth_3500_high_fat,3500kcal / high fat,synthetic,lunch_only,3500.0,176.0,303.0,176.0,2262,192,182,85,-35.4,9.1,-39.9,-51.7,best_effort_lp,BEST_EFFORT_LP,relaxed,1.0,1123.96,17,RECIPE_POOL_MISMATCH,"achievable kcal [472,3791] vs target 3500",True,46.1,5.0
v0,synth_3500_high_fat,3500kcal / high fat,synthetic,dinner_only,3500.0,176.0,303.0,176.0,3398,179,306,162,-2.9,1.7,1.0,-8.0,strict_tight,0.08,strict,1.0,71.42,1,,,True,40.7,11.0
v0,synth_3500_high_fat,3500kcal / high fat,synthetic,lunch_snack,3500.0,176.0,303.0,176.0,2863,178,287,112,-18.2,1.1,-5.3,-36.4,best_effort_lp,BEST_EFFORT_LP,relaxed,1.0,1156.36,17,RECIPE_POOL_MISMATCH,"achievable kcal [600,3836] vs target 3500",True,31.3,7.0
v0,synth_3500_extremely_high_fat,3500kcal / extremely high fat,synthetic,full_day,3500.0,176.0,154.5,242.0,2622,175,157,144,-25.1,-0.6,1.6,-40.5,best_effort_lp,BEST_EFFORT_LP,relaxed,1.0,1372.36,17,RECIPE_POOL_MISMATCH,"achievable kcal [1218,5176] vs target 3500",True,23.4,5.0
v0,synth_3500_extremely_high_fat,3500kcal / extremely high fat,synthetic,lunch_snack_dinner,3500.0,176.0,154.5,242.0,2505,169,155,134,-28.4,-4.0,0.3,-44.6,best_effort_lp,BEST_EFFORT_LP,relaxed,1.0,1319.14,17,RECIPE_POOL_MISMATCH,"achievable kcal [996,4450] vs target 3500",True,30.6,5.0
v0,synth_3500_extremely_high_fat,3500kcal / extremely high fat,synthetic,lunch_dinner,3500.0,176.0,154.5,242.0,2399,169,158,122,-31.5,-4.0,2.3,-49.6,best_effort_lp,BEST_EFFORT_LP,relaxed,1.0,1234.58,17,RECIPE_POOL_MISMATCH,"achievable kcal [868,3811] vs target 3500",True,32.0,5.0
v0,synth_3500_extremely_high_fat,3500kcal / extremely high fat,synthetic,lunch_only,3500.0,176.0,154.5,242.0,2019,183,156,74,-42.3,4.0,1.0,-69.4,best_effort_lp,BEST_EFFORT_LP,relaxed,1.0,1240.1,17,RECIPE_POOL_MISMATCH,"achievable kcal [472,3791] vs target 3500",True,51.7,5.0
v0,synth_3500_extremely_high_fat,3500kcal / extremely high fat,synthetic,dinner_only,3500.0,176.0,154.5,242.0,3140,199,155,192,-10.3,13.1,0.3,-20.7,best_effort_lp,BEST_EFFORT_LP,relaxed,1.0,1169.69,17,RECIPE_POOL_MISMATCH,"achievable kcal [396,3843] vs target 3500",True,53.8,11.0
v0,synth_3500_extremely_high_fat,3500kcal / extremely high fat,synthetic,lunch_snack,3500.0,176.0,154.5,242.0,2246,188,156,97,-35.8,6.8,1.0,-59.9,best_effort_lp,BEST_EFFORT_LP,relaxed,1.0,1156.36,17,RECIPE_POOL_MISMATCH,"achievable kcal [600,3836] vs target 3500",True,46.5,5.0
v0,synth_3500_low_carbs,3500kcal / low carbs,synthetic,full_day,3500.0,220.0,308.5,154.0,3419,209,297,155,-2.3,-5.0,-3.7,0.6,strict_tight,0.08,strict,1.0,132.27,1,,,True,22.4,5.0
v0,synth_3500_low_carbs,3500kcal / low carbs,synthetic,lunch_snack_dinner,3500.0,220.0,308.5,154.0,3348,199,306,147,-4.3,-9.5,-0.8,-4.5,strict_tight,0.08,strict,0.5,145.2,2,,,True,22.9,5.0
v0,synth_3500_low_carbs,3500kcal / low carbs,synthetic,lunch_dinner,3500.0,220.0,308.5,154.0,2440,166,200,109,-30.3,-24.5,-35.2,-29.2,best_effort_lp,BEST_EFFORT_LP,relaxed,1.0,1151.38,17,SERVING_BALANCE_RATIO_BLOCKED,flat_2.5x_default_ratio,True,31.5,5.0
v0,synth_3500_low_carbs,3500kcal / low carbs,synthetic,lunch_only,3500.0,220.0,308.5,154.0,2262,192,182,85,-35.4,-12.7,-41.0,-44.8,best_effort_lp,BEST_EFFORT_LP,relaxed,1.0,1189.11,17,RECIPE_POOL_MISMATCH,"achievable kcal [472,3791] vs target 3500",True,46.1,5.0
v0,synth_3500_low_carbs,3500kcal / low carbs,synthetic,dinner_only,3500.0,220.0,308.5,154.0,3360,192,297,156,-4.0,-12.7,-3.7,1.3,strict_tight,0.08,strict,1.0,76.94,1,,,True,50.3,11.0
v0,synth_3500_low_carbs,3500kcal / low carbs,synthetic,lunch_snack,3500.0,220.0,308.5,154.0,3071,208,289,120,-12.3,-5.5,-6.3,-22.1,best_effort_lp,BEST_EFFORT_LP,relaxed,1.0,1217.59,17,SERVING_BALANCE_RATIO_BLOCKED,flat_2.5x_default_ratio,True,34.0,7.0
v0,synth_3500_extremely_low_carbs,3500kcal / extremely low carbs,synthetic,full_day,3500.0,264.0,165.5,198.0,3220,225,178,179,-8.0,-14.8,7.6,-9.6,strict_relaxed_tol,0.1,strict,0.5,323.72,4,CULINARY_AND_TOLERANCE,>= 20% band AND dinner_lunch_diff_pct,True,23.8,5.0
v0,synth_3500_extremely_low_carbs,3500kcal / extremely low carbs,synthetic,lunch_snack_dinner,3500.0,264.0,165.5,198.0,2633,172,172,140,-24.8,-34.8,3.9,-29.3,best_effort_lp,BEST_EFFORT_LP,relaxed,1.0,1163.95,17,SERVING_BALANCE_RATIO_BLOCKED,flat_2.5x_default_ratio,True,29.2,5.0
v0,synth_3500_extremely_low_carbs,3500kcal / extremely low carbs,synthetic,lunch_dinner,3500.0,264.0,165.5,198.0,2402,168,165,119,-31.4,-36.4,-0.3,-39.9,best_effort_lp,BEST_EFFORT_LP,relaxed,1.0,1385.26,17,RECIPE_POOL_MISMATCH,"achievable kcal [868,3811] vs target 3500",True,32.0,5.0
v0,synth_3500_extremely_low_carbs,3500kcal / extremely low carbs,synthetic,lunch_only,3500.0,264.0,165.5,198.0,2157,189,160,84,-38.4,-28.4,-3.3,-57.6,best_effort_lp,BEST_EFFORT_LP,relaxed,1.0,1418.94,17,RECIPE_POOL_MISMATCH,"achievable kcal [472,3791] vs target 3500",True,48.4,5.0
v0,synth_3500_extremely_low_carbs,3500kcal / extremely low carbs,synthetic,dinner_only,3500.0,264.0,165.5,198.0,3142,198,163,189,-10.2,-25.0,-1.5,-4.5,best_effort_lp,BEST_EFFORT_LP,relaxed,1.0,1341.29,17,RECIPE_POOL_MISMATCH,"achievable kcal [396,3843] vs target 3500",True,53.7,11.0
v0,synth_3500_extremely_low_carbs,3500kcal / extremely low carbs,synthetic,lunch_snack,3500.0,264.0,165.5,198.0,2374,190,173,102,-32.2,-28.0,4.5,-48.5,best_effort_lp,BEST_EFFORT_LP,relaxed,1.0,1493.11,17,RECIPE_POOL_MISMATCH,"achievable kcal [600,3836] vs target 3500",True,44.0,5.0
v0,synth_3500_high_carbs,3500kcal / high carbs,synthetic,full_day,3500.0,132.0,594.5,66.0,2043,135,226,67,-41.6,2.3,-62.0,1.5,best_effort_lp,BEST_EFFORT_LP,relaxed,1.0,1363.21,17,RECIPE_POOL_MISMATCH,"achievable kcal [1218,5176] vs target 3500",True,21.5,5.0
v0,synth_3500_high_carbs,3500kcal / high carbs,synthetic,lunch_snack_dinner,3500.0,132.0,594.5,66.0,1900,119,207,66,-45.7,-9.8,-65.2,0.0,best_effort_lp,BEST_EFFORT_LP,relaxed,1.0,1354.91,17,RECIPE_POOL_MISMATCH,"achievable kcal [996,4450] vs target 3500",True,23.2,5.0
v0,synth_3500_high_carbs,3500kcal / high carbs,synthetic,lunch_dinner,3500.0,132.0,594.5,66.0,1840,127,179,68,-47.4,-3.8,-69.9,3.0,best_effort_lp,BEST_EFFORT_LP,relaxed,1.0,1270.08,17,RECIPE_POOL_MISMATCH,"achievable kcal [868,3811] vs target 3500",True,25.0,5.0
v0,synth_3500_high_carbs,3500kcal / high carbs,synthetic,lunch_only,3500.0,132.0,594.5,66.0,1844,132,177,68,-47.3,0.0,-70.2,3.0,best_effort_lp,BEST_EFFORT_LP,relaxed,1.0,1293.45,17,RECIPE_POOL_MISMATCH,"achievable kcal [472,3791] vs target 3500",True,33.9,5.0
v0,synth_3500_high_carbs,3500kcal / high carbs,synthetic,dinner_only,3500.0,132.0,594.5,66.0,2078,88,283,66,-40.6,-33.3,-52.4,0.0,best_effort_lp,BEST_EFFORT_LP,relaxed,1.0,1243.48,17,RECIPE_POOL_MISMATCH,"achievable kcal [396,3843] vs target 3500",True,46.6,11.0
v0,synth_3500_high_carbs,3500kcal / high carbs,synthetic,lunch_snack,3500.0,132.0,594.5,66.0,1978,129,214,67,-43.5,-2.3,-64.0,1.5,best_effort_lp,BEST_EFFORT_LP,relaxed,1.0,1306.67,17,RECIPE_POOL_MISMATCH,"achievable kcal [600,3836] vs target 3500",True,31.6,5.0
v0,synth_3500_extremely_high_carbs,3500kcal / extremely high carbs,synthetic,full_day,3500.0,99.0,689.4,38.5,1674,89,208,54,-52.2,-10.1,-69.8,40.3,best_effort_lp,BEST_EFFORT_LP,relaxed,1.0,1333.55,17,RECIPE_POOL_MISMATCH,"achievable kcal [1218,5176] vs target 3500",True,26.3,5.0
v0,synth_3500_extremely_high_carbs,3500kcal / extremely high carbs,synthetic,lunch_snack_dinner,3500.0,99.0,689.4,38.5,1556,99,173,52,-55.5,0.0,-74.9,35.1,best_effort_lp,BEST_EFFORT_LP,relaxed,1.0,1325.56,17,RECIPE_POOL_MISMATCH,"achievable kcal [996,4450] vs target 3500",True,28.3,5.0
v0,synth_3500_extremely_high_carbs,3500kcal / extremely high carbs,synthetic,lunch_dinner,3500.0,99.0,689.4,38.5,1533,100,177,47,-56.2,1.0,-74.3,22.1,best_effort_lp,BEST_EFFORT_LP,relaxed,1.0,1412.83,17,RECIPE_POOL_MISMATCH,"achievable kcal [868,3811] vs target 3500",True,28.7,5.0
v0,synth_3500_extremely_high_carbs,3500kcal / extremely high carbs,synthetic,lunch_only,3500.0,99.0,689.4,38.5,1343,90,156,40,-61.6,-9.1,-77.4,3.9,best_effort_lp,BEST_EFFORT_LP,relaxed,1.0,1397.56,17,RECIPE_POOL_MISMATCH,"achievable kcal [472,3791] vs target 3500",True,39.0,5.0
v0,synth_3500_extremely_high_carbs,3500kcal / extremely high carbs,synthetic,dinner_only,3500.0,99.0,689.4,38.5,1600,56,257,39,-54.3,-43.4,-62.7,1.3,best_effort_lp,BEST_EFFORT_LP,relaxed,1.0,1327.1,17,RECIPE_POOL_MISMATCH,"achievable kcal [396,3843] vs target 3500",True,60.5,11.0
v0,synth_3500_extremely_high_carbs,3500kcal / extremely high carbs,synthetic,lunch_snack,3500.0,99.0,689.4,38.5,1386,91,161,42,-60.4,-8.1,-76.6,9.1,best_effort_lp,BEST_EFFORT_LP,relaxed,1.0,1210.64,17,RECIPE_POOL_MISMATCH,"achievable kcal [600,3836] vs target 3500",True,37.8,5.0
