version,diet_id,diet_label,diet_group,combo,target_kcal,target_protein_g,target_carbs_g,target_fat_g,actual_kcal,actual_protein_g,actual_carbs_g,actual_fat_g,dev_kcal_pct,dev_protein_pct,dev_carbs_pct,dev_fat_pct,solve_mode,tolerance_tier,culinary_pass,serving_step,wall_time_ms,lp_attempts,root_cause_category,root_cause_detail,culinary_cap_adherent,max_subrecipe_kcal_share_pct,max_subrecipe_servings
v5,person_1,Person 1,real,full_day,2000.0,175.0,200.0,56.0,1927,155,178,66,-3.6,-11.4,-11.0,17.9,strict_relaxed_tol,0.1,strict,0.5,457.58,5,,,True,32.5,3.5
v5,person_1,Person 1,real,lunch_snack_dinner,2000.0,175.0,200.0,56.0,2014,159,198,66,0.7,-9.1,-1.0,17.9,strict_relaxed_tol,0.1,strict,0.5,695.63,5,,,True,36.3,5.0
v5,person_1,Person 1,real,lunch_dinner,2000.0,175.0,200.0,56.0,1950,157,189,63,-2.5,-10.3,-5.5,12.5,strict_tight,0.08,strict,0.5,130.03,2,,,True,37.5,5.0
v5,person_1,Person 1,real,lunch_only,2000.0,175.0,200.0,56.0,1862,192,102,76,-6.9,9.7,-49.0,35.7,single_meal_kcal_only,0.08,strict,0.5,152.65,2,,,True,61.6,5.5
v5,person_1,Person 1,real,dinner_only,2000.0,175.0,200.0,56.0,2154,157,108,122,7.7,-10.3,-46.0,117.9,single_meal_kcal_only,0.08,strict,0.5,113.77,2,,,True,74.8,10.5
v5,person_1,Person 1,real,lunch_snack,2000.0,175.0,200.0,56.0,1912,148,174,69,-4.4,-15.4,-13.0,23.2,relaxed_culinary,0.15000000000000002,relaxed,0.5,1689.9,23,,,True,43.7,5.0
v5,person_2,Person 2,real,full_day,1350.0,101.0,135.0,45.0,1337,99,134,45,-1.0,-2.0,-0.7,0.0,strict_tight,0.08,strict,0.5,170.82,2,,,True,23.4,2.5
v5,person_2,Person 2,real,lunch_snack_dinner,1350.0,101.0,135.0,45.0,1343,100,132,46,-0.5,-1.0,-2.2,2.2,strict_tight,0.08,strict,0.5,153.98,2,,,True,31.1,3.0
v5,person_2,Person 2,real,lunch_dinner,1350.0,101.0,135.0,45.0,1358,101,135,46,0.6,0.0,0.0,2.2,strict_tight,0.08,strict,0.5,149.1,2,,,True,30.7,3.5
v5,person_2,Person 2,real,lunch_only,1350.0,101.0,135.0,45.0,1270,103,96,53,-5.9,2.0,-28.9,17.8,single_meal_kcal_only,0.08,strict,0.5,191.19,2,,,True,41.1,5.0
v5,person_2,Person 2,real,dinner_only,1350.0,101.0,135.0,45.0,1428,94,99,73,5.8,-6.9,-26.7,62.2,single_meal_kcal_only,0.08,strict,1.0,109.81,1,,,True,64.5,6.0
v5,person_2,Person 2,real,lunch_snack,1350.0,101.0,135.0,45.0,1354,112,122,47,0.3,10.9,-9.6,4.4,strict_tight,0.08,strict,1.0,56.99,1,,,True,46.2,3.0
v5,person_3,Person 3,real,full_day,1800.0,135.0,180.0,60.0,1792,134,180,60,-0.4,-0.7,0.0,0.0,strict_tight,0.08,strict,0.5,183.48,2,,,True,29.1,3.5
v5,person_3,Person 3,real,lunch_snack_dinner,1800.0,135.0,180.0,60.0,1811,132,182,62,0.6,-2.2,1.1,3.3,strict_tight,0.08,strict,0.5,169.91,2,,,True,29.2,6.0
v5,person_3,Person 3,real,lunch_dinner,1800.0,135.0,180.0,60.0,1895,144,181,66,5.3,6.7,0.6,10.0,strict_tight,0.08,strict,1.0,59.43,1,,,True,33.0,5.0
v5,person_3,Person 3,real,lunch_only,1800.0,135.0,180.0,60.0,1723,176,99,69,-4.3,30.4,-45.0,15.0,single_meal_kcal_only,0.08,strict,1.0,242.4,4,,,True,60.5,5.0
v5,person_3,Person 3,real,dinner_only,1800.0,135.0,180.0,60.0,1911,125,140,95,6.2,-7.4,-22.2,58.3,single_meal_kcal_only,0.08,strict,1.0,60.8,1,,,True,64.3,8.0
v5,person_3,Person 3,real,lunch_snack,1800.0,135.0,180.0,60.0,1824,149,152,69,1.3,10.4,-15.6,15.0,strict_relaxed_tol,0.16666666666666669,strict,0.5,864.82,11,,,True,45.8,4.0
v5,person_4,Person 4,real,full_day,1140.0,95.0,100.0,40.0,1136,88,100,43,-0.4,-7.4,0.0,7.5,strict_tight,0.08,strict,0.5,220.07,2,,,True,27.6,2.5
v5,person_4,Person 4,real,lunch_snack_dinner,1140.0,95.0,100.0,40.0,1116,88,100,40,-2.1,-7.4,0.0,0.0,strict_tight,0.08,strict,0.5,158.67,2,,,True,37.4,2.5
v5,person_4,Person 4,real,lunch_dinner,1140.0,95.0,100.0,40.0,1140,91,100,42,0.0,-4.2,0.0,5.0,strict_tight,0.08,strict,0.5,205.34,2,,,True,36.6,2.0
v5,person_4,Person 4,real,lunch_only,1140.0,95.0,100.0,40.0,1097,85,92,43,-3.8,-10.5,-8.0,7.5,single_meal_kcal_only,0.08,strict,1.0,70.94,1,,,True,38.0,4.0
v5,person_4,Person 4,real,dinner_only,1140.0,95.0,100.0,40.0,1219,85,69,67,6.9,-10.5,-31.0,67.5,single_meal_kcal_only,0.08,strict,0.5,146.95,2,,,True,69.3,5.5
v5,person_4,Person 4,real,lunch_snack,1140.0,95.0,100.0,40.0,1132,93,101,40,-0.7,-2.1,1.0,0.0,strict_tight,0.08,strict,0.5,192.65,2,,,True,46.1,2.5
v5,person_5,Person 5,real,full_day,1400.0,105.0,140.0,46.7,1416,106,141,48,1.1,1.0,0.7,2.8,strict_tight,0.08,strict,0.5,195.16,2,,,True,22.1,2.5
v5,person_5,Person 5,real,lunch_snack_dinner,1400.0,105.0,140.0,46.7,1385,100,142,46,-1.1,-4.8,1.4,-1.5,strict_tight,0.08,strict,0.5,199.93,2,,,True,30.1,3.5
v5,person_5,Person 5,real,lunch_dinner,1400.0,105.0,140.0,46.7,1399,102,141,48,-0.1,-2.9,0.7,2.8,strict_tight,0.08,strict,0.5,202.12,2,,,True,29.8,3.5
v5,person_5,Person 5,real,lunch_only,1400.0,105.0,140.0,46.7,1306,115,95,52,-6.7,9.5,-32.1,11.3,single_meal_kcal_only,0.08,strict,1.0,167.45,1,,,True,47.9,4.0
v5,person_5,Person 5,real,dinner_only,1400.0,105.0,140.0,46.7,1428,94,99,73,2.0,-10.5,-29.3,56.3,single_meal_kcal_only,0.08,strict,1.0,82.48,1,,,True,64.5,6.0
v5,person_5,Person 5,real,lunch_snack,1400.0,105.0,140.0,46.7,1384,111,129,47,-1.1,5.7,-7.9,0.6,strict_tight,0.08,strict,0.5,157.33,2,,,True,45.2,3.0
v5,person_6,Person 6,real,full_day,1600.0,120.0,160.0,53.3,1593,116,162,53,-0.4,-3.3,1.2,-0.6,strict_tight,0.08,strict,0.5,242.49,2,,,True,26.2,3.5
v5,person_6,Person 6,real,lunch_snack_dinner,1600.0,120.0,160.0,53.3,1585,118,160,52,-0.9,-1.7,0.0,-2.4,strict_tight,0.08,strict,0.5,212.52,2,,,True,32.9,3.5
v5,person_6,Person 6,real,lunch_dinner,1600.0,120.0,160.0,53.3,1599,112,158,58,-0.1,-6.7,-1.2,8.8,strict_tight,0.08,strict,1.0,77.39,1,,,True,26.1,4.0
v5,person_6,Person 6,real,lunch_only,1600.0,120.0,160.0,53.3,1479,133,98,62,-7.6,10.8,-38.8,16.3,single_meal_kcal_only,0.08,strict,0.5,148.87,2,,,True,49.4,5.0
v5,person_6,Person 6,real,dinner_only,1600.0,120.0,160.0,53.3,1669,109,119,84,4.3,-9.2,-25.6,57.6,single_meal_kcal_only,0.08,strict,1.0,70.83,1,,,True,64.4,7.0
v5,person_6,Person 6,real,lunch_snack,1600.0,120.0,160.0,53.3,1586,118,142,60,-0.9,-1.7,-11.2,12.6,strict_relaxed_tol,0.1,strict,0.5,340.03,5,,,True,39.5,3.0
v5,person_7,Person 7,real,full_day,1700.0,127.5,170.0,56.7,1698,127,169,57,-0.1,-0.4,-0.6,0.5,strict_tight,0.08,strict,0.5,379.75,2,,,True,30.7,3.5
v5,person_7,Person 7,real,lunch_snack_dinner,1700.0,127.5,170.0,56.7,1710,113,173,63,0.6,-11.4,1.8,11.1,strict_tight,0.08,strict,1.0,105.22,1,,,True,25.7,5.0
v5,person_7,Person 7,real,lunch_dinner,1700.0,127.5,170.0,56.7,1687,114,178,58,-0.8,-10.6,4.7,2.3,strict_tight,0.08,strict,1.0,76.61,1,,,True,26.1,5.0
v5,person_7,Person 7,real,lunch_only,1700.0,127.5,170.0,56.7,1583,148,99,66,-6.9,16.1,-41.8,16.4,single_meal_kcal_only,0.08,strict,1.0,340.84,4,,,True,52.7,5.0
v5,person_7,Person 7,real,dinner_only,1700.0,127.5,170.0,56.7,1826,114,142,89,7.4,-10.6,-16.5,57.0,single_meal_kcal_only,0.08,strict,1.0,151.72,1,,,True,58.9,7.0
v5,person_7,Person 7,real,lunch_snack,1700.0,127.5,170.0,56.7,1725,135,145,67,1.5,5.9,-14.7,18.2,strict_relaxed_tol,0.17647058823529413,strict,0.5,907.17,11,,,True,42.3,3.5
v5,person_8,Person 8,real,full_day,1400.0,70.0,175.0,46.7,1411,80,160,50,0.8,14.3,-8.6,7.1,strict_tight,0.08,strict,0.5,231.24,2,,,True,18.1,2.5
v5,person_8,Person 8,real,lunch_snack_dinner,1400.0,70.0,175.0,46.7,1407,75,159,52,0.5,7.1,-9.1,11.3,strict_tight,0.08,strict,0.5,196.31,2,,,True,22.7,3.5
v5,person_8,Person 8,real,lunch_dinner,1400.0,70.0,175.0,46.7,1197,77,115,48,-14.5,10.0,-34.3,2.8,best_effort_lp,BEST_EFFORT_LP,relaxed,1.0,2065.27,25,,,True,25.6,3.0
v5,person_8,Person 8,real,lunch_only,1400.0,70.0,175.0,46.7,1306,115,95,52,-6.7,64.3,-45.7,11.3,single_meal_kcal_only,0.08,strict,1.0,290.09,4,,,True,47.9,4.0
v5,person_8,Person 8,real,dinner_only,1400.0,70.0,175.0,46.7,1472,73,176,53,5.1,4.3,0.6,13.5,single_meal_kcal_only,0.08,strict,1.0,74.54,1,,,True,47.8,8.0
v5,person_8,Person 8,real,lunch_snack,1400.0,70.0,175.0,46.7,1238,83,117,49,-11.6,18.6,-33.1,4.9,best_effort_lp,BEST_EFFORT_LP,relaxed,1.0,1814.32,25,,,True,33.7,3.0
v5,person_9,Person 9,real,full_day,1140.0,95.0,100.0,40.0,1136,88,100,43,-0.4,-7.4,0.0,7.5,strict_tight,0.08,strict,0.5,263.55,2,,,True,27.6,2.5
v5,person_9,Person 9,real,lunch_snack_dinner,1140.0,95.0,100.0,40.0,1116,88,100,40,-2.1,-7.4,0.0,0.0,strict_tight,0.08,strict,0.5,140.96,2,,,True,37.4,2.5
v5,person_9,Person 9,real,lunch_dinner,1140.0,95.0,100.0,40.0,1140,91,100,42,0.0,-4.2,0.0,5.0,strict_tight,0.08,strict,0.5,207.85,2,,,True,36.6,2.0
v5,person_9,Person 9,real,lunch_only,1140.0,95.0,100.0,40.0,1097,85,92,43,-3.8,-10.5,-8.0,7.5,single_meal_kcal_only,0.08,strict,1.0,65.17,1,,,True,38.0,4.0
v5,person_9,Person 9,real,dinner_only,1140.0,95.0,100.0,40.0,1219,85,69,67,6.9,-10.5,-31.0,67.5,single_meal_kcal_only,0.08,strict,0.5,135.87,2,,,True,69.3,5.5
v5,person_9,Person 9,real,lunch_snack,1140.0,95.0,100.0,40.0,1132,93,101,40,-0.7,-2.1,1.0,0.0,strict_tight,0.08,strict,0.5,152.17,2,,,True,46.1,2.5
v5,person_10,Person 10,real,full_day,1200.0,90.0,120.0,40.0,1228,90,120,43,2.3,0.0,0.0,7.5,strict_tight,0.08,strict,0.5,210.74,2,,,True,25.5,2.0
v5,person_10,Person 10,real,lunch_snack_dinner,1200.0,90.0,120.0,40.0,1213,91,117,42,1.1,1.1,-2.5,5.0,strict_tight,0.08,strict,0.5,140.76,2,,,True,34.4,2.5
v5,person_10,Person 10,real,lunch_dinner,1200.0,90.0,120.0,40.0,1234,93,120,42,2.8,3.3,0.0,5.0,strict_tight,0.08,strict,0.5,201.09,2,,,True,33.8,2.5
v5,person_10,Person 10,real,lunch_only,1200.0,90.0,120.0,40.0,1166,88,94,49,-2.8,-2.2,-21.7,22.5,single_meal_kcal_only,0.08,strict,1.0,65.5,1,,,True,35.8,5.0
v5,person_10,Person 10,real,dinner_only,1200.0,90.0,120.0,40.0,1274,80,98,62,6.2,-11.1,-18.3,55.0,single_meal_kcal_only,0.08,strict,1.0,69.1,1,,,True,60.3,5.0
v5,person_10,Person 10,real,lunch_snack,1200.0,90.0,120.0,40.0,1163,93,108,40,-3.1,3.3,-10.0,0.0,strict_tight,0.08,strict,0.5,137.14,2,,,True,44.8,2.5
v5,synth_1000_balanced,1000kcal / balanced,synthetic,full_day,1000.0,72.0,76.8,45.0,1004,72,77,45,0.4,0.0,0.3,0.0,strict_tight,0.08,strict,0.5,226.12,2,,,True,22.9,1.5
v5,synth_1000_balanced,1000kcal / balanced,synthetic,lunch_snack_dinner,1000.0,72.0,76.8,45.0,1008,72,77,46,0.8,0.0,0.3,2.2,strict_tight,0.08,strict,0.5,303.26,2,,,True,30.5,2.0
v5,synth_1000_balanced,1000kcal / balanced,synthetic,lunch_dinner,1000.0,72.0,76.8,45.0,1021,73,75,48,2.1,1.4,-2.3,6.7,strict_tight,0.08,strict,1.0,92.48,1,,,True,30.1,2.0
v5,synth_1000_balanced,1000kcal / balanced,synthetic,lunch_only,1000.0,72.0,76.8,45.0,992,81,70,43,-0.8,12.5,-8.9,-4.4,single_meal_kcal_only,0.08,strict,1.0,79.42,1,,,True,42.1,4.0
v5,synth_1000_balanced,1000kcal / balanced,synthetic,dinner_only,1000.0,72.0,76.8,45.0,1033,65,77,52,3.3,-9.7,0.3,15.6,single_meal_kcal_only,0.08,strict,1.0,74.9,1,,,True,59.5,4.0
v5,synth_1000_balanced,1000kcal / balanced,synthetic,lunch_snack,1000.0,72.0,76.8,45.0,992,78,80,40,-0.8,8.3,4.2,-11.1,strict_relaxed_tol,0.1,strict,0.5,478.84,5,,,True,42.1,2.0
v5,synth_1000_low_protein,1000kcal / low protein,synthetic,full_day,1000.0,49.5,99.2,45.0,1001,58,98,42,0.1,17.2,-1.2,-6.7,strict_tight,0.08,strict,0.5,181.37,2,,,True,19.2,2.0
v5,synth_1000_low_protein,1000kcal / low protein,synthetic,lunch_snack_dinner,1000.0,49.5,99.2,45.0,974,60,92,41,-2.6,21.2,-7.3,-8.9,strict_relaxed_tol,0.1,strict,0.5,502.39,5,,,True,21.4,1.5
v5,synth_1000_low_protein,1000kcal / low protein,synthetic,lunch_dinner,1000.0,49.5,99.2,45.0,947,65,86,38,-5.3,31.3,-13.3,-15.6,strict_relaxed_tol,0.2,strict,0.5,902.7,11,,,True,24.3,2.5
v5,synth_1000_low_protein,1000kcal / low protein,synthetic,lunch_only,1000.0,49.5,99.2,45.0,957,57,92,40,-4.3,15.2,-7.3,-11.1,single_meal_kcal_only,0.08,strict,1.0,70.7,1,,,True,36.1,5.0
v5,synth_1000_low_protein,1000kcal / low protein,synthetic,dinner_only,1000.0,49.5,99.2,45.0,1036,56,98,47,3.6,13.1,-1.2,4.4,single_meal_kcal_only,0.08,strict,1.0,75.94,1,,,True,44.5,4.0
v5,synth_1000_low_protein,1000kcal / low protein,synthetic,lunch_snack,1000.0,49.5,99.2,45.0,983,64,95,39,-1.7,29.3,-4.2,-13.3,relaxed_culinary,0.2,relaxed,0.5,1577.85,23,,,True,32.5,2.5
v5,synth_1000_extremely_low_protein,1000kcal / extremely low protein,synthetic,full_day,1000.0,27.0,121.8,45.0,1251,79,116,52,25.1,192.6,-4.8,15.6,best_effort_lp,BEST_EFFORT_LP,relaxed,1.0,2010.48,25,,,True,16.7,2.0
v5,synth_1000_extremely_low_protein,1000kcal / extremely low protein,synthetic,lunch_snack_dinner,1000.0,27.0,121.8,45.0,1084,64,111,43,8.4,137.0,-8.9,-4.4,best_effort_lp,BEST_EFFORT_LP,relaxed,1.0,2115.38,25,,,True,19.3,2.0
v5,synth_1000_extremely_low_protein,1000kcal / extremely low protein,synthetic,lunch_dinner,1000.0,27.0,121.8,45.0,956,61,94,37,-4.4,125.9,-22.8,-17.8,best_effort_lp,BEST_EFFORT_LP,relaxed,1.0,1320.45,25,,,True,21.8,2.0
v5,synth_1000_extremely_low_protein,1000kcal / extremely low protein,synthetic,lunch_only,1000.0,27.0,121.8,45.0,957,57,92,40,-4.3,111.1,-24.5,-11.1,single_meal_kcal_only,0.08,strict,1.0,261.68,4,,,True,36.1,5.0
v5,synth_1000_extremely_low_protein,1000kcal / extremely low protein,synthetic,dinner_only,1000.0,27.0,121.8,45.0,1040,47,119,42,4.0,74.1,-2.3,-6.7,single_meal_kcal_only,0.08,strict,1.0,214.89,4,,,True,42.3,5.0
v5,synth_1000_extremely_low_protein,1000kcal / extremely low protein,synthetic,lunch_snack,1000.0,27.0,121.8,45.0,600,42,56,23,-40.0,55.6,-54.0,-48.9,best_effort_lp,BEST_EFFORT_LP,relaxed,1.0,1429.02,25,,,True,34.8,1.0
v5,synth_1000_high_protein,1000kcal / high protein,synthetic,full_day,1000.0,90.0,58.8,45.0,1015,84,67,45,1.5,-6.7,13.9,0.0,strict_tight,0.08,strict,0.5,109.1,2,,,True,30.8,1.5
v5,synth_1000_high_protein,1000kcal / high protein,synthetic,lunch_snack_dinner,1000.0,90.0,58.8,45.0,1008,91,60,45,0.8,1.1,2.0,0.0,strict_tight,0.08,strict,0.5,184.57,2,,,True,41.4,2.0
v5,synth_1000_high_protein,1000kcal / high protein,synthetic,lunch_dinner,1000.0,90.0,58.8,45.0,989,91,58,44,-1.1,1.1,-1.4,-2.2,strict_tight,0.08,strict,0.5,210.95,2,,,True,42.2,2.0
v5,synth_1000_high_protein,1000kcal / high protein,synthetic,lunch_only,1000.0,90.0,58.8,45.0,957,81,51,48,-4.3,-10.0,-13.3,6.7,single_meal_kcal_only,0.08,strict,1.0,73.65,1,,,True,43.6,5.0
v5,synth_1000_high_protein,1000kcal / high protein,synthetic,dinner_only,1000.0,90.0,58.8,45.0,945,63,58,51,-5.5,-30.0,-1.4,13.3,single_meal_kcal_only,0.08,strict,1.0,366.79,4,,,True,65.0,4.0
v5,synth_1000_high_protein,1000kcal / high protein,synthetic,lunch_snack,1000.0,90.0,58.8,45.0,991,90,60,44,-0.9,0.0,2.0,-2.2,strict_tight,0.08,strict,0.5,268.2,2,,,True,52.6,2.5
v5,synth_1000_extremely_high_protein,1000kcal / extremely high protein,synthetic,full_day,1000.0,115.9,33.8,44.6,1218,79,108,52,21.8,-31.8,219.5,16.6,best_effort_lp,BEST_EFFORT_LP,relaxed,1.0,2127.51,25,,,True,17.1,1.0
v5,synth_1000_extremely_high_protein,1000kcal / extremely high protein,synthetic,lunch_snack_dinner,1000.0,115.9,33.8,44.6,996,62,91,42,-0.4,-46.5,169.2,-5.8,best_effort_lp,BEST_EFFORT_LP,relaxed,1.0,1787.15,25,,,True,21.0,1.0
v5,synth_1000_extremely_high_protein,1000kcal / extremely high protein,synthetic,lunch_dinner,1000.0,115.9,33.8,44.6,1013,100,47,47,1.3,-13.7,39.1,5.4,relaxed_culinary,0.2,relaxed,mixed_quarter,1782.62,24,,,True,46.3,2.25
v5,synth_1000_extremely_high_protein,1000kcal / extremely high protein,synthetic,lunch_only,1000.0,115.9,33.8,44.6,1027,105,49,46,2.7,-9.4,45.0,3.1,single_meal_kcal_only,0.08,strict,1.0,71.5,1,,,True,60.9,3.0
v5,synth_1000_extremely_high_protein,1000kcal / extremely high protein,synthetic,dinner_only,1000.0,115.9,33.8,44.6,945,63,58,51,-5.5,-45.6,71.6,14.3,single_meal_kcal_only,0.08,strict,1.0,288.66,4,,,True,65.0,4.0
v5,synth_1000_extremely_high_protein,1000kcal / extremely high protein,synthetic,lunch_snack,1000.0,115.9,33.8,44.6,995,115,38,43,-0.5,-0.8,12.4,-3.6,strict_tight,0.08,strict,0.5,233.15,2,,,True,73.4,3.5
v5,synth_1000_low_fat,1000kcal / low fat,synthetic,full_day,1000.0,72.0,127.4,22.5,1306,81,128,52,30.6,12.5,0.5,131.1,best_effort_lp,BEST_EFFORT_LP,relaxed,1.0,1960.37,25,,,True,16.0,2.0
v5,synth_1000_low_fat,1000kcal / low fat,synthetic,lunch_snack_dinner,1000.0,72.0,127.4,22.5,1084,64,111,43,8.4,-11.1,-12.9,91.1,best_effort_lp,BEST_EFFORT_LP,relaxed,1.0,1941.55,25,,,True,19.3,2.0
v5,synth_1000_low_fat,1000kcal / low fat,synthetic,lunch_dinner,1000.0,72.0,127.4,22.5,956,61,94,37,-4.4,-15.3,-26.2,64.4,best_effort_lp,BEST_EFFORT_LP,relaxed,1.0,1853.22,25,,,True,21.8,2.0
v5,synth_1000_low_fat,1000kcal / low fat,synthetic,lunch_only,1000.0,72.0,127.4,22.5,959,79,87,33,-4.1,9.7,-31.7,46.7,single_meal_kcal_only,0.08,strict,1.0,69.7,1,,,True,43.5,3.0
v5,synth_1000_low_fat,1000kcal / low fat,synthetic,dinner_only,1000.0,72.0,127.4,22.5,1033,65,77,52,3.3,-9.7,-39.6,131.1,single_meal_kcal_only,0.08,strict,1.0,71.7,1,,,True,59.5,4.0
v5,synth_1000_low_fat,1000kcal / low fat,synthetic,lunch_snack,1000.0,72.0,127.4,22.5,913,75,80,32,-8.7,4.2,-37.2,42.2,best_effort_lp,BEST_EFFORT_LP,relaxed,1.0,1750.82,25,,,True,45.7,2.0
v5,synth_1000_extremely_low_fat,1000kcal / extremely low fat,synthetic,full_day,1000.0,72.0,152.7,11.2,1339,81,136,52,33.9,12.5,-10.9,364.3,best_effort_lp,BEST_EFFORT_LP,relaxed,1.0,1774.72,25,,,True,15.6,2.0
v5,synth_1000_extremely_low_fat,1000kcal / extremely low fat,synthetic,lunch_snack_dinner,1000.0,72.0,152.7,11.2,1084,64,111,43,8.4,-11.1,-27.3,283.9,best_effort_lp,BEST_EFFORT_LP,relaxed,1.0,1715.76,25,,,True,19.3,2.0
v5,synth_1000_extremely_low_fat,1000kcal / extremely low fat,synthetic,lunch_dinner,1000.0,72.0,152.7,11.2,956,61,94,37,-4.4,-15.3,-38.4,230.4,best_effort_lp,BEST_EFFORT_LP,relaxed,1.0,1823.09,25,,,True,21.8,2.0
v5,synth_1000_extremely_low_fat,1000kcal / extremely low fat,synthetic,lunch_only,1000.0,72.0,152.7,11.2,959,79,87,33,-4.1,9.7,-43.0,194.6,single_meal_kcal_only,0.08,strict,1.0,70.85,1,,,True,43.5,3.0
v5,synth_1000_extremely_low_fat,1000kcal / extremely low fat,synthetic,dinner_only,1000.0,72.0,152.7,11.2,1033,65,77,52,3.3,-9.7,-49.6,364.3,single_meal_kcal_only,0.08,strict,1.0,70.03,1,,,True,59.5,4.0
v5,synth_1000_extremely_low_fat,1000kcal / extremely low fat,synthetic,lunch_snack,1000.0,72.0,152.7,11.2,600,42,56,23,-40.0,-41.7,-63.3,105.4,best_effort_lp,BEST_EFFORT_LP,relaxed,1.0,1790.4,25,,,True,34.8,1.0
v5,synth_1000_high_fat,1000kcal / high fat,synthetic,full_day,1000.0,66.5,33.8,66.5,1218,79,108,52,21.8,18.8,219.5,-21.8,best_effort_lp,BEST_EFFORT_LP,relaxed,1.0,2085.68,25,,,True,17.1,1.0
v5,synth_1000_high_fat,1000kcal / high fat,synthetic,lunch_snack_dinner,1000.0,66.5,33.8,66.5,1149,76,92,53,14.9,14.3,172.2,-20.3,best_effort_lp,BEST_EFFORT_LP,relaxed,1.0,1698.39,25,,,True,26.7,2.0
v5,synth_1000_high_fat,1000kcal / high fat,synthetic,lunch_dinner,1000.0,66.5,33.8,66.5,1021,73,75,48,2.1,9.8,121.9,-27.8,best_effort_lp,BEST_EFFORT_LP,relaxed,1.0,1844.09,25,,,True,30.1,2.0
v5,synth_1000_high_fat,1000kcal / high fat,synthetic,lunch_only,1000.0,66.5,33.8,66.5,957,57,92,40,-4.3,-14.3,172.2,-39.8,single_meal_kcal_only,0.08,strict,1.0,95.89,1,,,True,36.1,5.0
v5,synth_1000_high_fat,1000kcal / high fat,synthetic,dinner_only,1000.0,66.5,33.8,66.5,1014,66,60,57,1.4,-0.8,77.5,-14.3,single_meal_kcal_only,0.08,strict,1.0,166.49,1,,,True,60.6,4.0
v5,synth_1000_high_fat,1000kcal / high fat,synthetic,lunch_snack,1000.0,66.5,33.8,66.5,808,72,59,32,-19.2,8.3,74.6,-51.9,best_effort_lp,BEST_EFFORT_LP,relaxed,1.0,1764.08,25,,,True,51.6,2.0
v5,synth_1000_extremely_high_fat,1000kcal / extremely high fat,synthetic,full_day,1000.0,52.8,33.8,72.6,1218,79,108,52,21.8,49.6,219.5,-28.4,best_effort_lp,BEST_EFFORT_LP,relaxed,1.0,1750.11,25,,,True,17.1,1.0
v5,synth_1000_extremely_high_fat,1000kcal / extremely high fat,synthetic,lunch_snack_dinner,1000.0,52.8,33.8,72.6,996,62,91,42,-0.4,17.4,169.2,-42.1,best_effort_lp,BEST_EFFORT_LP,relaxed,1.0,1834.79,25,,,True,21.0,1.0
v5,synth_1000_extremely_high_fat,1000kcal / extremely high fat,synthetic,lunch_dinner,1000.0,52.8,33.8,72.6,868,60,74,37,-13.2,13.6,118.9,-49.0,best_effort_lp,BEST_EFFORT_LP,relaxed,1.0,1697.39,25,,,True,24.0,1.0
v5,synth_1000_extremely_high_fat,1000kcal / extremely high fat,synthetic,lunch_only,1000.0,52.8,33.8,72.6,957,57,92,40,-4.3,8.0,172.2,-44.9,single_meal_kcal_only,0.08,strict,1.0,66.27,1,,,True,36.1,5.0
v5,synth_1000_extremely_high_fat,1000kcal / extremely high fat,synthetic,dinner_only,1000.0,52.8,33.8,72.6,929,55,61,51,-7.1,4.2,80.5,-29.8,single_meal_kcal_only,0.08,strict,1.0,69.73,1,,,True,49.6,3.0
v5,synth_1000_extremely_high_fat,1000kcal / extremely high fat,synthetic,lunch_snack,1000.0,52.8,33.8,72.6,600,42,56,23,-40.0,-20.5,65.7,-68.3,best_effort_lp,BEST_EFFORT_LP,relaxed,1.0,1744.4,25,,,True,34.8,1.0
v5,synth_1000_low_carbs,1000kcal / low carbs,synthetic,full_day,1000.0,84.0,33.8,58.8,1218,79,108,52,21.8,-6.0,219.5,-11.6,best_effort_lp,BEST_EFFORT_LP,relaxed,1.0,1709.64,25,,,True,17.1,1.0
v5,synth_1000_low_carbs,1000kcal / low carbs,synthetic,lunch_snack_dinner,1000.0,84.0,33.8,58.8,1149,76,92,53,14.9,-9.5,172.2,-9.9,best_effort_lp,BEST_EFFORT_LP,relaxed,1.0,1891.98,25,,,True,26.7,2.0
v5,synth_1000_low_carbs,1000kcal / low carbs,synthetic,lunch_dinner,1000.0,84.0,33.8,58.8,1021,73,75,48,2.1,-13.1,121.9,-18.4,best_effort_lp,BEST_EFFORT_LP,relaxed,1.0,1951.84,25,,,True,30.1,2.0
v5,synth_1000_low_carbs,1000kcal / low carbs,synthetic,lunch_only,1000.0,84.0,33.8,58.8,957,81,51,48,-4.3,-3.6,50.9,-18.4,single_meal_kcal_only,0.08,strict,1.0,73.22,1,,,True,43.6,5.0
v5,synth_1000_low_carbs,1000kcal / low carbs,synthetic,dinner_only,1000.0,84.0,33.8,58.8,1055,76,52,60,5.5,-9.5,53.8,2.0,single_meal_kcal_only,0.08,strict,0.5,145.0,2,,,True,72.7,5.0
v5,synth_1000_low_carbs,1000kcal / low carbs,synthetic,lunch_snack,1000.0,84.0,33.8,58.8,877,75,61,37,-12.3,-10.7,80.5,-37.1,best_effort_lp,BEST_EFFORT_LP,relaxed,1.0,1871.52,25,,,True,47.6,2.0
v5,synth_1000_extremely_low_carbs,1000kcal / extremely low carbs,synthetic,full_day,1000.0,80.5,33.8,60.3,1218,79,108,52,21.8,-1.9,219.5,-13.8,best_effort_lp,BEST_EFFORT_LP,relaxed,1.0,2074.96,25,,,True,17.1,1.0
v5,synth_1000_extremely_low_carbs,1000kcal / extremely low carbs,synthetic,lunch_snack_dinner,1000.0,80.5,33.8,60.3,1149,76,92,53,14.9,-5.6,172.2,-12.1,best_effort_lp,BEST_EFFORT_LP,relaxed,1.0,2193.29,25,,,True,26.7,2.0
v5,synth_1000_extremely_low_carbs,1000kcal / extremely low carbs,synthetic,lunch_dinner,1000.0,80.5,33.8,60.3,1021,73,75,48,2.1,-9.3,121.9,-20.4,best_effort_lp,BEST_EFFORT_LP,relaxed,1.0,2138.56,25,,,True,30.1,2.0
v5,synth_1000_extremely_low_carbs,1000kcal / extremely low carbs,synthetic,lunch_only,1000.0,80.5,33.8,60.3,957,81,51,48,-4.3,0.6,50.9,-20.4,single_meal_kcal_only,0.08,strict,1.0,77.66,1,,,True,43.6,5.0
v5,synth_1000_extremely_low_carbs,1000kcal / extremely low carbs,synthetic,dinner_only,1000.0,80.5,33.8,60.3,1055,76,52,60,5.5,-5.6,53.8,-0.5,single_meal_kcal_only,0.08,strict,0.5,154.64,2,,,True,72.7,5.0
v5,synth_1000_extremely_low_carbs,1000kcal / extremely low carbs,synthetic,lunch_snack,1000.0,80.5,33.8,60.3,877,75,61,37,-12.3,-6.8,80.5,-38.6,best_effort_lp,BEST_EFFORT_LP,relaxed,1.0,1820.63,25,,,True,47.6,2.0
v5,synth_1000_high_carbs,1000kcal / high carbs,synthetic,full_day,1000.0,54.0,135.2,27.0,1339,81,136,52,33.9,50.0,0.6,92.6,best_effort_lp,BEST_EFFORT_LP,relaxed,1.0,1631.98,25,,,True,15.6,2.0
v5,synth_1000_high_carbs,1000kcal / high carbs,synthetic,lunch_snack_dinner,1000.0,54.0,135.2,27.0,1084,64,111,43,8.4,18.5,-17.9,59.3,best_effort_lp,BEST_EFFORT_LP,relaxed,1.0,1874.95,25,,,True,19.3,2.0
v5,synth_1000_high_carbs,1000kcal / high carbs,synthetic,lunch_dinner,1000.0,54.0,135.2,27.0,956,61,94,37,-4.4,13.0,-30.5,37.0,best_effort_lp,BEST_EFFORT_LP,relaxed,1.0,2012.93,25,,,True,21.8,2.0
v5,synth_1000_high_carbs,1000kcal / high carbs,synthetic,lunch_only,1000.0,54.0,135.2,27.0,957,57,92,40,-4.3,5.6,-32.0,48.1,single_meal_kcal_only,0.08,strict,1.0,69.61,1,,,True,36.1,5.0
v5,synth_1000_high_carbs,1000kcal / high carbs,synthetic,dinner_only,1000.0,54.0,135.2,27.0,1055,55,116,42,5.5,1.9,-14.2,55.6,single_meal_kcal_only,0.08,strict,1.0,76.44,1,,,True,43.7,5.0
v5,synth_1000_high_carbs,1000kcal / high carbs,synthetic,lunch_snack,1000.0,54.0,135.2,27.0,913,75,80,32,-8.7,38.9,-40.8,18.5,best_effort_lp,BEST_EFFORT_LP,relaxed,1.0,1931.78,25,,,True,45.7,2.0
v5,synth_1000_extremely_high_carbs,1000kcal / extremely high carbs,synthetic,full_day,1000.0,40.5,174.1,15.7,1339,81,136,52,33.9,100.0,-21.9,231.2,best_effort_lp,BEST_EFFORT_LP,relaxed,1.0,1959.34,25,,,True,15.6,2.0
v5,synth_1000_extremely_high_carbs,1000kcal / extremely high carbs,synthetic,lunch_snack_dinner,1000.0,40.5,174.1,15.7,1084,64,111,43,8.4,58.0,-36.2,173.9,best_effort_lp,BEST_EFFORT_LP,relaxed,1.0,2016.31,25,,,True,19.3,2.0
v5,synth_1000_extremely_high_carbs,1000kcal / extremely high carbs,synthetic,lunch_dinner,1000.0,40.5,174.1,15.7,956,61,94,37,-4.4,50.6,-46.0,135.7,best_effort_lp,BEST_EFFORT_LP,relaxed,1.0,2307.05,25,,,True,21.8,2.0
v5,synth_1000_extremely_high_carbs,1000kcal / extremely high carbs,synthetic,lunch_only,1000.0,40.5,174.1,15.7,957,57,92,40,-4.3,40.7,-47.2,154.8,single_meal_kcal_only,0.08,strict,1.0,302.96,4,,,True,36.1,5.0
v5,synth_1000_extremely_high_carbs,1000kcal / extremely high carbs,synthetic,dinner_only,1000.0,40.5,174.1,15.7,971,44,117,36,-2.9,8.6,-32.8,129.3,single_meal_kcal_only,0.08,strict,1.0,72.12,1,,,True,45.3,5.0
v5,synth_1000_extremely_high_carbs,1000kcal / extremely high carbs,synthetic,lunch_snack,1000.0,40.5,174.1,15.7,600,42,56,23,-40.0,3.7,-67.8,46.5,best_effort_lp,BEST_EFFORT_LP,relaxed,1.0,1923.16,25,,,True,34.8,1.0
v5,synth_1500_balanced,1500kcal / balanced,synthetic,full_day,1500.0,96.0,144.0,60.0,1527,98,144,62,1.8,2.1,0.0,3.3,strict_tight,0.08,strict,1.0,71.46,1,,,True,16.7,2.0
v5,synth_1500_balanced,1500kcal / balanced,synthetic,lunch_snack_dinner,1500.0,96.0,144.0,60.0,1534,110,134,62,2.3,14.6,-6.9,3.3,strict_tight,0.08,strict,1.0,76.27,1,,,True,27.2,3.0
v5,synth_1500_balanced,1500kcal / balanced,synthetic,lunch_dinner,1500.0,96.0,144.0,60.0,1494,109,137,57,-0.4,13.5,-4.9,-5.0,strict_tight,0.08,strict,1.0,71.77,1,,,True,27.9,4.0
v5,synth_1500_balanced,1500kcal / balanced,synthetic,lunch_only,1500.0,96.0,144.0,60.0,1514,145,97,61,0.9,51.0,-32.6,1.7,single_meal_kcal_only,0.08,strict,1.0,276.19,4,,,True,55.1,4.0
v5,synth_1500_balanced,1500kcal / balanced,synthetic,dinner_only,1500.0,96.0,144.0,60.0,1450,84,137,63,-3.3,-12.5,-4.9,5.0,single_meal_kcal_only,0.08,strict,1.0,67.43,1,,,True,52.9,6.0
v5,synth_1500_balanced,1500kcal / balanced,synthetic,lunch_snack,1500.0,96.0,144.0,60.0,1423,114,124,52,-5.1,18.8,-13.9,-13.3,strict_relaxed_tol,0.15,strict,1.0,594.95,7,,,True,44.0,3.0
v5,synth_1500_low_protein,1500kcal / low protein,synthetic,full_day,1500.0,66.0,174.0,60.0,1447,77,159,56,-3.5,16.7,-8.6,-6.7,strict_tight,0.08,strict,0.5,193.51,2,,,True,22.1,2.5
v5,synth_1500_low_protein,1500kcal / low protein,synthetic,lunch_snack_dinner,1500.0,66.0,174.0,60.0,1450,76,166,54,-3.3,15.2,-4.6,-10.0,strict_tight,0.08,strict,0.5,178.27,2,,,True,22.0,3.5
v5,synth_1500_low_protein,1500kcal / low protein,synthetic,lunch_dinner,1500.0,66.0,174.0,60.0,1197,77,115,48,-20.2,16.7,-33.9,-20.0,best_effort_lp,BEST_EFFORT_LP,relaxed,1.0,2013.39,25,,,True,25.6,3.0
v5,synth_1500_low_protein,1500kcal / low protein,synthetic,lunch_only,1500.0,66.0,174.0,60.0,1514,145,97,61,0.9,119.7,-44.3,1.7,single_meal_kcal_only,0.08,strict,1.0,290.27,4,,,True,55.1,4.0
v5,synth_1500_low_protein,1500kcal / low protein,synthetic,dinner_only,1500.0,66.0,174.0,60.0,1542,76,178,58,2.8,15.2,2.3,-3.3,single_meal_kcal_only,0.08,strict,1.0,73.23,1,,,True,45.7,8.0
v5,synth_1500_low_protein,1500kcal / low protein,synthetic,lunch_snack,1500.0,66.0,174.0,60.0,1238,83,117,49,-17.5,25.8,-32.8,-18.3,best_effort_lp,BEST_EFFORT_LP,relaxed,1.0,1967.28,25,,,True,33.7,3.0
v5,synth_1500_extremely_low_protein,1500kcal / extremely low protein,synthetic,full_day,1500.0,36.0,204.0,60.0,1466,84,153,58,-2.3,133.3,-25.0,-3.3,best_effort_lp,BEST_EFFORT_LP,relaxed,1.0,2028.26,25,,,True,17.4,2.0
v5,synth_1500_extremely_low_protein,1500kcal / extremely low protein,synthetic,lunch_snack_dinner,1500.0,36.0,204.0,60.0,1467,72,162,59,-2.2,100.0,-20.6,-1.7,best_effort_lp,BEST_EFFORT_LP,relaxed,1.0,2231.81,25,,,True,34.9,4.0
v5,synth_1500_extremely_low_protein,1500kcal / extremely low protein,synthetic,lunch_dinner,1500.0,36.0,204.0,60.0,956,61,94,37,-36.3,69.4,-53.9,-38.3,best_effort_lp,BEST_EFFORT_LP,relaxed,1.0,1926.83,25,,,True,21.8,2.0
v5,synth_1500_extremely_low_protein,1500kcal / extremely low protein,synthetic,lunch_only,1500.0,36.0,204.0,60.0,1514,145,97,61,0.9,302.8,-52.5,1.7,single_meal_kcal_only,0.08,strict,1.0,275.95,4,,,True,55.1,4.0
v5,synth_1500_extremely_low_protein,1500kcal / extremely low protein,synthetic,dinner_only,1500.0,36.0,204.0,60.0,1560,75,195,53,4.0,108.3,-4.4,-11.7,single_meal_kcal_only,0.08,strict,1.0,351.32,4,,,True,50.7,9.0
v5,synth_1500_extremely_low_protein,1500kcal / extremely low protein,synthetic,lunch_snack,1500.0,36.0,204.0,60.0,600,42,56,23,-60.0,16.7,-72.5,-61.7,best_effort_lp,BEST_EFFORT_LP,relaxed,1.0,2189.86,25,,,True,34.8,1.0
v5,synth_1500_high_protein,1500kcal / high protein,synthetic,full_day,1500.0,120.0,120.0,60.0,1500,120,120,60,0.0,0.0,0.0,0.0,strict_tight,0.08,strict,0.5,305.99,2,,,True,27.8,2.0
v5,synth_1500_high_protein,1500kcal / high protein,synthetic,lunch_snack_dinner,1500.0,120.0,120.0,60.0,1446,108,114,62,-3.6,-10.0,-5.0,3.3,strict_tight,0.08,strict,1.0,82.62,1,,,True,28.9,2.0
v5,synth_1500_high_protein,1500kcal / high protein,synthetic,lunch_dinner,1500.0,120.0,120.0,60.0,1492,111,121,62,-0.5,-7.5,0.8,3.3,strict_tight,0.08,strict,1.0,79.44,1,,,True,28.0,2.0
v5,synth_1500_high_protein,1500kcal / high protein,synthetic,lunch_only,1500.0,120.0,120.0,60.0,1445,132,97,59,-3.7,10.0,-19.2,-1.7,single_meal_kcal_only,0.08,strict,0.5,162.1,2,,,True,50.6,4.5
v5,synth_1500_high_protein,1500kcal / high protein,synthetic,dinner_only,1500.0,120.0,120.0,60.0,1581,108,100,84,5.4,-10.0,-16.7,40.0,single_meal_kcal_only,0.08,strict,1.0,72.04,1,,,True,68.0,7.0
v5,synth_1500_high_protein,1500kcal / high protein,synthetic,lunch_snack,1500.0,120.0,120.0,60.0,1492,117,126,58,-0.5,-2.5,5.0,-3.3,strict_tight,0.08,strict,1.0,124.39,1,,,True,41.9,3.0
v5,synth_1500_extremely_high_protein,1500kcal / extremely high protein,synthetic,full_day,1500.0,156.0,84.0,60.0,1508,144,85,66,0.5,-7.7,1.2,10.0,strict_tight,0.08,strict,0.5,185.53,2,,,True,34.6,2.5
v5,synth_1500_extremely_high_protein,1500kcal / extremely high protein,synthetic,lunch_snack_dinner,1500.0,156.0,84.0,60.0,1565,147,95,66,4.3,-5.8,13.1,10.0,strict_tight,0.08,strict,0.5,238.32,2,,,True,46.7,3.5
v5,synth_1500_extremely_high_protein,1500kcal / extremely high protein,synthetic,lunch_dinner,1500.0,156.0,84.0,60.0,1501,146,86,64,0.1,-6.4,2.4,6.7,strict_tight,0.08,strict,0.5,238.54,2,,,True,48.7,3.5
v5,synth_1500_extremely_high_protein,1500kcal / extremely high protein,synthetic,lunch_only,1500.0,156.0,84.0,60.0,1410,142,75,60,-6.0,-9.0,-10.7,0.0,single_meal_kcal_only,0.08,strict,1.0,167.06,1,,,True,59.2,4.0
v5,synth_1500_extremely_high_protein,1500kcal / extremely high protein,synthetic,dinner_only,1500.0,156.0,84.0,60.0,1409,95,81,78,-6.1,-39.1,-3.6,30.0,single_meal_kcal_only,0.08,strict,1.0,329.28,4,,,True,65.4,6.0
v5,synth_1500_extremely_high_protein,1500kcal / extremely high protein,synthetic,lunch_snack,1500.0,156.0,84.0,60.0,1562,165,83,63,4.1,5.8,-1.2,5.0,strict_tight,0.08,strict,1.0,114.96,1,,,True,66.8,5.0
v5,synth_1500_low_fat,1500kcal / low fat,synthetic,full_day,1500.0,96.0,211.5,30.0,1466,96,143,57,-2.3,0.0,-32.4,90.0,best_effort_lp,BEST_EFFORT_LP,relaxed,1.0,2179.02,25,,,True,17.4,2.0
v5,synth_1500_low_fat,1500kcal / low fat,synthetic,lunch_snack_dinner,1500.0,96.0,211.5,30.0,1292,94,113,51,-13.9,-2.1,-46.6,70.0,best_effort_lp,BEST_EFFORT_LP,relaxed,1.0,1966.52,25,,,True,32.3,2.0
v5,synth_1500_low_fat,1500kcal / low fat,synthetic,lunch_dinner,1500.0,96.0,211.5,30.0,1164,92,96,46,-22.4,-4.2,-54.6,53.3,best_effort_lp,BEST_EFFORT_LP,relaxed,1.0,1752.07,25,,,True,35.8,2.0
v5,synth_1500_low_fat,1500kcal / low fat,synthetic,lunch_only,1500.0,96.0,211.5,30.0,1445,142,95,55,-3.7,47.9,-55.1,83.3,single_meal_kcal_only,0.08,strict,1.0,272.43,4,,,True,57.7,4.0
v5,synth_1500_low_fat,1500kcal / low fat,synthetic,dinner_only,1500.0,96.0,211.5,30.0,1538,85,157,63,2.5,-11.5,-25.8,110.0,single_meal_kcal_only,0.08,strict,1.0,66.74,1,,,True,49.9,7.0
v5,synth_1500_low_fat,1500kcal / low fat,synthetic,lunch_snack,1500.0,96.0,211.5,30.0,913,75,80,32,-39.1,-21.9,-62.2,6.7,best_effort_lp,BEST_EFFORT_LP,relaxed,1.0,1773.29,25,,,True,45.7,2.0
v5,synth_1500_extremely_low_fat,1500kcal / extremely low fat,synthetic,full_day,1500.0,96.0,245.2,15.0,1339,81,136,52,-10.7,-15.6,-44.5,246.7,best_effort_lp,BEST_EFFORT_LP,relaxed,1.0,1819.7,25,,,True,15.6,2.0
v5,synth_1500_extremely_low_fat,1500kcal / extremely low fat,synthetic,lunch_snack_dinner,1500.0,96.0,245.2,15.0,1084,64,111,43,-27.7,-33.3,-54.7,186.7,best_effort_lp,BEST_EFFORT_LP,relaxed,1.0,1744.11,25,,,True,19.3,2.0
v5,synth_1500_extremely_low_fat,1500kcal / extremely low fat,synthetic,lunch_dinner,1500.0,96.0,245.2,15.0,956,61,94,37,-36.3,-36.5,-61.7,146.7,best_effort_lp,BEST_EFFORT_LP,relaxed,1.0,1674.79,25,,,True,21.8,2.0
v5,synth_1500_extremely_low_fat,1500kcal / extremely low fat,synthetic,lunch_only,1500.0,96.0,245.2,15.0,1445,142,95,55,-3.7,47.9,-61.3,266.7,single_meal_kcal_only,0.08,strict,1.0,267.76,4,,,True,57.7,4.0
v5,synth_1500_extremely_low_fat,1500kcal / extremely low fat,synthetic,dinner_only,1500.0,96.0,245.2,15.0,1538,85,157,63,2.5,-11.5,-36.0,320.0,single_meal_kcal_only,0.08,strict,1.0,67.81,1,,,True,49.9,7.0
v5,synth_1500_extremely_low_fat,1500kcal / extremely low fat,synthetic,lunch_snack,1500.0,96.0,245.2,15.0,600,42,56,23,-60.0,-56.2,-77.2,53.3,best_effort_lp,BEST_EFFORT_LP,relaxed,1.0,1825.48,25,,,True,34.8,1.0
v5,synth_1500_high_fat,1500kcal / high fat,synthetic,full_day,1500.0,96.0,63.0,96.0,1371,93,109,63,-8.6,-3.1,73.0,-34.4,best_effort_lp,BEST_EFFORT_LP,relaxed,1.0,1907.75,25,,,True,22.4,2.0
v5,synth_1500_high_fat,1500kcal / high fat,synthetic,lunch_snack_dinner,1500.0,96.0,63.0,96.0,1427,109,97,67,-4.9,13.5,54.0,-30.2,best_effort_lp,BEST_EFFORT_LP,relaxed,1.0,1773.29,25,,,True,29.2,2.0
v5,synth_1500_high_fat,1500kcal / high fat,synthetic,lunch_dinner,1500.0,96.0,63.0,96.0,1299,106,80,62,-13.4,10.4,27.0,-35.4,best_effort_lp,BEST_EFFORT_LP,relaxed,1.0,1850.21,25,,,True,32.1,2.0
v5,synth_1500_high_fat,1500kcal / high fat,synthetic,lunch_only,1500.0,96.0,63.0,96.0,1479,145,78,65,-1.4,51.0,23.8,-32.3,single_meal_kcal_only,0.08,strict,1.0,266.02,4,,,True,56.4,5.0
v5,synth_1500_high_fat,1500kcal / high fat,synthetic,dinner_only,1500.0,96.0,63.0,96.0,1478,98,84,83,-1.5,2.1,33.3,-13.5,single_meal_kcal_only,0.08,strict,1.0,65.5,1,,,True,62.3,6.0
v5,synth_1500_high_fat,1500kcal / high fat,synthetic,lunch_snack,1500.0,96.0,63.0,96.0,1155,108,66,51,-23.0,12.5,4.8,-46.9,best_effort_lp,BEST_EFFORT_LP,relaxed,1.0,1654.06,25,,,True,54.2,3.0
v5,synth_1500_extremely_high_fat,1500kcal / extremely high fat,synthetic,full_day,1500.0,80.6,45.0,110.8,1218,79,108,52,-18.8,-2.0,140.0,-53.1,best_effort_lp,BEST_EFFORT_LP,relaxed,1.0,1820.48,25,,,True,17.1,1.0
v5,synth_1500_extremely_high_fat,1500kcal / extremely high fat,synthetic,lunch_snack_dinner,1500.0,80.6,45.0,110.8,1149,76,92,53,-23.4,-5.7,104.4,-52.2,best_effort_lp,BEST_EFFORT_LP,relaxed,1.0,1928.76,25,,,True,26.7,2.0
v5,synth_1500_extremely_high_fat,1500kcal / extremely high fat,synthetic,lunch_dinner,1500.0,80.6,45.0,110.8,1021,73,75,48,-31.9,-9.4,66.7,-56.7,best_effort_lp,BEST_EFFORT_LP,relaxed,1.0,1864.65,25,,,True,30.1,2.0
v5,synth_1500_extremely_high_fat,1500kcal / extremely high fat,synthetic,lunch_only,1500.0,80.6,45.0,110.8,1445,166,54,63,-3.7,106.0,20.0,-43.1,single_meal_kcal_only,0.08,strict,1.0,278.61,4,,,True,72.2,5.0
v5,synth_1500_extremely_high_fat,1500kcal / extremely high fat,synthetic,dinner_only,1500.0,80.6,45.0,110.8,1412,86,103,73,-5.9,6.7,128.9,-34.1,single_meal_kcal_only,0.08,strict,1.0,69.77,1,,,True,54.4,5.0
v5,synth_1500_extremely_high_fat,1500kcal / extremely high fat,synthetic,lunch_snack,1500.0,80.6,45.0,110.8,877,75,61,37,-41.5,-6.9,35.6,-66.6,best_effort_lp,BEST_EFFORT_LP,relaxed,1.0,1802.42,25,,,True,47.6,2.0
v5,synth_1500_low_carbs,1500kcal / low carbs,synthetic,full_day,1500.0,120.0,66.0,84.0,1510,126,79,76,0.7,5.0,19.7,-9.5,strict_tight,0.08,strict,mixed_quarter,334.59,3,,,True,30.5,3.0
v5,synth_1500_low_carbs,1500kcal / low carbs,synthetic,lunch_snack_dinner,1500.0,120.0,66.0,84.0,1498,125,76,77,-0.1,4.2,15.2,-8.3,strict_tight,0.08,strict,0.5,173.71,2,,,True,35.9,3.5
v5,synth_1500_low_carbs,1500kcal / low carbs,synthetic,lunch_dinner,1500.0,120.0,66.0,84.0,1468,125,69,77,-2.1,4.2,4.5,-8.3,strict_tight,0.08,strict,0.5,144.75,2,,,True,36.6,3.5
v5,synth_1500_low_carbs,1500kcal / low carbs,synthetic,lunch_only,1500.0,120.0,66.0,84.0,1382,130,81,60,-7.9,8.3,22.7,-28.6,single_meal_kcal_only,0.08,strict,0.5,144.76,2,,,True,52.8,5.0
v5,synth_1500_low_carbs,1500kcal / low carbs,synthetic,dinner_only,1500.0,120.0,66.0,84.0,1562,109,82,89,4.1,-9.2,24.2,6.0,single_meal_kcal_only,0.08,strict,1.0,69.07,1,,,True,68.8,7.0
v5,synth_1500_low_carbs,1500kcal / low carbs,synthetic,lunch_snack,1500.0,120.0,66.0,84.0,1433,141,71,65,-4.5,17.5,7.6,-22.6,best_effort_lp,BEST_EFFORT_LP,relaxed,1.0,1822.78,25,,,True,58.2,4.0
v5,synth_1500_extremely_low_carbs,1500kcal / extremely low carbs,synthetic,full_day,1500.0,122.8,45.0,92.1,1580,123,111,71,5.3,0.2,146.7,-22.9,best_effort_lp,BEST_EFFORT_LP,relaxed,1.0,1914.92,25,,,True,26.4,2.0
v5,synth_1500_extremely_low_carbs,1500kcal / extremely low carbs,synthetic,lunch_snack_dinner,1500.0,122.8,45.0,92.1,1427,109,97,67,-4.9,-11.2,115.6,-27.3,best_effort_lp,BEST_EFFORT_LP,relaxed,1.0,2023.27,25,,,True,29.2,2.0
v5,synth_1500_extremely_low_carbs,1500kcal / extremely low carbs,synthetic,lunch_dinner,1500.0,122.8,45.0,92.1,1299,106,80,62,-13.4,-13.7,77.8,-32.7,best_effort_lp,BEST_EFFORT_LP,relaxed,1.0,1907.91,25,,,True,32.1,2.0
v5,synth_1500_extremely_low_carbs,1500kcal / extremely low carbs,synthetic,lunch_only,1500.0,122.8,45.0,92.1,1382,130,81,60,-7.9,5.9,80.0,-34.9,single_meal_kcal_only,0.08,strict,0.5,216.9,2,,,True,52.8,5.0
v5,synth_1500_extremely_low_carbs,1500kcal / extremely low carbs,synthetic,dinner_only,1500.0,122.8,45.0,92.1,1562,109,82,89,4.1,-11.2,82.2,-3.4,single_meal_kcal_only,0.08,strict,1.0,103.58,1,,,True,68.8,7.0
v5,synth_1500_extremely_low_carbs,1500kcal / extremely low carbs,synthetic,lunch_snack,1500.0,122.8,45.0,92.1,1226,133,64,49,-18.3,8.3,42.2,-46.8,best_effort_lp,BEST_EFFORT_LP,relaxed,1.0,1829.81,25,,,True,68.1,4.0
v5,synth_1500_high_carbs,1500kcal / high carbs,synthetic,full_day,1500.0,72.0,222.0,36.0,1339,81,136,52,-10.7,12.5,-38.7,44.4,best_effort_lp,BEST_EFFORT_LP,relaxed,1.0,1979.33,25,,,True,15.6,2.0
v5,synth_1500_high_carbs,1500kcal / high carbs,synthetic,lunch_snack_dinner,1500.0,72.0,222.0,36.0,1084,64,111,43,-27.7,-11.1,-50.0,19.4,best_effort_lp,BEST_EFFORT_LP,relaxed,1.0,1922.05,25,,,True,19.3,2.0
v5,synth_1500_high_carbs,1500kcal / high carbs,synthetic,lunch_dinner,1500.0,72.0,222.0,36.0,956,61,94,37,-36.3,-15.3,-57.7,2.8,best_effort_lp,BEST_EFFORT_LP,relaxed,1.0,2040.19,25,,,True,21.8,2.0
v5,synth_1500_high_carbs,1500kcal / high carbs,synthetic,lunch_only,1500.0,72.0,222.0,36.0,1445,142,95,55,-3.7,97.2,-57.2,52.8,single_meal_kcal_only,0.08,strict,1.0,384.65,4,,,True,57.7,4.0
v5,synth_1500_high_carbs,1500kcal / high carbs,synthetic,dinner_only,1500.0,72.0,222.0,36.0,1560,75,195,53,4.0,4.2,-12.2,47.2,single_meal_kcal_only,0.08,strict,1.0,67.98,1,,,True,50.7,9.0
v5,synth_1500_high_carbs,1500kcal / high carbs,synthetic,lunch_snack,1500.0,72.0,222.0,36.0,1041,78,98,38,-30.6,8.3,-55.9,5.6,best_effort_lp,BEST_EFFORT_LP,relaxed,1.0,1881.68,25,,,True,40.1,2.0
v5,synth_1500_extremely_high_carbs,1500kcal / extremely high carbs,synthetic,full_day,1500.0,54.0,273.8,21.0,1339,81,136,52,-10.7,50.0,-50.3,147.6,best_effort_lp,BEST_EFFORT_LP,relaxed,1.0,1998.74,25,,,True,15.6,2.0
v5,synth_1500_extremely_high_carbs,1500kcal / extremely high carbs,synthetic,lunch_snack_dinner,1500.0,54.0,273.8,21.0,1084,64,111,43,-27.7,18.5,-59.5,104.8,best_effort_lp,BEST_EFFORT_LP,relaxed,1.0,2004.85,25,,,True,19.3,2.0
v5,synth_1500_extremely_high_carbs,1500kcal / extremely high carbs,synthetic,lunch_dinner,1500.0,54.0,273.8,21.0,956,61,94,37,-36.3,13.0,-65.7,76.2,best_effort_lp,BEST_EFFORT_LP,relaxed,1.0,2045.06,25,,,True,21.8,2.0
v5,synth_1500_extremely_high_carbs,1500kcal / extremely high carbs,synthetic,lunch_only,1500.0,54.0,273.8,21.0,1445,142,95,55,-3.7,163.0,-65.3,161.9,single_meal_kcal_only,0.08,strict,1.0,287.58,4,,,True,57.7,4.0
v5,synth_1500_extremely_high_carbs,1500kcal / extremely high carbs,synthetic,dinner_only,1500.0,54.0,273.8,21.0,1405,66,184,45,-6.3,22.2,-32.8,114.3,single_meal_kcal_only,0.08,strict,0.5,150.74,2,,,True,53.2,8.5
v5,synth_1500_extremely_high_carbs,1500kcal / extremely high carbs,synthetic,lunch_snack,1500.0,54.0,273.8,21.0,600,42,56,23,-60.0,-22.2,-79.5,9.5,best_effort_lp,BEST_EFFORT_LP,relaxed,1.0,1944.47,25,,,True,34.8,1.0
v5,synth_2000_balanced,2000kcal / balanced,synthetic,full_day,2000.0,120.0,211.2,75.0,2036,133,212,73,1.8,10.8,0.4,-2.7,strict_tight,0.08,strict,1.0,136.53,1,,,True,21.6,5.0
v5,synth_2000_balanced,2000kcal / balanced,synthetic,lunch_snack_dinner,2000.0,120.0,211.2,75.0,1982,120,210,74,-0.9,0.0,-0.6,-1.3,strict_tight,0.08,strict,1.0,127.43,1,,,True,21.1,4.0
v5,synth_2000_balanced,2000kcal / balanced,synthetic,lunch_dinner,2000.0,120.0,211.2,75.0,1997,132,201,74,-0.1,10.0,-4.8,-1.3,strict_tight,0.08,strict,1.0,80.53,1,,,True,26.4,6.0
v5,synth_2000_balanced,2000kcal / balanced,synthetic,lunch_only,2000.0,120.0,211.2,75.0,1863,203,99,73,-6.9,69.2,-53.1,-2.7,single_meal_kcal_only,0.08,strict,1.0,288.47,4,,,True,67.2,6.0
v5,synth_2000_balanced,2000kcal / balanced,synthetic,dinner_only,2000.0,120.0,211.2,75.0,1955,104,217,75,-2.2,-13.3,2.7,0.0,single_meal_kcal_only,0.08,strict,1.0,72.37,1,,,True,47.1,10.0
v5,synth_2000_balanced,2000kcal / balanced,synthetic,lunch_snack,2000.0,120.0,211.2,75.0,2010,140,186,78,0.5,16.7,-11.9,4.0,relaxed_culinary,0.11249999999999999,relaxed,0.5,1685.45,20,,,True,36.3,5.5
v5,synth_2000_low_protein,2000kcal / low protein,synthetic,full_day,2000.0,82.5,248.8,75.0,1929,109,221,68,-3.5,32.1,-11.2,-9.3,strict_relaxed_tol,0.11249999999999999,strict,0.5,785.07,8,,,True,22.8,5.0
v5,synth_2000_low_protein,2000kcal / low protein,synthetic,lunch_snack_dinner,2000.0,82.5,248.8,75.0,1943,104,225,70,-2.9,26.1,-9.6,-6.7,strict_relaxed_tol,0.1,strict,0.5,414.86,5,,,True,23.0,5.0
v5,synth_2000_low_protein,2000kcal / low protein,synthetic,lunch_dinner,2000.0,82.5,248.8,75.0,2085,134,221,74,4.2,62.4,-11.2,-1.3,best_effort_lp,BEST_EFFORT_LP,relaxed,1.0,2182.86,25,,,True,29.5,7.0
v5,synth_2000_low_protein,2000kcal / low protein,synthetic,lunch_only,2000.0,82.5,248.8,75.0,1863,203,99,73,-6.9,146.1,-60.2,-2.7,single_meal_kcal_only,0.08,strict,1.0,300.28,4,,,True,67.2,6.0
v5,synth_2000_low_protein,2000kcal / low protein,synthetic,dinner_only,2000.0,82.5,248.8,75.0,2028,98,240,75,1.4,18.8,-3.5,0.0,single_meal_kcal_only,0.08,strict,1.0,77.1,1,,,True,47.7,11.0
v5,synth_2000_low_protein,2000kcal / low protein,synthetic,lunch_snack,2000.0,82.5,248.8,75.0,1876,125,178,74,-6.2,51.5,-28.5,-1.3,best_effort_lp,BEST_EFFORT_LP,relaxed,1.0,1974.38,25,,,True,34.1,5.0
v5,synth_2000_extremely_low_protein,2000kcal / extremely low protein,synthetic,full_day,2000.0,45.0,286.2,75.0,1850,91,204,74,-7.5,102.2,-28.7,-1.3,best_effort_lp,BEST_EFFORT_LP,relaxed,1.0,2119.56,25,,,True,34.6,5.0
v5,synth_2000_extremely_low_protein,2000kcal / extremely low protein,synthetic,lunch_snack_dinner,2000.0,45.0,286.2,75.0,1467,72,162,59,-26.7,60.0,-43.4,-21.3,best_effort_lp,BEST_EFFORT_LP,relaxed,1.0,1784.91,25,,,True,34.9,4.0
v5,synth_2000_extremely_low_protein,2000kcal / extremely low protein,synthetic,lunch_dinner,2000.0,45.0,286.2,75.0,956,61,94,37,-52.2,35.6,-67.2,-50.7,best_effort_lp,BEST_EFFORT_LP,relaxed,1.0,1939.77,25,,,True,21.8,2.0
v5,synth_2000_extremely_low_protein,2000kcal / extremely low protein,synthetic,lunch_only,2000.0,45.0,286.2,75.0,1863,203,99,73,-6.9,351.1,-65.4,-2.7,single_meal_kcal_only,0.08,strict,1.0,274.09,4,,,True,67.2,6.0
v5,synth_2000_extremely_low_protein,2000kcal / extremely low protein,synthetic,dinner_only,2000.0,45.0,286.2,75.0,2047,97,258,70,2.4,115.6,-9.9,-6.7,single_meal_kcal_only,0.08,strict,1.0,297.91,4,,,True,51.6,12.0
v5,synth_2000_extremely_low_protein,2000kcal / extremely low protein,synthetic,lunch_snack,2000.0,45.0,286.2,75.0,600,42,56,23,-70.0,-6.7,-80.4,-69.3,best_effort_lp,BEST_EFFORT_LP,relaxed,1.0,1703.86,25,,,True,34.8,1.0
v5,synth_2000_high_protein,2000kcal / high protein,synthetic,full_day,2000.0,150.0,181.2,75.0,1988,145,179,77,-0.6,-3.3,-1.2,2.7,strict_tight,0.08,strict,1.0,127.92,1,,,True,21.0,3.0
v5,synth_2000_high_protein,2000kcal / high protein,synthetic,lunch_snack_dinner,2000.0,150.0,181.2,75.0,2021,149,182,77,1.1,-0.7,0.4,2.7,strict_tight,0.08,strict,1.0,115.74,1,,,True,31.0,3.0
v5,synth_2000_high_protein,2000kcal / high protein,synthetic,lunch_dinner,2000.0,150.0,181.2,75.0,2033,150,185,77,1.7,0.0,2.1,2.7,strict_tight,0.08,strict,1.0,118.39,1,,,True,30.8,5.0
v5,synth_2000_high_protein,2000kcal / high protein,synthetic,lunch_only,2000.0,150.0,181.2,75.0,1863,203,99,73,-6.9,35.3,-45.4,-2.7,single_meal_kcal_only,0.08,strict,1.0,258.85,4,,,True,67.2,6.0
v5,synth_2000_high_protein,2000kcal / high protein,synthetic,dinner_only,2000.0,150.0,181.2,75.0,2152,140,161,106,7.6,-6.7,-11.1,41.3,single_meal_kcal_only,0.08,strict,1.0,65.39,1,,,True,64.2,9.0
v5,synth_2000_high_protein,2000kcal / high protein,synthetic,lunch_snack,2000.0,150.0,181.2,75.0,2061,168,164,81,3.0,12.0,-9.5,8.0,strict_tight,0.08,strict,0.5,130.55,2,,,True,45.6,4.5
v5,synth_2000_extremely_high_protein,2000kcal / extremely high protein,synthetic,full_day,2000.0,195.0,136.2,75.0,2041,194,137,80,2.1,-0.5,0.6,6.7,strict_tight,0.08,strict,0.5,177.26,2,,,True,40.9,4.0
v5,synth_2000_extremely_high_protein,2000kcal / extremely high protein,synthetic,lunch_snack_dinner,2000.0,195.0,136.2,75.0,1993,186,136,78,-0.4,-4.6,-0.1,4.0,strict_tight,0.08,strict,0.5,184.54,2,,,True,47.1,4.5
v5,synth_2000_extremely_high_protein,2000kcal / extremely high protein,synthetic,lunch_dinner,2000.0,195.0,136.2,75.0,2034,196,139,77,1.7,0.5,2.1,2.7,strict_tight,0.08,strict,0.5,502.19,2,,,True,51.3,5.0
v5,synth_2000_extremely_high_protein,2000kcal / extremely high protein,synthetic,lunch_only,2000.0,195.0,136.2,75.0,1932,206,102,78,-3.4,5.6,-25.1,4.0,single_meal_kcal_only,0.08,strict,1.0,75.15,1,,,True,64.8,6.0
v5,synth_2000_extremely_high_protein,2000kcal / extremely high protein,synthetic,dinner_only,2000.0,195.0,136.2,75.0,1911,125,140,95,-4.5,-35.9,2.8,26.7,single_meal_kcal_only,0.08,strict,1.0,258.61,4,,,True,64.3,8.0
v5,synth_2000_extremely_high_protein,2000kcal / extremely high protein,synthetic,lunch_snack,2000.0,195.0,136.2,75.0,1980,202,129,73,-1.0,3.6,-5.3,-2.7,strict_tight,0.08,strict,1.0,97.78,1,,,True,63.2,6.0
v5,synth_2000_low_fat,2000kcal / low fat,synthetic,full_day,2000.0,120.0,295.6,37.5,1547,111,138,61,-22.7,-7.5,-53.3,62.7,best_effort_lp,BEST_EFFORT_LP,relaxed,1.0,1813.37,25,,,True,27.0,2.0
v5,synth_2000_low_fat,2000kcal / low fat,synthetic,lunch_snack_dinner,2000.0,120.0,295.6,37.5,1815,116,195,63,-9.2,-3.3,-34.0,68.0,best_effort_lp,BEST_EFFORT_LP,relaxed,1.0,1753.18,25,,,True,24.2,5.0
v5,synth_2000_low_fat,2000kcal / low fat,synthetic,lunch_dinner,2000.0,120.0,295.6,37.5,1687,114,178,58,-15.7,-5.0,-39.8,54.7,best_effort_lp,BEST_EFFORT_LP,relaxed,1.0,1821.15,25,,,True,26.1,5.0
v5,synth_2000_low_fat,2000kcal / low fat,synthetic,lunch_only,2000.0,120.0,295.6,37.5,1863,203,99,73,-6.9,69.2,-66.5,94.7,single_meal_kcal_only,0.08,strict,1.0,279.69,4,,,True,67.2,6.0
v5,synth_2000_low_fat,2000kcal / low fat,synthetic,dinner_only,2000.0,120.0,295.6,37.5,2131,107,256,75,6.6,-10.8,-13.4,100.0,single_meal_kcal_only,0.08,strict,1.0,73.22,1,,,True,49.5,12.0
v5,synth_2000_low_fat,2000kcal / low fat,synthetic,lunch_snack,2000.0,120.0,295.6,37.5,1226,109,105,41,-38.7,-9.2,-64.5,9.3,best_effort_lp,BEST_EFFORT_LP,relaxed,1.0,1949.66,25,,,True,51.0,3.0
v5,synth_2000_extremely_low_fat,2000kcal / extremely low fat,synthetic,full_day,2000.0,120.0,337.8,18.8,1339,81,136,52,-33.1,-32.5,-59.7,176.6,best_effort_lp,BEST_EFFORT_LP,relaxed,1.0,1977.76,25,,,True,15.6,2.0
v5,synth_2000_extremely_low_fat,2000kcal / extremely low fat,synthetic,lunch_snack_dinner,2000.0,120.0,337.8,18.8,1084,64,111,43,-45.8,-46.7,-67.1,128.7,best_effort_lp,BEST_EFFORT_LP,relaxed,1.0,1933.95,25,,,True,19.3,2.0
v5,synth_2000_extremely_low_fat,2000kcal / extremely low fat,synthetic,lunch_dinner,2000.0,120.0,337.8,18.8,956,61,94,37,-52.2,-49.2,-72.2,96.8,best_effort_lp,BEST_EFFORT_LP,relaxed,1.0,1918.77,25,,,True,21.8,2.0
v5,synth_2000_extremely_low_fat,2000kcal / extremely low fat,synthetic,lunch_only,2000.0,120.0,337.8,18.8,1863,203,99,73,-6.9,69.2,-70.7,288.3,single_meal_kcal_only,0.08,strict,1.0,275.15,4,,,True,67.2,6.0
v5,synth_2000_extremely_low_fat,2000kcal / extremely low fat,synthetic,dinner_only,2000.0,120.0,337.8,18.8,2131,107,256,75,6.6,-10.8,-24.2,298.9,single_meal_kcal_only,0.08,strict,1.0,72.26,1,,,True,49.5,12.0
v5,synth_2000_extremely_low_fat,2000kcal / extremely low fat,synthetic,lunch_snack,2000.0,120.0,337.8,18.8,600,42,56,23,-70.0,-65.0,-83.4,22.3,best_effort_lp,BEST_EFFORT_LP,relaxed,1.0,1832.23,25,,,True,34.8,1.0
v5,synth_2000_high_fat,2000kcal / high fat,synthetic,full_day,2000.0,120.0,110.0,120.0,2118,151,140,106,5.9,25.8,27.3,-11.7,relaxed_culinary,0.15000000000000002,relaxed,0.5,1781.71,23,,,True,29.0,4.0
v5,synth_2000_high_fat,2000kcal / high fat,synthetic,lunch_snack_dinner,2000.0,120.0,110.0,120.0,2123,151,141,106,6.2,25.8,28.2,-11.7,strict_relaxed_tol,0.15000000000000002,strict,mixed_quarter,884.17,12,,,True,28.9,4.0
v5,synth_2000_high_fat,2000kcal / high fat,synthetic,lunch_dinner,2000.0,120.0,110.0,120.0,1917,152,105,99,-4.2,26.7,-4.5,-17.5,best_effort_lp,BEST_EFFORT_LP,relaxed,1.0,1928.15,25,,,True,40.1,5.0
v5,synth_2000_high_fat,2000kcal / high fat,synthetic,lunch_only,2000.0,120.0,110.0,120.0,2001,209,104,83,0.1,74.2,-5.5,-30.8,single_meal_kcal_only,0.08,strict,1.0,274.18,4,,,True,62.6,6.0
v5,synth_2000_high_fat,2000kcal / high fat,synthetic,dinner_only,2000.0,120.0,110.0,120.0,1873,127,105,105,-6.3,5.8,-4.5,-12.5,single_meal_kcal_only,0.08,strict,1.0,78.68,1,,,True,65.6,8.0
v5,synth_2000_high_fat,2000kcal / high fat,synthetic,lunch_snack,2000.0,120.0,110.0,120.0,1539,116,117,68,-23.1,-3.3,6.4,-43.3,best_effort_lp,BEST_EFFORT_LP,relaxed,1.0,1933.95,25,,,True,40.7,4.0
v5,synth_2000_extremely_high_fat,2000kcal / extremely high fat,synthetic,full_day,2000.0,108.4,56.2,149.0,1499,108,116,67,-25.1,-0.4,106.4,-55.0,best_effort_lp,BEST_EFFORT_LP,relaxed,1.0,2070.11,25,,,True,20.5,2.0
v5,synth_2000_extremely_high_fat,2000kcal / extremely high fat,synthetic,lunch_snack_dinner,2000.0,108.4,56.2,149.0,1427,109,97,67,-28.6,0.6,72.6,-55.0,best_effort_lp,BEST_EFFORT_LP,relaxed,1.0,1974.95,25,,,True,29.2,2.0
v5,synth_2000_extremely_high_fat,2000kcal / extremely high fat,synthetic,lunch_dinner,2000.0,108.4,56.2,149.0,1299,106,80,62,-35.0,-2.2,42.3,-58.4,best_effort_lp,BEST_EFFORT_LP,relaxed,1.0,1791.95,25,,,True,32.1,2.0
v5,synth_2000_extremely_high_fat,2000kcal / extremely high fat,synthetic,lunch_only,2000.0,108.4,56.2,149.0,1862,227,58,80,-6.9,109.4,3.2,-46.3,single_meal_kcal_only,0.08,strict,1.0,274.84,4,,,True,78.4,7.0
v5,synth_2000_extremely_high_fat,2000kcal / extremely high fat,synthetic,dinner_only,2000.0,108.4,56.2,149.0,1873,127,105,105,-6.3,17.2,86.8,-29.5,single_meal_kcal_only,0.08,strict,1.0,70.55,1,,,True,65.6,8.0
v5,synth_2000_extremely_high_fat,2000kcal / extremely high fat,synthetic,lunch_snack,2000.0,108.4,56.2,149.0,1155,108,66,51,-42.2,-0.4,17.4,-65.8,best_effort_lp,BEST_EFFORT_LP,relaxed,1.0,1739.66,25,,,True,54.2,3.0
v5,synth_2000_low_carbs,2000kcal / low carbs,synthetic,full_day,2000.0,150.0,113.8,105.0,1974,155,114,100,-1.3,3.3,0.2,-4.8,strict_tight,0.08,strict,0.5,216.16,2,,,True,27.2,3.5
v5,synth_2000_low_carbs,2000kcal / low carbs,synthetic,lunch_snack_dinner,2000.0,150.0,113.8,105.0,2015,160,125,97,0.8,6.7,9.8,-7.6,strict_tight,0.08,strict,1.0,106.54,1,,,True,31.1,3.0
v5,synth_2000_low_carbs,2000kcal / low carbs,synthetic,lunch_dinner,2000.0,150.0,113.8,105.0,2021,155,127,99,1.1,3.3,11.6,-5.7,strict_tight,0.08,strict,1.0,106.88,1,,,True,38.0,5.0
v5,synth_2000_low_carbs,2000kcal / low carbs,synthetic,lunch_only,2000.0,150.0,113.8,105.0,2001,209,104,83,0.1,39.3,-8.6,-21.0,single_meal_kcal_only,0.08,strict,1.0,264.75,4,,,True,62.6,6.0
v5,synth_2000_low_carbs,2000kcal / low carbs,synthetic,dinner_only,2000.0,150.0,113.8,105.0,1976,137,121,105,-1.2,-8.7,6.3,0.0,single_meal_kcal_only,0.08,strict,1.0,72.05,1,,,True,69.9,9.0
v5,synth_2000_low_carbs,2000kcal / low carbs,synthetic,lunch_snack,2000.0,150.0,113.8,105.0,1987,180,112,91,-0.7,20.0,-1.6,-13.3,strict_relaxed_tol,0.15000000000000002,strict,0.5,893.62,11,,,True,52.5,5.0
v5,synth_2000_extremely_low_carbs,2000kcal / extremely low carbs,synthetic,full_day,2000.0,165.1,56.2,123.8,2197,169,136,109,9.8,2.4,142.0,-12.0,best_effort_lp,BEST_EFFORT_LP,relaxed,1.0,1939.7,25,,,True,34.9,5.0
v5,synth_2000_extremely_low_carbs,2000kcal / extremely low carbs,synthetic,lunch_snack_dinner,2000.0,165.1,56.2,123.8,2126,196,87,110,6.3,18.7,54.8,-11.1,relaxed_culinary,0.15000000000000002,relaxed,mixed_quarter,1877.09,24,,,True,39.3,4.0
v5,synth_2000_extremely_low_carbs,2000kcal / extremely low carbs,synthetic,lunch_dinner,2000.0,165.1,56.2,123.8,2124,195,86,111,6.2,18.1,53.0,-10.3,strict_relaxed_tol,0.15000000000000002,strict,0.5,811.86,11,,,True,36.1,5.0
v5,synth_2000_extremely_low_carbs,2000kcal / extremely low carbs,synthetic,lunch_only,2000.0,165.1,56.2,123.8,1862,227,58,80,-6.9,37.5,3.2,-35.4,single_meal_kcal_only,0.08,strict,1.0,297.27,4,,,True,78.4,7.0
v5,synth_2000_extremely_low_carbs,2000kcal / extremely low carbs,synthetic,dinner_only,2000.0,165.1,56.2,123.8,2111,152,105,121,5.5,-7.9,86.8,-2.3,single_meal_kcal_only,0.08,strict,1.0,140.95,1,,,True,72.7,10.0
v5,synth_2000_extremely_low_carbs,2000kcal / extremely low carbs,synthetic,lunch_snack,2000.0,165.1,56.2,123.8,1503,166,68,63,-24.9,0.5,21.0,-49.1,best_effort_lp,BEST_EFFORT_LP,relaxed,1.0,1973.05,25,,,True,69.4,5.0
v5,synth_2000_high_carbs,2000kcal / high carbs,synthetic,full_day,2000.0,90.0,308.8,45.0,1339,81,136,52,-33.1,-10.0,-56.0,15.6,best_effort_lp,BEST_EFFORT_LP,relaxed,1.0,2172.85,25,,,True,15.6,2.0
v5,synth_2000_high_carbs,2000kcal / high carbs,synthetic,lunch_snack_dinner,2000.0,90.0,308.8,45.0,1292,94,113,51,-35.4,4.4,-63.4,13.3,best_effort_lp,BEST_EFFORT_LP,relaxed,1.0,2041.31,25,,,True,32.3,2.0
v5,synth_2000_high_carbs,2000kcal / high carbs,synthetic,lunch_dinner,2000.0,90.0,308.8,45.0,1164,92,96,46,-41.8,2.2,-68.9,2.2,best_effort_lp,BEST_EFFORT_LP,relaxed,1.0,2143.2,25,,,True,35.8,2.0
v5,synth_2000_high_carbs,2000kcal / high carbs,synthetic,lunch_only,2000.0,90.0,308.8,45.0,1863,203,99,73,-6.9,125.6,-67.9,62.2,single_meal_kcal_only,0.08,strict,1.0,304.83,4,,,True,67.2,6.0
v5,synth_2000_high_carbs,2000kcal / high carbs,synthetic,dinner_only,2000.0,90.0,308.8,45.0,1978,94,255,65,-1.1,4.4,-17.4,44.4,single_meal_kcal_only,0.08,strict,1.0,74.27,1,,,True,53.4,12.0
v5,synth_2000_high_carbs,2000kcal / high carbs,synthetic,lunch_snack,2000.0,90.0,308.8,45.0,1238,83,117,49,-38.1,-7.8,-62.1,8.9,best_effort_lp,BEST_EFFORT_LP,relaxed,1.0,1974.11,25,,,True,33.7,3.0
v5,synth_2000_extremely_high_carbs,2000kcal / extremely high carbs,synthetic,full_day,2000.0,67.5,373.4,26.2,1339,81,136,52,-33.1,20.0,-63.6,98.5,best_effort_lp,BEST_EFFORT_LP,relaxed,1.0,2148.65,25,,,True,15.6,2.0
v5,synth_2000_extremely_high_carbs,2000kcal / extremely high carbs,synthetic,lunch_snack_dinner,2000.0,67.5,373.4,26.2,1084,64,111,43,-45.8,-5.2,-70.3,64.1,best_effort_lp,BEST_EFFORT_LP,relaxed,1.0,2476.1,25,,,True,19.3,2.0
v5,synth_2000_extremely_high_carbs,2000kcal / extremely high carbs,synthetic,lunch_dinner,2000.0,67.5,373.4,26.2,956,61,94,37,-52.2,-9.6,-74.8,41.2,best_effort_lp,BEST_EFFORT_LP,relaxed,1.0,1912.86,25,,,True,21.8,2.0
v5,synth_2000_extremely_high_carbs,2000kcal / extremely high carbs,synthetic,lunch_only,2000.0,67.5,373.4,26.2,1863,203,99,73,-6.9,200.7,-73.5,178.6,single_meal_kcal_only,0.08,strict,1.0,294.36,4,,,True,67.2,6.0
v5,synth_2000_extremely_high_carbs,2000kcal / extremely high carbs,synthetic,dinner_only,2000.0,67.5,373.4,26.2,1978,94,255,65,-1.1,39.3,-31.7,148.1,single_meal_kcal_only,0.08,strict,1.0,311.06,4,,,True,53.4,12.0
v5,synth_2000_extremely_high_carbs,2000kcal / extremely high carbs,synthetic,lunch_snack,2000.0,67.5,373.4,26.2,913,75,80,32,-54.4,11.1,-78.6,22.1,best_effort_lp,BEST_EFFORT_LP,relaxed,1.0,1972.7,25,,,True,45.7,2.0
v5,synth_2500_balanced,2500kcal / balanced,synthetic,full_day,2500.0,136.0,297.8,85.0,2453,141,271,89,-1.9,3.7,-9.0,4.7,strict_tight,0.08,strict,1.0,85.14,1,,,True,20.8,5.0
v5,synth_2500_balanced,2500kcal / balanced,synthetic,lunch_snack_dinner,2500.0,136.0,297.8,85.0,2511,158,270,89,0.4,16.2,-9.3,4.7,strict_tight,0.08,strict,1.0,109.98,1,,,True,24.9,5.0
v5,synth_2500_balanced,2500kcal / balanced,synthetic,lunch_dinner,2500.0,136.0,297.8,85.0,2507,162,269,87,0.3,19.1,-9.7,2.4,strict_relaxed_tol,0.1,strict,mixed_quarter,515.19,6,,,True,30.7,8.75
v5,synth_2500_balanced,2500kcal / balanced,synthetic,lunch_only,2500.0,136.0,297.8,85.0,2349,266,107,95,-6.0,95.6,-64.1,11.8,single_meal_kcal_only,0.08,strict,1.0,355.45,4,,,True,71.1,8.0
v5,synth_2500_balanced,2500kcal / balanced,synthetic,dinner_only,2500.0,136.0,297.8,85.0,2461,124,297,86,-1.6,-8.8,-0.3,1.2,single_meal_kcal_only,0.08,strict,1.0,64.33,1,,,True,50.1,14.0
v5,synth_2500_balanced,2500kcal / balanced,synthetic,lunch_snack,2500.0,136.0,297.8,85.0,2212,158,197,88,-11.5,16.2,-33.8,3.5,best_effort_lp,BEST_EFFORT_LP,relaxed,1.0,1971.41,25,,,True,37.7,6.0
v5,synth_2500_low_protein,2500kcal / low protein,synthetic,full_day,2500.0,93.5,340.2,85.0,2574,125,308,94,3.0,33.7,-9.5,10.6,relaxed_culinary,0.09,relaxed,mixed_quarter,1945.52,21,,,True,34.8,7.0
v5,synth_2500_low_protein,2500kcal / low protein,synthetic,lunch_snack_dinner,2500.0,93.5,340.2,85.0,2610,124,310,97,4.4,32.6,-8.9,14.1,relaxed_culinary,0.09,relaxed,mixed_quarter,1723.9,21,,,True,34.3,7.0
v5,synth_2500_low_protein,2500kcal / low protein,synthetic,lunch_dinner,2500.0,93.5,340.2,85.0,2154,136,223,80,-13.8,45.5,-34.5,-5.9,best_effort_lp,BEST_EFFORT_LP,relaxed,1.0,2164.6,25,,,True,28.6,7.0
v5,synth_2500_low_protein,2500kcal / low protein,synthetic,lunch_only,2500.0,93.5,340.2,85.0,2349,266,107,95,-6.0,184.5,-68.5,11.8,single_meal_kcal_only,0.08,strict,1.0,263.65,4,,,True,71.1,8.0
v5,synth_2500_low_protein,2500kcal / low protein,synthetic,dinner_only,2500.0,93.5,340.2,85.0,2464,115,318,81,-1.4,23.0,-6.5,-4.7,single_meal_kcal_only,0.08,strict,1.0,87.93,1,,,True,53.5,15.0
v5,synth_2500_low_protein,2500kcal / low protein,synthetic,lunch_snack,2500.0,93.5,340.2,85.0,1876,125,178,74,-25.0,33.7,-47.7,-12.9,best_effort_lp,BEST_EFFORT_LP,relaxed,1.0,1902.06,25,,,True,34.1,5.0
v5,synth_2500_extremely_low_protein,2500kcal / extremely low protein,synthetic,full_day,2500.0,51.0,382.8,85.0,1850,91,204,74,-26.0,78.4,-46.7,-12.9,best_effort_lp,BEST_EFFORT_LP,relaxed,1.0,1893.07,25,,,True,34.6,5.0
v5,synth_2500_extremely_low_protein,2500kcal / extremely low protein,synthetic,lunch_snack_dinner,2500.0,51.0,382.8,85.0,1467,72,162,59,-41.3,41.2,-57.7,-30.6,best_effort_lp,BEST_EFFORT_LP,relaxed,1.0,1635.01,25,,,True,34.9,4.0
v5,synth_2500_extremely_low_protein,2500kcal / extremely low protein,synthetic,lunch_dinner,2500.0,51.0,382.8,85.0,956,61,94,37,-61.8,19.6,-75.4,-56.5,best_effort_lp,BEST_EFFORT_LP,relaxed,1.0,1858.16,25,,,True,21.8,2.0
v5,synth_2500_extremely_low_protein,2500kcal / extremely low protein,synthetic,lunch_only,2500.0,51.0,382.8,85.0,2349,266,107,95,-6.0,421.6,-72.0,11.8,single_meal_kcal_only,0.08,strict,1.0,260.87,4,,,True,71.1,8.0
v5,synth_2500_extremely_low_protein,2500kcal / extremely low protein,synthetic,dinner_only,2500.0,51.0,382.8,85.0,2464,115,318,81,-1.4,125.5,-16.9,-4.7,single_meal_kcal_only,0.08,strict,1.0,255.5,4,,,True,53.5,15.0
v5,synth_2500_extremely_low_protein,2500kcal / extremely low protein,synthetic,lunch_snack,2500.0,51.0,382.8,85.0,1238,83,117,49,-50.5,62.7,-69.4,-42.4,best_effort_lp,BEST_EFFORT_LP,relaxed,1.0,1801.56,25,,,True,33.7,3.0
v5,synth_2500_high_protein,2500kcal / high protein,synthetic,full_day,2500.0,170.0,263.8,85.0,2511,170,261,88,0.4,0.0,-1.1,3.5,strict_tight,0.08,strict,1.0,75.27,1,,,True,24.9,5.0
v5,synth_2500_high_protein,2500kcal / high protein,synthetic,lunch_snack_dinner,2500.0,170.0,263.8,85.0,2457,167,260,84,-1.7,-1.8,-1.4,-1.2,strict_tight,0.08,strict,1.0,109.2,1,,,True,25.5,7.0
v5,synth_2500_high_protein,2500kcal / high protein,synthetic,lunch_dinner,2500.0,170.0,263.8,85.0,2468,170,247,89,-1.3,0.0,-6.4,4.7,strict_tight,0.08,strict,1.0,77.68,1,,,True,25.4,7.0
v5,synth_2500_high_protein,2500kcal / high protein,synthetic,lunch_only,2500.0,170.0,263.8,85.0,2349,266,107,95,-6.0,56.5,-59.4,11.8,single_meal_kcal_only,0.08,strict,1.0,273.85,4,,,True,71.1,8.0
v5,synth_2500_high_protein,2500kcal / high protein,synthetic,dinner_only,2500.0,170.0,263.8,85.0,2592,148,259,107,3.7,-12.9,-1.8,25.9,single_meal_kcal_only,0.08,strict,1.0,68.14,1,,,True,53.3,12.0
v5,synth_2500_high_protein,2500kcal / high protein,synthetic,lunch_snack,2500.0,170.0,263.8,85.0,2283,183,195,86,-8.7,7.6,-26.1,1.2,best_effort_lp,BEST_EFFORT_LP,relaxed,1.0,1866.98,25,,,True,45.7,6.0
v5,synth_2500_extremely_high_protein,2500kcal / extremely high protein,synthetic,full_day,2500.0,221.0,212.8,85.0,2510,206,210,94,0.4,-6.8,-1.3,10.6,strict_tight,0.08,strict,1.0,85.76,1,,,True,33.3,5.0
v5,synth_2500_extremely_high_protein,2500kcal / extremely high protein,synthetic,lunch_snack_dinner,2500.0,221.0,212.8,85.0,2480,212,216,85,-0.8,-4.1,1.5,0.0,strict_tight,0.08,strict,0.5,238.5,2,,,True,42.1,6.0
v5,synth_2500_extremely_high_protein,2500kcal / extremely high protein,synthetic,lunch_dinner,2500.0,221.0,212.8,85.0,2554,220,206,95,2.2,-0.5,-3.2,11.8,strict_tight,0.08,strict,1.0,75.6,1,,,True,40.8,6.0
v5,synth_2500_extremely_high_protein,2500kcal / extremely high protein,synthetic,lunch_only,2500.0,221.0,212.8,85.0,2349,266,107,95,-6.0,20.4,-49.7,11.8,single_meal_kcal_only,0.08,strict,1.0,284.35,4,,,True,71.1,8.0
v5,synth_2500_extremely_high_protein,2500kcal / extremely high protein,synthetic,dinner_only,2500.0,221.0,212.8,85.0,2668,198,129,151,6.7,-10.4,-39.4,77.6,single_meal_kcal_only,0.08,strict,0.5,148.46,2,,,True,77.7,13.5
v5,synth_2500_extremely_high_protein,2500kcal / extremely high protein,synthetic,lunch_snack,2500.0,221.0,212.8,85.0,2572,241,182,98,2.9,9.0,-14.5,15.3,strict_relaxed_tol,0.09,strict,1.0,737.67,7,,,True,56.8,7.0
v5,synth_2500_low_fat,2500kcal / low fat,synthetic,full_day,2500.0,136.0,393.4,42.5,2069,133,220,73,-17.2,-2.2,-44.1,71.8,best_effort_lp,BEST_EFFORT_LP,relaxed,1.0,1850.13,25,,,True,21.3,5.0
v5,synth_2500_low_fat,2500kcal / low fat,synthetic,lunch_snack_dinner,2500.0,136.0,393.4,42.5,2144,133,236,74,-14.2,-2.2,-40.0,74.1,best_effort_lp,BEST_EFFORT_LP,relaxed,1.0,2163.86,25,,,True,28.7,7.0
v5,synth_2500_low_fat,2500kcal / low fat,synthetic,lunch_dinner,2500.0,136.0,393.4,42.5,2016,131,218,69,-19.4,-3.7,-44.6,62.4,best_effort_lp,BEST_EFFORT_LP,relaxed,1.0,2278.03,25,,,True,30.5,7.0
v5,synth_2500_low_fat,2500kcal / low fat,synthetic,lunch_only,2500.0,136.0,393.4,42.5,2350,288,102,88,-6.0,111.8,-74.1,107.1,single_meal_kcal_only,0.08,strict,1.0,284.78,4,,,True,79.9,9.0
v5,synth_2500_low_fat,2500kcal / low fat,synthetic,dinner_only,2500.0,136.0,393.4,42.5,2464,115,318,81,-1.4,-15.4,-19.2,90.6,single_meal_kcal_only,0.08,strict,1.0,76.55,1,,,True,53.5,15.0
v5,synth_2500_low_fat,2500kcal / low fat,synthetic,lunch_snack,2500.0,136.0,393.4,42.5,1435,139,107,50,-42.6,2.2,-72.8,17.6,best_effort_lp,BEST_EFFORT_LP,relaxed,1.0,1842.41,25,,,True,58.2,4.0
v5,synth_2500_extremely_low_fat,2500kcal / extremely low fat,synthetic,full_day,2500.0,136.0,441.2,21.2,1339,81,136,52,-46.4,-40.4,-69.2,145.3,best_effort_lp,BEST_EFFORT_LP,relaxed,1.0,1815.47,25,,,True,15.6,2.0
v5,synth_2500_extremely_low_fat,2500kcal / extremely low fat,synthetic,lunch_snack_dinner,2500.0,136.0,441.2,21.2,1084,64,111,43,-56.6,-52.9,-74.8,102.8,best_effort_lp,BEST_EFFORT_LP,relaxed,1.0,1736.84,25,,,True,19.3,2.0
v5,synth_2500_extremely_low_fat,2500kcal / extremely low fat,synthetic,lunch_dinner,2500.0,136.0,441.2,21.2,956,61,94,37,-61.8,-55.1,-78.7,74.5,best_effort_lp,BEST_EFFORT_LP,relaxed,1.0,1815.13,25,,,True,21.8,2.0
v5,synth_2500_extremely_low_fat,2500kcal / extremely low fat,synthetic,lunch_only,2500.0,136.0,441.2,21.2,2350,288,102,88,-6.0,111.8,-76.9,315.1,single_meal_kcal_only,0.08,strict,1.0,282.06,4,,,True,79.9,9.0
v5,synth_2500_extremely_low_fat,2500kcal / extremely low fat,synthetic,dinner_only,2500.0,136.0,441.2,21.2,2464,115,318,81,-1.4,-15.4,-27.9,282.1,single_meal_kcal_only,0.08,strict,1.0,69.33,1,,,True,53.5,15.0
v5,synth_2500_extremely_low_fat,2500kcal / extremely low fat,synthetic,lunch_snack,2500.0,136.0,441.2,21.2,600,42,56,23,-76.0,-69.1,-87.3,8.5,best_effort_lp,BEST_EFFORT_LP,relaxed,1.0,1795.28,25,,,True,34.8,1.0
v5,synth_2500_high_fat,2500kcal / high fat,synthetic,full_day,2500.0,136.0,183.0,136.0,2558,163,201,122,2.3,19.9,9.8,-10.3,strict_relaxed_tol,0.1,strict,mixed_quarter,556.15,6,,,True,25.0,5.0
v5,synth_2500_high_fat,2500kcal / high fat,synthetic,lunch_snack_dinner,2500.0,136.0,183.0,136.0,2567,164,202,123,2.7,20.6,10.4,-9.6,strict_relaxed_tol,0.1,strict,0.5,449.36,5,,,True,24.9,5.0
v5,synth_2500_high_fat,2500kcal / high fat,synthetic,lunch_dinner,2500.0,136.0,183.0,136.0,2047,136,186,84,-18.1,0.0,1.6,-38.2,best_effort_lp,BEST_EFFORT_LP,relaxed,1.0,1819.27,25,,,True,22.5,5.0
v5,synth_2500_high_fat,2500kcal / high fat,synthetic,lunch_only,2500.0,136.0,183.0,136.0,2418,269,109,101,-3.3,97.8,-40.4,-25.7,single_meal_kcal_only,0.08,strict,1.0,275.88,4,,,True,69.0,8.0
v5,synth_2500_high_fat,2500kcal / high fat,synthetic,dinner_only,2500.0,136.0,183.0,136.0,2378,147,185,117,-4.9,8.1,1.1,-14.0,single_meal_kcal_only,0.08,strict,1.0,71.13,1,,,True,58.1,9.0
v5,synth_2500_high_fat,2500kcal / high fat,synthetic,lunch_snack,2500.0,136.0,183.0,136.0,2154,158,182,88,-13.8,16.2,-0.5,-35.3,best_effort_lp,BEST_EFFORT_LP,relaxed,1.0,1802.28,25,,,True,38.8,5.0
v5,synth_2500_extremely_high_fat,2500kcal / extremely high fat,synthetic,full_day,2500.0,136.0,68.2,187.0,1649,126,114,77,-34.0,-7.4,67.2,-58.8,best_effort_lp,BEST_EFFORT_LP,relaxed,1.0,1777.54,25,,,True,25.3,2.0
v5,synth_2500_extremely_high_fat,2500kcal / extremely high fat,synthetic,lunch_snack_dinner,2500.0,136.0,68.2,187.0,1753,135,116,83,-29.9,-0.7,70.1,-55.6,best_effort_lp,BEST_EFFORT_LP,relaxed,1.0,1836.7,25,,,True,35.0,4.0
v5,synth_2500_extremely_high_fat,2500kcal / extremely high fat,synthetic,lunch_dinner,2500.0,136.0,68.2,187.0,1694,135,102,83,-32.2,-0.7,49.6,-55.6,best_effort_lp,BEST_EFFORT_LP,relaxed,1.0,1835.03,25,,,True,36.2,4.0
v5,synth_2500_extremely_high_fat,2500kcal / extremely high fat,synthetic,lunch_only,2500.0,136.0,68.2,187.0,2417,293,68,108,-3.3,115.4,-0.3,-42.2,single_meal_kcal_only,0.08,strict,1.0,262.35,4,,,True,77.7,9.0
v5,synth_2500_extremely_high_fat,2500kcal / extremely high fat,synthetic,dinner_only,2500.0,136.0,68.2,187.0,2356,158,147,127,-5.8,16.2,115.5,-32.1,single_meal_kcal_only,0.08,strict,1.0,67.93,1,,,True,65.2,10.0
v5,synth_2500_extremely_high_fat,2500kcal / extremely high fat,synthetic,lunch_snack,2500.0,136.0,68.2,187.0,1364,138,68,60,-45.4,1.5,-0.3,-67.9,best_effort_lp,BEST_EFFORT_LP,relaxed,1.0,1692.74,25,,,True,61.2,4.0
v5,synth_2500_low_carbs,2500kcal / low carbs,synthetic,full_day,2500.0,170.0,187.3,119.0,2496,166,189,120,-0.2,-2.4,0.9,0.8,strict_tight,0.08,strict,1.0,173.22,1,,,True,24.6,4.0
v5,synth_2500_low_carbs,2500kcal / low carbs,synthetic,lunch_snack_dinner,2500.0,170.0,187.3,119.0,2556,173,198,119,2.2,1.8,5.7,0.0,strict_tight,0.08,strict,1.0,117.33,1,,,True,24.5,4.0
v5,synth_2500_low_carbs,2500kcal / low carbs,synthetic,lunch_dinner,2500.0,170.0,187.3,119.0,2462,181,190,109,-1.5,6.5,1.4,-8.4,strict_tight,0.08,strict,1.0,79.53,1,,,True,25.4,6.0
v5,synth_2500_low_carbs,2500kcal / low carbs,synthetic,lunch_only,2500.0,170.0,187.3,119.0,2418,269,109,101,-3.3,58.2,-41.8,-15.1,single_meal_kcal_only,0.08,strict,1.0,275.44,4,,,True,69.0,8.0
v5,synth_2500_low_carbs,2500kcal / low carbs,synthetic,dinner_only,2500.0,170.0,187.3,119.0,2547,169,182,127,1.9,-0.6,-2.8,6.7,single_meal_kcal_only,0.08,strict,1.0,75.97,1,,,True,66.3,11.0
v5,synth_2500_low_carbs,2500kcal / low carbs,synthetic,lunch_snack,2500.0,170.0,187.3,119.0,2472,205,180,104,-1.1,20.6,-3.9,-12.6,strict_relaxed_tol,0.12,strict,0.5,757.75,11,,,True,46.4,5.5
v5,synth_2500_extremely_low_carbs,2500kcal / extremely low carbs,synthetic,full_day,2500.0,204.0,76.8,153.0,2646,241,110,138,5.8,18.1,43.2,-9.8,strict_relaxed_tol,0.12,strict,0.5,907.05,11,,,True,35.5,5.0
v5,synth_2500_extremely_low_carbs,2500kcal / extremely low carbs,synthetic,lunch_snack_dinner,2500.0,204.0,76.8,153.0,2632,234,111,140,5.3,14.7,44.5,-8.5,strict_relaxed_tol,0.09,strict,mixed_quarter,687.29,9,,,True,36.5,6.25
v5,synth_2500_extremely_low_carbs,2500kcal / extremely low carbs,synthetic,lunch_dinner,2500.0,204.0,76.8,153.0,2607,231,109,138,4.3,13.2,41.9,-9.8,strict_relaxed_tol,0.09,strict,0.5,696.78,8,,,True,35.3,6.0
v5,synth_2500_extremely_low_carbs,2500kcal / extremely low carbs,synthetic,lunch_only,2500.0,204.0,76.8,153.0,2313,266,87,100,-7.5,30.4,13.3,-34.6,single_meal_kcal_only,0.08,strict,1.0,272.76,4,,,True,72.2,8.0
v5,synth_2500_extremely_low_carbs,2500kcal / extremely low carbs,synthetic,dinner_only,2500.0,204.0,76.8,153.0,2575,183,129,147,3.0,-10.3,68.0,-3.9,single_meal_kcal_only,0.08,strict,1.0,74.33,1,,,True,71.6,12.0
v5,synth_2500_extremely_low_carbs,2500kcal / extremely low carbs,synthetic,lunch_snack,2500.0,204.0,76.8,153.0,1919,205,78,88,-23.2,0.5,1.6,-42.5,best_effort_lp,BEST_EFFORT_LP,relaxed,1.0,1776.54,25,,,True,65.2,6.0
v5,synth_2500_high_carbs,2500kcal / high carbs,synthetic,full_day,2500.0,102.0,408.2,51.0,1466,96,143,57,-41.4,-5.9,-65.0,11.8,best_effort_lp,BEST_EFFORT_LP,relaxed,1.0,1992.23,25,,,True,17.4,2.0
v5,synth_2500_high_carbs,2500kcal / high carbs,synthetic,lunch_snack_dinner,2500.0,102.0,408.2,51.0,1292,94,113,51,-48.3,-7.8,-72.3,0.0,best_effort_lp,BEST_EFFORT_LP,relaxed,1.0,1985.54,25,,,True,32.3,2.0
v5,synth_2500_high_carbs,2500kcal / high carbs,synthetic,lunch_dinner,2500.0,102.0,408.2,51.0,1687,114,178,58,-32.5,11.8,-56.4,13.7,best_effort_lp,BEST_EFFORT_LP,relaxed,1.0,2014.58,25,,,True,26.1,5.0
v5,synth_2500_high_carbs,2500kcal / high carbs,synthetic,lunch_only,2500.0,102.0,408.2,51.0,2349,266,107,95,-6.0,160.8,-73.8,86.3,single_meal_kcal_only,0.08,strict,1.0,330.41,4,,,True,71.1,8.0
v5,synth_2500_high_carbs,2500kcal / high carbs,synthetic,dinner_only,2500.0,102.0,408.2,51.0,2395,112,316,76,-4.2,9.8,-22.6,49.0,single_meal_kcal_only,0.08,strict,1.0,72.44,1,,,True,55.1,15.0
v5,synth_2500_high_carbs,2500kcal / high carbs,synthetic,lunch_snack,2500.0,102.0,408.2,51.0,1482,114,139,52,-40.7,11.8,-65.9,2.0,best_effort_lp,BEST_EFFORT_LP,relaxed,1.0,2097.81,25,,,True,42.2,3.0
v5,synth_2500_extremely_high_carbs,2500kcal / extremely high carbs,synthetic,full_day,2500.0,76.5,481.6,29.7,1339,81,136,52,-46.4,5.9,-71.8,75.1,best_effort_lp,BEST_EFFORT_LP,relaxed,1.0,2113.52,25,,,True,15.6,2.0
v5,synth_2500_extremely_high_carbs,2500kcal / extremely high carbs,synthetic,lunch_snack_dinner,2500.0,76.5,481.6,29.7,1084,64,111,43,-56.6,-16.3,-77.0,44.8,best_effort_lp,BEST_EFFORT_LP,relaxed,1.0,2072.5,25,,,True,19.3,2.0
v5,synth_2500_extremely_high_carbs,2500kcal / extremely high carbs,synthetic,lunch_dinner,2500.0,76.5,481.6,29.7,956,61,94,37,-61.8,-20.3,-80.5,24.6,best_effort_lp,BEST_EFFORT_LP,relaxed,1.0,2075.05,25,,,True,21.8,2.0
v5,synth_2500_extremely_high_carbs,2500kcal / extremely high carbs,synthetic,lunch_only,2500.0,76.5,481.6,29.7,2349,266,107,95,-6.0,247.7,-77.8,219.9,single_meal_kcal_only,0.08,strict,1.0,299.04,4,,,True,71.1,8.0
v5,synth_2500_extremely_high_carbs,2500kcal / extremely high carbs,synthetic,dinner_only,2500.0,76.5,481.6,29.7,2395,112,316,76,-4.2,46.4,-34.4,155.9,single_meal_kcal_only,0.08,strict,1.0,294.05,4,,,True,55.1,15.0
v5,synth_2500_extremely_high_carbs,2500kcal / extremely high carbs,synthetic,lunch_snack,2500.0,76.5,481.6,29.7,913,75,80,32,-63.5,-2.0,-83.4,7.7,best_effort_lp,BEST_EFFORT_LP,relaxed,1.0,1999.56,25,,,True,45.7,2.0
v5,synth_3000_balanced,3000kcal / balanced,synthetic,full_day,3000.0,152.0,384.2,95.0,3011,175,347,103,0.4,15.1,-9.7,8.4,strict_tight,0.08,strict,0.5,199.25,2,,,True,21.9,7.5
v5,synth_3000_balanced,3000kcal / balanced,synthetic,lunch_snack_dinner,3000.0,152.0,384.2,95.0,3072,178,352,106,2.4,17.1,-8.4,11.6,strict_tight,0.08,strict,0.5,192.16,2,,,True,25.0,7.5
v5,synth_3000_balanced,3000kcal / balanced,synthetic,lunch_dinner,3000.0,152.0,384.2,95.0,2816,186,305,95,-6.1,22.4,-20.6,0.0,best_effort_lp,BEST_EFFORT_LP,relaxed,1.0,2127.6,25,,,True,31.2,10.0
v5,synth_3000_balanced,3000kcal / balanced,synthetic,lunch_only,3000.0,152.0,384.2,95.0,2766,327,111,113,-7.8,115.1,-71.1,18.9,single_meal_kcal_only,0.08,strict,1.0,261.49,4,,,True,75.4,10.0
v5,synth_3000_balanced,3000kcal / balanced,synthetic,dinner_only,3000.0,152.0,384.2,95.0,2966,145,376,98,-1.1,-4.6,-2.1,3.2,single_meal_kcal_only,0.08,strict,1.0,73.68,1,,,True,53.4,18.0
v5,synth_3000_balanced,3000kcal / balanced,synthetic,lunch_snack,3000.0,152.0,384.2,95.0,2281,161,199,93,-24.0,5.9,-48.2,-2.1,best_effort_lp,BEST_EFFORT_LP,relaxed,1.0,2090.01,25,,,True,36.6,6.0
v5,synth_3000_low_protein,3000kcal / low protein,synthetic,full_day,3000.0,104.5,431.8,95.0,2219,109,242,91,-26.0,4.3,-44.0,-4.2,best_effort_lp,BEST_EFFORT_LP,relaxed,1.0,2058.43,25,,,True,34.6,6.0
v5,synth_3000_low_protein,3000kcal / low protein,synthetic,lunch_snack_dinner,3000.0,104.5,431.8,95.0,2582,132,298,96,-13.9,26.3,-31.0,1.1,best_effort_lp,BEST_EFFORT_LP,relaxed,1.0,2001.79,25,,,True,34.7,7.0
v5,synth_3000_low_protein,3000kcal / low protein,synthetic,lunch_dinner,3000.0,104.5,431.8,95.0,2154,136,223,80,-28.2,30.1,-48.4,-15.8,best_effort_lp,BEST_EFFORT_LP,relaxed,1.0,1889.57,25,,,True,28.6,7.0
v5,synth_3000_low_protein,3000kcal / low protein,synthetic,lunch_only,3000.0,104.5,431.8,95.0,2766,327,111,113,-7.8,212.9,-74.3,18.9,single_meal_kcal_only,0.08,strict,1.0,385.11,4,,,True,75.4,10.0
v5,synth_3000_low_protein,3000kcal / low protein,synthetic,dinner_only,3000.0,104.5,431.8,95.0,2794,132,358,93,-6.9,26.3,-17.1,-2.1,single_meal_kcal_only,0.08,strict,1.0,69.98,1,,,True,53.5,17.0
v5,synth_3000_low_protein,3000kcal / low protein,synthetic,lunch_snack,3000.0,104.5,431.8,95.0,1876,125,178,74,-37.5,19.6,-58.8,-22.1,best_effort_lp,BEST_EFFORT_LP,relaxed,1.0,1958.86,25,,,True,34.1,5.0
v5,synth_3000_extremely_low_protein,3000kcal / extremely low protein,synthetic,full_day,3000.0,57.0,479.2,95.0,1850,91,204,74,-38.3,59.6,-57.4,-22.1,best_effort_lp,BEST_EFFORT_LP,relaxed,1.0,2035.83,25,,,True,34.6,5.0
v5,synth_3000_extremely_low_protein,3000kcal / extremely low protein,synthetic,lunch_snack_dinner,3000.0,57.0,479.2,95.0,1467,72,162,59,-51.1,26.3,-66.2,-37.9,best_effort_lp,BEST_EFFORT_LP,relaxed,1.0,1992.74,25,,,True,34.9,4.0
v5,synth_3000_extremely_low_protein,3000kcal / extremely low protein,synthetic,lunch_dinner,3000.0,57.0,479.2,95.0,956,61,94,37,-68.1,7.0,-80.4,-61.1,best_effort_lp,BEST_EFFORT_LP,relaxed,1.0,1997.18,25,,,True,21.8,2.0
v5,synth_3000_extremely_low_protein,3000kcal / extremely low protein,synthetic,lunch_only,3000.0,57.0,479.2,95.0,2766,327,111,113,-7.8,473.7,-76.8,18.9,single_meal_kcal_only,0.08,strict,1.0,278.97,4,,,True,75.4,10.0
v5,synth_3000_extremely_low_protein,3000kcal / extremely low protein,synthetic,dinner_only,3000.0,57.0,479.2,95.0,2794,132,358,93,-6.9,131.6,-25.3,-2.1,single_meal_kcal_only,0.08,strict,1.0,287.4,4,,,True,53.5,17.0
v5,synth_3000_extremely_low_protein,3000kcal / extremely low protein,synthetic,lunch_snack,3000.0,57.0,479.2,95.0,1238,83,117,49,-58.7,45.6,-75.6,-48.4,best_effort_lp,BEST_EFFORT_LP,relaxed,1.0,1745.16,25,,,True,33.7,3.0
v5,synth_3000_high_protein,3000kcal / high protein,synthetic,full_day,3000.0,190.0,346.2,95.0,2968,189,319,104,-1.1,-0.5,-7.9,9.5,strict_tight,0.08,strict,1.0,102.22,1,,,True,21.1,7.0
v5,synth_3000_high_protein,3000kcal / high protein,synthetic,lunch_snack_dinner,3000.0,190.0,346.2,95.0,3013,191,324,106,0.4,0.5,-6.4,11.6,strict_tight,0.08,strict,1.0,100.51,1,,,True,29.2,10.0
v5,synth_3000_high_protein,3000kcal / high protein,synthetic,lunch_dinner,3000.0,190.0,346.2,95.0,3008,207,319,100,0.3,8.9,-7.9,5.3,strict_tight,0.08,strict,0.5,163.74,2,,,True,32.2,11.0
v5,synth_3000_high_protein,3000kcal / high protein,synthetic,lunch_only,3000.0,190.0,346.2,95.0,2766,327,111,113,-7.8,72.1,-67.9,18.9,single_meal_kcal_only,0.08,strict,1.0,258.63,4,,,True,75.4,10.0
v5,synth_3000_high_protein,3000kcal / high protein,synthetic,dinner_only,3000.0,190.0,346.2,95.0,3097,169,339,119,3.2,-11.1,-2.1,25.3,single_meal_kcal_only,0.08,strict,1.0,111.67,1,,,True,49.6,16.0
v5,synth_3000_high_protein,3000kcal / high protein,synthetic,lunch_snack,3000.0,190.0,346.2,95.0,2421,188,199,97,-19.3,-1.1,-42.5,2.1,best_effort_lp,BEST_EFFORT_LP,relaxed,1.0,1993.99,25,,,True,43.1,6.0
v5,synth_3000_extremely_high_protein,3000kcal / extremely high protein,synthetic,full_day,3000.0,247.0,289.2,95.0,3015,229,286,106,0.5,-7.3,-1.1,11.6,strict_tight,0.08,strict,1.0,107.54,1,,,True,27.7,7.0
v5,synth_3000_extremely_high_protein,3000kcal / extremely high protein,synthetic,lunch_snack_dinner,3000.0,247.0,289.2,95.0,3002,230,282,106,0.1,-6.9,-2.5,11.6,strict_tight,0.08,strict,1.0,97.1,1,,,True,34.7,7.0
v5,synth_3000_extremely_high_protein,3000kcal / extremely high protein,synthetic,lunch_dinner,3000.0,247.0,289.2,95.0,3076,242,288,106,2.5,-2.0,-0.4,11.6,strict_tight,0.08,strict,1.0,79.73,1,,,True,33.9,9.0
v5,synth_3000_extremely_high_protein,3000kcal / extremely high protein,synthetic,lunch_only,3000.0,247.0,289.2,95.0,2766,327,111,113,-7.8,32.4,-61.6,18.9,single_meal_kcal_only,0.08,strict,1.0,269.83,4,,,True,75.4,10.0
v5,synth_3000_extremely_high_protein,3000kcal / extremely high protein,synthetic,dinner_only,3000.0,247.0,289.2,95.0,3161,224,186,169,5.4,-9.3,-35.7,77.9,single_meal_kcal_only,0.08,strict,1.0,69.71,1,,,True,72.8,15.0
v5,synth_3000_extremely_high_protein,3000kcal / extremely high protein,synthetic,lunch_snack,3000.0,247.0,289.2,95.0,2956,248,234,114,-1.5,0.4,-19.1,20.0,best_effort_lp,BEST_EFFORT_LP,relaxed,1.0,1699.67,25,,,True,49.4,8.0
v5,synth_3000_low_fat,3000kcal / low fat,synthetic,full_day,3000.0,152.0,491.1,47.5,2197,148,227,77,-26.8,-2.6,-53.8,62.1,best_effort_lp,BEST_EFFORT_LP,relaxed,1.0,1831.47,25,,,True,20.0,5.0
v5,synth_3000_low_fat,3000kcal / low fat,synthetic,lunch_snack_dinner,3000.0,152.0,491.1,47.5,2128,150,219,72,-29.1,-1.3,-55.4,51.6,best_effort_lp,BEST_EFFORT_LP,relaxed,1.0,1755.71,25,,,True,29.4,5.0
v5,synth_3000_low_fat,3000kcal / low fat,synthetic,lunch_dinner,3000.0,152.0,491.1,47.5,2000,147,202,67,-33.3,-3.3,-58.9,41.1,best_effort_lp,BEST_EFFORT_LP,relaxed,1.0,1805.95,25,,,True,31.3,5.0
v5,synth_3000_low_fat,3000kcal / low fat,synthetic,lunch_only,3000.0,152.0,491.1,47.5,2768,349,107,105,-7.7,129.6,-78.2,121.1,single_meal_kcal_only,0.08,strict,1.0,282.29,4,,,True,82.9,11.0
v5,synth_3000_low_fat,3000kcal / low fat,synthetic,dinner_only,3000.0,152.0,491.1,47.5,3142,148,416,99,4.7,-2.6,-15.3,108.4,single_meal_kcal_only,0.08,strict,1.0,68.06,1,,,True,56.0,20.0
v5,synth_3000_low_fat,3000kcal / low fat,synthetic,lunch_snack,3000.0,152.0,491.1,47.5,1435,139,107,50,-52.2,-8.6,-78.2,5.3,best_effort_lp,BEST_EFFORT_LP,relaxed,1.0,1862.42,25,,,True,58.2,4.0
v5,synth_3000_extremely_low_fat,3000kcal / extremely low fat,synthetic,full_day,3000.0,152.0,544.6,23.8,1339,81,136,52,-55.4,-46.7,-75.0,118.5,best_effort_lp,BEST_EFFORT_LP,relaxed,1.0,2101.82,25,,,True,15.6,2.0
v5,synth_3000_extremely_low_fat,3000kcal / extremely low fat,synthetic,lunch_snack_dinner,3000.0,152.0,544.6,23.8,1084,64,111,43,-63.9,-57.9,-79.6,80.7,best_effort_lp,BEST_EFFORT_LP,relaxed,1.0,1875.74,25,,,True,19.3,2.0
v5,synth_3000_extremely_low_fat,3000kcal / extremely low fat,synthetic,lunch_dinner,3000.0,152.0,544.6,23.8,956,61,94,37,-68.1,-59.9,-82.7,55.5,best_effort_lp,BEST_EFFORT_LP,relaxed,1.0,1779.74,25,,,True,21.8,2.0
v5,synth_3000_extremely_low_fat,3000kcal / extremely low fat,synthetic,lunch_only,3000.0,152.0,544.6,23.8,2768,349,107,105,-7.7,129.6,-80.4,341.2,single_meal_kcal_only,0.08,strict,1.0,272.7,4,,,True,82.9,11.0
v5,synth_3000_extremely_low_fat,3000kcal / extremely low fat,synthetic,dinner_only,3000.0,152.0,544.6,23.8,2794,132,358,93,-6.9,-13.2,-34.3,290.8,single_meal_kcal_only,0.08,strict,1.0,69.38,1,,,True,53.5,17.0
v5,synth_3000_extremely_low_fat,3000kcal / extremely low fat,synthetic,lunch_snack,3000.0,152.0,544.6,23.8,600,42,56,23,-80.0,-72.4,-89.7,-3.4,best_effort_lp,BEST_EFFORT_LP,relaxed,1.0,1834.41,25,,,True,34.8,1.0
v5,synth_3000_high_fat,3000kcal / high fat,synthetic,full_day,3000.0,152.0,256.0,152.0,3069,179,280,137,2.3,17.8,9.4,-9.9,strict_tight,0.08,strict,mixed_quarter,324.0,3,,,True,25.0,6.0
v5,synth_3000_high_fat,3000kcal / high fat,synthetic,lunch_snack_dinner,3000.0,152.0,256.0,152.0,2988,185,254,137,-0.4,21.7,-0.8,-9.9,strict_relaxed_tol,0.1,strict,0.5,411.95,5,,,True,23.5,5.5
v5,synth_3000_high_fat,3000kcal / high fat,synthetic,lunch_dinner,3000.0,152.0,256.0,152.0,2606,176,252,99,-13.1,15.8,-1.6,-34.9,best_effort_lp,BEST_EFFORT_LP,relaxed,1.0,1752.3,25,,,True,24.0,7.0
v5,synth_3000_high_fat,3000kcal / high fat,synthetic,lunch_only,3000.0,152.0,256.0,152.0,2835,330,114,118,-5.5,117.1,-55.5,-22.4,single_meal_kcal_only,0.08,strict,1.0,268.79,4,,,True,73.6,10.0
v5,synth_3000_high_fat,3000kcal / high fat,synthetic,dinner_only,3000.0,152.0,256.0,152.0,2884,168,265,128,-3.9,10.5,3.5,-15.8,single_meal_kcal_only,0.08,strict,1.0,69.67,1,,,True,53.2,12.0
v5,synth_3000_high_fat,3000kcal / high fat,synthetic,lunch_snack,3000.0,152.0,256.0,152.0,2687,197,221,113,-10.4,29.6,-13.7,-25.7,best_effort_lp,BEST_EFFORT_LP,relaxed,1.0,1806.69,25,,,True,38.8,7.0
v5,synth_3000_extremely_high_fat,3000kcal / extremely high fat,synthetic,full_day,3000.0,152.0,127.7,209.0,1975,152,133,93,-34.2,0.0,4.2,-55.5,best_effort_lp,BEST_EFFORT_LP,relaxed,1.0,2087.17,25,,,True,31.1,4.0
v5,synth_3000_extremely_high_fat,3000kcal / extremely high fat,synthetic,lunch_snack_dinner,3000.0,152.0,127.7,209.0,2045,155,122,104,-31.8,2.0,-4.5,-50.2,best_effort_lp,BEST_EFFORT_LP,relaxed,1.0,2120.08,25,,,True,37.5,5.0
v5,synth_3000_extremely_high_fat,3000kcal / extremely high fat,synthetic,lunch_dinner,3000.0,152.0,127.7,209.0,2021,155,127,99,-32.6,2.0,-0.5,-52.6,best_effort_lp,BEST_EFFORT_LP,relaxed,1.0,1906.73,25,,,True,38.0,5.0
v5,synth_3000_extremely_high_fat,3000kcal / extremely high fat,synthetic,lunch_only,3000.0,152.0,127.7,209.0,2835,330,114,118,-5.5,117.1,-10.7,-43.5,single_meal_kcal_only,0.08,strict,1.0,232.13,4,,,True,73.6,10.0
v5,synth_3000_extremely_high_fat,3000kcal / extremely high fat,synthetic,dinner_only,3000.0,152.0,127.7,209.0,2773,176,207,138,-7.6,15.8,62.1,-34.0,single_meal_kcal_only,0.08,strict,1.0,59.8,1,,,True,60.9,11.0
v5,synth_3000_extremely_high_fat,3000kcal / extremely high fat,synthetic,lunch_snack,3000.0,152.0,127.7,209.0,1793,150,126,77,-40.2,-1.3,-1.3,-63.2,best_effort_lp,BEST_EFFORT_LP,relaxed,1.0,1646.73,25,,,True,46.5,4.0
v5,synth_3000_low_carbs,3000kcal / low carbs,synthetic,full_day,3000.0,190.0,260.8,133.0,2978,188,262,131,-0.7,-1.1,0.5,-1.5,strict_tight,0.08,strict,1.0,122.64,1,,,True,21.5,5.0
v5,synth_3000_low_carbs,3000kcal / low carbs,synthetic,lunch_snack_dinner,3000.0,190.0,260.8,133.0,2990,193,260,131,-0.3,1.6,-0.3,-1.5,strict_tight,0.08,strict,1.0,94.59,1,,,True,20.9,5.0
v5,synth_3000_low_carbs,3000kcal / low carbs,synthetic,lunch_dinner,3000.0,190.0,260.8,133.0,2913,203,254,121,-2.9,6.8,-2.6,-9.0,strict_tight,0.08,strict,1.0,69.84,1,,,True,26.4,7.0
v5,synth_3000_low_carbs,3000kcal / low carbs,synthetic,lunch_only,3000.0,190.0,260.8,133.0,2835,330,114,118,-5.5,73.7,-56.3,-11.3,single_meal_kcal_only,0.08,strict,1.0,250.64,4,,,True,73.6,10.0
v5,synth_3000_low_carbs,3000kcal / low carbs,synthetic,dinner_only,3000.0,190.0,260.8,133.0,3053,189,262,139,1.8,-0.5,0.5,4.5,single_meal_kcal_only,0.08,strict,1.0,66.78,1,,,True,60.4,12.0
v5,synth_3000_low_carbs,3000kcal / low carbs,synthetic,lunch_snack,3000.0,190.0,260.8,133.0,2855,213,231,120,-4.8,12.1,-11.4,-9.8,relaxed_culinary,0.1,relaxed,0.5,1153.29,17,,,True,40.2,7.5
v5,synth_3000_extremely_low_carbs,3000kcal / extremely low carbs,synthetic,full_day,3000.0,228.0,137.2,171.0,2937,250,137,154,-2.1,9.6,-0.1,-9.9,strict_tight,0.08,strict,0.5,203.38,2,,,True,34.0,6.5
v5,synth_3000_extremely_low_carbs,3000kcal / extremely low carbs,synthetic,lunch_snack_dinner,3000.0,228.0,137.2,171.0,3064,253,155,159,2.1,11.0,13.0,-7.0,strict_tight,0.08,strict,1.0,101.02,1,,,True,35.1,7.0
v5,synth_3000_extremely_low_carbs,3000kcal / extremely low carbs,synthetic,lunch_dinner,3000.0,228.0,137.2,171.0,3024,252,158,154,0.8,10.5,15.2,-9.9,strict_tight,0.08,strict,1.0,70.94,1,,,True,35.5,7.0
v5,synth_3000_extremely_low_carbs,3000kcal / extremely low carbs,synthetic,lunch_only,3000.0,228.0,137.2,171.0,2835,330,114,118,-5.5,44.7,-16.9,-31.0,single_meal_kcal_only,0.08,strict,1.0,240.9,4,,,True,73.6,10.0
v5,synth_3000_extremely_low_carbs,3000kcal / extremely low carbs,synthetic,dinner_only,3000.0,228.0,137.2,171.0,2985,220,147,169,-0.5,-3.5,7.1,-1.2,single_meal_kcal_only,0.08,strict,1.0,67.74,1,,,True,77.1,15.0
v5,synth_3000_extremely_low_carbs,3000kcal / extremely low carbs,synthetic,lunch_snack,3000.0,228.0,137.2,171.0,2511,243,131,113,-16.3,6.6,-4.5,-33.9,best_effort_lp,BEST_EFFORT_LP,relaxed,1.0,1857.36,25,,,True,58.2,7.0
v5,synth_3000_high_carbs,3000kcal / high carbs,synthetic,full_day,3000.0,114.0,507.8,57.0,1547,111,138,61,-48.4,-2.6,-72.8,7.0,best_effort_lp,BEST_EFFORT_LP,relaxed,1.0,2269.75,25,,,True,27.0,2.0
v5,synth_3000_high_carbs,3000kcal / high carbs,synthetic,lunch_snack_dinner,3000.0,114.0,507.8,57.0,1815,116,195,63,-39.5,1.8,-61.6,10.5,best_effort_lp,BEST_EFFORT_LP,relaxed,1.0,2254.53,25,,,True,24.2,5.0
v5,synth_3000_high_carbs,3000kcal / high carbs,synthetic,lunch_dinner,3000.0,114.0,507.8,57.0,1687,114,178,58,-43.8,0.0,-64.9,1.8,best_effort_lp,BEST_EFFORT_LP,relaxed,1.0,2048.38,25,,,True,26.1,5.0
v5,synth_3000_high_carbs,3000kcal / high carbs,synthetic,lunch_only,3000.0,114.0,507.8,57.0,2766,327,111,113,-7.8,186.8,-78.1,98.2,single_meal_kcal_only,0.08,strict,1.0,290.53,4,,,True,75.4,10.0
v5,synth_3000_high_carbs,3000kcal / high carbs,synthetic,dinner_only,3000.0,114.0,507.8,57.0,2794,132,358,93,-6.9,15.8,-29.5,63.2,single_meal_kcal_only,0.08,strict,1.0,73.5,1,,,True,53.5,17.0
v5,synth_3000_high_carbs,3000kcal / high carbs,synthetic,lunch_snack,3000.0,114.0,507.8,57.0,1610,117,156,58,-46.3,2.6,-69.3,1.8,best_effort_lp,BEST_EFFORT_LP,relaxed,1.0,1985.0,25,,,True,38.9,4.0
v5,synth_3000_extremely_high_carbs,3000kcal / extremely high carbs,synthetic,full_day,3000.0,85.5,589.7,33.2,1339,81,136,52,-55.4,-5.3,-76.9,56.6,best_effort_lp,BEST_EFFORT_LP,relaxed,1.0,2274.22,25,,,True,15.6,2.0
v5,synth_3000_extremely_high_carbs,3000kcal / extremely high carbs,synthetic,lunch_snack_dinner,3000.0,85.5,589.7,33.2,1084,64,111,43,-63.9,-25.1,-81.2,29.5,best_effort_lp,BEST_EFFORT_LP,relaxed,1.0,2737.73,25,,,True,19.3,2.0
v5,synth_3000_extremely_high_carbs,3000kcal / extremely high carbs,synthetic,lunch_dinner,3000.0,85.5,589.7,33.2,956,61,94,37,-68.1,-28.7,-84.1,11.4,best_effort_lp,BEST_EFFORT_LP,relaxed,1.0,2260.71,25,,,True,21.8,2.0
v5,synth_3000_extremely_high_carbs,3000kcal / extremely high carbs,synthetic,lunch_only,3000.0,85.5,589.7,33.2,2766,327,111,113,-7.8,282.5,-81.2,240.4,single_meal_kcal_only,0.08,strict,1.0,252.86,4,,,True,75.4,10.0
v5,synth_3000_extremely_high_carbs,3000kcal / extremely high carbs,synthetic,dinner_only,3000.0,85.5,589.7,33.2,2794,132,358,93,-6.9,54.4,-39.3,180.1,single_meal_kcal_only,0.08,strict,1.0,268.19,4,,,True,53.5,17.0
v5,synth_3000_extremely_high_carbs,3000kcal / extremely high carbs,synthetic,lunch_snack,3000.0,85.5,589.7,33.2,913,75,80,32,-69.6,-12.3,-86.4,-3.6,best_effort_lp,BEST_EFFORT_LP,relaxed,1.0,1888.55,25,,,True,45.7,2.0
v5,synth_3500_balanced,3500kcal / balanced,synthetic,full_day,3500.0,176.0,451.5,110.0,3588,205,414,124,2.5,16.5,-8.3,12.7,strict_tight,0.08,strict,0.5,212.96,2,,,True,24.9,8.5
v5,synth_3500_balanced,3500kcal / balanced,synthetic,lunch_snack_dinner,3500.0,176.0,451.5,110.0,3535,199,408,123,1.0,13.1,-9.6,11.8,strict_tight,0.08,strict,0.5,155.49,2,,,True,24.9,10.0
v5,synth_3500_balanced,3500kcal / balanced,synthetic,lunch_dinner,3500.0,176.0,451.5,110.0,3215,206,348,111,-8.1,17.0,-22.9,0.9,best_effort_lp,BEST_EFFORT_LP,relaxed,1.0,1835.75,25,,,True,32.8,12.0
v5,synth_3500_balanced,3500kcal / balanced,synthetic,lunch_only,3500.0,176.0,451.5,110.0,3253,391,118,135,-7.1,122.2,-73.9,22.7,single_meal_kcal_only,0.08,strict,1.0,289.27,4,,,True,77.0,12.0
v5,synth_3500_balanced,3500kcal / balanced,synthetic,dinner_only,3500.0,176.0,451.5,110.0,3472,165,456,110,-0.8,-6.2,1.0,0.0,single_meal_kcal_only,0.08,strict,1.0,149.14,1,,,True,55.8,22.0
v5,synth_3500_balanced,3500kcal / balanced,synthetic,lunch_snack,3500.0,176.0,451.5,110.0,2618,194,219,108,-25.2,10.2,-51.5,-1.8,best_effort_lp,BEST_EFFORT_LP,relaxed,1.0,1897.65,25,,,True,39.8,7.0
v5,synth_3500_low_protein,3500kcal / low protein,synthetic,full_day,3500.0,121.0,506.5,110.0,2964,151,339,111,-15.3,24.8,-33.1,0.9,best_effort_lp,BEST_EFFORT_LP,relaxed,1.0,2027.75,25,,,True,34.5,8.0
v5,synth_3500_low_protein,3500kcal / low protein,synthetic,lunch_snack_dinner,3500.0,121.0,506.5,110.0,3039,151,355,113,-13.2,24.8,-29.9,2.7,best_effort_lp,BEST_EFFORT_LP,relaxed,1.0,1809.92,25,,,True,33.7,8.0
v5,synth_3500_low_protein,3500kcal / low protein,synthetic,lunch_dinner,3500.0,121.0,506.5,110.0,3023,195,312,111,-13.6,61.2,-38.4,0.9,best_effort_lp,BEST_EFFORT_LP,relaxed,1.0,1934.78,25,,,True,29.1,10.0
v5,synth_3500_low_protein,3500kcal / low protein,synthetic,lunch_only,3500.0,121.0,506.5,110.0,3253,391,118,135,-7.1,223.1,-76.7,22.7,single_meal_kcal_only,0.08,strict,1.0,277.12,4,,,True,77.0,12.0
v5,synth_3500_low_protein,3500kcal / low protein,synthetic,dinner_only,3500.0,121.0,506.5,110.0,3236,153,411,109,-7.5,26.4,-18.9,-0.9,single_meal_kcal_only,0.08,strict,0.5,134.29,2,,,True,53.0,19.5
v5,synth_3500_low_protein,3500kcal / low protein,synthetic,lunch_snack,3500.0,121.0,506.5,110.0,1876,125,178,74,-46.4,3.3,-64.9,-32.7,best_effort_lp,BEST_EFFORT_LP,relaxed,1.0,2033.07,25,,,True,34.1,5.0
v5,synth_3500_extremely_low_protein,3500kcal / extremely low protein,synthetic,full_day,3500.0,66.0,561.5,110.0,1850,91,204,74,-47.1,37.9,-63.7,-32.7,best_effort_lp,BEST_EFFORT_LP,relaxed,1.0,1693.03,25,,,True,34.6,5.0
v5,synth_3500_extremely_low_protein,3500kcal / extremely low protein,synthetic,lunch_snack_dinner,3500.0,66.0,561.5,110.0,1467,72,162,59,-58.1,9.1,-71.1,-46.4,best_effort_lp,BEST_EFFORT_LP,relaxed,1.0,1972.92,25,,,True,34.9,4.0
v5,synth_3500_extremely_low_protein,3500kcal / extremely low protein,synthetic,lunch_dinner,3500.0,66.0,561.5,110.0,1197,77,115,48,-65.8,16.7,-79.5,-56.4,best_effort_lp,BEST_EFFORT_LP,relaxed,1.0,1841.96,25,,,True,25.6,3.0
v5,synth_3500_extremely_low_protein,3500kcal / extremely low protein,synthetic,lunch_only,3500.0,66.0,561.5,110.0,3253,391,118,135,-7.1,492.4,-79.0,22.7,single_meal_kcal_only,0.08,strict,1.0,261.8,4,,,True,77.0,12.0
v5,synth_3500_extremely_low_protein,3500kcal / extremely low protein,synthetic,dinner_only,3500.0,66.0,561.5,110.0,3280,154,421,109,-6.3,133.3,-25.0,-0.9,single_meal_kcal_only,0.08,strict,1.0,408.21,4,,,True,53.6,20.0
v5,synth_3500_extremely_low_protein,3500kcal / extremely low protein,synthetic,lunch_snack,3500.0,66.0,561.5,110.0,1238,83,117,49,-64.6,25.8,-79.2,-55.5,best_effort_lp,BEST_EFFORT_LP,relaxed,1.0,1809.78,25,,,True,33.7,3.0
v5,synth_3500_high_protein,3500kcal / high protein,synthetic,full_day,3500.0,220.0,407.5,110.0,3594,238,381,124,2.7,8.2,-6.5,12.7,strict_tight,0.08,strict,1.0,110.13,1,,,True,24.5,10.0
v5,synth_3500_high_protein,3500kcal / high protein,synthetic,lunch_snack_dinner,3500.0,220.0,407.5,110.0,3467,224,373,120,-0.9,1.8,-8.5,9.1,strict_tight,0.08,strict,1.0,104.88,1,,,True,25.4,10.0
v5,synth_3500_high_protein,3500kcal / high protein,synthetic,lunch_dinner,3500.0,220.0,407.5,110.0,3550,241,370,123,1.4,9.5,-9.2,11.8,strict_tight,0.08,strict,mixed_quarter,196.03,3,,,True,32.2,13.0
v5,synth_3500_high_protein,3500kcal / high protein,synthetic,lunch_only,3500.0,220.0,407.5,110.0,3253,391,118,135,-7.1,77.7,-71.0,22.7,single_meal_kcal_only,0.08,strict,1.0,399.22,4,,,True,77.0,12.0
v5,synth_3500_high_protein,3500kcal / high protein,synthetic,dinner_only,3500.0,220.0,407.5,110.0,3515,187,399,130,0.4,-15.0,-2.1,18.2,single_meal_kcal_only,0.08,strict,1.0,77.36,1,,,True,48.0,19.0
v5,synth_3500_high_protein,3500kcal / high protein,synthetic,lunch_snack,3500.0,220.0,407.5,110.0,2758,221,219,111,-21.2,0.5,-46.3,0.9,best_effort_lp,BEST_EFFORT_LP,relaxed,1.0,1590.13,25,,,True,45.4,7.0
v5,synth_3500_extremely_high_protein,3500kcal / extremely high protein,synthetic,full_day,3500.0,286.0,341.5,110.0,3514,263,341,122,0.4,-8.0,-0.1,10.9,strict_tight,0.08,strict,1.0,81.57,1,,,True,29.7,10.0
v5,synth_3500_extremely_high_protein,3500kcal / extremely high protein,synthetic,lunch_snack_dinner,3500.0,286.0,341.5,110.0,3501,277,327,121,0.0,-3.1,-4.2,10.0,strict_tight,0.08,strict,1.0,61.21,1,,,True,35.8,10.0
v5,synth_3500_extremely_high_protein,3500kcal / extremely high protein,synthetic,lunch_dinner,3500.0,286.0,341.5,110.0,3494,261,348,118,-0.2,-8.7,1.9,7.3,strict_tight,0.08,strict,1.0,83.18,1,,,True,30.2,12.0
v5,synth_3500_extremely_high_protein,3500kcal / extremely high protein,synthetic,lunch_only,3500.0,286.0,341.5,110.0,3253,391,118,135,-7.1,36.7,-65.4,22.7,single_meal_kcal_only,0.08,strict,1.0,392.87,4,,,True,77.0,12.0
v5,synth_3500_extremely_high_protein,3500kcal / extremely high protein,synthetic,dinner_only,3500.0,286.0,341.5,110.0,3732,256,247,191,6.6,-10.5,-27.7,73.6,single_meal_kcal_only,0.08,strict,1.0,61.1,1,,,True,69.9,17.0
v5,synth_3500_extremely_high_protein,3500kcal / extremely high protein,synthetic,lunch_snack,3500.0,286.0,341.5,110.0,3292,281,253,128,-5.9,-1.7,-25.9,16.4,best_effort_lp,BEST_EFFORT_LP,relaxed,1.0,1543.87,25,,,True,50.7,9.0
v5,synth_3500_low_fat,3500kcal / low fat,synthetic,full_day,3500.0,176.0,575.2,55.0,2383,167,244,82,-31.9,-5.1,-57.6,49.1,best_effort_lp,BEST_EFFORT_LP,relaxed,1.0,1676.43,25,,,True,26.3,5.0
v5,synth_3500_low_fat,3500kcal / low fat,synthetic,lunch_snack_dinner,3500.0,176.0,575.2,55.0,2128,150,219,72,-39.2,-14.8,-61.9,30.9,best_effort_lp,BEST_EFFORT_LP,relaxed,1.0,1734.34,25,,,True,29.4,5.0
v5,synth_3500_low_fat,3500kcal / low fat,synthetic,lunch_dinner,3500.0,176.0,575.2,55.0,2209,178,205,76,-36.9,1.1,-64.4,38.2,best_effort_lp,BEST_EFFORT_LP,relaxed,1.0,1577.53,25,,,True,37.8,5.0
v5,synth_3500_low_fat,3500kcal / low fat,synthetic,lunch_only,3500.0,176.0,575.2,55.0,3254,412,114,128,-7.0,134.1,-80.2,132.7,single_meal_kcal_only,0.08,strict,1.0,232.92,4,,,True,83.4,13.0
v5,synth_3500_low_fat,3500kcal / low fat,synthetic,dinner_only,3500.0,176.0,575.2,55.0,3472,165,456,110,-0.8,-6.2,-20.7,100.0,single_meal_kcal_only,0.08,strict,1.0,62.98,1,,,True,55.8,22.0
v5,synth_3500_low_fat,3500kcal / low fat,synthetic,lunch_snack,3500.0,176.0,575.2,55.0,1644,170,109,59,-53.0,-3.4,-81.1,7.3,best_effort_lp,BEST_EFFORT_LP,relaxed,1.0,1598.24,25,,,True,63.5,5.0
v5,synth_3500_extremely_low_fat,3500kcal / extremely low fat,synthetic,full_day,3500.0,176.0,637.1,27.5,1339,81,136,52,-61.7,-54.0,-78.7,89.1,best_effort_lp,BEST_EFFORT_LP,relaxed,1.0,1881.55,25,,,True,15.6,2.0
v5,synth_3500_extremely_low_fat,3500kcal / extremely low fat,synthetic,lunch_snack_dinner,3500.0,176.0,637.1,27.5,1084,64,111,43,-69.0,-63.6,-82.6,56.4,best_effort_lp,BEST_EFFORT_LP,relaxed,1.0,1439.76,25,,,True,19.3,2.0
v5,synth_3500_extremely_low_fat,3500kcal / extremely low fat,synthetic,lunch_dinner,3500.0,176.0,637.1,27.5,956,61,94,37,-72.7,-65.3,-85.2,34.5,best_effort_lp,BEST_EFFORT_LP,relaxed,1.0,1625.48,25,,,True,21.8,2.0
v5,synth_3500_extremely_low_fat,3500kcal / extremely low fat,synthetic,lunch_only,3500.0,176.0,637.1,27.5,3254,412,114,128,-7.0,134.1,-82.1,365.5,single_meal_kcal_only,0.08,strict,1.0,365.93,4,,,True,83.4,13.0
v5,synth_3500_extremely_low_fat,3500kcal / extremely low fat,synthetic,dinner_only,3500.0,176.0,637.1,27.5,3472,165,456,110,-0.8,-6.2,-28.4,300.0,single_meal_kcal_only,0.08,strict,1.0,56.74,1,,,True,55.8,22.0
v5,synth_3500_extremely_low_fat,3500kcal / extremely low fat,synthetic,lunch_snack,3500.0,176.0,637.1,27.5,913,75,80,32,-73.9,-57.4,-87.4,16.4,best_effort_lp,BEST_EFFORT_LP,relaxed,1.0,1486.29,25,,,True,45.7,2.0
v5,synth_3500_high_fat,3500kcal / high fat,synthetic,full_day,3500.0,176.0,303.0,176.0,3589,215,321,161,2.5,22.2,5.9,-8.5,strict_relaxed_tol,0.1,strict,0.5,396.92,5,,,True,24.9,7.0
v5,synth_3500_high_fat,3500kcal / high fat,synthetic,lunch_snack_dinner,3500.0,176.0,303.0,176.0,3364,215,268,159,-3.9,22.2,-11.6,-9.7,strict_relaxed_tol,0.1,strict,mixed_quarter,440.27,6,,,True,27.4,6.5
v5,synth_3500_high_fat,3500kcal / high fat,synthetic,lunch_dinner,3500.0,176.0,303.0,176.0,3023,195,312,111,-13.6,10.8,3.0,-36.9,best_effort_lp,BEST_EFFORT_LP,relaxed,1.0,1436.56,25,,,True,29.1,10.0
v5,synth_3500_high_fat,3500kcal / high fat,synthetic,lunch_only,3500.0,176.0,303.0,176.0,3253,391,118,135,-7.1,122.2,-61.1,-23.3,single_meal_kcal_only,0.08,strict,1.0,223.56,4,,,True,77.0,12.0
v5,synth_3500_high_fat,3500kcal / high fat,synthetic,dinner_only,3500.0,176.0,303.0,176.0,3367,199,306,150,-3.8,13.1,1.0,-14.8,single_meal_kcal_only,0.08,strict,1.0,63.45,1,,,True,54.7,14.0
v5,synth_3500_high_fat,3500kcal / high fat,synthetic,lunch_snack,3500.0,176.0,303.0,176.0,2687,197,221,113,-23.2,11.9,-27.1,-35.8,best_effort_lp,BEST_EFFORT_LP,relaxed,1.0,1592.58,25,,,True,38.8,7.0
v5,synth_3500_extremely_high_fat,3500kcal / extremely high fat,synthetic,full_day,3500.0,176.0,154.5,242.0,2394,174,156,120,-31.6,-1.1,1.0,-50.4,best_effort_lp,BEST_EFFORT_LP,relaxed,1.0,1752.67,25,,,True,32.1,5.0
v5,synth_3500_extremely_high_fat,3500kcal / extremely high fat,synthetic,lunch_snack_dinner,3500.0,176.0,154.5,242.0,2355,176,158,113,-32.7,0.0,2.3,-53.3,best_effort_lp,BEST_EFFORT_LP,relaxed,1.0,2281.53,25,,,True,26.6,4.0
v5,synth_3500_extremely_high_fat,3500kcal / extremely high fat,synthetic,lunch_dinner,3500.0,176.0,154.5,242.0,2303,179,152,108,-34.2,1.7,-1.6,-55.4,best_effort_lp,BEST_EFFORT_LP,relaxed,1.0,1806.76,25,,,True,27.2,4.0
v5,synth_3500_extremely_high_fat,3500kcal / extremely high fat,synthetic,lunch_only,3500.0,176.0,154.5,242.0,3253,391,118,135,-7.1,122.2,-23.6,-44.2,single_meal_kcal_only,0.08,strict,1.0,246.15,4,,,True,77.0,12.0
v5,synth_3500_extremely_high_fat,3500kcal / extremely high fat,synthetic,dinner_only,3500.0,176.0,154.5,242.0,3256,207,248,160,-7.0,17.6,60.5,-33.9,single_meal_kcal_only,0.08,strict,1.0,62.04,1,,,True,61.3,13.0
v5,synth_3500_extremely_high_fat,3500kcal / extremely high fat,synthetic,lunch_snack,3500.0,176.0,154.5,242.0,2212,182,156,96,-36.8,3.4,1.0,-60.3,best_effort_lp,BEST_EFFORT_LP,relaxed,1.0,1462.15,25,,,True,47.2,6.0
v5,synth_3500_low_carbs,3500kcal / low carbs,synthetic,full_day,3500.0,220.0,308.5,154.0,3465,219,309,151,-1.0,-0.5,0.2,-1.9,strict_tight,0.08,strict,1.0,111.58,1,,,True,22.1,6.0
v5,synth_3500_low_carbs,3500kcal / low carbs,synthetic,lunch_snack_dinner,3500.0,220.0,308.5,154.0,3519,223,313,153,0.5,1.4,1.5,-0.6,strict_tight,0.08,strict,1.0,103.38,1,,,True,26.2,6.0
v5,synth_3500_low_carbs,3500kcal / low carbs,synthetic,lunch_dinner,3500.0,220.0,308.5,154.0,3539,252,316,141,1.1,14.5,2.4,-8.4,strict_tight,0.08,strict,1.0,95.15,1,,,True,26.0,10.0
v5,synth_3500_low_carbs,3500kcal / low carbs,synthetic,lunch_only,3500.0,220.0,308.5,154.0,3253,391,118,135,-7.1,77.7,-61.8,-12.3,single_meal_kcal_only,0.08,strict,1.0,251.4,4,,,True,77.0,12.0
v5,synth_3500_low_carbs,3500kcal / low carbs,synthetic,dinner_only,3500.0,220.0,308.5,154.0,3536,220,303,160,1.0,0.0,-1.8,3.9,single_meal_kcal_only,0.08,strict,1.0,57.41,1,,,True,60.8,14.0
v5,synth_3500_low_carbs,3500kcal / low carbs,synthetic,lunch_snack,3500.0,220.0,308.5,154.0,3360,262,260,141,-4.0,19.1,-15.7,-8.4,relaxed_culinary,0.08571428571428572,relaxed,1.0,1306.83,22,,,True,43.5,9.0
v5,synth_3500_extremely_low_carbs,3500kcal / extremely low carbs,synthetic,full_day,3500.0,264.0,165.5,198.0,3508,287,188,179,0.2,8.7,13.6,-9.6,strict_tight,0.08,strict,1.0,99.32,1,,,True,30.6,7.0
v5,synth_3500_extremely_low_carbs,3500kcal / extremely low carbs,synthetic,lunch_snack_dinner,3500.0,264.0,165.5,198.0,3470,289,177,179,-0.9,9.5,6.9,-9.6,strict_tight,0.08,strict,1.0,90.79,1,,,True,31.0,7.0
v5,synth_3500_extremely_low_carbs,3500kcal / extremely low carbs,synthetic,lunch_dinner,3500.0,264.0,165.5,198.0,3478,296,167,181,-0.6,12.1,0.9,-8.6,strict_tight,0.08,strict,0.5,164.75,2,,,True,39.7,9.0
v5,synth_3500_extremely_low_carbs,3500kcal / extremely low carbs,synthetic,lunch_only,3500.0,264.0,165.5,198.0,3253,391,118,135,-7.1,48.1,-28.7,-31.8,single_meal_kcal_only,0.08,strict,1.0,255.36,4,,,True,77.0,12.0
v5,synth_3500_extremely_low_carbs,3500kcal / extremely low carbs,synthetic,dinner_only,3500.0,264.0,165.5,198.0,3449,252,171,195,-1.5,-4.5,3.3,-1.5,single_meal_kcal_only,0.08,strict,1.0,62.86,1,,,True,75.7,17.0
v5,synth_3500_extremely_low_carbs,3500kcal / extremely low carbs,synthetic,lunch_snack,3500.0,264.0,165.5,198.0,2976,278,168,132,-15.0,5.3,1.5,-33.3,best_effort_lp,BEST_EFFORT_LP,relaxed,1.0,1432.24,25,,,True,56.1,8.0
v5,synth_3500_high_carbs,3500kcal / high carbs,synthetic,full_day,3500.0,132.0,594.5,66.0,2069,133,220,73,-40.9,0.8,-63.0,10.6,best_effort_lp,BEST_EFFORT_LP,relaxed,1.0,1632.42,25,,,True,21.3,5.0
v5,synth_3500_high_carbs,3500kcal / high carbs,synthetic,lunch_snack_dinner,3500.0,132.0,594.5,66.0,2144,133,236,74,-38.7,0.8,-60.3,12.1,best_effort_lp,BEST_EFFORT_LP,relaxed,1.0,1506.83,25,,,True,28.7,7.0
v5,synth_3500_high_carbs,3500kcal / high carbs,synthetic,lunch_dinner,3500.0,132.0,594.5,66.0,2016,131,218,69,-42.4,-0.8,-63.3,4.5,best_effort_lp,BEST_EFFORT_LP,relaxed,1.0,1465.28,25,,,True,30.5,7.0
v5,synth_3500_high_carbs,3500kcal / high carbs,synthetic,lunch_only,3500.0,132.0,594.5,66.0,3253,391,118,135,-7.1,196.2,-80.2,104.5,single_meal_kcal_only,0.08,strict,1.0,223.1,4,,,True,77.0,12.0
v5,synth_3500_high_carbs,3500kcal / high carbs,synthetic,dinner_only,3500.0,132.0,594.5,66.0,3280,154,421,109,-6.3,16.7,-29.2,65.2,single_meal_kcal_only,0.08,strict,1.0,61.81,1,,,True,53.6,20.0
v5,synth_3500_high_carbs,3500kcal / high carbs,synthetic,lunch_snack,3500.0,132.0,594.5,66.0,1748,123,160,68,-50.1,-6.8,-73.1,3.0,best_effort_lp,BEST_EFFORT_LP,relaxed,1.0,1462.29,25,,,True,35.8,4.0
v5,synth_3500_extremely_high_carbs,3500kcal / extremely high carbs,synthetic,full_day,3500.0,99.0,689.4,38.5,1466,96,143,57,-58.1,-3.0,-79.3,48.1,best_effort_lp,BEST_EFFORT_LP,relaxed,1.0,1441.63,25,,,True,17.4,2.0
v5,synth_3500_extremely_high_carbs,3500kcal / extremely high carbs,synthetic,lunch_snack_dinner,3500.0,99.0,689.4,38.5,1292,94,113,51,-63.1,-5.1,-83.6,32.5,best_effort_lp,BEST_EFFORT_LP,relaxed,1.0,1483.44,25,,,True,32.3,2.0
v5,synth_3500_extremely_high_carbs,3500kcal / extremely high carbs,synthetic,lunch_dinner,3500.0,99.0,689.4,38.5,1164,92,96,46,-66.7,-7.1,-86.1,19.5,best_effort_lp,BEST_EFFORT_LP,relaxed,1.0,1533.26,25,,,True,35.8,2.0
v5,synth_3500_extremely_high_carbs,3500kcal / extremely high carbs,synthetic,lunch_only,3500.0,99.0,689.4,38.5,3253,391,118,135,-7.1,294.9,-82.9,250.6,single_meal_kcal_only,0.08,strict,1.0,226.0,4,,,True,77.0,12.0
v5,synth_3500_extremely_high_carbs,3500kcal / extremely high carbs,synthetic,dinner_only,3500.0,99.0,689.4,38.5,3280,154,421,109,-6.3,55.6,-38.9,183.1,single_meal_kcal_only,0.08,strict,1.0,220.58,4,,,True,53.6,20.0
v5,synth_3500_extremely_high_carbs,3500kcal / extremely high carbs,synthetic,lunch_snack,3500.0,99.0,689.4,38.5,1017,102,61,40,-70.9,3.0,-91.2,3.9,best_effort_lp,BEST_EFFORT_LP,relaxed,1.0,1373.72,25,,,True,61.5,3.0
