version,diet_id,diet_label,diet_group,combo,target_kcal,target_protein_g,target_carbs_g,target_fat_g,actual_kcal,actual_protein_g,actual_carbs_g,actual_fat_g,dev_kcal_pct,dev_protein_pct,dev_carbs_pct,dev_fat_pct,solve_mode,tolerance_tier,culinary_pass,serving_step,wall_time_ms,lp_attempts,root_cause_category,root_cause_detail,culinary_cap_adherent,max_subrecipe_kcal_share_pct,max_subrecipe_servings
v3,person_1,Person 1,real,full_day,2000.0,175.0,200.0,56.0,1927,155,178,66,-3.6,-11.4,-11.0,17.9,strict_relaxed_tol,0.1,strict,0.5,501.51,4,,,True,32.5,3.5
v3,person_1,Person 1,real,lunch_snack_dinner,2000.0,175.0,200.0,56.0,2014,159,198,66,0.7,-9.1,-1.0,17.9,strict_relaxed_tol,0.1,strict,0.5,353.54,4,,,True,36.3,5.0
v3,person_1,Person 1,real,lunch_dinner,2000.0,175.0,200.0,56.0,1950,157,189,63,-2.5,-10.3,-5.5,12.5,strict_tight,0.08,strict,0.5,161.26,2,,,True,37.5,5.0
v3,person_1,Person 1,real,lunch_only,2000.0,175.0,200.0,56.0,1863,203,99,73,-6.9,16.0,-50.5,30.4,single_meal_kcal_only,0.08,strict,1.0,90.42,1,,,True,67.2,6.0
v3,person_1,Person 1,real,dinner_only,2000.0,175.0,200.0,56.0,1868,102,197,74,-6.6,-41.7,-1.5,32.1,single_meal_kcal_only,0.08,strict,1.0,88.76,1,,,True,49.3,9.0
v3,person_1,Person 1,real,lunch_snack,2000.0,175.0,200.0,56.0,1912,148,174,69,-4.4,-15.4,-13.0,23.2,relaxed_culinary,0.2,relaxed,0.5,1085.24,16,,,True,43.7,5.0
v3,person_2,Person 2,real,full_day,1350.0,101.0,135.0,45.0,1337,99,134,45,-1.0,-2.0,-0.7,0.0,strict_tight,0.08,strict,0.5,236.64,2,,,True,23.4,2.5
v3,person_2,Person 2,real,lunch_snack_dinner,1350.0,101.0,135.0,45.0,1343,100,132,46,-0.5,-1.0,-2.2,2.2,strict_tight,0.08,strict,0.5,228.97,2,,,True,31.1,3.0
v3,person_2,Person 2,real,lunch_dinner,1350.0,101.0,135.0,45.0,1358,101,135,46,0.6,0.0,0.0,2.2,strict_tight,0.08,strict,0.5,206.09,2,,,True,30.7,3.5
v3,person_2,Person 2,real,lunch_only,1350.0,101.0,135.0,45.0,1306,115,95,52,-3.3,13.9,-29.6,15.6,single_meal_kcal_only,0.08,strict,1.0,66.13,1,,,True,47.9,4.0
v3,person_2,Person 2,real,dinner_only,1350.0,101.0,135.0,45.0,1296,70,136,52,-4.0,-30.7,0.7,15.6,single_meal_kcal_only,0.08,strict,1.0,70.99,1,,,True,47.4,6.0
v3,person_2,Person 2,real,lunch_snack,1350.0,101.0,135.0,45.0,1354,112,122,47,0.3,10.9,-9.6,4.4,strict_tight,0.08,strict,1.0,66.7,1,,,True,46.2,3.0
v3,person_3,Person 3,real,full_day,1800.0,135.0,180.0,60.0,1792,134,180,60,-0.4,-0.7,0.0,0.0,strict_tight,0.08,strict,0.5,228.22,2,,,True,29.1,3.5
v3,person_3,Person 3,real,lunch_snack_dinner,1800.0,135.0,180.0,60.0,1811,132,182,62,0.6,-2.2,1.1,3.3,strict_tight,0.08,strict,0.5,210.49,2,,,True,29.2,6.0
v3,person_3,Person 3,real,lunch_dinner,1800.0,135.0,180.0,60.0,1895,144,181,66,5.3,6.7,0.6,10.0,strict_tight,0.08,strict,1.0,77.26,1,,,True,33.0,5.0
v3,person_3,Person 3,real,lunch_only,1800.0,135.0,180.0,60.0,1723,176,99,69,-4.3,30.4,-45.0,15.0,single_meal_kcal_only,0.08,strict,1.0,78.63,1,,,True,60.5,5.0
v3,person_3,Person 3,real,dinner_only,1800.0,135.0,180.0,60.0,1695,90,179,69,-5.8,-33.3,-0.6,15.0,single_meal_kcal_only,0.08,strict,1.0,102.8,1,,,True,45.3,8.0
v3,person_3,Person 3,real,lunch_snack,1800.0,135.0,180.0,60.0,1824,149,152,69,1.3,10.4,-15.6,15.0,strict_relaxed_tol,0.2,strict,0.5,539.92,8,,,True,45.8,4.0
v3,person_4,Person 4,real,full_day,1140.0,95.0,100.0,40.0,1136,88,100,43,-0.4,-7.4,0.0,7.5,strict_tight,0.08,strict,0.5,228.6,2,,,True,27.6,2.5
v3,person_4,Person 4,real,lunch_snack_dinner,1140.0,95.0,100.0,40.0,1116,88,100,40,-2.1,-7.4,0.0,0.0,strict_tight,0.08,strict,0.5,158.78,2,,,True,37.4,2.5
v3,person_4,Person 4,real,lunch_dinner,1140.0,95.0,100.0,40.0,1140,91,100,42,0.0,-4.2,0.0,5.0,strict_tight,0.08,strict,0.5,194.5,2,,,True,36.6,2.0
v3,person_4,Person 4,real,lunch_only,1140.0,95.0,100.0,40.0,1097,85,92,43,-3.8,-10.5,-8.0,7.5,single_meal_kcal_only,0.08,strict,1.0,88.25,1,,,True,38.0,4.0
v3,person_4,Person 4,real,dinner_only,1140.0,95.0,100.0,40.0,1121,67,97,52,-1.7,-29.5,-3.0,30.0,single_meal_kcal_only,0.08,strict,1.0,70.43,1,,,True,54.8,4.0
v3,person_4,Person 4,real,lunch_snack,1140.0,95.0,100.0,40.0,1132,93,101,40,-0.7,-2.1,1.0,0.0,strict_tight,0.08,strict,0.5,139.73,2,,,True,46.1,2.5
v3,person_5,Person 5,real,full_day,1400.0,105.0,140.0,46.7,1416,106,141,48,1.1,1.0,0.7,2.8,strict_tight,0.08,strict,0.5,207.2,2,,,True,22.1,2.5
v3,person_5,Person 5,real,lunch_snack_dinner,1400.0,105.0,140.0,46.7,1385,100,142,46,-1.1,-4.8,1.4,-1.5,strict_tight,0.08,strict,0.5,212.69,2,,,True,30.1,3.5
v3,person_5,Person 5,real,lunch_dinner,1400.0,105.0,140.0,46.7,1399,102,141,48,-0.1,-2.9,0.7,2.8,strict_tight,0.08,strict,0.5,233.3,2,,,True,29.8,3.5
v3,person_5,Person 5,real,lunch_only,1400.0,105.0,140.0,46.7,1306,115,95,52,-6.7,9.5,-32.1,11.3,single_meal_kcal_only,0.08,strict,1.0,63.46,1,,,True,47.9,4.0
v3,person_5,Person 5,real,dinner_only,1400.0,105.0,140.0,46.7,1296,70,136,52,-7.4,-33.3,-2.9,11.3,single_meal_kcal_only,0.08,strict,1.0,120.12,1,,,True,47.4,6.0
v3,person_5,Person 5,real,lunch_snack,1400.0,105.0,140.0,46.7,1384,111,129,47,-1.1,5.7,-7.9,0.6,strict_tight,0.08,strict,0.5,136.29,2,,,True,45.2,3.0
v3,person_6,Person 6,real,full_day,1600.0,120.0,160.0,53.3,1593,116,162,53,-0.4,-3.3,1.2,-0.6,strict_tight,0.08,strict,0.5,211.83,2,,,True,26.2,3.5
v3,person_6,Person 6,real,lunch_snack_dinner,1600.0,120.0,160.0,53.3,1585,118,160,52,-0.9,-1.7,0.0,-2.4,strict_tight,0.08,strict,0.5,223.47,2,,,True,32.9,3.5
v3,person_6,Person 6,real,lunch_dinner,1600.0,120.0,160.0,53.3,1599,112,158,58,-0.1,-6.7,-1.2,8.8,strict_tight,0.08,strict,1.0,155.76,1,,,True,26.1,4.0
v3,person_6,Person 6,real,lunch_only,1600.0,120.0,160.0,53.3,1514,145,97,61,-5.4,20.8,-39.4,14.4,single_meal_kcal_only,0.08,strict,1.0,93.45,1,,,True,55.1,4.0
v3,person_6,Person 6,real,dinner_only,1600.0,120.0,160.0,53.3,1538,85,157,63,-3.9,-29.2,-1.9,18.2,single_meal_kcal_only,0.08,strict,1.0,75.98,1,,,True,49.9,7.0
v3,person_6,Person 6,real,lunch_snack,1600.0,120.0,160.0,53.3,1586,118,142,60,-0.9,-1.7,-11.2,12.6,strict_relaxed_tol,0.1,strict,0.5,309.14,4,,,True,39.5,3.0
v3,person_7,Person 7,real,full_day,1700.0,127.5,170.0,56.7,1698,127,169,57,-0.1,-0.4,-0.6,0.5,strict_tight,0.08,strict,0.5,272.7,2,,,True,30.7,3.5
v3,person_7,Person 7,real,lunch_snack_dinner,1700.0,127.5,170.0,56.7,1710,113,173,63,0.6,-11.4,1.8,11.1,strict_tight,0.08,strict,1.0,77.34,1,,,True,25.7,5.0
v3,person_7,Person 7,real,lunch_dinner,1700.0,127.5,170.0,56.7,1687,114,178,58,-0.8,-10.6,4.7,2.3,strict_tight,0.08,strict,1.0,71.65,1,,,True,26.1,5.0
v3,person_7,Person 7,real,lunch_only,1700.0,127.5,170.0,56.7,1583,148,99,66,-6.9,16.1,-41.8,16.4,single_meal_kcal_only,0.08,strict,1.0,76.42,1,,,True,52.7,5.0
v3,person_7,Person 7,real,dinner_only,1700.0,127.5,170.0,56.7,1626,87,177,64,-4.4,-31.8,4.1,12.9,single_meal_kcal_only,0.08,strict,1.0,81.42,1,,,True,47.2,8.0
v3,person_7,Person 7,real,lunch_snack,1700.0,127.5,170.0,56.7,1725,135,145,67,1.5,5.9,-14.7,18.2,strict_relaxed_tol,0.2,strict,0.5,581.04,8,,,True,42.3,3.5
v3,person_8,Person 8,real,full_day,1400.0,70.0,175.0,46.7,1411,80,160,50,0.8,14.3,-8.6,7.1,strict_tight,0.08,strict,0.5,371.87,2,,,True,18.1,2.5
v3,person_8,Person 8,real,lunch_snack_dinner,1400.0,70.0,175.0,46.7,1407,75,159,52,0.5,7.1,-9.1,11.3,strict_tight,0.08,strict,0.5,275.62,2,,,True,22.7,3.5
v3,person_8,Person 8,real,lunch_dinner,1400.0,70.0,175.0,46.7,1197,77,115,48,-14.5,10.0,-34.3,2.8,best_effort_lp,BEST_EFFORT_LP,relaxed,1.0,1432.22,17,,,True,25.6,3.0
v3,person_8,Person 8,real,lunch_only,1400.0,70.0,175.0,46.7,1306,115,95,52,-6.7,64.3,-45.7,11.3,single_meal_kcal_only,0.08,strict,1.0,80.74,1,,,True,47.9,4.0
v3,person_8,Person 8,real,dinner_only,1400.0,70.0,175.0,46.7,1472,73,176,53,5.1,4.3,0.6,13.5,single_meal_kcal_only,0.08,strict,1.0,94.5,1,,,True,47.8,8.0
v3,person_8,Person 8,real,lunch_snack,1400.0,70.0,175.0,46.7,1238,83,117,49,-11.6,18.6,-33.1,4.9,best_effort_lp,BEST_EFFORT_LP,relaxed,1.0,1380.53,17,,,True,33.7,3.0
v3,person_9,Person 9,real,full_day,1140.0,95.0,100.0,40.0,1136,88,100,43,-0.4,-7.4,0.0,7.5,strict_tight,0.08,strict,0.5,264.7,2,,,True,27.6,2.5
v3,person_9,Person 9,real,lunch_snack_dinner,1140.0,95.0,100.0,40.0,1116,88,100,40,-2.1,-7.4,0.0,0.0,strict_tight,0.08,strict,0.5,179.86,2,,,True,37.4,2.5
v3,person_9,Person 9,real,lunch_dinner,1140.0,95.0,100.0,40.0,1140,91,100,42,0.0,-4.2,0.0,5.0,strict_tight,0.08,strict,0.5,262.07,2,,,True,36.6,2.0
v3,person_9,Person 9,real,lunch_only,1140.0,95.0,100.0,40.0,1097,85,92,43,-3.8,-10.5,-8.0,7.5,single_meal_kcal_only,0.08,strict,1.0,99.69,1,,,True,38.0,4.0
v3,person_9,Person 9,real,dinner_only,1140.0,95.0,100.0,40.0,1121,67,97,52,-1.7,-29.5,-3.0,30.0,single_meal_kcal_only,0.08,strict,1.0,72.78,1,,,True,54.8,4.0
v3,person_9,Person 9,real,lunch_snack,1140.0,95.0,100.0,40.0,1132,93,101,40,-0.7,-2.1,1.0,0.0,strict_tight,0.08,strict,0.5,140.36,2,,,True,46.1,2.5
v3,person_10,Person 10,real,full_day,1200.0,90.0,120.0,40.0,1228,90,120,43,2.3,0.0,0.0,7.5,strict_tight,0.08,strict,0.5,246.13,2,,,True,25.5,2.0
v3,person_10,Person 10,real,lunch_snack_dinner,1200.0,90.0,120.0,40.0,1213,91,117,42,1.1,1.1,-2.5,5.0,strict_tight,0.08,strict,0.5,193.86,2,,,True,34.4,2.5
v3,person_10,Person 10,real,lunch_dinner,1200.0,90.0,120.0,40.0,1234,93,120,42,2.8,3.3,0.0,5.0,strict_tight,0.08,strict,0.5,214.37,2,,,True,33.8,2.5
v3,person_10,Person 10,real,lunch_only,1200.0,90.0,120.0,40.0,1166,88,94,49,-2.8,-2.2,-21.7,22.5,single_meal_kcal_only,0.08,strict,1.0,87.16,1,,,True,35.8,5.0
v3,person_10,Person 10,real,dinner_only,1200.0,90.0,120.0,40.0,1143,56,135,42,-4.8,-37.8,12.5,5.0,single_meal_kcal_only,0.08,strict,1.0,88.35,1,,,True,46.2,6.0
v3,person_10,Person 10,real,lunch_snack,1200.0,90.0,120.0,40.0,1163,93,108,40,-3.1,3.3,-10.0,0.0,strict_tight,0.08,strict,0.5,143.72,2,,,True,44.8,2.5
v3,synth_1000_balanced,1000kcal / balanced,synthetic,full_day,1000.0,72.0,76.8,45.0,1004,72,77,45,0.4,0.0,0.3,0.0,strict_tight,0.08,strict,0.5,277.34,2,,,True,22.9,1.5
v3,synth_1000_balanced,1000kcal / balanced,synthetic,lunch_snack_dinner,1000.0,72.0,76.8,45.0,1008,72,77,46,0.8,0.0,0.3,2.2,strict_tight,0.08,strict,0.5,238.66,2,,,True,30.5,2.0
v3,synth_1000_balanced,1000kcal / balanced,synthetic,lunch_dinner,1000.0,72.0,76.8,45.0,1021,73,75,48,2.1,1.4,-2.3,6.7,strict_tight,0.08,strict,1.0,93.76,1,,,True,30.1,2.0
v3,synth_1000_balanced,1000kcal / balanced,synthetic,lunch_only,1000.0,72.0,76.8,45.0,992,81,70,43,-0.8,12.5,-8.9,-4.4,single_meal_kcal_only,0.08,strict,1.0,65.12,1,,,True,42.1,4.0
v3,synth_1000_balanced,1000kcal / balanced,synthetic,dinner_only,1000.0,72.0,76.8,45.0,1033,65,77,52,3.3,-9.7,0.3,15.6,single_meal_kcal_only,0.08,strict,1.0,74.18,1,,,True,59.5,4.0
v3,synth_1000_balanced,1000kcal / balanced,synthetic,lunch_snack,1000.0,72.0,76.8,45.0,992,78,80,40,-0.8,8.3,4.2,-11.1,strict_relaxed_tol,0.1,strict,0.5,319.19,4,,,True,42.1,2.0
v3,synth_1000_low_protein,1000kcal / low protein,synthetic,full_day,1000.0,49.5,99.2,45.0,1001,58,98,42,0.1,17.2,-1.2,-6.7,strict_tight,0.08,strict,0.5,234.22,2,,,True,19.2,2.0
v3,synth_1000_low_protein,1000kcal / low protein,synthetic,lunch_snack_dinner,1000.0,49.5,99.2,45.0,974,60,92,41,-2.6,21.2,-7.3,-8.9,strict_relaxed_tol,0.1,strict,0.5,335.27,4,,,True,21.4,1.5
v3,synth_1000_low_protein,1000kcal / low protein,synthetic,lunch_dinner,1000.0,49.5,99.2,45.0,947,65,86,38,-5.3,31.3,-13.3,-15.6,strict_relaxed_tol,0.2,strict,0.5,655.3,8,,,True,24.3,2.5
v3,synth_1000_low_protein,1000kcal / low protein,synthetic,lunch_only,1000.0,49.5,99.2,45.0,957,57,92,40,-4.3,15.2,-7.3,-11.1,single_meal_kcal_only,0.08,strict,1.0,66.03,1,,,True,36.1,5.0
v3,synth_1000_low_protein,1000kcal / low protein,synthetic,dinner_only,1000.0,49.5,99.2,45.0,1036,56,98,47,3.6,13.1,-1.2,4.4,single_meal_kcal_only,0.08,strict,1.0,69.18,1,,,True,44.5,4.0
v3,synth_1000_low_protein,1000kcal / low protein,synthetic,lunch_snack,1000.0,49.5,99.2,45.0,983,64,95,39,-1.7,29.3,-4.2,-13.3,relaxed_culinary,0.2,relaxed,0.5,1028.2,16,,,True,32.5,2.5
v3,synth_1000_extremely_low_protein,1000kcal / extremely low protein,synthetic,full_day,1000.0,27.0,121.8,45.0,1251,79,116,52,25.1,192.6,-4.8,15.6,best_effort_lp,BEST_EFFORT_LP,relaxed,1.0,1159.75,17,,,True,16.7,2.0
v3,synth_1000_extremely_low_protein,1000kcal / extremely low protein,synthetic,lunch_snack_dinner,1000.0,27.0,121.8,45.0,1084,64,111,43,8.4,137.0,-8.9,-4.4,best_effort_lp,BEST_EFFORT_LP,relaxed,1.0,1107.35,17,,,True,19.3,2.0
v3,synth_1000_extremely_low_protein,1000kcal / extremely low protein,synthetic,lunch_dinner,1000.0,27.0,121.8,45.0,956,61,94,37,-4.4,125.9,-22.8,-17.8,best_effort_lp,BEST_EFFORT_LP,relaxed,1.0,1133.62,17,,,True,21.8,2.0
v3,synth_1000_extremely_low_protein,1000kcal / extremely low protein,synthetic,lunch_only,1000.0,27.0,121.8,45.0,957,57,92,40,-4.3,111.1,-24.5,-11.1,single_meal_kcal_only,0.08,strict,1.0,65.19,1,,,True,36.1,5.0
v3,synth_1000_extremely_low_protein,1000kcal / extremely low protein,synthetic,dinner_only,1000.0,27.0,121.8,45.0,1040,47,119,42,4.0,74.1,-2.3,-6.7,single_meal_kcal_only,0.08,strict,1.0,97.12,1,,,True,42.3,5.0
v3,synth_1000_extremely_low_protein,1000kcal / extremely low protein,synthetic,lunch_snack,1000.0,27.0,121.8,45.0,600,42,56,23,-40.0,55.6,-54.0,-48.9,best_effort_lp,BEST_EFFORT_LP,relaxed,1.0,1081.85,17,,,True,34.8,1.0
v3,synth_1000_high_protein,1000kcal / high protein,synthetic,full_day,1000.0,90.0,58.8,45.0,1015,84,67,45,1.5,-6.7,13.9,0.0,strict_tight,0.08,strict,0.5,132.65,2,,,True,30.8,1.5
v3,synth_1000_high_protein,1000kcal / high protein,synthetic,lunch_snack_dinner,1000.0,90.0,58.8,45.0,1008,91,60,45,0.8,1.1,2.0,0.0,strict_tight,0.08,strict,0.5,140.22,2,,,True,41.4,2.0
v3,synth_1000_high_protein,1000kcal / high protein,synthetic,lunch_dinner,1000.0,90.0,58.8,45.0,989,91,58,44,-1.1,1.1,-1.4,-2.2,strict_tight,0.08,strict,0.5,272.95,2,,,True,42.2,2.0
v3,synth_1000_high_protein,1000kcal / high protein,synthetic,lunch_only,1000.0,90.0,58.8,45.0,957,81,51,48,-4.3,-10.0,-13.3,6.7,single_meal_kcal_only,0.08,strict,1.0,125.2,1,,,True,43.6,5.0
v3,synth_1000_high_protein,1000kcal / high protein,synthetic,dinner_only,1000.0,90.0,58.8,45.0,945,63,58,51,-5.5,-30.0,-1.4,13.3,single_meal_kcal_only,0.08,strict,1.0,106.17,1,,,True,65.0,4.0
v3,synth_1000_high_protein,1000kcal / high protein,synthetic,lunch_snack,1000.0,90.0,58.8,45.0,991,90,60,44,-0.9,0.0,2.0,-2.2,strict_tight,0.08,strict,0.5,197.74,2,,,True,52.6,2.5
v3,synth_1000_extremely_high_protein,1000kcal / extremely high protein,synthetic,full_day,1000.0,115.9,33.8,44.6,1218,79,108,52,21.8,-31.8,219.5,16.6,best_effort_lp,BEST_EFFORT_LP,relaxed,1.0,2046.31,17,,,True,17.1,1.0
v3,synth_1000_extremely_high_protein,1000kcal / extremely high protein,synthetic,lunch_snack_dinner,1000.0,115.9,33.8,44.6,996,62,91,42,-0.4,-46.5,169.2,-5.8,best_effort_lp,BEST_EFFORT_LP,relaxed,1.0,1925.48,17,,,True,21.0,1.0
v3,synth_1000_extremely_high_protein,1000kcal / extremely high protein,synthetic,lunch_dinner,1000.0,115.9,33.8,44.6,1021,73,75,48,2.1,-37.0,121.9,7.6,best_effort_lp,BEST_EFFORT_LP,relaxed,1.0,1916.11,17,,,True,30.1,2.0
v3,synth_1000_extremely_high_protein,1000kcal / extremely high protein,synthetic,lunch_only,1000.0,115.9,33.8,44.6,1027,105,49,46,2.7,-9.4,45.0,3.1,single_meal_kcal_only,0.08,strict,1.0,102.73,1,,,True,60.9,3.0
v3,synth_1000_extremely_high_protein,1000kcal / extremely high protein,synthetic,dinner_only,1000.0,115.9,33.8,44.6,945,63,58,51,-5.5,-45.6,71.6,14.3,single_meal_kcal_only,0.08,strict,1.0,111.59,1,,,True,65.0,4.0
v3,synth_1000_extremely_high_protein,1000kcal / extremely high protein,synthetic,lunch_snack,1000.0,115.9,33.8,44.6,995,115,38,43,-0.5,-0.8,12.4,-3.6,strict_tight,0.08,strict,0.5,214.0,2,,,True,73.4,3.5
v3,synth_1000_low_fat,1000kcal / low fat,synthetic,full_day,1000.0,72.0,127.4,22.5,1306,81,128,52,30.6,12.5,0.5,131.1,best_effort_lp,BEST_EFFORT_LP,relaxed,1.0,2052.64,17,,,True,16.0,2.0
v3,synth_1000_low_fat,1000kcal / low fat,synthetic,lunch_snack_dinner,1000.0,72.0,127.4,22.5,1084,64,111,43,8.4,-11.1,-12.9,91.1,best_effort_lp,BEST_EFFORT_LP,relaxed,1.0,1468.06,17,,,True,19.3,2.0
v3,synth_1000_low_fat,1000kcal / low fat,synthetic,lunch_dinner,1000.0,72.0,127.4,22.5,956,61,94,37,-4.4,-15.3,-26.2,64.4,best_effort_lp,BEST_EFFORT_LP,relaxed,1.0,1174.15,17,,,True,21.8,2.0
v3,synth_1000_low_fat,1000kcal / low fat,synthetic,lunch_only,1000.0,72.0,127.4,22.5,959,79,87,33,-4.1,9.7,-31.7,46.7,single_meal_kcal_only,0.08,strict,1.0,79.67,1,,,True,43.5,3.0
v3,synth_1000_low_fat,1000kcal / low fat,synthetic,dinner_only,1000.0,72.0,127.4,22.5,971,44,117,36,-2.9,-38.9,-8.2,60.0,single_meal_kcal_only,0.08,strict,1.0,70.27,1,,,True,45.3,5.0
v3,synth_1000_low_fat,1000kcal / low fat,synthetic,lunch_snack,1000.0,72.0,127.4,22.5,913,75,80,32,-8.7,4.2,-37.2,42.2,best_effort_lp,BEST_EFFORT_LP,relaxed,1.0,1165.52,17,,,True,45.7,2.0
v3,synth_1000_extremely_low_fat,1000kcal / extremely low fat,synthetic,full_day,1000.0,72.0,152.7,11.2,1339,81,136,52,33.9,12.5,-10.9,364.3,best_effort_lp,BEST_EFFORT_LP,relaxed,1.0,1254.29,17,,,True,15.6,2.0
v3,synth_1000_extremely_low_fat,1000kcal / extremely low fat,synthetic,lunch_snack_dinner,1000.0,72.0,152.7,11.2,1084,64,111,43,8.4,-11.1,-27.3,283.9,best_effort_lp,BEST_EFFORT_LP,relaxed,1.0,1220.18,17,,,True,19.3,2.0
v3,synth_1000_extremely_low_fat,1000kcal / extremely low fat,synthetic,lunch_dinner,1000.0,72.0,152.7,11.2,956,61,94,37,-4.4,-15.3,-38.4,230.4,best_effort_lp,BEST_EFFORT_LP,relaxed,1.0,1670.14,17,,,True,21.8,2.0
v3,synth_1000_extremely_low_fat,1000kcal / extremely low fat,synthetic,lunch_only,1000.0,72.0,152.7,11.2,959,79,87,33,-4.1,9.7,-43.0,194.6,single_meal_kcal_only,0.08,strict,1.0,124.14,1,,,True,43.5,3.0
v3,synth_1000_extremely_low_fat,1000kcal / extremely low fat,synthetic,dinner_only,1000.0,72.0,152.7,11.2,971,44,117,36,-2.9,-38.9,-23.4,221.4,single_meal_kcal_only,0.08,strict,1.0,144.66,1,,,True,45.3,5.0
v3,synth_1000_extremely_low_fat,1000kcal / extremely low fat,synthetic,lunch_snack,1000.0,72.0,152.7,11.2,600,42,56,23,-40.0,-41.7,-63.3,105.4,best_effort_lp,BEST_EFFORT_LP,relaxed,1.0,1767.71,17,,,True,34.8,1.0
v3,synth_1000_high_fat,1000kcal / high fat,synthetic,full_day,1000.0,66.5,33.8,66.5,1218,79,108,52,21.8,18.8,219.5,-21.8,best_effort_lp,BEST_EFFORT_LP,relaxed,1.0,1750.95,17,,,True,17.1,1.0
v3,synth_1000_high_fat,1000kcal / high fat,synthetic,lunch_snack_dinner,1000.0,66.5,33.8,66.5,1149,76,92,53,14.9,14.3,172.2,-20.3,best_effort_lp,BEST_EFFORT_LP,relaxed,1.0,1563.52,17,,,True,26.7,2.0
v3,synth_1000_high_fat,1000kcal / high fat,synthetic,lunch_dinner,1000.0,66.5,33.8,66.5,1021,73,75,48,2.1,9.8,121.9,-27.8,best_effort_lp,BEST_EFFORT_LP,relaxed,1.0,1685.26,17,,,True,30.1,2.0
v3,synth_1000_high_fat,1000kcal / high fat,synthetic,lunch_only,1000.0,66.5,33.8,66.5,957,81,51,48,-4.3,21.8,50.9,-27.8,single_meal_kcal_only,0.08,strict,1.0,113.12,1,,,True,43.6,5.0
v3,synth_1000_high_fat,1000kcal / high fat,synthetic,dinner_only,1000.0,66.5,33.8,66.5,1014,66,60,57,1.4,-0.8,77.5,-14.3,single_meal_kcal_only,0.08,strict,1.0,151.36,1,,,True,60.6,4.0
v3,synth_1000_high_fat,1000kcal / high fat,synthetic,lunch_snack,1000.0,66.5,33.8,66.5,808,72,59,32,-19.2,8.3,74.6,-51.9,best_effort_lp,BEST_EFFORT_LP,relaxed,1.0,1699.32,17,,,True,51.6,2.0
v3,synth_1000_extremely_high_fat,1000kcal / extremely high fat,synthetic,full_day,1000.0,52.8,33.8,72.6,1218,79,108,52,21.8,49.6,219.5,-28.4,best_effort_lp,BEST_EFFORT_LP,relaxed,1.0,1881.51,17,,,True,17.1,1.0
v3,synth_1000_extremely_high_fat,1000kcal / extremely high fat,synthetic,lunch_snack_dinner,1000.0,52.8,33.8,72.6,996,62,91,42,-0.4,17.4,169.2,-42.1,best_effort_lp,BEST_EFFORT_LP,relaxed,1.0,1191.46,17,,,True,21.0,1.0
v3,synth_1000_extremely_high_fat,1000kcal / extremely high fat,synthetic,lunch_dinner,1000.0,52.8,33.8,72.6,868,60,74,37,-13.2,13.6,118.9,-49.0,best_effort_lp,BEST_EFFORT_LP,relaxed,1.0,1428.04,17,,,True,24.0,1.0
v3,synth_1000_extremely_high_fat,1000kcal / extremely high fat,synthetic,lunch_only,1000.0,52.8,33.8,72.6,957,81,51,48,-4.3,53.4,50.9,-33.9,single_meal_kcal_only,0.08,strict,1.0,68.08,1,,,True,43.6,5.0
v3,synth_1000_extremely_high_fat,1000kcal / extremely high fat,synthetic,dinner_only,1000.0,52.8,33.8,72.6,929,55,61,51,-7.1,4.2,80.5,-29.8,single_meal_kcal_only,0.08,strict,1.0,68.07,1,,,True,49.6,3.0
v3,synth_1000_extremely_high_fat,1000kcal / extremely high fat,synthetic,lunch_snack,1000.0,52.8,33.8,72.6,600,42,56,23,-40.0,-20.5,65.7,-68.3,best_effort_lp,BEST_EFFORT_LP,relaxed,1.0,1505.51,17,,,True,34.8,1.0
v3,synth_1000_low_carbs,1000kcal / low carbs,synthetic,full_day,1000.0,84.0,33.8,58.8,1218,79,108,52,21.8,-6.0,219.5,-11.6,best_effort_lp,BEST_EFFORT_LP,relaxed,1.0,1447.56,17,,,True,17.1,1.0
v3,synth_1000_low_carbs,1000kcal / low carbs,synthetic,lunch_snack_dinner,1000.0,84.0,33.8,58.8,1149,76,92,53,14.9,-9.5,172.2,-9.9,best_effort_lp,BEST_EFFORT_LP,relaxed,1.0,1307.19,17,,,True,26.7,2.0
v3,synth_1000_low_carbs,1000kcal / low carbs,synthetic,lunch_dinner,1000.0,84.0,33.8,58.8,1021,73,75,48,2.1,-13.1,121.9,-18.4,best_effort_lp,BEST_EFFORT_LP,relaxed,1.0,1243.22,17,,,True,30.1,2.0
v3,synth_1000_low_carbs,1000kcal / low carbs,synthetic,lunch_only,1000.0,84.0,33.8,58.8,957,81,51,48,-4.3,-3.6,50.9,-18.4,single_meal_kcal_only,0.08,strict,1.0,67.95,1,,,True,43.6,5.0
v3,synth_1000_low_carbs,1000kcal / low carbs,synthetic,dinner_only,1000.0,84.0,33.8,58.8,1014,66,60,57,1.4,-21.4,77.5,-3.1,single_meal_kcal_only,0.08,strict,1.0,67.81,1,,,True,60.6,4.0
v3,synth_1000_low_carbs,1000kcal / low carbs,synthetic,lunch_snack,1000.0,84.0,33.8,58.8,877,75,61,37,-12.3,-10.7,80.5,-37.1,best_effort_lp,BEST_EFFORT_LP,relaxed,1.0,1727.73,17,,,True,47.6,2.0
v3,synth_1000_extremely_low_carbs,1000kcal / extremely low carbs,synthetic,full_day,1000.0,80.5,33.8,60.3,1218,79,108,52,21.8,-1.9,219.5,-13.8,best_effort_lp,BEST_EFFORT_LP,relaxed,1.0,1596.6,17,,,True,17.1,1.0
v3,synth_1000_extremely_low_carbs,1000kcal / extremely low carbs,synthetic,lunch_snack_dinner,1000.0,80.5,33.8,60.3,1149,76,92,53,14.9,-5.6,172.2,-12.1,best_effort_lp,BEST_EFFORT_LP,relaxed,1.0,1802.93,17,,,True,26.7,2.0
v3,synth_1000_extremely_low_carbs,1000kcal / extremely low carbs,synthetic,lunch_dinner,1000.0,80.5,33.8,60.3,1021,73,75,48,2.1,-9.3,121.9,-20.4,best_effort_lp,BEST_EFFORT_LP,relaxed,1.0,2031.78,17,,,True,30.1,2.0
v3,synth_1000_extremely_low_carbs,1000kcal / extremely low carbs,synthetic,lunch_only,1000.0,80.5,33.8,60.3,957,81,51,48,-4.3,0.6,50.9,-20.4,single_meal_kcal_only,0.08,strict,1.0,120.02,1,,,True,43.6,5.0
v3,synth_1000_extremely_low_carbs,1000kcal / extremely low carbs,synthetic,dinner_only,1000.0,80.5,33.8,60.3,1014,66,60,57,1.4,-18.0,77.5,-5.5,single_meal_kcal_only,0.08,strict,1.0,118.43,1,,,True,60.6,4.0
v3,synth_1000_extremely_low_carbs,1000kcal / extremely low carbs,synthetic,lunch_snack,1000.0,80.5,33.8,60.3,877,75,61,37,-12.3,-6.8,80.5,-38.6,best_effort_lp,BEST_EFFORT_LP,relaxed,1.0,1647.95,17,,,True,47.6,2.0
v3,synth_1000_high_carbs,1000kcal / high carbs,synthetic,full_day,1000.0,54.0,135.2,27.0,1339,81,136,52,33.9,50.0,0.6,92.6,best_effort_lp,BEST_EFFORT_LP,relaxed,1.0,2045.29,17,,,True,15.6,2.0
v3,synth_1000_high_carbs,1000kcal / high carbs,synthetic,lunch_snack_dinner,1000.0,54.0,135.2,27.0,1084,64,111,43,8.4,18.5,-17.9,59.3,best_effort_lp,BEST_EFFORT_LP,relaxed,1.0,1860.13,17,,,True,19.3,2.0
v3,synth_1000_high_carbs,1000kcal / high carbs,synthetic,lunch_dinner,1000.0,54.0,135.2,27.0,956,61,94,37,-4.4,13.0,-30.5,37.0,best_effort_lp,BEST_EFFORT_LP,relaxed,1.0,1419.87,17,,,True,21.8,2.0
v3,synth_1000_high_carbs,1000kcal / high carbs,synthetic,lunch_only,1000.0,54.0,135.2,27.0,957,57,92,40,-4.3,5.6,-32.0,48.1,single_meal_kcal_only,0.08,strict,1.0,75.13,1,,,True,36.1,5.0
v3,synth_1000_high_carbs,1000kcal / high carbs,synthetic,dinner_only,1000.0,54.0,135.2,27.0,971,44,117,36,-2.9,-18.5,-13.5,33.3,single_meal_kcal_only,0.08,strict,1.0,82.46,1,,,True,45.3,5.0
v3,synth_1000_high_carbs,1000kcal / high carbs,synthetic,lunch_snack,1000.0,54.0,135.2,27.0,913,75,80,32,-8.7,38.9,-40.8,18.5,best_effort_lp,BEST_EFFORT_LP,relaxed,1.0,1436.14,17,,,True,45.7,2.0
v3,synth_1000_extremely_high_carbs,1000kcal / extremely high carbs,synthetic,full_day,1000.0,40.5,174.1,15.7,1339,81,136,52,33.9,100.0,-21.9,231.2,best_effort_lp,BEST_EFFORT_LP,relaxed,1.0,1277.0,17,,,True,15.6,2.0
v3,synth_1000_extremely_high_carbs,1000kcal / extremely high carbs,synthetic,lunch_snack_dinner,1000.0,40.5,174.1,15.7,1084,64,111,43,8.4,58.0,-36.2,173.9,best_effort_lp,BEST_EFFORT_LP,relaxed,1.0,1212.15,17,,,True,19.3,2.0
v3,synth_1000_extremely_high_carbs,1000kcal / extremely high carbs,synthetic,lunch_dinner,1000.0,40.5,174.1,15.7,956,61,94,37,-4.4,50.6,-46.0,135.7,best_effort_lp,BEST_EFFORT_LP,relaxed,1.0,1221.6,17,,,True,21.8,2.0
v3,synth_1000_extremely_high_carbs,1000kcal / extremely high carbs,synthetic,lunch_only,1000.0,40.5,174.1,15.7,957,57,92,40,-4.3,40.7,-47.2,154.8,single_meal_kcal_only,0.08,strict,1.0,80.54,1,,,True,36.1,5.0
v3,synth_1000_extremely_high_carbs,1000kcal / extremely high carbs,synthetic,dinner_only,1000.0,40.5,174.1,15.7,971,44,117,36,-2.9,8.6,-32.8,129.3,single_meal_kcal_only,0.08,strict,1.0,76.19,1,,,True,45.3,5.0
v3,synth_1000_extremely_high_carbs,1000kcal / extremely high carbs,synthetic,lunch_snack,1000.0,40.5,174.1,15.7,600,42,56,23,-40.0,3.7,-67.8,46.5,best_effort_lp,BEST_EFFORT_LP,relaxed,1.0,1274.14,17,,,True,34.8,1.0
v3,synth_1500_balanced,1500kcal / balanced,synthetic,full_day,1500.0,96.0,144.0,60.0,1527,98,144,62,1.8,2.1,0.0,3.3,strict_tight,0.08,strict,1.0,119.61,1,,,True,16.7,2.0
v3,synth_1500_balanced,1500kcal / balanced,synthetic,lunch_snack_dinner,1500.0,96.0,144.0,60.0,1534,110,134,62,2.3,14.6,-6.9,3.3,strict_tight,0.08,strict,1.0,71.38,1,,,True,27.2,3.0
v3,synth_1500_balanced,1500kcal / balanced,synthetic,lunch_dinner,1500.0,96.0,144.0,60.0,1494,109,137,57,-0.4,13.5,-4.9,-5.0,strict_tight,0.08,strict,1.0,66.51,1,,,True,27.9,4.0
v3,synth_1500_balanced,1500kcal / balanced,synthetic,lunch_only,1500.0,96.0,144.0,60.0,1514,145,97,61,0.9,51.0,-32.6,1.7,single_meal_kcal_only,0.08,strict,1.0,70.87,1,,,True,55.1,4.0
v3,synth_1500_balanced,1500kcal / balanced,synthetic,dinner_only,1500.0,96.0,144.0,60.0,1450,84,137,63,-3.3,-12.5,-4.9,5.0,single_meal_kcal_only,0.08,strict,1.0,76.51,1,,,True,52.9,6.0
v3,synth_1500_balanced,1500kcal / balanced,synthetic,lunch_snack,1500.0,96.0,144.0,60.0,1423,114,124,52,-5.1,18.8,-13.9,-13.3,strict_relaxed_tol,0.15,strict,1.0,499.38,5,,,True,44.0,3.0
v3,synth_1500_low_protein,1500kcal / low protein,synthetic,full_day,1500.0,66.0,174.0,60.0,1447,77,159,56,-3.5,16.7,-8.6,-6.7,strict_tight,0.08,strict,0.5,384.85,2,,,True,22.1,2.5
v3,synth_1500_low_protein,1500kcal / low protein,synthetic,lunch_snack_dinner,1500.0,66.0,174.0,60.0,1450,76,166,54,-3.3,15.2,-4.6,-10.0,strict_tight,0.08,strict,0.5,303.55,2,,,True,22.0,3.5
v3,synth_1500_low_protein,1500kcal / low protein,synthetic,lunch_dinner,1500.0,66.0,174.0,60.0,1197,77,115,48,-20.2,16.7,-33.9,-20.0,best_effort_lp,BEST_EFFORT_LP,relaxed,1.0,1323.02,17,,,True,25.6,3.0
v3,synth_1500_low_protein,1500kcal / low protein,synthetic,lunch_only,1500.0,66.0,174.0,60.0,1514,145,97,61,0.9,119.7,-44.3,1.7,single_meal_kcal_only,0.08,strict,1.0,69.93,1,,,True,55.1,4.0
v3,synth_1500_low_protein,1500kcal / low protein,synthetic,dinner_only,1500.0,66.0,174.0,60.0,1542,76,178,58,2.8,15.2,2.3,-3.3,single_meal_kcal_only,0.08,strict,1.0,136.51,1,,,True,45.7,8.0
v3,synth_1500_low_protein,1500kcal / low protein,synthetic,lunch_snack,1500.0,66.0,174.0,60.0,1238,83,117,49,-17.5,25.8,-32.8,-18.3,best_effort_lp,BEST_EFFORT_LP,relaxed,1.0,1749.71,17,,,True,33.7,3.0
v3,synth_1500_extremely_low_protein,1500kcal / extremely low protein,synthetic,full_day,1500.0,36.0,204.0,60.0,1466,84,153,58,-2.3,133.3,-25.0,-3.3,best_effort_lp,BEST_EFFORT_LP,relaxed,1.0,1973.38,17,,,True,17.4,2.0
v3,synth_1500_extremely_low_protein,1500kcal / extremely low protein,synthetic,lunch_snack_dinner,1500.0,36.0,204.0,60.0,1467,72,162,59,-2.2,100.0,-20.6,-1.7,best_effort_lp,BEST_EFFORT_LP,relaxed,1.0,1475.08,17,,,True,34.9,4.0
v3,synth_1500_extremely_low_protein,1500kcal / extremely low protein,synthetic,lunch_dinner,1500.0,36.0,204.0,60.0,956,61,94,37,-36.3,69.4,-53.9,-38.3,best_effort_lp,BEST_EFFORT_LP,relaxed,1.0,1288.55,17,,,True,21.8,2.0
v3,synth_1500_extremely_low_protein,1500kcal / extremely low protein,synthetic,lunch_only,1500.0,36.0,204.0,60.0,1514,145,97,61,0.9,302.8,-52.5,1.7,single_meal_kcal_only,0.08,strict,1.0,69.36,1,,,True,55.1,4.0
v3,synth_1500_extremely_low_protein,1500kcal / extremely low protein,synthetic,dinner_only,1500.0,36.0,204.0,60.0,1560,75,195,53,4.0,108.3,-4.4,-11.7,single_meal_kcal_only,0.08,strict,1.0,111.26,1,,,True,50.7,9.0
v3,synth_1500_extremely_low_protein,1500kcal / extremely low protein,synthetic,lunch_snack,1500.0,36.0,204.0,60.0,600,42,56,23,-60.0,16.7,-72.5,-61.7,best_effort_lp,BEST_EFFORT_LP,relaxed,1.0,1399.24,17,,,True,34.8,1.0
v3,synth_1500_high_protein,1500kcal / high protein,synthetic,full_day,1500.0,120.0,120.0,60.0,1500,120,120,60,0.0,0.0,0.0,0.0,strict_tight,0.08,strict,0.5,609.61,2,,,True,27.8,2.0
v3,synth_1500_high_protein,1500kcal / high protein,synthetic,lunch_snack_dinner,1500.0,120.0,120.0,60.0,1446,108,114,62,-3.6,-10.0,-5.0,3.3,strict_tight,0.08,strict,1.0,124.12,1,,,True,28.9,2.0
v3,synth_1500_high_protein,1500kcal / high protein,synthetic,lunch_dinner,1500.0,120.0,120.0,60.0,1492,111,121,62,-0.5,-7.5,0.8,3.3,strict_tight,0.08,strict,1.0,124.41,1,,,True,28.0,2.0
v3,synth_1500_high_protein,1500kcal / high protein,synthetic,lunch_only,1500.0,120.0,120.0,60.0,1514,145,97,61,0.9,20.8,-19.2,1.7,single_meal_kcal_only,0.08,strict,1.0,109.41,1,,,True,55.1,4.0
v3,synth_1500_high_protein,1500kcal / high protein,synthetic,dinner_only,1500.0,120.0,120.0,60.0,1516,96,119,73,1.1,-20.0,-0.8,21.7,single_meal_kcal_only,0.08,strict,1.0,105.52,1,,,True,60.8,6.0
v3,synth_1500_high_protein,1500kcal / high protein,synthetic,lunch_snack,1500.0,120.0,120.0,60.0,1492,117,126,58,-0.5,-2.5,5.0,-3.3,strict_tight,0.08,strict,1.0,102.67,1,,,True,41.9,3.0
v3,synth_1500_extremely_high_protein,1500kcal / extremely high protein,synthetic,full_day,1500.0,156.0,84.0,60.0,1508,144,85,66,0.5,-7.7,1.2,10.0,strict_tight,0.08,strict,0.5,203.53,2,,,True,34.6,2.5
v3,synth_1500_extremely_high_protein,1500kcal / extremely high protein,synthetic,lunch_snack_dinner,1500.0,156.0,84.0,60.0,1565,147,95,66,4.3,-5.8,13.1,10.0,strict_tight,0.08,strict,0.5,233.67,2,,,True,46.7,3.5
v3,synth_1500_extremely_high_protein,1500kcal / extremely high protein,synthetic,lunch_dinner,1500.0,156.0,84.0,60.0,1501,146,86,64,0.1,-6.4,2.4,6.7,strict_tight,0.08,strict,0.5,295.75,2,,,True,48.7,3.5
v3,synth_1500_extremely_high_protein,1500kcal / extremely high protein,synthetic,lunch_only,1500.0,156.0,84.0,60.0,1410,142,75,60,-6.0,-9.0,-10.7,0.0,single_meal_kcal_only,0.08,strict,1.0,163.28,1,,,True,59.2,4.0
v3,synth_1500_extremely_high_protein,1500kcal / extremely high protein,synthetic,dinner_only,1500.0,156.0,84.0,60.0,1409,95,81,78,-6.1,-39.1,-3.6,30.0,single_meal_kcal_only,0.08,strict,1.0,135.8,1,,,True,65.4,6.0
v3,synth_1500_extremely_high_protein,1500kcal / extremely high protein,synthetic,lunch_snack,1500.0,156.0,84.0,60.0,1562,165,83,63,4.1,5.8,-1.2,5.0,strict_tight,0.08,strict,1.0,160.18,1,,,True,66.8,5.0
v3,synth_1500_low_fat,1500kcal / low fat,synthetic,full_day,1500.0,96.0,211.5,30.0,1466,96,143,57,-2.3,0.0,-32.4,90.0,best_effort_lp,BEST_EFFORT_LP,relaxed,1.0,1807.68,17,,,True,17.4,2.0
v3,synth_1500_low_fat,1500kcal / low fat,synthetic,lunch_snack_dinner,1500.0,96.0,211.5,30.0,1292,94,113,51,-13.9,-2.1,-46.6,70.0,best_effort_lp,BEST_EFFORT_LP,relaxed,1.0,1885.33,17,,,True,32.3,2.0
v3,synth_1500_low_fat,1500kcal / low fat,synthetic,lunch_dinner,1500.0,96.0,211.5,30.0,1164,92,96,46,-22.4,-4.2,-54.6,53.3,best_effort_lp,BEST_EFFORT_LP,relaxed,1.0,1859.85,17,,,True,35.8,2.0
v3,synth_1500_low_fat,1500kcal / low fat,synthetic,lunch_only,1500.0,96.0,211.5,30.0,1445,142,95,55,-3.7,47.9,-55.1,83.3,single_meal_kcal_only,0.08,strict,1.0,123.99,1,,,True,57.7,4.0
v3,synth_1500_low_fat,1500kcal / low fat,synthetic,dinner_only,1500.0,96.0,211.5,30.0,1560,75,195,53,4.0,-21.9,-7.8,76.7,single_meal_kcal_only,0.08,strict,1.0,132.66,1,,,True,50.7,9.0
v3,synth_1500_low_fat,1500kcal / low fat,synthetic,lunch_snack,1500.0,96.0,211.5,30.0,913,75,80,32,-39.1,-21.9,-62.2,6.7,best_effort_lp,BEST_EFFORT_LP,relaxed,1.0,1681.87,17,,,True,45.7,2.0
v3,synth_1500_extremely_low_fat,1500kcal / extremely low fat,synthetic,full_day,1500.0,96.0,245.2,15.0,1339,81,136,52,-10.7,-15.6,-44.5,246.7,best_effort_lp,BEST_EFFORT_LP,relaxed,1.0,1860.6,17,,,True,15.6,2.0
v3,synth_1500_extremely_low_fat,1500kcal / extremely low fat,synthetic,lunch_snack_dinner,1500.0,96.0,245.2,15.0,1084,64,111,43,-27.7,-33.3,-54.7,186.7,best_effort_lp,BEST_EFFORT_LP,relaxed,1.0,1704.36,17,,,True,19.3,2.0
v3,synth_1500_extremely_low_fat,1500kcal / extremely low fat,synthetic,lunch_dinner,1500.0,96.0,245.2,15.0,956,61,94,37,-36.3,-36.5,-61.7,146.7,best_effort_lp,BEST_EFFORT_LP,relaxed,1.0,1410.11,17,,,True,21.8,2.0
v3,synth_1500_extremely_low_fat,1500kcal / extremely low fat,synthetic,lunch_only,1500.0,96.0,245.2,15.0,1445,142,95,55,-3.7,47.9,-61.3,266.7,single_meal_kcal_only,0.08,strict,1.0,122.29,1,,,True,57.7,4.0
v3,synth_1500_extremely_low_fat,1500kcal / extremely low fat,synthetic,dinner_only,1500.0,96.0,245.2,15.0,1560,75,195,53,4.0,-21.9,-20.5,253.3,single_meal_kcal_only,0.08,strict,1.0,102.13,1,,,True,50.7,9.0
v3,synth_1500_extremely_low_fat,1500kcal / extremely low fat,synthetic,lunch_snack,1500.0,96.0,245.2,15.0,600,42,56,23,-60.0,-56.2,-77.2,53.3,best_effort_lp,BEST_EFFORT_LP,relaxed,1.0,1634.58,17,,,True,34.8,1.0
v3,synth_1500_high_fat,1500kcal / high fat,synthetic,full_day,1500.0,96.0,63.0,96.0,1371,93,109,63,-8.6,-3.1,73.0,-34.4,best_effort_lp,BEST_EFFORT_LP,relaxed,1.0,1214.69,17,,,True,22.4,2.0
v3,synth_1500_high_fat,1500kcal / high fat,synthetic,lunch_snack_dinner,1500.0,96.0,63.0,96.0,1427,109,97,67,-4.9,13.5,54.0,-30.2,best_effort_lp,BEST_EFFORT_LP,relaxed,1.0,1208.49,17,,,True,29.2,2.0
v3,synth_1500_high_fat,1500kcal / high fat,synthetic,lunch_dinner,1500.0,96.0,63.0,96.0,1299,106,80,62,-13.4,10.4,27.0,-35.4,best_effort_lp,BEST_EFFORT_LP,relaxed,1.0,1227.02,17,,,True,32.1,2.0
v3,synth_1500_high_fat,1500kcal / high fat,synthetic,lunch_only,1500.0,96.0,63.0,96.0,1479,145,78,65,-1.4,51.0,23.8,-32.3,single_meal_kcal_only,0.08,strict,1.0,116.74,1,,,True,56.4,5.0
v3,synth_1500_high_fat,1500kcal / high fat,synthetic,dinner_only,1500.0,96.0,63.0,96.0,1478,98,84,83,-1.5,2.1,33.3,-13.5,single_meal_kcal_only,0.08,strict,1.0,123.72,1,,,True,62.3,6.0
v3,synth_1500_high_fat,1500kcal / high fat,synthetic,lunch_snack,1500.0,96.0,63.0,96.0,1155,108,66,51,-23.0,12.5,4.8,-46.9,best_effort_lp,BEST_EFFORT_LP,relaxed,1.0,1854.07,17,,,True,54.2,3.0
v3,synth_1500_extremely_high_fat,1500kcal / extremely high fat,synthetic,full_day,1500.0,80.6,45.0,110.8,1218,79,108,52,-18.8,-2.0,140.0,-53.1,best_effort_lp,BEST_EFFORT_LP,relaxed,1.0,1301.74,17,,,True,17.1,1.0
v3,synth_1500_extremely_high_fat,1500kcal / extremely high fat,synthetic,lunch_snack_dinner,1500.0,80.6,45.0,110.8,1149,76,92,53,-23.4,-5.7,104.4,-52.2,best_effort_lp,BEST_EFFORT_LP,relaxed,1.0,1238.08,17,,,True,26.7,2.0
v3,synth_1500_extremely_high_fat,1500kcal / extremely high fat,synthetic,lunch_dinner,1500.0,80.6,45.0,110.8,1021,73,75,48,-31.9,-9.4,66.7,-56.7,best_effort_lp,BEST_EFFORT_LP,relaxed,1.0,1201.8,17,,,True,30.1,2.0
v3,synth_1500_extremely_high_fat,1500kcal / extremely high fat,synthetic,lunch_only,1500.0,80.6,45.0,110.8,1445,166,54,63,-3.7,106.0,20.0,-43.1,single_meal_kcal_only,0.08,strict,1.0,73.87,1,,,True,72.2,5.0
v3,synth_1500_extremely_high_fat,1500kcal / extremely high fat,synthetic,dinner_only,1500.0,80.6,45.0,110.8,1409,95,81,78,-6.1,17.9,80.0,-29.6,single_meal_kcal_only,0.08,strict,1.0,72.47,1,,,True,65.4,6.0
v3,synth_1500_extremely_high_fat,1500kcal / extremely high fat,synthetic,lunch_snack,1500.0,80.6,45.0,110.8,877,75,61,37,-41.5,-6.9,35.6,-66.6,best_effort_lp,BEST_EFFORT_LP,relaxed,1.0,1272.44,17,,,True,47.6,2.0
v3,synth_1500_low_carbs,1500kcal / low carbs,synthetic,full_day,1500.0,120.0,66.0,84.0,1550,136,76,78,3.3,13.3,15.2,-7.1,strict_relaxed_tol,0.1,strict,0.5,431.14,4,,,True,33.7,2.5
v3,synth_1500_low_carbs,1500kcal / low carbs,synthetic,lunch_snack_dinner,1500.0,120.0,66.0,84.0,1498,125,76,77,-0.1,4.2,15.2,-8.3,strict_tight,0.08,strict,0.5,193.37,2,,,True,35.9,3.5
v3,synth_1500_low_carbs,1500kcal / low carbs,synthetic,lunch_dinner,1500.0,120.0,66.0,84.0,1468,125,69,77,-2.1,4.2,4.5,-8.3,strict_tight,0.08,strict,0.5,175.68,2,,,True,36.6,3.5
v3,synth_1500_low_carbs,1500kcal / low carbs,synthetic,lunch_only,1500.0,120.0,66.0,84.0,1479,145,78,65,-1.4,20.8,18.2,-22.6,single_meal_kcal_only,0.08,strict,1.0,73.51,1,,,True,56.4,5.0
v3,synth_1500_low_carbs,1500kcal / low carbs,synthetic,dinner_only,1500.0,120.0,66.0,84.0,1493,106,80,83,-0.5,-11.7,21.2,-1.2,single_meal_kcal_only,0.08,strict,1.0,69.28,1,,,True,72.0,7.0
v3,synth_1500_low_carbs,1500kcal / low carbs,synthetic,lunch_snack,1500.0,120.0,66.0,84.0,1433,141,71,65,-4.5,17.5,7.6,-22.6,best_effort_lp,BEST_EFFORT_LP,relaxed,1.0,1191.64,17,,,True,58.2,4.0
v3,synth_1500_extremely_low_carbs,1500kcal / extremely low carbs,synthetic,full_day,1500.0,122.8,45.0,92.1,1580,123,111,71,5.3,0.2,146.7,-22.9,best_effort_lp,BEST_EFFORT_LP,relaxed,1.0,1286.97,17,,,True,26.4,2.0
v3,synth_1500_extremely_low_carbs,1500kcal / extremely low carbs,synthetic,lunch_snack_dinner,1500.0,122.8,45.0,92.1,1427,109,97,67,-4.9,-11.2,115.6,-27.3,best_effort_lp,BEST_EFFORT_LP,relaxed,1.0,1566.79,17,,,True,29.2,2.0
v3,synth_1500_extremely_low_carbs,1500kcal / extremely low carbs,synthetic,lunch_dinner,1500.0,122.8,45.0,92.1,1299,106,80,62,-13.4,-13.7,77.8,-32.7,best_effort_lp,BEST_EFFORT_LP,relaxed,1.0,1171.88,17,,,True,32.1,2.0
v3,synth_1500_extremely_low_carbs,1500kcal / extremely low carbs,synthetic,lunch_only,1500.0,122.8,45.0,92.1,1445,166,54,63,-3.7,35.2,20.0,-31.6,single_meal_kcal_only,0.08,strict,1.0,62.63,1,,,True,72.2,5.0
v3,synth_1500_extremely_low_carbs,1500kcal / extremely low carbs,synthetic,dinner_only,1500.0,122.8,45.0,92.1,1562,109,82,89,4.1,-11.2,82.2,-3.4,single_meal_kcal_only,0.08,strict,1.0,85.36,1,,,True,68.8,7.0
v3,synth_1500_extremely_low_carbs,1500kcal / extremely low carbs,synthetic,lunch_snack,1500.0,122.8,45.0,92.1,1226,133,64,49,-18.3,8.3,42.2,-46.8,best_effort_lp,BEST_EFFORT_LP,relaxed,1.0,1309.17,17,,,True,68.1,4.0
v3,synth_1500_high_carbs,1500kcal / high carbs,synthetic,full_day,1500.0,72.0,222.0,36.0,1339,81,136,52,-10.7,12.5,-38.7,44.4,best_effort_lp,BEST_EFFORT_LP,relaxed,1.0,1268.86,17,,,True,15.6,2.0
v3,synth_1500_high_carbs,1500kcal / high carbs,synthetic,lunch_snack_dinner,1500.0,72.0,222.0,36.0,1084,64,111,43,-27.7,-11.1,-50.0,19.4,best_effort_lp,BEST_EFFORT_LP,relaxed,1.0,1337.32,17,,,True,19.3,2.0
v3,synth_1500_high_carbs,1500kcal / high carbs,synthetic,lunch_dinner,1500.0,72.0,222.0,36.0,956,61,94,37,-36.3,-15.3,-57.7,2.8,best_effort_lp,BEST_EFFORT_LP,relaxed,1.0,1303.21,17,,,True,21.8,2.0
v3,synth_1500_high_carbs,1500kcal / high carbs,synthetic,lunch_only,1500.0,72.0,222.0,36.0,1445,142,95,55,-3.7,97.2,-57.2,52.8,single_meal_kcal_only,0.08,strict,1.0,82.77,1,,,True,57.7,4.0
v3,synth_1500_high_carbs,1500kcal / high carbs,synthetic,dinner_only,1500.0,72.0,222.0,36.0,1560,75,195,53,4.0,4.2,-12.2,47.2,single_meal_kcal_only,0.08,strict,1.0,81.54,1,,,True,50.7,9.0
v3,synth_1500_high_carbs,1500kcal / high carbs,synthetic,lunch_snack,1500.0,72.0,222.0,36.0,1041,78,98,38,-30.6,8.3,-55.9,5.6,best_effort_lp,BEST_EFFORT_LP,relaxed,1.0,1229.89,17,,,True,40.1,2.0
v3,synth_1500_extremely_high_carbs,1500kcal / extremely high carbs,synthetic,full_day,1500.0,54.0,273.8,21.0,1339,81,136,52,-10.7,50.0,-50.3,147.6,best_effort_lp,BEST_EFFORT_LP,relaxed,1.0,1260.67,17,,,True,15.6,2.0
v3,synth_1500_extremely_high_carbs,1500kcal / extremely high carbs,synthetic,lunch_snack_dinner,1500.0,54.0,273.8,21.0,1084,64,111,43,-27.7,18.5,-59.5,104.8,best_effort_lp,BEST_EFFORT_LP,relaxed,1.0,1168.69,17,,,True,19.3,2.0
v3,synth_1500_extremely_high_carbs,1500kcal / extremely high carbs,synthetic,lunch_dinner,1500.0,54.0,273.8,21.0,956,61,94,37,-36.3,13.0,-65.7,76.2,best_effort_lp,BEST_EFFORT_LP,relaxed,1.0,1181.23,17,,,True,21.8,2.0
v3,synth_1500_extremely_high_carbs,1500kcal / extremely high carbs,synthetic,lunch_only,1500.0,54.0,273.8,21.0,1445,142,95,55,-3.7,163.0,-65.3,161.9,single_meal_kcal_only,0.08,strict,1.0,73.22,1,,,True,57.7,4.0
v3,synth_1500_extremely_high_carbs,1500kcal / extremely high carbs,synthetic,dinner_only,1500.0,54.0,273.8,21.0,1560,75,195,53,4.0,38.9,-28.8,152.4,single_meal_kcal_only,0.08,strict,1.0,71.06,1,,,True,50.7,9.0
v3,synth_1500_extremely_high_carbs,1500kcal / extremely high carbs,synthetic,lunch_snack,1500.0,54.0,273.8,21.0,600,42,56,23,-60.0,-22.2,-79.5,9.5,best_effort_lp,BEST_EFFORT_LP,relaxed,1.0,1165.28,17,,,True,34.8,1.0
v3,synth_2000_balanced,2000kcal / balanced,synthetic,full_day,2000.0,120.0,211.2,75.0,2036,133,212,73,1.8,10.8,0.4,-2.7,strict_tight,0.08,strict,1.0,148.35,1,,,True,21.6,5.0
v3,synth_2000_balanced,2000kcal / balanced,synthetic,lunch_snack_dinner,2000.0,120.0,211.2,75.0,1982,120,210,74,-0.9,0.0,-0.6,-1.3,strict_tight,0.08,strict,1.0,155.42,1,,,True,21.1,4.0
v3,synth_2000_balanced,2000kcal / balanced,synthetic,lunch_dinner,2000.0,120.0,211.2,75.0,1997,132,201,74,-0.1,10.0,-4.8,-1.3,strict_tight,0.08,strict,1.0,69.32,1,,,True,26.4,6.0
v3,synth_2000_balanced,2000kcal / balanced,synthetic,lunch_only,2000.0,120.0,211.2,75.0,1863,203,99,73,-6.9,69.2,-53.1,-2.7,single_meal_kcal_only,0.08,strict,1.0,69.09,1,,,True,67.2,6.0
v3,synth_2000_balanced,2000kcal / balanced,synthetic,dinner_only,2000.0,120.0,211.2,75.0,1955,104,217,75,-2.2,-13.3,2.7,0.0,single_meal_kcal_only,0.08,strict,1.0,68.5,1,,,True,47.1,10.0
v3,synth_2000_balanced,2000kcal / balanced,synthetic,lunch_snack,2000.0,120.0,211.2,75.0,2010,140,186,78,0.5,16.7,-11.9,4.0,relaxed_culinary,0.15,relaxed,0.5,948.57,14,,,True,36.3,5.5
v3,synth_2000_low_protein,2000kcal / low protein,synthetic,full_day,2000.0,82.5,248.8,75.0,1929,109,221,68,-3.5,32.1,-11.2,-9.3,strict_relaxed_tol,0.15,strict,0.5,633.54,6,,,True,22.8,5.0
v3,synth_2000_low_protein,2000kcal / low protein,synthetic,lunch_snack_dinner,2000.0,82.5,248.8,75.0,1943,104,225,70,-2.9,26.1,-9.6,-6.7,strict_relaxed_tol,0.1,strict,0.5,285.38,4,,,True,23.0,5.0
v3,synth_2000_low_protein,2000kcal / low protein,synthetic,lunch_dinner,2000.0,82.5,248.8,75.0,2085,134,221,74,4.2,62.4,-11.2,-1.3,best_effort_lp,BEST_EFFORT_LP,relaxed,1.0,1145.08,17,,,True,29.5,7.0
v3,synth_2000_low_protein,2000kcal / low protein,synthetic,lunch_only,2000.0,82.5,248.8,75.0,1863,203,99,73,-6.9,146.1,-60.2,-2.7,single_meal_kcal_only,0.08,strict,1.0,66.37,1,,,True,67.2,6.0
v3,synth_2000_low_protein,2000kcal / low protein,synthetic,dinner_only,2000.0,82.5,248.8,75.0,2028,98,240,75,1.4,18.8,-3.5,0.0,single_meal_kcal_only,0.08,strict,1.0,68.69,1,,,True,47.7,11.0
v3,synth_2000_low_protein,2000kcal / low protein,synthetic,lunch_snack,2000.0,82.5,248.8,75.0,1876,125,178,74,-6.2,51.5,-28.5,-1.3,best_effort_lp,BEST_EFFORT_LP,relaxed,1.0,1124.53,17,,,True,34.1,5.0
v3,synth_2000_extremely_low_protein,2000kcal / extremely low protein,synthetic,full_day,2000.0,45.0,286.2,75.0,1850,91,204,74,-7.5,102.2,-28.7,-1.3,best_effort_lp,BEST_EFFORT_LP,relaxed,1.0,1152.03,17,,,True,34.6,5.0
v3,synth_2000_extremely_low_protein,2000kcal / extremely low protein,synthetic,lunch_snack_dinner,2000.0,45.0,286.2,75.0,1467,72,162,59,-26.7,60.0,-43.4,-21.3,best_effort_lp,BEST_EFFORT_LP,relaxed,1.0,1180.21,17,,,True,34.9,4.0
v3,synth_2000_extremely_low_protein,2000kcal / extremely low protein,synthetic,lunch_dinner,2000.0,45.0,286.2,75.0,956,61,94,37,-52.2,35.6,-67.2,-50.7,best_effort_lp,BEST_EFFORT_LP,relaxed,1.0,1120.96,17,,,True,21.8,2.0
v3,synth_2000_extremely_low_protein,2000kcal / extremely low protein,synthetic,lunch_only,2000.0,45.0,286.2,75.0,1863,203,99,73,-6.9,351.1,-65.4,-2.7,single_meal_kcal_only,0.08,strict,1.0,66.4,1,,,True,67.2,6.0
v3,synth_2000_extremely_low_protein,2000kcal / extremely low protein,synthetic,dinner_only,2000.0,45.0,286.2,75.0,2047,97,258,70,2.4,115.6,-9.9,-6.7,single_meal_kcal_only,0.08,strict,1.0,70.69,1,,,True,51.6,12.0
v3,synth_2000_extremely_low_protein,2000kcal / extremely low protein,synthetic,lunch_snack,2000.0,45.0,286.2,75.0,600,42,56,23,-70.0,-6.7,-80.4,-69.3,best_effort_lp,BEST_EFFORT_LP,relaxed,1.0,1097.15,17,,,True,34.8,1.0
v3,synth_2000_high_protein,2000kcal / high protein,synthetic,full_day,2000.0,150.0,181.2,75.0,1988,145,179,77,-0.6,-3.3,-1.2,2.7,strict_tight,0.08,strict,1.0,156.52,1,,,True,21.0,3.0
v3,synth_2000_high_protein,2000kcal / high protein,synthetic,lunch_snack_dinner,2000.0,150.0,181.2,75.0,2021,149,182,77,1.1,-0.7,0.4,2.7,strict_tight,0.08,strict,1.0,190.55,1,,,True,31.0,3.0
v3,synth_2000_high_protein,2000kcal / high protein,synthetic,lunch_dinner,2000.0,150.0,181.2,75.0,2033,150,185,77,1.7,0.0,2.1,2.7,strict_tight,0.08,strict,1.0,260.95,1,,,True,30.8,5.0
v3,synth_2000_high_protein,2000kcal / high protein,synthetic,lunch_only,2000.0,150.0,181.2,75.0,1863,203,99,73,-6.9,35.3,-45.4,-2.7,single_meal_kcal_only,0.08,strict,1.0,119.65,1,,,True,67.2,6.0
v3,synth_2000_high_protein,2000kcal / high protein,synthetic,dinner_only,2000.0,150.0,181.2,75.0,1933,114,179,85,-3.4,-24.0,-1.2,13.3,single_meal_kcal_only,0.08,strict,1.0,114.66,1,,,True,55.6,8.0
v3,synth_2000_high_protein,2000kcal / high protein,synthetic,lunch_snack,2000.0,150.0,181.2,75.0,2061,168,164,81,3.0,12.0,-9.5,8.0,strict_tight,0.08,strict,0.5,175.83,2,,,True,45.6,4.5
v3,synth_2000_extremely_high_protein,2000kcal / extremely high protein,synthetic,full_day,2000.0,195.0,136.2,75.0,2041,194,137,80,2.1,-0.5,0.6,6.7,strict_tight,0.08,strict,0.5,219.72,2,,,True,40.9,4.0
v3,synth_2000_extremely_high_protein,2000kcal / extremely high protein,synthetic,lunch_snack_dinner,2000.0,195.0,136.2,75.0,1993,186,136,78,-0.4,-4.6,-0.1,4.0,strict_tight,0.08,strict,0.5,382.05,2,,,True,47.1,4.5
v3,synth_2000_extremely_high_protein,2000kcal / extremely high protein,synthetic,lunch_dinner,2000.0,195.0,136.2,75.0,2034,196,139,77,1.7,0.5,2.1,2.7,strict_tight,0.08,strict,0.5,373.37,2,,,True,51.3,5.0
v3,synth_2000_extremely_high_protein,2000kcal / extremely high protein,synthetic,lunch_only,2000.0,195.0,136.2,75.0,1932,206,102,78,-3.4,5.6,-25.1,4.0,single_meal_kcal_only,0.08,strict,1.0,104.2,1,,,True,64.8,6.0
v3,synth_2000_extremely_high_protein,2000kcal / extremely high protein,synthetic,dinner_only,2000.0,195.0,136.2,75.0,1911,125,140,95,-4.5,-35.9,2.8,26.7,single_meal_kcal_only,0.08,strict,1.0,110.84,1,,,True,64.3,8.0
v3,synth_2000_extremely_high_protein,2000kcal / extremely high protein,synthetic,lunch_snack,2000.0,195.0,136.2,75.0,1980,202,129,73,-1.0,3.6,-5.3,-2.7,strict_tight,0.08,strict,1.0,163.47,1,,,True,63.2,6.0
v3,synth_2000_low_fat,2000kcal / low fat,synthetic,full_day,2000.0,120.0,295.6,37.5,1547,111,138,61,-22.7,-7.5,-53.3,62.7,best_effort_lp,BEST_EFFORT_LP,relaxed,1.0,1787.39,17,,,True,27.0,2.0
v3,synth_2000_low_fat,2000kcal / low fat,synthetic,lunch_snack_dinner,2000.0,120.0,295.6,37.5,1815,116,195,63,-9.2,-3.3,-34.0,68.0,best_effort_lp,BEST_EFFORT_LP,relaxed,1.0,1155.47,17,,,True,24.2,5.0
v3,synth_2000_low_fat,2000kcal / low fat,synthetic,lunch_dinner,2000.0,120.0,295.6,37.5,1687,114,178,58,-15.7,-5.0,-39.8,54.7,best_effort_lp,BEST_EFFORT_LP,relaxed,1.0,1182.06,17,,,True,26.1,5.0
v3,synth_2000_low_fat,2000kcal / low fat,synthetic,lunch_only,2000.0,120.0,295.6,37.5,1863,203,99,73,-6.9,69.2,-66.5,94.7,single_meal_kcal_only,0.08,strict,1.0,65.84,1,,,True,67.2,6.0
v3,synth_2000_low_fat,2000kcal / low fat,synthetic,dinner_only,2000.0,120.0,295.6,37.5,1978,94,255,65,-1.1,-21.7,-13.7,73.3,single_meal_kcal_only,0.08,strict,1.0,75.59,1,,,True,53.4,12.0
v3,synth_2000_low_fat,2000kcal / low fat,synthetic,lunch_snack,2000.0,120.0,295.6,37.5,1226,109,105,41,-38.7,-9.2,-64.5,9.3,best_effort_lp,BEST_EFFORT_LP,relaxed,1.0,1105.76,17,,,True,51.0,3.0
v3,synth_2000_extremely_low_fat,2000kcal / extremely low fat,synthetic,full_day,2000.0,120.0,337.8,18.8,1339,81,136,52,-33.1,-32.5,-59.7,176.6,best_effort_lp,BEST_EFFORT_LP,relaxed,1.0,1128.33,17,,,True,15.6,2.0
v3,synth_2000_extremely_low_fat,2000kcal / extremely low fat,synthetic,lunch_snack_dinner,2000.0,120.0,337.8,18.8,1084,64,111,43,-45.8,-46.7,-67.1,128.7,best_effort_lp,BEST_EFFORT_LP,relaxed,1.0,1149.89,17,,,True,19.3,2.0
v3,synth_2000_extremely_low_fat,2000kcal / extremely low fat,synthetic,lunch_dinner,2000.0,120.0,337.8,18.8,956,61,94,37,-52.2,-49.2,-72.2,96.8,best_effort_lp,BEST_EFFORT_LP,relaxed,1.0,1151.9,17,,,True,21.8,2.0
v3,synth_2000_extremely_low_fat,2000kcal / extremely low fat,synthetic,lunch_only,2000.0,120.0,337.8,18.8,1863,203,99,73,-6.9,69.2,-70.7,288.3,single_meal_kcal_only,0.08,strict,1.0,85.85,1,,,True,67.2,6.0
v3,synth_2000_extremely_low_fat,2000kcal / extremely low fat,synthetic,dinner_only,2000.0,120.0,337.8,18.8,1978,94,255,65,-1.1,-21.7,-24.5,245.7,single_meal_kcal_only,0.08,strict,1.0,74.33,1,,,True,53.4,12.0
v3,synth_2000_extremely_low_fat,2000kcal / extremely low fat,synthetic,lunch_snack,2000.0,120.0,337.8,18.8,600,42,56,23,-70.0,-65.0,-83.4,22.3,best_effort_lp,BEST_EFFORT_LP,relaxed,1.0,1111.66,17,,,True,34.8,1.0
v3,synth_2000_high_fat,2000kcal / high fat,synthetic,full_day,2000.0,120.0,110.0,120.0,2118,151,140,106,5.9,25.8,27.3,-11.7,relaxed_culinary,0.2,relaxed,0.5,1116.41,16,,,True,29.0,4.0
v3,synth_2000_high_fat,2000kcal / high fat,synthetic,lunch_snack_dinner,2000.0,120.0,110.0,120.0,2105,150,136,107,5.2,25.0,23.6,-10.8,relaxed_culinary,0.2,relaxed,0.5,1125.12,16,,,True,32.8,4.5
v3,synth_2000_high_fat,2000kcal / high fat,synthetic,lunch_dinner,2000.0,120.0,110.0,120.0,1917,152,105,99,-4.2,26.7,-4.5,-17.5,best_effort_lp,BEST_EFFORT_LP,relaxed,1.0,1118.53,17,,,True,40.1,5.0
v3,synth_2000_high_fat,2000kcal / high fat,synthetic,lunch_only,2000.0,120.0,110.0,120.0,2001,209,104,83,0.1,74.2,-5.5,-30.8,single_meal_kcal_only,0.08,strict,1.0,65.68,1,,,True,62.6,6.0
v3,synth_2000_high_fat,2000kcal / high fat,synthetic,dinner_only,2000.0,120.0,110.0,120.0,1873,127,105,105,-6.3,5.8,-4.5,-12.5,single_meal_kcal_only,0.08,strict,1.0,69.84,1,,,True,65.6,8.0
v3,synth_2000_high_fat,2000kcal / high fat,synthetic,lunch_snack,2000.0,120.0,110.0,120.0,1539,116,117,68,-23.1,-3.3,6.4,-43.3,best_effort_lp,BEST_EFFORT_LP,relaxed,1.0,1097.43,17,,,True,40.7,4.0
v3,synth_2000_extremely_high_fat,2000kcal / extremely high fat,synthetic,full_day,2000.0,108.4,56.2,149.0,1499,108,116,67,-25.1,-0.4,106.4,-55.0,best_effort_lp,BEST_EFFORT_LP,relaxed,1.0,1341.0,17,,,True,20.5,2.0
v3,synth_2000_extremely_high_fat,2000kcal / extremely high fat,synthetic,lunch_snack_dinner,2000.0,108.4,56.2,149.0,1427,109,97,67,-28.6,0.6,72.6,-55.0,best_effort_lp,BEST_EFFORT_LP,relaxed,1.0,1204.61,17,,,True,29.2,2.0
v3,synth_2000_extremely_high_fat,2000kcal / extremely high fat,synthetic,lunch_dinner,2000.0,108.4,56.2,149.0,1299,106,80,62,-35.0,-2.2,42.3,-58.4,best_effort_lp,BEST_EFFORT_LP,relaxed,1.0,1183.13,17,,,True,32.1,2.0
v3,synth_2000_extremely_high_fat,2000kcal / extremely high fat,synthetic,lunch_only,2000.0,108.4,56.2,149.0,1862,227,58,80,-6.9,109.4,3.2,-46.3,single_meal_kcal_only,0.08,strict,1.0,72.32,1,,,True,78.4,7.0
v3,synth_2000_extremely_high_fat,2000kcal / extremely high fat,synthetic,dinner_only,2000.0,108.4,56.2,149.0,1873,127,105,105,-6.3,17.2,86.8,-29.5,single_meal_kcal_only,0.08,strict,1.0,69.66,1,,,True,65.6,8.0
v3,synth_2000_extremely_high_fat,2000kcal / extremely high fat,synthetic,lunch_snack,2000.0,108.4,56.2,149.0,1155,108,66,51,-42.2,-0.4,17.4,-65.8,best_effort_lp,BEST_EFFORT_LP,relaxed,1.0,1143.35,17,,,True,54.2,3.0
v3,synth_2000_low_carbs,2000kcal / low carbs,synthetic,full_day,2000.0,150.0,113.8,105.0,1974,155,114,100,-1.3,3.3,0.2,-4.8,strict_tight,0.08,strict,0.5,232.58,2,,,True,27.2,3.5
v3,synth_2000_low_carbs,2000kcal / low carbs,synthetic,lunch_snack_dinner,2000.0,150.0,113.8,105.0,2015,160,125,97,0.8,6.7,9.8,-7.6,strict_tight,0.08,strict,1.0,138.91,1,,,True,31.1,3.0
v3,synth_2000_low_carbs,2000kcal / low carbs,synthetic,lunch_dinner,2000.0,150.0,113.8,105.0,2021,155,127,99,1.1,3.3,11.6,-5.7,strict_tight,0.08,strict,1.0,148.26,1,,,True,38.0,5.0
v3,synth_2000_low_carbs,2000kcal / low carbs,synthetic,lunch_only,2000.0,150.0,113.8,105.0,2001,209,104,83,0.1,39.3,-8.6,-21.0,single_meal_kcal_only,0.08,strict,1.0,67.44,1,,,True,62.6,6.0
v3,synth_2000_low_carbs,2000kcal / low carbs,synthetic,dinner_only,2000.0,150.0,113.8,105.0,1976,137,121,105,-1.2,-8.7,6.3,0.0,single_meal_kcal_only,0.08,strict,1.0,72.16,1,,,True,69.9,9.0
v3,synth_2000_low_carbs,2000kcal / low carbs,synthetic,lunch_snack,2000.0,150.0,113.8,105.0,1987,180,112,91,-0.7,20.0,-1.6,-13.3,strict_relaxed_tol,0.2,strict,0.5,569.89,8,,,True,52.5,5.0
v3,synth_2000_extremely_low_carbs,2000kcal / extremely low carbs,synthetic,full_day,2000.0,165.1,56.2,123.8,2197,169,136,109,9.8,2.4,142.0,-12.0,best_effort_lp,BEST_EFFORT_LP,relaxed,1.0,1278.98,17,,,True,34.9,5.0
v3,synth_2000_extremely_low_carbs,2000kcal / extremely low carbs,synthetic,lunch_snack_dinner,2000.0,165.1,56.2,123.8,1962,165,119,92,-1.9,-0.1,111.7,-25.7,best_effort_lp,BEST_EFFORT_LP,relaxed,1.0,1251.94,17,,,True,31.9,4.0
v3,synth_2000_extremely_low_carbs,2000kcal / extremely low carbs,synthetic,lunch_dinner,2000.0,165.1,56.2,123.8,2124,195,86,111,6.2,18.1,53.0,-10.3,strict_relaxed_tol,0.2,strict,0.5,563.69,8,,,True,36.1,5.0
v3,synth_2000_extremely_low_carbs,2000kcal / extremely low carbs,synthetic,lunch_only,2000.0,165.1,56.2,123.8,1862,227,58,80,-6.9,37.5,3.2,-35.4,single_meal_kcal_only,0.08,strict,1.0,69.1,1,,,True,78.4,7.0
v3,synth_2000_extremely_low_carbs,2000kcal / extremely low carbs,synthetic,dinner_only,2000.0,165.1,56.2,123.8,2111,152,105,121,5.5,-7.9,86.8,-2.3,single_meal_kcal_only,0.08,strict,1.0,76.55,1,,,True,72.7,10.0
v3,synth_2000_extremely_low_carbs,2000kcal / extremely low carbs,synthetic,lunch_snack,2000.0,165.1,56.2,123.8,1503,166,68,63,-24.9,0.5,21.0,-49.1,best_effort_lp,BEST_EFFORT_LP,relaxed,1.0,1183.22,17,,,True,69.4,5.0
v3,synth_2000_high_carbs,2000kcal / high carbs,synthetic,full_day,2000.0,90.0,308.8,45.0,1339,81,136,52,-33.1,-10.0,-56.0,15.6,best_effort_lp,BEST_EFFORT_LP,relaxed,1.0,1170.69,17,,,True,15.6,2.0
v3,synth_2000_high_carbs,2000kcal / high carbs,synthetic,lunch_snack_dinner,2000.0,90.0,308.8,45.0,1292,94,113,51,-35.4,4.4,-63.4,13.3,best_effort_lp,BEST_EFFORT_LP,relaxed,1.0,1229.95,17,,,True,32.3,2.0
v3,synth_2000_high_carbs,2000kcal / high carbs,synthetic,lunch_dinner,2000.0,90.0,308.8,45.0,1164,92,96,46,-41.8,2.2,-68.9,2.2,best_effort_lp,BEST_EFFORT_LP,relaxed,1.0,1141.57,17,,,True,35.8,2.0
v3,synth_2000_high_carbs,2000kcal / high carbs,synthetic,lunch_only,2000.0,90.0,308.8,45.0,1863,203,99,73,-6.9,125.6,-67.9,62.2,single_meal_kcal_only,0.08,strict,1.0,70.75,1,,,True,67.2,6.0
v3,synth_2000_high_carbs,2000kcal / high carbs,synthetic,dinner_only,2000.0,90.0,308.8,45.0,1978,94,255,65,-1.1,4.4,-17.4,44.4,single_meal_kcal_only,0.08,strict,1.0,69.81,1,,,True,53.4,12.0
v3,synth_2000_high_carbs,2000kcal / high carbs,synthetic,lunch_snack,2000.0,90.0,308.8,45.0,1238,83,117,49,-38.1,-7.8,-62.1,8.9,best_effort_lp,BEST_EFFORT_LP,relaxed,1.0,1162.3,17,,,True,33.7,3.0
v3,synth_2000_extremely_high_carbs,2000kcal / extremely high carbs,synthetic,full_day,2000.0,67.5,373.4,26.2,1339,81,136,52,-33.1,20.0,-63.6,98.5,best_effort_lp,BEST_EFFORT_LP,relaxed,1.0,1196.2,17,,,True,15.6,2.0
v3,synth_2000_extremely_high_carbs,2000kcal / extremely high carbs,synthetic,lunch_snack_dinner,2000.0,67.5,373.4,26.2,1084,64,111,43,-45.8,-5.2,-70.3,64.1,best_effort_lp,BEST_EFFORT_LP,relaxed,1.0,1163.0,17,,,True,19.3,2.0
v3,synth_2000_extremely_high_carbs,2000kcal / extremely high carbs,synthetic,lunch_dinner,2000.0,67.5,373.4,26.2,956,61,94,37,-52.2,-9.6,-74.8,41.2,best_effort_lp,BEST_EFFORT_LP,relaxed,1.0,1334.51,17,,,True,21.8,2.0
v3,synth_2000_extremely_high_carbs,2000kcal / extremely high carbs,synthetic,lunch_only,2000.0,67.5,373.4,26.2,1863,203,99,73,-6.9,200.7,-73.5,178.6,single_meal_kcal_only,0.08,strict,1.0,97.79,1,,,True,67.2,6.0
v3,synth_2000_extremely_high_carbs,2000kcal / extremely high carbs,synthetic,dinner_only,2000.0,67.5,373.4,26.2,1978,94,255,65,-1.1,39.3,-31.7,148.1,single_meal_kcal_only,0.08,strict,1.0,101.5,1,,,True,53.4,12.0
v3,synth_2000_extremely_high_carbs,2000kcal / extremely high carbs,synthetic,lunch_snack,2000.0,67.5,373.4,26.2,913,75,80,32,-54.4,11.1,-78.6,22.1,best_effort_lp,BEST_EFFORT_LP,relaxed,1.0,1263.12,17,,,True,45.7,2.0
v3,synth_2500_balanced,2500kcal / balanced,synthetic,full_day,2500.0,136.0,297.8,85.0,2453,141,271,89,-1.9,3.7,-9.0,4.7,strict_tight,0.08,strict,1.0,77.36,1,,,True,20.8,5.0
v3,synth_2500_balanced,2500kcal / balanced,synthetic,lunch_snack_dinner,2500.0,136.0,297.8,85.0,2511,158,270,89,0.4,16.2,-9.3,4.7,strict_tight,0.08,strict,1.0,117.8,1,,,True,24.9,5.0
v3,synth_2500_balanced,2500kcal / balanced,synthetic,lunch_dinner,2500.0,136.0,297.8,85.0,2485,161,264,87,-0.6,18.4,-11.3,2.4,strict_relaxed_tol,0.15,strict,0.5,476.15,6,,,True,30.1,8.5
v3,synth_2500_balanced,2500kcal / balanced,synthetic,lunch_only,2500.0,136.0,297.8,85.0,2349,266,107,95,-6.0,95.6,-64.1,11.8,single_meal_kcal_only,0.08,strict,1.0,71.69,1,,,True,71.1,8.0
v3,synth_2500_balanced,2500kcal / balanced,synthetic,dinner_only,2500.0,136.0,297.8,85.0,2461,124,297,86,-1.6,-8.8,-0.3,1.2,single_meal_kcal_only,0.08,strict,1.0,83.07,1,,,True,50.1,14.0
v3,synth_2500_balanced,2500kcal / balanced,synthetic,lunch_snack,2500.0,136.0,297.8,85.0,2212,158,197,88,-11.5,16.2,-33.8,3.5,best_effort_lp,BEST_EFFORT_LP,relaxed,1.0,1144.45,17,,,True,37.7,6.0
v3,synth_2500_low_protein,2500kcal / low protein,synthetic,full_day,2500.0,93.5,340.2,85.0,2578,128,307,93,3.1,36.9,-9.8,9.4,relaxed_culinary,0.2,relaxed,0.5,1390.57,16,,,True,34.7,7.0
v3,synth_2500_low_protein,2500kcal / low protein,synthetic,lunch_snack_dinner,2500.0,93.5,340.2,85.0,2588,123,305,97,3.5,31.6,-10.3,14.1,relaxed_culinary,0.2,relaxed,0.5,1267.79,16,,,True,34.6,7.0
v3,synth_2500_low_protein,2500kcal / low protein,synthetic,lunch_dinner,2500.0,93.5,340.2,85.0,2154,136,223,80,-13.8,45.5,-34.5,-5.9,best_effort_lp,BEST_EFFORT_LP,relaxed,1.0,1179.65,17,,,True,28.6,7.0
v3,synth_2500_low_protein,2500kcal / low protein,synthetic,lunch_only,2500.0,93.5,340.2,85.0,2349,266,107,95,-6.0,184.5,-68.5,11.8,single_meal_kcal_only,0.08,strict,1.0,69.75,1,,,True,71.1,8.0
v3,synth_2500_low_protein,2500kcal / low protein,synthetic,dinner_only,2500.0,93.5,340.2,85.0,2464,115,318,81,-1.4,23.0,-6.5,-4.7,single_meal_kcal_only,0.08,strict,1.0,73.51,1,,,True,53.5,15.0
v3,synth_2500_low_protein,2500kcal / low protein,synthetic,lunch_snack,2500.0,93.5,340.2,85.0,1876,125,178,74,-25.0,33.7,-47.7,-12.9,best_effort_lp,BEST_EFFORT_LP,relaxed,1.0,1218.69,17,,,True,34.1,5.0
v3,synth_2500_extremely_low_protein,2500kcal / extremely low protein,synthetic,full_day,2500.0,51.0,382.8,85.0,1850,91,204,74,-26.0,78.4,-46.7,-12.9,best_effort_lp,BEST_EFFORT_LP,relaxed,1.0,1213.3,17,,,True,34.6,5.0
v3,synth_2500_extremely_low_protein,2500kcal / extremely low protein,synthetic,lunch_snack_dinner,2500.0,51.0,382.8,85.0,1467,72,162,59,-41.3,41.2,-57.7,-30.6,best_effort_lp,BEST_EFFORT_LP,relaxed,1.0,1186.23,17,,,True,34.9,4.0
v3,synth_2500_extremely_low_protein,2500kcal / extremely low protein,synthetic,lunch_dinner,2500.0,51.0,382.8,85.0,956,61,94,37,-61.8,19.6,-75.4,-56.5,best_effort_lp,BEST_EFFORT_LP,relaxed,1.0,1673.26,17,,,True,21.8,2.0
v3,synth_2500_extremely_low_protein,2500kcal / extremely low protein,synthetic,lunch_only,2500.0,51.0,382.8,85.0,2349,266,107,95,-6.0,421.6,-72.0,11.8,single_meal_kcal_only,0.08,strict,1.0,92.9,1,,,True,71.1,8.0
v3,synth_2500_extremely_low_protein,2500kcal / extremely low protein,synthetic,dinner_only,2500.0,51.0,382.8,85.0,2464,115,318,81,-1.4,125.5,-16.9,-4.7,single_meal_kcal_only,0.08,strict,1.0,99.96,1,,,True,53.5,15.0
v3,synth_2500_extremely_low_protein,2500kcal / extremely low protein,synthetic,lunch_snack,2500.0,51.0,382.8,85.0,1238,83,117,49,-50.5,62.7,-69.4,-42.4,best_effort_lp,BEST_EFFORT_LP,relaxed,1.0,1720.15,17,,,True,33.7,3.0
v3,synth_2500_high_protein,2500kcal / high protein,synthetic,full_day,2500.0,170.0,263.8,85.0,2511,170,261,88,0.4,0.0,-1.1,3.5,strict_tight,0.08,strict,1.0,106.42,1,,,True,24.9,5.0
v3,synth_2500_high_protein,2500kcal / high protein,synthetic,lunch_snack_dinner,2500.0,170.0,263.8,85.0,2457,167,260,84,-1.7,-1.8,-1.4,-1.2,strict_tight,0.08,strict,1.0,186.74,1,,,True,25.5,7.0
v3,synth_2500_high_protein,2500kcal / high protein,synthetic,lunch_dinner,2500.0,170.0,263.8,85.0,2468,170,247,89,-1.3,0.0,-6.4,4.7,strict_tight,0.08,strict,1.0,166.77,1,,,True,25.4,7.0
v3,synth_2500_high_protein,2500kcal / high protein,synthetic,lunch_only,2500.0,170.0,263.8,85.0,2349,266,107,95,-6.0,56.5,-59.4,11.8,single_meal_kcal_only,0.08,strict,1.0,109.38,1,,,True,71.1,8.0
v3,synth_2500_high_protein,2500kcal / high protein,synthetic,dinner_only,2500.0,170.0,263.8,85.0,2373,123,277,86,-5.1,-27.6,5.0,1.2,single_meal_kcal_only,0.08,strict,1.0,99.17,1,,,True,48.2,13.0
v3,synth_2500_high_protein,2500kcal / high protein,synthetic,lunch_snack,2500.0,170.0,263.8,85.0,2283,183,195,86,-8.7,7.6,-26.1,1.2,best_effort_lp,BEST_EFFORT_LP,relaxed,1.0,1259.36,17,,,True,45.7,6.0
v3,synth_2500_extremely_high_protein,2500kcal / extremely high protein,synthetic,full_day,2500.0,221.0,212.8,85.0,2510,206,210,94,0.4,-6.8,-1.3,10.6,strict_tight,0.08,strict,1.0,113.77,1,,,True,33.3,5.0
v3,synth_2500_extremely_high_protein,2500kcal / extremely high protein,synthetic,lunch_snack_dinner,2500.0,221.0,212.8,85.0,2480,212,216,85,-0.8,-4.1,1.5,0.0,strict_tight,0.08,strict,0.5,268.58,2,,,True,42.1,6.0
v3,synth_2500_extremely_high_protein,2500kcal / extremely high protein,synthetic,lunch_dinner,2500.0,221.0,212.8,85.0,2554,220,206,95,2.2,-0.5,-3.2,11.8,strict_tight,0.08,strict,1.0,98.84,1,,,True,40.8,6.0
v3,synth_2500_extremely_high_protein,2500kcal / extremely high protein,synthetic,lunch_only,2500.0,221.0,212.8,85.0,2349,266,107,95,-6.0,20.4,-49.7,11.8,single_meal_kcal_only,0.08,strict,1.0,70.92,1,,,True,71.1,8.0
v3,synth_2500_extremely_high_protein,2500kcal / extremely high protein,synthetic,dinner_only,2500.0,221.0,212.8,85.0,2416,145,220,106,-3.4,-34.4,3.4,24.7,single_meal_kcal_only,0.08,strict,1.0,93.85,1,,,True,57.2,10.0
v3,synth_2500_extremely_high_protein,2500kcal / extremely high protein,synthetic,lunch_snack,2500.0,221.0,212.8,85.0,2572,241,182,98,2.9,9.0,-14.5,15.3,strict_relaxed_tol,0.15,strict,1.0,347.76,5,,,True,56.8,7.0
v3,synth_2500_low_fat,2500kcal / low fat,synthetic,full_day,2500.0,136.0,393.4,42.5,2069,133,220,73,-17.2,-2.2,-44.1,71.8,best_effort_lp,BEST_EFFORT_LP,relaxed,1.0,1215.51,17,,,True,21.3,5.0
v3,synth_2500_low_fat,2500kcal / low fat,synthetic,lunch_snack_dinner,2500.0,136.0,393.4,42.5,2144,133,236,74,-14.2,-2.2,-40.0,74.1,best_effort_lp,BEST_EFFORT_LP,relaxed,1.0,1199.02,17,,,True,28.7,7.0
v3,synth_2500_low_fat,2500kcal / low fat,synthetic,lunch_dinner,2500.0,136.0,393.4,42.5,2016,131,218,69,-19.4,-3.7,-44.6,62.4,best_effort_lp,BEST_EFFORT_LP,relaxed,1.0,1191.28,17,,,True,30.5,7.0
v3,synth_2500_low_fat,2500kcal / low fat,synthetic,lunch_only,2500.0,136.0,393.4,42.5,2350,288,102,88,-6.0,111.8,-74.1,107.1,single_meal_kcal_only,0.08,strict,1.0,68.13,1,,,True,79.9,9.0
v3,synth_2500_low_fat,2500kcal / low fat,synthetic,dinner_only,2500.0,136.0,393.4,42.5,2395,112,316,76,-4.2,-17.6,-19.7,78.8,single_meal_kcal_only,0.08,strict,1.0,68.55,1,,,True,55.1,15.0
v3,synth_2500_low_fat,2500kcal / low fat,synthetic,lunch_snack,2500.0,136.0,393.4,42.5,1435,139,107,50,-42.6,2.2,-72.8,17.6,best_effort_lp,BEST_EFFORT_LP,relaxed,1.0,1143.67,17,,,True,58.2,4.0
v3,synth_2500_extremely_low_fat,2500kcal / extremely low fat,synthetic,full_day,2500.0,136.0,441.2,21.2,1339,81,136,52,-46.4,-40.4,-69.2,145.3,best_effort_lp,BEST_EFFORT_LP,relaxed,1.0,1155.47,17,,,True,15.6,2.0
v3,synth_2500_extremely_low_fat,2500kcal / extremely low fat,synthetic,lunch_snack_dinner,2500.0,136.0,441.2,21.2,1084,64,111,43,-56.6,-52.9,-74.8,102.8,best_effort_lp,BEST_EFFORT_LP,relaxed,1.0,1165.73,17,,,True,19.3,2.0
v3,synth_2500_extremely_low_fat,2500kcal / extremely low fat,synthetic,lunch_dinner,2500.0,136.0,441.2,21.2,956,61,94,37,-61.8,-55.1,-78.7,74.5,best_effort_lp,BEST_EFFORT_LP,relaxed,1.0,1213.5,17,,,True,21.8,2.0
v3,synth_2500_extremely_low_fat,2500kcal / extremely low fat,synthetic,lunch_only,2500.0,136.0,441.2,21.2,2350,288,102,88,-6.0,111.8,-76.9,315.1,single_meal_kcal_only,0.08,strict,1.0,92.09,1,,,True,79.9,9.0
v3,synth_2500_extremely_low_fat,2500kcal / extremely low fat,synthetic,dinner_only,2500.0,136.0,441.2,21.2,2395,112,316,76,-4.2,-17.6,-28.4,258.5,single_meal_kcal_only,0.08,strict,1.0,86.89,1,,,True,55.1,15.0
v3,synth_2500_extremely_low_fat,2500kcal / extremely low fat,synthetic,lunch_snack,2500.0,136.0,441.2,21.2,600,42,56,23,-76.0,-69.1,-87.3,8.5,best_effort_lp,BEST_EFFORT_LP,relaxed,1.0,1290.83,17,,,True,34.8,1.0
v3,synth_2500_high_fat,2500kcal / high fat,synthetic,full_day,2500.0,136.0,183.0,136.0,2624,168,206,125,5.0,23.5,12.6,-8.1,strict_relaxed_tol,0.15,strict,1.0,548.25,5,,,True,24.4,5.0
v3,synth_2500_high_fat,2500kcal / high fat,synthetic,lunch_snack_dinner,2500.0,136.0,183.0,136.0,2567,164,202,123,2.7,20.6,10.4,-9.6,strict_relaxed_tol,0.1,strict,0.5,408.07,4,,,True,24.9,5.0
v3,synth_2500_high_fat,2500kcal / high fat,synthetic,lunch_dinner,2500.0,136.0,183.0,136.0,2047,136,186,84,-18.1,0.0,1.6,-38.2,best_effort_lp,BEST_EFFORT_LP,relaxed,1.0,1226.47,17,,,True,22.5,5.0
v3,synth_2500_high_fat,2500kcal / high fat,synthetic,lunch_only,2500.0,136.0,183.0,136.0,2418,269,109,101,-3.3,97.8,-40.4,-25.7,single_meal_kcal_only,0.08,strict,1.0,67.77,1,,,True,69.0,8.0
v3,synth_2500_high_fat,2500kcal / high fat,synthetic,dinner_only,2500.0,136.0,183.0,136.0,2378,147,185,117,-4.9,8.1,1.1,-14.0,single_meal_kcal_only,0.08,strict,1.0,76.06,1,,,True,58.1,9.0
v3,synth_2500_high_fat,2500kcal / high fat,synthetic,lunch_snack,2500.0,136.0,183.0,136.0,2154,158,182,88,-13.8,16.2,-0.5,-35.3,best_effort_lp,BEST_EFFORT_LP,relaxed,1.0,1260.11,17,,,True,38.8,5.0
v3,synth_2500_extremely_high_fat,2500kcal / extremely high fat,synthetic,full_day,2500.0,136.0,68.2,187.0,1649,126,114,77,-34.0,-7.4,67.2,-58.8,best_effort_lp,BEST_EFFORT_LP,relaxed,1.0,1225.41,17,,,True,25.3,2.0
v3,synth_2500_extremely_high_fat,2500kcal / extremely high fat,synthetic,lunch_snack_dinner,2500.0,136.0,68.2,187.0,1753,135,116,83,-29.9,-0.7,70.1,-55.6,best_effort_lp,BEST_EFFORT_LP,relaxed,1.0,1266.31,17,,,True,35.0,4.0
v3,synth_2500_extremely_high_fat,2500kcal / extremely high fat,synthetic,lunch_dinner,2500.0,136.0,68.2,187.0,1694,135,102,83,-32.2,-0.7,49.6,-55.6,best_effort_lp,BEST_EFFORT_LP,relaxed,1.0,1489.01,17,,,True,36.2,4.0
v3,synth_2500_extremely_high_fat,2500kcal / extremely high fat,synthetic,lunch_only,2500.0,136.0,68.2,187.0,2417,293,68,108,-3.3,115.4,-0.3,-42.2,single_meal_kcal_only,0.08,strict,1.0,104.66,1,,,True,77.7,9.0
v3,synth_2500_extremely_high_fat,2500kcal / extremely high fat,synthetic,dinner_only,2500.0,136.0,68.2,187.0,2352,167,126,131,-5.9,22.8,84.8,-29.9,single_meal_kcal_only,0.08,strict,1.0,79.16,1,,,True,71.8,11.0
v3,synth_2500_extremely_high_fat,2500kcal / extremely high fat,synthetic,lunch_snack,2500.0,136.0,68.2,187.0,1364,138,68,60,-45.4,1.5,-0.3,-67.9,best_effort_lp,BEST_EFFORT_LP,relaxed,1.0,1728.82,17,,,True,61.2,4.0
v3,synth_2500_low_carbs,2500kcal / low carbs,synthetic,full_day,2500.0,170.0,187.3,119.0,2496,166,189,120,-0.2,-2.4,0.9,0.8,strict_tight,0.08,strict,1.0,179.19,1,,,True,24.6,4.0
v3,synth_2500_low_carbs,2500kcal / low carbs,synthetic,lunch_snack_dinner,2500.0,170.0,187.3,119.0,2556,173,198,119,2.2,1.8,5.7,0.0,strict_tight,0.08,strict,1.0,149.54,1,,,True,24.5,4.0
v3,synth_2500_low_carbs,2500kcal / low carbs,synthetic,lunch_dinner,2500.0,170.0,187.3,119.0,2462,181,190,109,-1.5,6.5,1.4,-8.4,strict_tight,0.08,strict,1.0,106.09,1,,,True,25.4,6.0
v3,synth_2500_low_carbs,2500kcal / low carbs,synthetic,lunch_only,2500.0,170.0,187.3,119.0,2418,269,109,101,-3.3,58.2,-41.8,-15.1,single_meal_kcal_only,0.08,strict,1.0,72.94,1,,,True,69.0,8.0
v3,synth_2500_low_carbs,2500kcal / low carbs,synthetic,dinner_only,2500.0,170.0,187.3,119.0,2547,169,182,127,1.9,-0.6,-2.8,6.7,single_meal_kcal_only,0.08,strict,1.0,71.93,1,,,True,66.3,11.0
v3,synth_2500_low_carbs,2500kcal / low carbs,synthetic,lunch_snack,2500.0,170.0,187.3,119.0,2472,205,180,104,-1.1,20.6,-3.9,-12.6,strict_relaxed_tol,0.2,strict,0.5,551.01,8,,,True,46.4,5.5
v3,synth_2500_extremely_low_carbs,2500kcal / extremely low carbs,synthetic,full_day,2500.0,204.0,76.8,153.0,2646,241,110,138,5.8,18.1,43.2,-9.8,strict_relaxed_tol,0.2,strict,0.5,787.01,8,,,True,35.5,5.0
v3,synth_2500_extremely_low_carbs,2500kcal / extremely low carbs,synthetic,lunch_snack_dinner,2500.0,204.0,76.8,153.0,2594,230,110,137,3.8,12.7,43.2,-10.5,strict_relaxed_tol,0.2,strict,0.5,622.36,8,,,True,35.5,6.0
v3,synth_2500_extremely_low_carbs,2500kcal / extremely low carbs,synthetic,lunch_dinner,2500.0,204.0,76.8,153.0,2607,231,109,138,4.3,13.2,41.9,-9.8,strict_relaxed_tol,0.15,strict,0.5,523.14,6,,,True,35.3,6.0
v3,synth_2500_extremely_low_carbs,2500kcal / extremely low carbs,synthetic,lunch_only,2500.0,204.0,76.8,153.0,2313,266,87,100,-7.5,30.4,13.3,-34.6,single_meal_kcal_only,0.08,strict,1.0,71.86,1,,,True,72.2,8.0
v3,synth_2500_extremely_low_carbs,2500kcal / extremely low carbs,synthetic,dinner_only,2500.0,204.0,76.8,153.0,2575,183,129,147,3.0,-10.3,68.0,-3.9,single_meal_kcal_only,0.08,strict,1.0,71.62,1,,,True,71.6,12.0
v3,synth_2500_extremely_low_carbs,2500kcal / extremely low carbs,synthetic,lunch_snack,2500.0,204.0,76.8,153.0,1919,205,78,88,-23.2,0.5,1.6,-42.5,best_effort_lp,BEST_EFFORT_LP,relaxed,1.0,1242.57,17,,,True,65.2,6.0
v3,synth_2500_high_carbs,2500kcal / high carbs,synthetic,full_day,2500.0,102.0,408.2,51.0,1466,96,143,57,-41.4,-5.9,-65.0,11.8,best_effort_lp,BEST_EFFORT_LP,relaxed,1.0,1247.05,17,,,True,17.4,2.0
v3,synth_2500_high_carbs,2500kcal / high carbs,synthetic,lunch_snack_dinner,2500.0,102.0,408.2,51.0,1292,94,113,51,-48.3,-7.8,-72.3,0.0,best_effort_lp,BEST_EFFORT_LP,relaxed,1.0,1209.5,17,,,True,32.3,2.0
v3,synth_2500_high_carbs,2500kcal / high carbs,synthetic,lunch_dinner,2500.0,102.0,408.2,51.0,1687,114,178,58,-32.5,11.8,-56.4,13.7,best_effort_lp,BEST_EFFORT_LP,relaxed,1.0,1239.9,17,,,True,26.1,5.0
v3,synth_2500_high_carbs,2500kcal / high carbs,synthetic,lunch_only,2500.0,102.0,408.2,51.0,2349,266,107,95,-6.0,160.8,-73.8,86.3,single_meal_kcal_only,0.08,strict,1.0,68.08,1,,,True,71.1,8.0
v3,synth_2500_high_carbs,2500kcal / high carbs,synthetic,dinner_only,2500.0,102.0,408.2,51.0,2395,112,316,76,-4.2,9.8,-22.6,49.0,single_meal_kcal_only,0.08,strict,1.0,68.04,1,,,True,55.1,15.0
v3,synth_2500_high_carbs,2500kcal / high carbs,synthetic,lunch_snack,2500.0,102.0,408.2,51.0,1482,114,139,52,-40.7,11.8,-65.9,2.0,best_effort_lp,BEST_EFFORT_LP,relaxed,1.0,1214.42,17,,,True,42.2,3.0
v3,synth_2500_extremely_high_carbs,2500kcal / extremely high carbs,synthetic,full_day,2500.0,76.5,481.6,29.7,1339,81,136,52,-46.4,5.9,-71.8,75.1,best_effort_lp,BEST_EFFORT_LP,relaxed,1.0,1186.17,17,,,True,15.6,2.0
v3,synth_2500_extremely_high_carbs,2500kcal / extremely high carbs,synthetic,lunch_snack_dinner,2500.0,76.5,481.6,29.7,1084,64,111,43,-56.6,-16.3,-77.0,44.8,best_effort_lp,BEST_EFFORT_LP,relaxed,1.0,1200.89,17,,,True,19.3,2.0
v3,synth_2500_extremely_high_carbs,2500kcal / extremely high carbs,synthetic,lunch_dinner,2500.0,76.5,481.6,29.7,956,61,94,37,-61.8,-20.3,-80.5,24.6,best_effort_lp,BEST_EFFORT_LP,relaxed,1.0,1166.48,17,,,True,21.8,2.0
v3,synth_2500_extremely_high_carbs,2500kcal / extremely high carbs,synthetic,lunch_only,2500.0,76.5,481.6,29.7,2349,266,107,95,-6.0,247.7,-77.8,219.9,single_meal_kcal_only,0.08,strict,1.0,84.22,1,,,True,71.1,8.0
v3,synth_2500_extremely_high_carbs,2500kcal / extremely high carbs,synthetic,dinner_only,2500.0,76.5,481.6,29.7,2395,112,316,76,-4.2,46.4,-34.4,155.9,single_meal_kcal_only,0.08,strict,1.0,91.91,1,,,True,55.1,15.0
v3,synth_2500_extremely_high_carbs,2500kcal / extremely high carbs,synthetic,lunch_snack,2500.0,76.5,481.6,29.7,913,75,80,32,-63.5,-2.0,-83.4,7.7,best_effort_lp,BEST_EFFORT_LP,relaxed,1.0,1156.96,17,,,True,45.7,2.0
v3,synth_3000_balanced,3000kcal / balanced,synthetic,full_day,3000.0,152.0,384.2,95.0,3011,175,347,103,0.4,15.1,-9.7,8.4,strict_tight,0.08,strict,0.5,212.61,2,,,True,21.9,7.5
v3,synth_3000_balanced,3000kcal / balanced,synthetic,lunch_snack_dinner,3000.0,152.0,384.2,95.0,3072,178,352,106,2.4,17.1,-8.4,11.6,strict_tight,0.08,strict,0.5,218.1,2,,,True,25.0,7.5
v3,synth_3000_balanced,3000kcal / balanced,synthetic,lunch_dinner,3000.0,152.0,384.2,95.0,2816,186,305,95,-6.1,22.4,-20.6,0.0,best_effort_lp,BEST_EFFORT_LP,relaxed,1.0,1235.38,17,,,True,31.2,10.0
v3,synth_3000_balanced,3000kcal / balanced,synthetic,lunch_only,3000.0,152.0,384.2,95.0,2766,327,111,113,-7.8,115.1,-71.1,18.9,single_meal_kcal_only,0.08,strict,1.0,67.66,1,,,True,75.4,10.0
v3,synth_3000_balanced,3000kcal / balanced,synthetic,dinner_only,3000.0,152.0,384.2,95.0,2966,145,376,98,-1.1,-4.6,-2.1,3.2,single_meal_kcal_only,0.08,strict,1.0,68.41,1,,,True,53.4,18.0
v3,synth_3000_balanced,3000kcal / balanced,synthetic,lunch_snack,3000.0,152.0,384.2,95.0,2281,161,199,93,-24.0,5.9,-48.2,-2.1,best_effort_lp,BEST_EFFORT_LP,relaxed,1.0,1187.26,17,,,True,36.6,6.0
v3,synth_3000_low_protein,3000kcal / low protein,synthetic,full_day,3000.0,104.5,431.8,95.0,2219,109,242,91,-26.0,4.3,-44.0,-4.2,best_effort_lp,BEST_EFFORT_LP,relaxed,1.0,1250.17,17,,,True,34.6,6.0
v3,synth_3000_low_protein,3000kcal / low protein,synthetic,lunch_snack_dinner,3000.0,104.5,431.8,95.0,2582,132,298,96,-13.9,26.3,-31.0,1.1,best_effort_lp,BEST_EFFORT_LP,relaxed,1.0,1148.15,17,,,True,34.7,7.0
v3,synth_3000_low_protein,3000kcal / low protein,synthetic,lunch_dinner,3000.0,104.5,431.8,95.0,2154,136,223,80,-28.2,30.1,-48.4,-15.8,best_effort_lp,BEST_EFFORT_LP,relaxed,1.0,1166.39,17,,,True,28.6,7.0
v3,synth_3000_low_protein,3000kcal / low protein,synthetic,lunch_only,3000.0,104.5,431.8,95.0,2766,327,111,113,-7.8,212.9,-74.3,18.9,single_meal_kcal_only,0.08,strict,1.0,71.53,1,,,True,75.4,10.0
v3,synth_3000_low_protein,3000kcal / low protein,synthetic,dinner_only,3000.0,104.5,431.8,95.0,2794,132,358,93,-6.9,26.3,-17.1,-2.1,single_meal_kcal_only,0.08,strict,1.0,91.94,1,,,True,53.5,17.0
v3,synth_3000_low_protein,3000kcal / low protein,synthetic,lunch_snack,3000.0,104.5,431.8,95.0,1876,125,178,74,-37.5,19.6,-58.8,-22.1,best_effort_lp,BEST_EFFORT_LP,relaxed,1.0,1143.87,17,,,True,34.1,5.0
v3,synth_3000_extremely_low_protein,3000kcal / extremely low protein,synthetic,full_day,3000.0,57.0,479.2,95.0,1850,91,204,74,-38.3,59.6,-57.4,-22.1,best_effort_lp,BEST_EFFORT_LP,relaxed,1.0,1188.91,17,,,True,34.6,5.0
v3,synth_3000_extremely_low_protein,3000kcal / extremely low protein,synthetic,lunch_snack_dinner,3000.0,57.0,479.2,95.0,1467,72,162,59,-51.1,26.3,-66.2,-37.9,best_effort_lp,BEST_EFFORT_LP,relaxed,1.0,1152.86,17,,,True,34.9,4.0
v3,synth_3000_extremely_low_protein,3000kcal / extremely low protein,synthetic,lunch_dinner,3000.0,57.0,479.2,95.0,956,61,94,37,-68.1,7.0,-80.4,-61.1,best_effort_lp,BEST_EFFORT_LP,relaxed,1.0,1274.03,17,,,True,21.8,2.0
v3,synth_3000_extremely_low_protein,3000kcal / extremely low protein,synthetic,lunch_only,3000.0,57.0,479.2,95.0,2766,327,111,113,-7.8,473.7,-76.8,18.9,single_meal_kcal_only,0.08,strict,1.0,68.78,1,,,True,75.4,10.0
v3,synth_3000_extremely_low_protein,3000kcal / extremely low protein,synthetic,dinner_only,3000.0,57.0,479.2,95.0,2794,132,358,93,-6.9,131.6,-25.3,-2.1,single_meal_kcal_only,0.08,strict,1.0,70.17,1,,,True,53.5,17.0
v3,synth_3000_extremely_low_protein,3000kcal / extremely low protein,synthetic,lunch_snack,3000.0,57.0,479.2,95.0,1238,83,117,49,-58.7,45.6,-75.6,-48.4,best_effort_lp,BEST_EFFORT_LP,relaxed,1.0,1283.82,17,,,True,33.7,3.0
v3,synth_3000_high_protein,3000kcal / high protein,synthetic,full_day,3000.0,190.0,346.2,95.0,2968,189,319,104,-1.1,-0.5,-7.9,9.5,strict_tight,0.08,strict,1.0,107.8,1,,,True,21.1,7.0
v3,synth_3000_high_protein,3000kcal / high protein,synthetic,lunch_snack_dinner,3000.0,190.0,346.2,95.0,3013,191,324,106,0.4,0.5,-6.4,11.6,strict_tight,0.08,strict,1.0,103.67,1,,,True,29.2,10.0
v3,synth_3000_high_protein,3000kcal / high protein,synthetic,lunch_dinner,3000.0,190.0,346.2,95.0,3008,207,319,100,0.3,8.9,-7.9,5.3,strict_tight,0.08,strict,0.5,165.03,2,,,True,32.2,11.0
v3,synth_3000_high_protein,3000kcal / high protein,synthetic,lunch_only,3000.0,190.0,346.2,95.0,2766,327,111,113,-7.8,72.1,-67.9,18.9,single_meal_kcal_only,0.08,strict,1.0,65.63,1,,,True,75.4,10.0
v3,synth_3000_high_protein,3000kcal / high protein,synthetic,dinner_only,3000.0,190.0,346.2,95.0,2878,143,357,98,-4.1,-24.7,3.1,3.2,single_meal_kcal_only,0.08,strict,1.0,66.47,1,,,True,52.0,17.0
v3,synth_3000_high_protein,3000kcal / high protein,synthetic,lunch_snack,3000.0,190.0,346.2,95.0,2421,188,199,97,-19.3,-1.1,-42.5,2.1,best_effort_lp,BEST_EFFORT_LP,relaxed,1.0,1103.52,17,,,True,43.1,6.0
v3,synth_3000_extremely_high_protein,3000kcal / extremely high protein,synthetic,full_day,3000.0,247.0,289.2,95.0,3015,229,286,106,0.5,-7.3,-1.1,11.6,strict_tight,0.08,strict,1.0,108.71,1,,,True,27.7,7.0
v3,synth_3000_extremely_high_protein,3000kcal / extremely high protein,synthetic,lunch_snack_dinner,3000.0,247.0,289.2,95.0,3002,230,282,106,0.1,-6.9,-2.5,11.6,strict_tight,0.08,strict,1.0,138.18,1,,,True,34.7,7.0
v3,synth_3000_extremely_high_protein,3000kcal / extremely high protein,synthetic,lunch_dinner,3000.0,247.0,289.2,95.0,3076,242,288,106,2.5,-2.0,-0.4,11.6,strict_tight,0.08,strict,1.0,81.34,1,,,True,33.9,9.0
v3,synth_3000_extremely_high_protein,3000kcal / extremely high protein,synthetic,lunch_only,3000.0,247.0,289.2,95.0,2766,327,111,113,-7.8,32.4,-61.6,18.9,single_meal_kcal_only,0.08,strict,1.0,66.93,1,,,True,75.4,10.0
v3,synth_3000_extremely_high_protein,3000kcal / extremely high protein,synthetic,dinner_only,3000.0,247.0,289.2,95.0,2768,152,299,108,-7.7,-38.5,3.4,13.7,single_meal_kcal_only,0.08,strict,1.0,65.37,1,,,True,49.9,14.0
v3,synth_3000_extremely_high_protein,3000kcal / extremely high protein,synthetic,lunch_snack,3000.0,247.0,289.2,95.0,2956,248,234,114,-1.5,0.4,-19.1,20.0,best_effort_lp,BEST_EFFORT_LP,relaxed,1.0,1256.0,17,,,True,49.4,8.0
v3,synth_3000_low_fat,3000kcal / low fat,synthetic,full_day,3000.0,152.0,491.1,47.5,2197,148,227,77,-26.8,-2.6,-53.8,62.1,best_effort_lp,BEST_EFFORT_LP,relaxed,1.0,1059.38,17,,,True,20.0,5.0
v3,synth_3000_low_fat,3000kcal / low fat,synthetic,lunch_snack_dinner,3000.0,152.0,491.1,47.5,2128,150,219,72,-29.1,-1.3,-55.4,51.6,best_effort_lp,BEST_EFFORT_LP,relaxed,1.0,1220.23,17,,,True,29.4,5.0
v3,synth_3000_low_fat,3000kcal / low fat,synthetic,lunch_dinner,3000.0,152.0,491.1,47.5,2000,147,202,67,-33.3,-3.3,-58.9,41.1,best_effort_lp,BEST_EFFORT_LP,relaxed,1.0,1101.39,17,,,True,31.3,5.0
v3,synth_3000_low_fat,3000kcal / low fat,synthetic,lunch_only,3000.0,152.0,491.1,47.5,2768,349,107,105,-7.7,129.6,-78.2,121.1,single_meal_kcal_only,0.08,strict,1.0,64.67,1,,,True,82.9,11.0
v3,synth_3000_low_fat,3000kcal / low fat,synthetic,dinner_only,3000.0,152.0,491.1,47.5,3142,148,416,99,4.7,-2.6,-15.3,108.4,single_meal_kcal_only,0.08,strict,1.0,65.97,1,,,True,56.0,20.0
v3,synth_3000_low_fat,3000kcal / low fat,synthetic,lunch_snack,3000.0,152.0,491.1,47.5,1435,139,107,50,-52.2,-8.6,-78.2,5.3,best_effort_lp,BEST_EFFORT_LP,relaxed,1.0,1147.92,17,,,True,58.2,4.0
v3,synth_3000_extremely_low_fat,3000kcal / extremely low fat,synthetic,full_day,3000.0,152.0,544.6,23.8,1339,81,136,52,-55.4,-46.7,-75.0,118.5,best_effort_lp,BEST_EFFORT_LP,relaxed,1.0,1121.84,17,,,True,15.6,2.0
v3,synth_3000_extremely_low_fat,3000kcal / extremely low fat,synthetic,lunch_snack_dinner,3000.0,152.0,544.6,23.8,1084,64,111,43,-63.9,-57.9,-79.6,80.7,best_effort_lp,BEST_EFFORT_LP,relaxed,1.0,1101.07,17,,,True,19.3,2.0
v3,synth_3000_extremely_low_fat,3000kcal / extremely low fat,synthetic,lunch_dinner,3000.0,152.0,544.6,23.8,956,61,94,37,-68.1,-59.9,-82.7,55.5,best_effort_lp,BEST_EFFORT_LP,relaxed,1.0,1129.05,17,,,True,21.8,2.0
v3,synth_3000_extremely_low_fat,3000kcal / extremely low fat,synthetic,lunch_only,3000.0,152.0,544.6,23.8,2768,349,107,105,-7.7,129.6,-80.4,341.2,single_meal_kcal_only,0.08,strict,1.0,68.21,1,,,True,82.9,11.0
v3,synth_3000_extremely_low_fat,3000kcal / extremely low fat,synthetic,dinner_only,3000.0,152.0,544.6,23.8,2794,132,358,93,-6.9,-13.2,-34.3,290.8,single_meal_kcal_only,0.08,strict,1.0,67.07,1,,,True,53.5,17.0
v3,synth_3000_extremely_low_fat,3000kcal / extremely low fat,synthetic,lunch_snack,3000.0,152.0,544.6,23.8,600,42,56,23,-80.0,-72.4,-89.7,-3.4,best_effort_lp,BEST_EFFORT_LP,relaxed,1.0,1094.78,17,,,True,34.8,1.0
v3,synth_3000_high_fat,3000kcal / high fat,synthetic,full_day,3000.0,152.0,256.0,152.0,2998,185,257,137,-0.1,21.7,0.4,-9.9,strict_relaxed_tol,0.1,strict,0.5,527.19,4,,,True,23.5,5.5
v3,synth_3000_high_fat,3000kcal / high fat,synthetic,lunch_snack_dinner,3000.0,152.0,256.0,152.0,2988,185,254,137,-0.4,21.7,-0.8,-9.9,strict_relaxed_tol,0.1,strict,0.5,360.07,4,,,True,23.5,5.5
v3,synth_3000_high_fat,3000kcal / high fat,synthetic,lunch_dinner,3000.0,152.0,256.0,152.0,2606,176,252,99,-13.1,15.8,-1.6,-34.9,best_effort_lp,BEST_EFFORT_LP,relaxed,1.0,1234.71,17,,,True,24.0,7.0
v3,synth_3000_high_fat,3000kcal / high fat,synthetic,lunch_only,3000.0,152.0,256.0,152.0,2835,330,114,118,-5.5,117.1,-55.5,-22.4,single_meal_kcal_only,0.08,strict,1.0,70.26,1,,,True,73.6,10.0
v3,synth_3000_high_fat,3000kcal / high fat,synthetic,dinner_only,3000.0,152.0,256.0,152.0,2884,168,265,128,-3.9,10.5,3.5,-15.8,single_meal_kcal_only,0.08,strict,1.0,70.96,1,,,True,53.2,12.0
v3,synth_3000_high_fat,3000kcal / high fat,synthetic,lunch_snack,3000.0,152.0,256.0,152.0,2687,197,221,113,-10.4,29.6,-13.7,-25.7,best_effort_lp,BEST_EFFORT_LP,relaxed,1.0,1228.68,17,,,True,38.8,7.0
v3,synth_3000_extremely_high_fat,3000kcal / extremely high fat,synthetic,full_day,3000.0,152.0,127.7,209.0,1975,152,133,93,-34.2,0.0,4.2,-55.5,best_effort_lp,BEST_EFFORT_LP,relaxed,1.0,1225.55,17,,,True,31.1,4.0
v3,synth_3000_extremely_high_fat,3000kcal / extremely high fat,synthetic,lunch_snack_dinner,3000.0,152.0,127.7,209.0,2045,155,122,104,-31.8,2.0,-4.5,-50.2,best_effort_lp,BEST_EFFORT_LP,relaxed,1.0,1156.44,17,,,True,37.5,5.0
v3,synth_3000_extremely_high_fat,3000kcal / extremely high fat,synthetic,lunch_dinner,3000.0,152.0,127.7,209.0,2021,155,127,99,-32.6,2.0,-0.5,-52.6,best_effort_lp,BEST_EFFORT_LP,relaxed,1.0,1636.42,17,,,True,38.0,5.0
v3,synth_3000_extremely_high_fat,3000kcal / extremely high fat,synthetic,lunch_only,3000.0,152.0,127.7,209.0,2835,330,114,118,-5.5,117.1,-10.7,-43.5,single_meal_kcal_only,0.08,strict,1.0,118.31,1,,,True,73.6,10.0
v3,synth_3000_extremely_high_fat,3000kcal / extremely high fat,synthetic,dinner_only,3000.0,152.0,127.7,209.0,2816,199,149,158,-6.1,30.9,16.7,-24.4,single_meal_kcal_only,0.08,strict,1.0,124.14,1,,,True,70.9,13.0
v3,synth_3000_extremely_high_fat,3000kcal / extremely high fat,synthetic,lunch_snack,3000.0,152.0,127.7,209.0,1793,150,126,77,-40.2,-1.3,-1.3,-63.2,best_effort_lp,BEST_EFFORT_LP,relaxed,1.0,1763.85,17,,,True,46.5,4.0
v3,synth_3000_low_carbs,3000kcal / low carbs,synthetic,full_day,3000.0,190.0,260.8,133.0,2978,188,262,131,-0.7,-1.1,0.5,-1.5,strict_tight,0.08,strict,1.0,298.31,1,,,True,21.5,5.0
v3,synth_3000_low_carbs,3000kcal / low carbs,synthetic,lunch_snack_dinner,3000.0,190.0,260.8,133.0,2990,193,260,131,-0.3,1.6,-0.3,-1.5,strict_tight,0.08,strict,1.0,201.76,1,,,True,20.9,5.0
v3,synth_3000_low_carbs,3000kcal / low carbs,synthetic,lunch_dinner,3000.0,190.0,260.8,133.0,2913,203,254,121,-2.9,6.8,-2.6,-9.0,strict_tight,0.08,strict,1.0,103.31,1,,,True,26.4,7.0
v3,synth_3000_low_carbs,3000kcal / low carbs,synthetic,lunch_only,3000.0,190.0,260.8,133.0,2835,330,114,118,-5.5,73.7,-56.3,-11.3,single_meal_kcal_only,0.08,strict,1.0,104.21,1,,,True,73.6,10.0
v3,synth_3000_low_carbs,3000kcal / low carbs,synthetic,dinner_only,3000.0,190.0,260.8,133.0,3053,189,262,139,1.8,-0.5,0.5,4.5,single_meal_kcal_only,0.08,strict,1.0,112.06,1,,,True,60.4,12.0
v3,synth_3000_low_carbs,3000kcal / low carbs,synthetic,lunch_snack,3000.0,190.0,260.8,133.0,2855,213,231,120,-4.8,12.1,-11.4,-9.8,relaxed_culinary,0.1,relaxed,0.5,1136.48,12,,,True,40.2,7.5
v3,synth_3000_extremely_low_carbs,3000kcal / extremely low carbs,synthetic,full_day,3000.0,228.0,137.2,171.0,2937,250,137,154,-2.1,9.6,-0.1,-9.9,strict_tight,0.08,strict,0.5,210.6,2,,,True,34.0,6.5
v3,synth_3000_extremely_low_carbs,3000kcal / extremely low carbs,synthetic,lunch_snack_dinner,3000.0,228.0,137.2,171.0,3064,253,155,159,2.1,11.0,13.0,-7.0,strict_tight,0.08,strict,1.0,137.67,1,,,True,35.1,7.0
v3,synth_3000_extremely_low_carbs,3000kcal / extremely low carbs,synthetic,lunch_dinner,3000.0,228.0,137.2,171.0,3024,252,158,154,0.8,10.5,15.2,-9.9,strict_tight,0.08,strict,1.0,78.96,1,,,True,35.5,7.0
v3,synth_3000_extremely_low_carbs,3000kcal / extremely low carbs,synthetic,lunch_only,3000.0,228.0,137.2,171.0,2835,330,114,118,-5.5,44.7,-16.9,-31.0,single_meal_kcal_only,0.08,strict,1.0,65.78,1,,,True,73.6,10.0
v3,synth_3000_extremely_low_carbs,3000kcal / extremely low carbs,synthetic,dinner_only,3000.0,228.0,137.2,171.0,2985,220,147,169,-0.5,-3.5,7.1,-1.2,single_meal_kcal_only,0.08,strict,1.0,69.18,1,,,True,77.1,15.0
v3,synth_3000_extremely_low_carbs,3000kcal / extremely low carbs,synthetic,lunch_snack,3000.0,228.0,137.2,171.0,2511,243,131,113,-16.3,6.6,-4.5,-33.9,best_effort_lp,BEST_EFFORT_LP,relaxed,1.0,1089.67,17,,,True,58.2,7.0
v3,synth_3000_high_carbs,3000kcal / high carbs,synthetic,full_day,3000.0,114.0,507.8,57.0,1547,111,138,61,-48.4,-2.6,-72.8,7.0,best_effort_lp,BEST_EFFORT_LP,relaxed,1.0,1200.7,17,,,True,27.0,2.0
v3,synth_3000_high_carbs,3000kcal / high carbs,synthetic,lunch_snack_dinner,3000.0,114.0,507.8,57.0,1815,116,195,63,-39.5,1.8,-61.6,10.5,best_effort_lp,BEST_EFFORT_LP,relaxed,1.0,1175.54,17,,,True,24.2,5.0
v3,synth_3000_high_carbs,3000kcal / high carbs,synthetic,lunch_dinner,3000.0,114.0,507.8,57.0,1687,114,178,58,-43.8,0.0,-64.9,1.8,best_effort_lp,BEST_EFFORT_LP,relaxed,1.0,1119.69,17,,,True,26.1,5.0
v3,synth_3000_high_carbs,3000kcal / high carbs,synthetic,lunch_only,3000.0,114.0,507.8,57.0,2766,327,111,113,-7.8,186.8,-78.1,98.2,single_meal_kcal_only,0.08,strict,1.0,68.26,1,,,True,75.4,10.0
v3,synth_3000_high_carbs,3000kcal / high carbs,synthetic,dinner_only,3000.0,114.0,507.8,57.0,2794,132,358,93,-6.9,15.8,-29.5,63.2,single_meal_kcal_only,0.08,strict,1.0,67.66,1,,,True,53.5,17.0
v3,synth_3000_high_carbs,3000kcal / high carbs,synthetic,lunch_snack,3000.0,114.0,507.8,57.0,1610,117,156,58,-46.3,2.6,-69.3,1.8,best_effort_lp,BEST_EFFORT_LP,relaxed,1.0,1212.4,17,,,True,38.9,4.0
v3,synth_3000_extremely_high_carbs,3000kcal / extremely high carbs,synthetic,full_day,3000.0,85.5,589.7,33.2,1339,81,136,52,-55.4,-5.3,-76.9,56.6,best_effort_lp,BEST_EFFORT_LP,relaxed,1.0,1783.99,17,,,True,15.6,2.0
v3,synth_3000_extremely_high_carbs,3000kcal / extremely high carbs,synthetic,lunch_snack_dinner,3000.0,85.5,589.7,33.2,1084,64,111,43,-63.9,-25.1,-81.2,29.5,best_effort_lp,BEST_EFFORT_LP,relaxed,1.0,1599.19,17,,,True,19.3,2.0
v3,synth_3000_extremely_high_carbs,3000kcal / extremely high carbs,synthetic,lunch_dinner,3000.0,85.5,589.7,33.2,956,61,94,37,-68.1,-28.7,-84.1,11.4,best_effort_lp,BEST_EFFORT_LP,relaxed,1.0,1113.65,17,,,True,21.8,2.0
v3,synth_3000_extremely_high_carbs,3000kcal / extremely high carbs,synthetic,lunch_only,3000.0,85.5,589.7,33.2,2766,327,111,113,-7.8,282.5,-81.2,240.4,single_meal_kcal_only,0.08,strict,1.0,66.81,1,,,True,75.4,10.0
v3,synth_3000_extremely_high_carbs,3000kcal / extremely high carbs,synthetic,dinner_only,3000.0,85.5,589.7,33.2,2794,132,358,93,-6.9,54.4,-39.3,180.1,single_meal_kcal_only,0.08,strict,1.0,66.91,1,,,True,53.5,17.0
v3,synth_3000_extremely_high_carbs,3000kcal / extremely high carbs,synthetic,lunch_snack,3000.0,85.5,589.7,33.2,913,75,80,32,-69.6,-12.3,-86.4,-3.6,best_effort_lp,BEST_EFFORT_LP,relaxed,1.0,1088.59,17,,,True,45.7,2.0
v3,synth_3500_balanced,3500kcal / balanced,synthetic,full_day,3500.0,176.0,451.5,110.0,3588,205,414,124,2.5,16.5,-8.3,12.7,strict_tight,0.08,strict,0.5,186.6,2,,,True,24.9,8.5
v3,synth_3500_balanced,3500kcal / balanced,synthetic,lunch_snack_dinner,3500.0,176.0,451.5,110.0,3535,199,408,123,1.0,13.1,-9.6,11.8,strict_tight,0.08,strict,0.5,150.38,2,,,True,24.9,10.0
v3,synth_3500_balanced,3500kcal / balanced,synthetic,lunch_dinner,3500.0,176.0,451.5,110.0,3215,206,348,111,-8.1,17.0,-22.9,0.9,best_effort_lp,BEST_EFFORT_LP,relaxed,1.0,1439.28,17,,,True,32.8,12.0
v3,synth_3500_balanced,3500kcal / balanced,synthetic,lunch_only,3500.0,176.0,451.5,110.0,3253,391,118,135,-7.1,122.2,-73.9,22.7,single_meal_kcal_only,0.08,strict,1.0,72.73,1,,,True,77.0,12.0
v3,synth_3500_balanced,3500kcal / balanced,synthetic,dinner_only,3500.0,176.0,451.5,110.0,3472,165,456,110,-0.8,-6.2,1.0,0.0,single_meal_kcal_only,0.08,strict,1.0,72.54,1,,,True,55.8,22.0
v3,synth_3500_balanced,3500kcal / balanced,synthetic,lunch_snack,3500.0,176.0,451.5,110.0,2618,194,219,108,-25.2,10.2,-51.5,-1.8,best_effort_lp,BEST_EFFORT_LP,relaxed,1.0,1182.98,17,,,True,39.8,7.0
v3,synth_3500_low_protein,3500kcal / low protein,synthetic,full_day,3500.0,121.0,506.5,110.0,2964,151,339,111,-15.3,24.8,-33.1,0.9,best_effort_lp,BEST_EFFORT_LP,relaxed,1.0,1246.69,17,,,True,34.5,8.0
v3,synth_3500_low_protein,3500kcal / low protein,synthetic,lunch_snack_dinner,3500.0,121.0,506.5,110.0,3039,151,355,113,-13.2,24.8,-29.9,2.7,best_effort_lp,BEST_EFFORT_LP,relaxed,1.0,1251.31,17,,,True,33.7,8.0
v3,synth_3500_low_protein,3500kcal / low protein,synthetic,lunch_dinner,3500.0,121.0,506.5,110.0,3023,195,312,111,-13.6,61.2,-38.4,0.9,best_effort_lp,BEST_EFFORT_LP,relaxed,1.0,1220.07,17,,,True,29.1,10.0
v3,synth_3500_low_protein,3500kcal / low protein,synthetic,lunch_only,3500.0,121.0,506.5,110.0,3253,391,118,135,-7.1,223.1,-76.7,22.7,single_meal_kcal_only,0.08,strict,1.0,73.09,1,,,True,77.0,12.0
v3,synth_3500_low_protein,3500kcal / low protein,synthetic,dinner_only,3500.0,121.0,506.5,110.0,3280,154,421,109,-6.3,27.3,-16.9,-0.9,single_meal_kcal_only,0.08,strict,1.0,74.33,1,,,True,53.6,20.0
v3,synth_3500_low_protein,3500kcal / low protein,synthetic,lunch_snack,3500.0,121.0,506.5,110.0,1876,125,178,74,-46.4,3.3,-64.9,-32.7,best_effort_lp,BEST_EFFORT_LP,relaxed,1.0,1197.37,17,,,True,34.1,5.0
v3,synth_3500_extremely_low_protein,3500kcal / extremely low protein,synthetic,full_day,3500.0,66.0,561.5,110.0,1850,91,204,74,-47.1,37.9,-63.7,-32.7,best_effort_lp,BEST_EFFORT_LP,relaxed,1.0,1176.21,17,,,True,34.6,5.0
v3,synth_3500_extremely_low_protein,3500kcal / extremely low protein,synthetic,lunch_snack_dinner,3500.0,66.0,561.5,110.0,1467,72,162,59,-58.1,9.1,-71.1,-46.4,best_effort_lp,BEST_EFFORT_LP,relaxed,1.0,1207.15,17,,,True,34.9,4.0
v3,synth_3500_extremely_low_protein,3500kcal / extremely low protein,synthetic,lunch_dinner,3500.0,66.0,561.5,110.0,1197,77,115,48,-65.8,16.7,-79.5,-56.4,best_effort_lp,BEST_EFFORT_LP,relaxed,1.0,1226.52,17,,,True,25.6,3.0
v3,synth_3500_extremely_low_protein,3500kcal / extremely low protein,synthetic,lunch_only,3500.0,66.0,561.5,110.0,3253,391,118,135,-7.1,492.4,-79.0,22.7,single_meal_kcal_only,0.08,strict,1.0,70.26,1,,,True,77.0,12.0
v3,synth_3500_extremely_low_protein,3500kcal / extremely low protein,synthetic,dinner_only,3500.0,66.0,561.5,110.0,3280,154,421,109,-6.3,133.3,-25.0,-0.9,single_meal_kcal_only,0.08,strict,1.0,71.45,1,,,True,53.6,20.0
v3,synth_3500_extremely_low_protein,3500kcal / extremely low protein,synthetic,lunch_snack,3500.0,66.0,561.5,110.0,1238,83,117,49,-64.6,25.8,-79.2,-55.5,best_effort_lp,BEST_EFFORT_LP,relaxed,1.0,1213.08,17,,,True,33.7,3.0
v3,synth_3500_high_protein,3500kcal / high protein,synthetic,full_day,3500.0,220.0,407.5,110.0,3594,238,381,124,2.7,8.2,-6.5,12.7,strict_tight,0.08,strict,1.0,158.51,1,,,True,24.5,10.0
v3,synth_3500_high_protein,3500kcal / high protein,synthetic,lunch_snack_dinner,3500.0,220.0,407.5,110.0,3467,224,373,120,-0.9,1.8,-8.5,9.1,strict_tight,0.08,strict,1.0,104.15,1,,,True,25.4,10.0
v3,synth_3500_high_protein,3500kcal / high protein,synthetic,lunch_dinner,3500.0,220.0,407.5,110.0,3624,246,375,127,3.5,11.8,-8.0,15.5,strict_relaxed_tol,0.1,strict,0.5,349.03,4,,,True,32.8,13.5
v3,synth_3500_high_protein,3500kcal / high protein,synthetic,lunch_only,3500.0,220.0,407.5,110.0,3253,391,118,135,-7.1,77.7,-71.0,22.7,single_meal_kcal_only,0.08,strict,1.0,73.44,1,,,True,77.0,12.0
v3,synth_3500_high_protein,3500kcal / high protein,synthetic,dinner_only,3500.0,220.0,407.5,110.0,3296,162,417,109,-5.8,-26.4,2.3,-0.9,single_meal_kcal_only,0.08,strict,1.0,98.32,1,,,True,53.4,20.0
v3,synth_3500_high_protein,3500kcal / high protein,synthetic,lunch_snack,3500.0,220.0,407.5,110.0,2758,221,219,111,-21.2,0.5,-46.3,0.9,best_effort_lp,BEST_EFFORT_LP,relaxed,1.0,1214.03,17,,,True,45.4,7.0
v3,synth_3500_extremely_high_protein,3500kcal / extremely high protein,synthetic,full_day,3500.0,286.0,341.5,110.0,3514,263,341,122,0.4,-8.0,-0.1,10.9,strict_tight,0.08,strict,1.0,117.69,1,,,True,29.7,10.0
v3,synth_3500_extremely_high_protein,3500kcal / extremely high protein,synthetic,lunch_snack_dinner,3500.0,286.0,341.5,110.0,3501,277,327,121,0.0,-3.1,-4.2,10.0,strict_tight,0.08,strict,1.0,75.84,1,,,True,35.8,10.0
v3,synth_3500_extremely_high_protein,3500kcal / extremely high protein,synthetic,lunch_dinner,3500.0,286.0,341.5,110.0,3494,261,348,118,-0.2,-8.7,1.9,7.3,strict_tight,0.08,strict,1.0,109.03,1,,,True,30.2,12.0
v3,synth_3500_extremely_high_protein,3500kcal / extremely high protein,synthetic,lunch_only,3500.0,286.0,341.5,110.0,3253,391,118,135,-7.1,36.7,-65.4,22.7,single_meal_kcal_only,0.08,strict,1.0,71.7,1,,,True,77.0,12.0
v3,synth_3500_extremely_high_protein,3500kcal / extremely high protein,synthetic,dinner_only,3500.0,286.0,341.5,110.0,3251,182,340,129,-7.1,-36.4,-0.4,17.3,single_meal_kcal_only,0.08,strict,1.0,76.29,1,,,True,51.9,16.0
v3,synth_3500_extremely_high_protein,3500kcal / extremely high protein,synthetic,lunch_snack,3500.0,286.0,341.5,110.0,3292,281,253,128,-5.9,-1.7,-25.9,16.4,best_effort_lp,BEST_EFFORT_LP,relaxed,1.0,1153.94,17,,,True,50.7,9.0
v3,synth_3500_low_fat,3500kcal / low fat,synthetic,full_day,3500.0,176.0,575.2,55.0,2383,167,244,82,-31.9,-5.1,-57.6,49.1,best_effort_lp,BEST_EFFORT_LP,relaxed,1.0,1177.69,17,,,True,26.3,5.0
v3,synth_3500_low_fat,3500kcal / low fat,synthetic,lunch_snack_dinner,3500.0,176.0,575.2,55.0,2128,150,219,72,-39.2,-14.8,-61.9,30.9,best_effort_lp,BEST_EFFORT_LP,relaxed,1.0,1201.72,17,,,True,29.4,5.0
v3,synth_3500_low_fat,3500kcal / low fat,synthetic,lunch_dinner,3500.0,176.0,575.2,55.0,2209,178,205,76,-36.9,1.1,-64.4,38.2,best_effort_lp,BEST_EFFORT_LP,relaxed,1.0,1210.34,17,,,True,37.8,5.0
v3,synth_3500_low_fat,3500kcal / low fat,synthetic,lunch_only,3500.0,176.0,575.2,55.0,3254,412,114,128,-7.0,134.1,-80.2,132.7,single_meal_kcal_only,0.08,strict,1.0,74.77,1,,,True,83.4,13.0
v3,synth_3500_low_fat,3500kcal / low fat,synthetic,dinner_only,3500.0,176.0,575.2,55.0,3472,165,456,110,-0.8,-6.2,-20.7,100.0,single_meal_kcal_only,0.08,strict,1.0,82.22,1,,,True,55.8,22.0
v3,synth_3500_low_fat,3500kcal / low fat,synthetic,lunch_snack,3500.0,176.0,575.2,55.0,1644,170,109,59,-53.0,-3.4,-81.1,7.3,best_effort_lp,BEST_EFFORT_LP,relaxed,1.0,1167.57,17,,,True,63.5,5.0
v3,synth_3500_extremely_low_fat,3500kcal / extremely low fat,synthetic,full_day,3500.0,176.0,637.1,27.5,1339,81,136,52,-61.7,-54.0,-78.7,89.1,best_effort_lp,BEST_EFFORT_LP,relaxed,1.0,1221.86,17,,,True,15.6,2.0
v3,synth_3500_extremely_low_fat,3500kcal / extremely low fat,synthetic,lunch_snack_dinner,3500.0,176.0,637.1,27.5,1084,64,111,43,-69.0,-63.6,-82.6,56.4,best_effort_lp,BEST_EFFORT_LP,relaxed,1.0,1184.69,17,,,True,19.3,2.0
v3,synth_3500_extremely_low_fat,3500kcal / extremely low fat,synthetic,lunch_dinner,3500.0,176.0,637.1,27.5,956,61,94,37,-72.7,-65.3,-85.2,34.5,best_effort_lp,BEST_EFFORT_LP,relaxed,1.0,1212.51,17,,,True,21.8,2.0
v3,synth_3500_extremely_low_fat,3500kcal / extremely low fat,synthetic,lunch_only,3500.0,176.0,637.1,27.5,3254,412,114,128,-7.0,134.1,-82.1,365.5,single_meal_kcal_only,0.08,strict,1.0,66.19,1,,,True,83.4,13.0
v3,synth_3500_extremely_low_fat,3500kcal / extremely low fat,synthetic,dinner_only,3500.0,176.0,637.1,27.5,3472,165,456,110,-0.8,-6.2,-28.4,300.0,single_meal_kcal_only,0.08,strict,1.0,73.53,1,,,True,55.8,22.0
v3,synth_3500_extremely_low_fat,3500kcal / extremely low fat,synthetic,lunch_snack,3500.0,176.0,637.1,27.5,913,75,80,32,-73.9,-57.4,-87.4,16.4,best_effort_lp,BEST_EFFORT_LP,relaxed,1.0,1259.26,17,,,True,45.7,2.0
v3,synth_3500_high_fat,3500kcal / high fat,synthetic,full_day,3500.0,176.0,303.0,176.0,3589,215,321,161,2.5,22.2,5.9,-8.5,strict_relaxed_tol,0.1,strict,0.5,482.03,4,,,True,24.9,7.0
v3,synth_3500_high_fat,3500kcal / high fat,synthetic,lunch_snack_dinner,3500.0,176.0,303.0,176.0,3484,223,294,158,-0.5,26.7,-3.0,-10.2,strict_relaxed_tol,0.15,strict,1.0,516.63,5,,,True,26.4,6.0
v3,synth_3500_high_fat,3500kcal / high fat,synthetic,lunch_dinner,3500.0,176.0,303.0,176.0,3023,195,312,111,-13.6,10.8,3.0,-36.9,best_effort_lp,BEST_EFFORT_LP,relaxed,1.0,1265.42,17,,,True,29.1,10.0
v3,synth_3500_high_fat,3500kcal / high fat,synthetic,lunch_only,3500.0,176.0,303.0,176.0,3253,391,118,135,-7.1,122.2,-61.1,-23.3,single_meal_kcal_only,0.08,strict,1.0,72.65,1,,,True,77.0,12.0
v3,synth_3500_high_fat,3500kcal / high fat,synthetic,dinner_only,3500.0,176.0,303.0,176.0,3367,199,306,150,-3.8,13.1,1.0,-14.8,single_meal_kcal_only,0.08,strict,1.0,82.72,1,,,True,54.7,14.0
v3,synth_3500_high_fat,3500kcal / high fat,synthetic,lunch_snack,3500.0,176.0,303.0,176.0,2687,197,221,113,-23.2,11.9,-27.1,-35.8,best_effort_lp,BEST_EFFORT_LP,relaxed,1.0,1212.41,17,,,True,38.8,7.0
v3,synth_3500_extremely_high_fat,3500kcal / extremely high fat,synthetic,full_day,3500.0,176.0,154.5,242.0,2394,174,156,120,-31.6,-1.1,1.0,-50.4,best_effort_lp,BEST_EFFORT_LP,relaxed,1.0,1344.74,17,,,True,32.1,5.0
v3,synth_3500_extremely_high_fat,3500kcal / extremely high fat,synthetic,lunch_snack_dinner,3500.0,176.0,154.5,242.0,2355,176,158,113,-32.7,0.0,2.3,-53.3,best_effort_lp,BEST_EFFORT_LP,relaxed,1.0,1332.21,17,,,True,26.6,4.0
v3,synth_3500_extremely_high_fat,3500kcal / extremely high fat,synthetic,lunch_dinner,3500.0,176.0,154.5,242.0,2303,179,152,108,-34.2,1.7,-1.6,-55.4,best_effort_lp,BEST_EFFORT_LP,relaxed,1.0,1228.09,17,,,True,27.2,4.0
v3,synth_3500_extremely_high_fat,3500kcal / extremely high fat,synthetic,lunch_only,3500.0,176.0,154.5,242.0,3253,391,118,135,-7.1,122.2,-23.6,-44.2,single_meal_kcal_only,0.08,strict,1.0,70.95,1,,,True,77.0,12.0
v3,synth_3500_extremely_high_fat,3500kcal / extremely high fat,synthetic,dinner_only,3500.0,176.0,154.5,242.0,3227,236,167,180,-7.8,34.1,8.1,-25.6,single_meal_kcal_only,0.08,strict,1.0,74.65,1,,,True,76.1,16.0
v3,synth_3500_extremely_high_fat,3500kcal / extremely high fat,synthetic,lunch_snack,3500.0,176.0,154.5,242.0,2212,182,156,96,-36.8,3.4,1.0,-60.3,best_effort_lp,BEST_EFFORT_LP,relaxed,1.0,1574.43,17,,,True,47.2,6.0
v3,synth_3500_low_carbs,3500kcal / low carbs,synthetic,full_day,3500.0,220.0,308.5,154.0,3465,219,309,151,-1.0,-0.5,0.2,-1.9,strict_tight,0.08,strict,1.0,103.58,1,,,True,22.1,6.0
v3,synth_3500_low_carbs,3500kcal / low carbs,synthetic,lunch_snack_dinner,3500.0,220.0,308.5,154.0,3519,223,313,153,0.5,1.4,1.5,-0.6,strict_tight,0.08,strict,1.0,102.71,1,,,True,26.2,6.0
v3,synth_3500_low_carbs,3500kcal / low carbs,synthetic,lunch_dinner,3500.0,220.0,308.5,154.0,3539,252,316,141,1.1,14.5,2.4,-8.4,strict_tight,0.08,strict,1.0,83.27,1,,,True,26.0,10.0
v3,synth_3500_low_carbs,3500kcal / low carbs,synthetic,lunch_only,3500.0,220.0,308.5,154.0,3253,391,118,135,-7.1,77.7,-61.8,-12.3,single_meal_kcal_only,0.08,strict,1.0,48.38,1,,,True,77.0,12.0
v3,synth_3500_low_carbs,3500kcal / low carbs,synthetic,dinner_only,3500.0,220.0,308.5,154.0,3536,220,303,160,1.0,0.0,-1.8,3.9,single_meal_kcal_only,0.08,strict,1.0,51.25,1,,,True,60.8,14.0
v3,synth_3500_low_carbs,3500kcal / low carbs,synthetic,lunch_snack,3500.0,220.0,308.5,154.0,3360,262,260,141,-4.0,19.1,-15.7,-8.4,relaxed_culinary,0.2,relaxed,1.0,1265.15,15,,,True,43.5,9.0
v3,synth_3500_extremely_low_carbs,3500kcal / extremely low carbs,synthetic,full_day,3500.0,264.0,165.5,198.0,3508,287,188,179,0.2,8.7,13.6,-9.6,strict_tight,0.08,strict,1.0,204.53,1,,,True,30.6,7.0
v3,synth_3500_extremely_low_carbs,3500kcal / extremely low carbs,synthetic,lunch_snack_dinner,3500.0,264.0,165.5,198.0,3470,289,177,179,-0.9,9.5,6.9,-9.6,strict_tight,0.08,strict,1.0,153.88,1,,,True,31.0,7.0
v3,synth_3500_extremely_low_carbs,3500kcal / extremely low carbs,synthetic,lunch_dinner,3500.0,264.0,165.5,198.0,3478,296,167,181,-0.6,12.1,0.9,-8.6,strict_tight,0.08,strict,0.5,328.17,2,,,True,39.7,9.0
v3,synth_3500_extremely_low_carbs,3500kcal / extremely low carbs,synthetic,lunch_only,3500.0,264.0,165.5,198.0,3253,391,118,135,-7.1,48.1,-28.7,-31.8,single_meal_kcal_only,0.08,strict,1.0,99.27,1,,,True,77.0,12.0
v3,synth_3500_extremely_low_carbs,3500kcal / extremely low carbs,synthetic,dinner_only,3500.0,264.0,165.5,198.0,3449,252,171,195,-1.5,-4.5,3.3,-1.5,single_meal_kcal_only,0.08,strict,1.0,100.87,1,,,True,75.7,17.0
v3,synth_3500_extremely_low_carbs,3500kcal / extremely low carbs,synthetic,lunch_snack,3500.0,264.0,165.5,198.0,2976,278,168,132,-15.0,5.3,1.5,-33.3,best_effort_lp,BEST_EFFORT_LP,relaxed,1.0,1210.16,17,,,True,56.1,8.0
v3,synth_3500_high_carbs,3500kcal / high carbs,synthetic,full_day,3500.0,132.0,594.5,66.0,2069,133,220,73,-40.9,0.8,-63.0,10.6,best_effort_lp,BEST_EFFORT_LP,relaxed,1.0,1217.31,17,,,True,21.3,5.0
v3,synth_3500_high_carbs,3500kcal / high carbs,synthetic,lunch_snack_dinner,3500.0,132.0,594.5,66.0,2144,133,236,74,-38.7,0.8,-60.3,12.1,best_effort_lp,BEST_EFFORT_LP,relaxed,1.0,1209.76,17,,,True,28.7,7.0
v3,synth_3500_high_carbs,3500kcal / high carbs,synthetic,lunch_dinner,3500.0,132.0,594.5,66.0,2016,131,218,69,-42.4,-0.8,-63.3,4.5,best_effort_lp,BEST_EFFORT_LP,relaxed,1.0,1280.75,17,,,True,30.5,7.0
v3,synth_3500_high_carbs,3500kcal / high carbs,synthetic,lunch_only,3500.0,132.0,594.5,66.0,3253,391,118,135,-7.1,196.2,-80.2,104.5,single_meal_kcal_only,0.08,strict,1.0,77.49,1,,,True,77.0,12.0
v3,synth_3500_high_carbs,3500kcal / high carbs,synthetic,dinner_only,3500.0,132.0,594.5,66.0,3280,154,421,109,-6.3,16.7,-29.2,65.2,single_meal_kcal_only,0.08,strict,1.0,151.54,1,,,True,53.6,20.0
v3,synth_3500_high_carbs,3500kcal / high carbs,synthetic,lunch_snack,3500.0,132.0,594.5,66.0,1748,123,160,68,-50.1,-6.8,-73.1,3.0,best_effort_lp,BEST_EFFORT_LP,relaxed,1.0,1332.86,17,,,True,35.8,4.0
v3,synth_3500_extremely_high_carbs,3500kcal / extremely high carbs,synthetic,full_day,3500.0,99.0,689.4,38.5,1466,96,143,57,-58.1,-3.0,-79.3,48.1,best_effort_lp,BEST_EFFORT_LP,relaxed,1.0,1174.73,17,,,True,17.4,2.0
v3,synth_3500_extremely_high_carbs,3500kcal / extremely high carbs,synthetic,lunch_snack_dinner,3500.0,99.0,689.4,38.5,1292,94,113,51,-63.1,-5.1,-83.6,32.5,best_effort_lp,BEST_EFFORT_LP,relaxed,1.0,1181.3,17,,,True,32.3,2.0
v3,synth_3500_extremely_high_carbs,3500kcal / extremely high carbs,synthetic,lunch_dinner,3500.0,99.0,689.4,38.5,1164,92,96,46,-66.7,-7.1,-86.1,19.5,best_effort_lp,BEST_EFFORT_LP,relaxed,1.0,1295.46,17,,,True,35.8,2.0
v3,synth_3500_extremely_high_carbs,3500kcal / extremely high carbs,synthetic,lunch_only,3500.0,99.0,689.4,38.5,3253,391,118,135,-7.1,294.9,-82.9,250.6,single_meal_kcal_only,0.08,strict,1.0,79.4,1,,,True,77.0,12.0
v3,synth_3500_extremely_high_carbs,3500kcal / extremely high carbs,synthetic,dinner_only,3500.0,99.0,689.4,38.5,3280,154,421,109,-6.3,55.6,-38.9,183.1,single_meal_kcal_only,0.08,strict,1.0,75.34,1,,,True,53.6,20.0
v3,synth_3500_extremely_high_carbs,3500kcal / extremely high carbs,synthetic,lunch_snack,3500.0,99.0,689.4,38.5,1017,102,61,40,-70.9,3.0,-91.2,3.9,best_effort_lp,BEST_EFFORT_LP,relaxed,1.0,1211.04,17,,,True,61.5,3.0
