version,diet_id,diet_label,diet_group,combo,target_kcal,target_protein_g,target_carbs_g,target_fat_g,actual_kcal,actual_protein_g,actual_carbs_g,actual_fat_g,dev_kcal_pct,dev_protein_pct,dev_carbs_pct,dev_fat_pct,solve_mode,tolerance_tier,culinary_pass,serving_step,wall_time_ms,lp_attempts,root_cause_category,root_cause_detail,culinary_cap_adherent,max_subrecipe_kcal_share_pct,max_subrecipe_servings
current_shipped_2026-08-18,person_1,Person 1,real,full_day,2000.0,175.0,200.0,56.0,2021,163,200,63,1.1,-6.9,0.0,12.5,strict_tight,0.08,strict,0.5,134.48,2,,,True,25.8,4.5
current_shipped_2026-08-18,person_1,Person 1,real,lunch_snack_dinner,2000.0,175.0,200.0,56.0,2002,164,197,62,0.1,-6.3,-1.5,10.7,strict_tight,0.08,strict,0.5,84.73,2,,,True,36.5,5.0
current_shipped_2026-08-18,person_1,Person 1,real,lunch_dinner,2000.0,175.0,200.0,56.0,1982,163,198,60,-0.9,-6.9,-1.0,7.1,strict_tight,0.08,strict,0.5,71.12,2,,,True,36.8,5.5
current_shipped_2026-08-18,person_1,Person 1,real,lunch_only,2000.0,175.0,200.0,56.0,1862,192,102,76,-6.9,9.7,-49.0,35.7,single_meal_kcal_protein,0.08,strict,0.5,37.67,2,,,True,61.6,5.5
current_shipped_2026-08-18,person_1,Person 1,real,dinner_only,2000.0,175.0,200.0,56.0,2158,162,177,89,7.9,-7.4,-11.5,58.9,single_meal_kcal_protein,0.08,strict,1.0,34.23,1,,,True,60.2,11.0
current_shipped_2026-08-18,person_1,Person 1,real,lunch_snack,2000.0,175.0,200.0,56.0,1912,148,174,69,-4.4,-15.4,-13.0,23.2,relaxed_culinary,0.15000000000000002,relaxed,0.5,703.11,23,,,True,43.7,5.0
current_shipped_2026-08-18,person_2,Person 2,real,full_day,1350.0,101.0,135.0,45.0,1346,101,134,45,-0.3,0.0,-0.7,0.0,strict_tight,0.08,strict,0.5,232.77,2,,,True,23.7,3.5
current_shipped_2026-08-18,person_2,Person 2,real,lunch_snack_dinner,1350.0,101.0,135.0,45.0,1343,99,135,45,-0.5,-2.0,0.0,0.0,strict_tight,0.08,strict,0.5,130.05,2,,,True,31.1,3.0
current_shipped_2026-08-18,person_2,Person 2,real,lunch_dinner,1350.0,101.0,135.0,45.0,1423,107,136,50,5.4,5.9,0.7,11.1,strict_tight,0.08,strict,1.0,54.03,1,,,True,29.3,4.0
current_shipped_2026-08-18,person_2,Person 2,real,lunch_only,1350.0,101.0,135.0,45.0,1270,103,96,53,-5.9,2.0,-28.9,17.8,single_meal_kcal_protein,0.08,strict,0.5,64.92,2,,,True,41.1,5.0
current_shipped_2026-08-18,person_2,Person 2,real,dinner_only,1350.0,101.0,135.0,45.0,1391,93,135,53,3.0,-7.9,0.0,17.8,single_meal_kcal_protein,0.08,strict,1.0,22.44,1,,,True,50.9,6.0
current_shipped_2026-08-18,person_2,Person 2,real,lunch_snack,1350.0,101.0,135.0,45.0,1354,112,122,47,0.3,10.9,-9.6,4.4,strict_tight,0.08,strict,1.0,19.45,1,,,True,46.2,3.0
current_shipped_2026-08-18,person_3,Person 3,real,full_day,1800.0,135.0,180.0,60.0,1823,129,180,66,1.3,-4.4,0.0,10.0,strict_tight,0.08,strict,1.0,76.81,1,,,True,22.9,3.0
current_shipped_2026-08-18,person_3,Person 3,real,lunch_snack_dinner,1800.0,135.0,180.0,60.0,1774,126,175,63,-1.4,-6.7,-2.8,5.0,strict_tight,0.08,strict,1.0,52.8,1,,,True,23.5,4.0
current_shipped_2026-08-18,person_3,Person 3,real,lunch_dinner,1800.0,135.0,180.0,60.0,1825,143,180,60,1.4,5.9,0.0,0.0,strict_tight,0.08,strict,1.0,64.7,1,,,True,34.3,5.0
current_shipped_2026-08-18,person_3,Person 3,real,lunch_only,1800.0,135.0,180.0,60.0,1723,176,99,69,-4.3,30.4,-45.0,15.0,single_meal_kcal_only,0.08,strict,1.0,101.16,4,,,True,60.5,5.0
current_shipped_2026-08-18,person_3,Person 3,real,dinner_only,1800.0,135.0,180.0,60.0,1803,123,176,68,0.2,-8.9,-2.2,13.3,single_meal_kcal_protein,0.08,strict,1.0,20.52,1,,,True,52.4,8.0
current_shipped_2026-08-18,person_3,Person 3,real,lunch_snack,1800.0,135.0,180.0,60.0,1824,149,152,69,1.3,10.4,-15.6,15.0,strict_relaxed_tol,0.16666666666666669,strict,0.5,362.42,11,,,True,45.8,4.0
current_shipped_2026-08-18,person_4,Person 4,real,full_day,1140.0,95.0,100.0,40.0,1142,93,100,41,0.2,-2.1,0.0,2.5,strict_tight,0.08,strict,0.5,99.5,2,,,True,27.4,2.5
current_shipped_2026-08-18,person_4,Person 4,real,lunch_snack_dinner,1140.0,95.0,100.0,40.0,1142,94,100,40,0.2,-1.1,0.0,0.0,strict_tight,0.08,strict,0.5,91.39,2,,,True,36.6,2.5
current_shipped_2026-08-18,person_4,Person 4,real,lunch_dinner,1140.0,95.0,100.0,40.0,1146,94,101,40,0.5,-1.1,1.0,0.0,strict_tight,0.08,strict,0.5,125.32,2,,,True,36.4,3.5
current_shipped_2026-08-18,person_4,Person 4,real,lunch_only,1140.0,95.0,100.0,40.0,1097,85,92,43,-3.8,-10.5,-8.0,7.5,single_meal_kcal_protein,0.08,strict,1.0,36.25,1,,,True,38.0,4.0
current_shipped_2026-08-18,person_4,Person 4,real,dinner_only,1140.0,95.0,100.0,40.0,1215,90,96,52,6.6,-5.3,-4.0,30.0,single_meal_kcal_protein,0.08,strict,1.0,28.09,1,,,True,58.3,6.0
current_shipped_2026-08-18,person_4,Person 4,real,lunch_snack,1140.0,95.0,100.0,40.0,1132,93,101,40,-0.7,-2.1,1.0,0.0,strict_tight,0.08,strict,0.5,45.14,2,,,True,46.1,2.5
current_shipped_2026-08-18,person_5,Person 5,real,full_day,1400.0,105.0,140.0,46.7,1398,105,139,47,-0.1,0.0,-0.7,0.6,strict_tight,0.08,strict,0.5,186.64,2,,,True,22.4,3.0
current_shipped_2026-08-18,person_5,Person 5,real,lunch_snack_dinner,1400.0,105.0,140.0,46.7,1403,105,140,47,0.2,0.0,0.0,0.6,strict_tight,0.08,strict,0.5,117.95,2,,,True,31.4,5.0
current_shipped_2026-08-18,person_5,Person 5,real,lunch_dinner,1400.0,105.0,140.0,46.7,1423,107,136,50,1.6,1.9,-2.9,7.1,strict_tight,0.08,strict,1.0,52.41,1,,,True,29.3,4.0
current_shipped_2026-08-18,person_5,Person 5,real,lunch_only,1400.0,105.0,140.0,46.7,1306,115,95,52,-6.7,9.5,-32.1,11.3,single_meal_kcal_protein,0.08,strict,1.0,47.99,1,,,True,47.9,4.0
current_shipped_2026-08-18,person_5,Person 5,real,dinner_only,1400.0,105.0,140.0,46.7,1391,93,135,53,-0.6,-11.4,-3.6,13.5,single_meal_kcal_protein,0.08,strict,1.0,22.61,1,,,True,50.9,6.0
current_shipped_2026-08-18,person_5,Person 5,real,lunch_snack,1400.0,105.0,140.0,46.7,1384,111,129,47,-1.1,5.7,-7.9,0.6,strict_tight,0.08,strict,0.5,49.47,2,,,True,45.2,3.0
current_shipped_2026-08-18,person_6,Person 6,real,full_day,1600.0,120.0,160.0,53.3,1595,120,159,53,-0.3,0.0,-0.6,-0.6,strict_tight,0.08,strict,0.5,224.96,2,,,True,22.1,4.0
current_shipped_2026-08-18,person_6,Person 6,real,lunch_snack_dinner,1600.0,120.0,160.0,53.3,1568,112,155,56,-2.0,-6.7,-3.1,5.1,strict_tight,0.08,strict,1.0,30.24,1,,,True,26.6,3.0
current_shipped_2026-08-18,person_6,Person 6,real,lunch_dinner,1600.0,120.0,160.0,53.3,1597,113,160,56,-0.2,-5.8,0.0,5.1,strict_tight,0.08,strict,1.0,113.45,1,,,True,26.1,4.0
current_shipped_2026-08-18,person_6,Person 6,real,lunch_only,1600.0,120.0,160.0,53.3,1479,133,98,62,-7.6,10.8,-38.8,16.3,single_meal_kcal_protein,0.08,strict,0.5,76.91,2,,,True,49.4,5.0
current_shipped_2026-08-18,person_6,Person 6,real,dinner_only,1600.0,120.0,160.0,53.3,1597,108,156,60,-0.2,-10.0,-2.5,12.6,single_meal_kcal_protein,0.08,strict,1.0,24.06,1,,,True,51.8,7.0
current_shipped_2026-08-18,person_6,Person 6,real,lunch_snack,1600.0,120.0,160.0,53.3,1586,118,142,60,-0.9,-1.7,-11.2,12.6,strict_relaxed_tol,0.1,strict,0.5,91.79,5,,,True,39.5,3.0
current_shipped_2026-08-18,person_7,Person 7,real,full_day,1700.0,127.5,170.0,56.7,1701,128,170,57,0.1,0.4,0.0,0.5,strict_tight,0.08,strict,0.5,261.92,2,,,True,24.5,4.5
current_shipped_2026-08-18,person_7,Person 7,real,lunch_snack_dinner,1700.0,127.5,170.0,56.7,1656,113,175,56,-2.6,-11.4,2.9,-1.2,strict_tight,0.08,strict,1.0,69.3,1,,,True,25.2,4.0
current_shipped_2026-08-18,person_7,Person 7,real,lunch_dinner,1700.0,127.5,170.0,56.7,1734,125,178,58,2.0,-2.0,4.7,2.3,strict_tight,0.08,strict,1.0,50.73,1,,,True,25.4,5.0
current_shipped_2026-08-18,person_7,Person 7,real,lunch_only,1700.0,127.5,170.0,56.7,1583,148,99,66,-6.9,16.1,-41.8,16.4,single_meal_kcal_only,0.08,strict,1.0,78.08,4,,,True,52.7,5.0
current_shipped_2026-08-18,person_7,Person 7,real,dinner_only,1700.0,127.5,170.0,56.7,1803,123,176,68,6.1,-3.5,3.5,19.9,single_meal_kcal_protein,0.08,strict,1.0,18.33,1,,,True,52.4,8.0
current_shipped_2026-08-18,person_7,Person 7,real,lunch_snack,1700.0,127.5,170.0,56.7,1725,135,145,67,1.5,5.9,-14.7,18.2,strict_relaxed_tol,0.17647058823529413,strict,0.5,268.61,11,,,True,42.3,3.5
current_shipped_2026-08-18,person_8,Person 8,real,full_day,1400.0,70.0,175.0,46.7,1392,80,163,47,-0.6,14.3,-6.9,0.6,strict_tight,0.08,strict,0.5,125.99,2,,,True,18.4,2.5
current_shipped_2026-08-18,person_8,Person 8,real,lunch_snack_dinner,1400.0,70.0,175.0,46.7,1362,73,164,46,-2.7,4.3,-6.3,-1.5,strict_tight,0.08,strict,0.5,222.64,2,,,True,23.5,3.5
current_shipped_2026-08-18,person_8,Person 8,real,lunch_dinner,1400.0,70.0,175.0,46.7,1347,91,157,39,-3.8,30.0,-10.3,-16.5,strict_relaxed_tol,0.2,strict,0.5,558.55,11,,,True,32.6,5.0
current_shipped_2026-08-18,person_8,Person 8,real,lunch_only,1400.0,70.0,175.0,46.7,1306,115,95,52,-6.7,64.3,-45.7,11.3,single_meal_kcal_only,0.08,strict,1.0,309.82,4,,,True,47.9,4.0
current_shipped_2026-08-18,person_8,Person 8,real,dinner_only,1400.0,70.0,175.0,46.7,1400,73,176,45,0.0,4.3,0.6,-3.6,single_meal_kcal_protein,0.08,strict,1.0,111.71,1,,,True,50.3,8.0
current_shipped_2026-08-18,person_8,Person 8,real,lunch_snack,1400.0,70.0,175.0,46.7,1238,83,117,49,-11.6,18.6,-33.1,4.9,safety_net,0.4,relaxed,1.0,569.46,25,,,True,33.7,3.0
current_shipped_2026-08-18,person_9,Person 9,real,full_day,1140.0,95.0,100.0,40.0,1142,93,100,41,0.2,-2.1,0.0,2.5,strict_tight,0.08,strict,0.5,117.1,2,,,True,27.4,2.5
current_shipped_2026-08-18,person_9,Person 9,real,lunch_snack_dinner,1140.0,95.0,100.0,40.0,1142,94,100,40,0.2,-1.1,0.0,0.0,strict_tight,0.08,strict,0.5,84.68,2,,,True,36.6,2.5
current_shipped_2026-08-18,person_9,Person 9,real,lunch_dinner,1140.0,95.0,100.0,40.0,1146,94,101,40,0.5,-1.1,1.0,0.0,strict_tight,0.08,strict,0.5,143.69,2,,,True,36.4,3.5
current_shipped_2026-08-18,person_9,Person 9,real,lunch_only,1140.0,95.0,100.0,40.0,1097,85,92,43,-3.8,-10.5,-8.0,7.5,single_meal_kcal_protein,0.08,strict,1.0,19.05,1,,,True,38.0,4.0
current_shipped_2026-08-18,person_9,Person 9,real,dinner_only,1140.0,95.0,100.0,40.0,1215,90,96,52,6.6,-5.3,-4.0,30.0,single_meal_kcal_protein,0.08,strict,1.0,20.32,1,,,True,58.3,6.0
current_shipped_2026-08-18,person_9,Person 9,real,lunch_snack,1140.0,95.0,100.0,40.0,1132,93,101,40,-0.7,-2.1,1.0,0.0,strict_tight,0.08,strict,0.5,51.11,2,,,True,46.1,2.5
current_shipped_2026-08-18,person_10,Person 10,real,full_day,1200.0,90.0,120.0,40.0,1203,90,121,40,0.2,0.0,0.8,0.0,strict_tight,0.08,strict,0.5,203.18,2,,,True,26.0,2.5
current_shipped_2026-08-18,person_10,Person 10,real,lunch_snack_dinner,1200.0,90.0,120.0,40.0,1193,88,120,40,-0.6,-2.2,0.0,0.0,strict_tight,0.08,strict,0.5,146.7,2,,,True,26.2,3.0
current_shipped_2026-08-18,person_10,Person 10,real,lunch_dinner,1200.0,90.0,120.0,40.0,1197,88,121,40,-0.2,-2.2,0.8,0.0,strict_tight,0.08,strict,0.5,162.66,2,,,True,29.4,4.0
current_shipped_2026-08-18,person_10,Person 10,real,lunch_only,1200.0,90.0,120.0,40.0,1166,88,94,49,-2.8,-2.2,-21.7,22.5,single_meal_kcal_protein,0.08,strict,1.0,20.4,1,,,True,35.8,5.0
current_shipped_2026-08-18,person_10,Person 10,real,dinner_only,1200.0,90.0,120.0,40.0,1273,80,135,46,6.1,-11.1,12.5,15.0,single_meal_kcal_protein,0.08,strict,1.0,74.15,1,,,True,46.4,6.0
current_shipped_2026-08-18,person_10,Person 10,real,lunch_snack,1200.0,90.0,120.0,40.0,1163,93,108,40,-3.1,3.3,-10.0,0.0,strict_tight,0.08,strict,0.5,80.48,2,,,True,44.8,2.5
current_shipped_2026-08-18,synth_1000_balanced,1000kcal / balanced,synthetic,full_day,1000.0,72.0,76.8,45.0,993,73,77,44,-0.7,1.4,0.3,-2.2,strict_tight,0.08,strict,0.5,190.69,2,,,True,21.0,1.5
current_shipped_2026-08-18,synth_1000_balanced,1000kcal / balanced,synthetic,lunch_snack_dinner,1000.0,72.0,76.8,45.0,1005,72,77,46,0.5,0.0,0.3,2.2,strict_tight,0.08,strict,0.5,129.96,2,,,True,23.5,2.0
current_shipped_2026-08-18,synth_1000_balanced,1000kcal / balanced,synthetic,lunch_dinner,1000.0,72.0,76.8,45.0,951,72,74,41,-4.9,0.0,-3.6,-8.9,strict_tight,0.08,strict,1.0,41.25,1,,,True,24.9,2.0
current_shipped_2026-08-18,synth_1000_balanced,1000kcal / balanced,synthetic,lunch_only,1000.0,72.0,76.8,45.0,992,81,70,43,-0.8,12.5,-8.9,-4.4,single_meal_kcal_protein,0.08,strict,1.0,21.71,1,,,True,42.1,4.0
current_shipped_2026-08-18,synth_1000_balanced,1000kcal / balanced,synthetic,dinner_only,1000.0,72.0,76.8,45.0,1009,75,76,45,0.9,4.2,-1.0,0.0,single_meal_kcal_protein,0.08,strict,1.0,26.9,1,,,True,58.5,5.0
current_shipped_2026-08-18,synth_1000_balanced,1000kcal / balanced,synthetic,lunch_snack,1000.0,72.0,76.8,45.0,992,78,80,40,-0.8,8.3,4.2,-11.1,strict_relaxed_tol,0.1,strict,0.5,247.27,5,,,True,42.1,2.0
current_shipped_2026-08-18,synth_1000_low_protein,1000kcal / low protein,synthetic,full_day,1000.0,49.5,99.2,45.0,1000,59,99,41,0.0,19.2,-0.2,-8.9,strict_relaxed_tol,0.1,strict,0.5,285.53,5,,,True,19.2,2.0
current_shipped_2026-08-18,synth_1000_low_protein,1000kcal / low protein,synthetic,lunch_snack_dinner,1000.0,49.5,99.2,45.0,971,61,92,40,-2.9,23.2,-7.3,-11.1,strict_relaxed_tol,0.1,strict,0.5,231.49,5,,,True,21.5,1.5
current_shipped_2026-08-18,synth_1000_low_protein,1000kcal / low protein,synthetic,lunch_dinner,1000.0,49.5,99.2,45.0,920,61,94,34,-8.0,23.2,-5.2,-24.4,safety_net,0.4,relaxed,1.0,737.91,25,,,True,22.7,2.0
current_shipped_2026-08-18,synth_1000_low_protein,1000kcal / low protein,synthetic,lunch_only,1000.0,49.5,99.2,45.0,957,57,92,40,-4.3,15.2,-7.3,-11.1,single_meal_kcal_protein,0.08,strict,1.0,18.56,1,,,True,36.1,5.0
current_shipped_2026-08-18,synth_1000_low_protein,1000kcal / low protein,synthetic,dinner_only,1000.0,49.5,99.2,45.0,999,57,99,42,-0.1,15.2,-0.2,-6.7,single_meal_kcal_protein,0.08,strict,1.0,29.48,1,,,True,35.5,4.0
current_shipped_2026-08-18,synth_1000_low_protein,1000kcal / low protein,synthetic,lunch_snack,1000.0,49.5,99.2,45.0,983,64,95,39,-1.7,29.3,-4.2,-13.3,relaxed_culinary,0.2,relaxed,0.5,2552.93,23,,,True,32.5,2.5
current_shipped_2026-08-18,synth_1000_extremely_low_protein,1000kcal / extremely low protein,synthetic,full_day,1000.0,27.0,121.8,45.0,1215,79,116,49,21.5,192.6,-4.8,8.9,safety_net,0.4,relaxed,1.0,1214.07,25,,,True,17.2,2.0
current_shipped_2026-08-18,synth_1000_extremely_low_protein,1000kcal / extremely low protein,synthetic,lunch_snack_dinner,1000.0,27.0,121.8,45.0,1088,64,108,44,8.8,137.0,-11.3,-2.2,safety_net,0.4,relaxed,1.0,979.51,25,,,True,23.5,2.0
current_shipped_2026-08-18,synth_1000_extremely_low_protein,1000kcal / extremely low protein,synthetic,lunch_dinner,1000.0,27.0,121.8,45.0,920,61,94,34,-8.0,125.9,-22.8,-24.4,safety_net,0.4,relaxed,1.0,1402.06,25,,,True,22.7,2.0
current_shipped_2026-08-18,synth_1000_extremely_low_protein,1000kcal / extremely low protein,synthetic,lunch_only,1000.0,27.0,121.8,45.0,957,57,92,40,-4.3,111.1,-24.5,-11.1,single_meal_kcal_only,0.08,strict,1.0,104.18,4,,,True,36.1,5.0
current_shipped_2026-08-18,synth_1000_extremely_low_protein,1000kcal / extremely low protein,synthetic,dinner_only,1000.0,27.0,121.8,45.0,969,45,119,35,-3.1,66.7,-2.3,-22.2,single_meal_kcal_only,0.08,strict,1.0,164.78,4,,,True,45.4,5.0
current_shipped_2026-08-18,synth_1000_extremely_low_protein,1000kcal / extremely low protein,synthetic,lunch_snack,1000.0,27.0,121.8,45.0,1169,80,115,43,16.9,196.3,-5.6,-4.4,safety_net,0.4,relaxed,1.0,928.7,25,,,True,35.7,3.0
current_shipped_2026-08-18,synth_1000_high_protein,1000kcal / high protein,synthetic,full_day,1000.0,90.0,58.8,45.0,1021,90,67,44,2.1,0.0,13.9,-2.2,strict_tight,0.08,strict,0.5,89.85,2,,,True,30.7,2.0
current_shipped_2026-08-18,synth_1000_high_protein,1000kcal / high protein,synthetic,lunch_snack_dinner,1000.0,90.0,58.8,45.0,1004,89,60,45,0.4,-1.1,2.0,0.0,strict_tight,0.08,strict,0.5,115.7,2,,,True,31.2,2.5
current_shipped_2026-08-18,synth_1000_high_protein,1000kcal / high protein,synthetic,lunch_dinner,1000.0,90.0,58.8,45.0,984,89,58,44,-1.6,-1.1,-1.4,-2.2,strict_tight,0.08,strict,0.5,210.46,2,,,True,31.8,2.5
current_shipped_2026-08-18,synth_1000_high_protein,1000kcal / high protein,synthetic,lunch_only,1000.0,90.0,58.8,45.0,957,81,51,48,-4.3,-10.0,-13.3,6.7,single_meal_kcal_protein,0.08,strict,1.0,66.4,1,,,True,43.6,5.0
current_shipped_2026-08-18,synth_1000_high_protein,1000kcal / high protein,synthetic,dinner_only,1000.0,90.0,58.8,45.0,1006,85,59,48,0.6,-5.6,0.3,6.7,single_meal_kcal_protein,0.08,strict,0.5,71.83,2,,,True,70.5,6.0
current_shipped_2026-08-18,synth_1000_high_protein,1000kcal / high protein,synthetic,lunch_snack,1000.0,90.0,58.8,45.0,991,90,60,44,-0.9,0.0,2.0,-2.2,strict_tight,0.08,strict,0.5,114.95,2,,,True,52.6,2.5
current_shipped_2026-08-18,synth_1000_extremely_high_protein,1000kcal / extremely high protein,synthetic,full_day,1000.0,115.9,33.8,44.6,1182,79,107,49,18.2,-31.8,216.6,9.9,safety_net,0.4,relaxed,1.0,1311.22,25,,,True,17.6,1.0
current_shipped_2026-08-18,synth_1000_extremely_high_protein,1000kcal / extremely high protein,synthetic,lunch_snack_dinner,1000.0,115.9,33.8,44.6,1078,75,91,46,7.8,-35.3,169.2,3.1,safety_net,0.4,relaxed,1.0,684.12,25,,,True,21.9,2.0
current_shipped_2026-08-18,synth_1000_extremely_high_protein,1000kcal / extremely high protein,synthetic,lunch_dinner,1000.0,115.9,33.8,44.6,1159,102,77,49,15.9,-12.0,127.8,9.9,safety_net,0.4,relaxed,1.0,567.24,25,,,True,36.0,2.0
current_shipped_2026-08-18,synth_1000_extremely_high_protein,1000kcal / extremely high protein,synthetic,lunch_only,1000.0,115.9,33.8,44.6,1027,105,49,46,2.7,-9.4,45.0,3.1,single_meal_kcal_protein,0.08,strict,1.0,19.39,1,,,True,60.9,3.0
current_shipped_2026-08-18,synth_1000_extremely_high_protein,1000kcal / extremely high protein,synthetic,dinner_only,1000.0,115.9,33.8,44.6,921,74,56,45,-7.9,-36.2,65.7,0.9,single_meal_kcal_only,0.08,strict,1.0,67.65,4,,,True,64.1,5.0
current_shipped_2026-08-18,synth_1000_extremely_high_protein,1000kcal / extremely high protein,synthetic,lunch_snack,1000.0,115.9,33.8,44.6,995,115,38,43,-0.5,-0.8,12.4,-3.6,strict_tight,0.08,strict,0.5,102.16,2,,,True,73.4,3.5
current_shipped_2026-08-18,synth_1000_low_fat,1000kcal / low fat,synthetic,full_day,1000.0,72.0,127.4,22.5,1270,80,127,49,27.0,11.1,-0.3,117.8,safety_net,0.4,relaxed,1.0,752.21,25,,,True,16.4,2.0
current_shipped_2026-08-18,synth_1000_low_fat,1000kcal / low fat,synthetic,lunch_snack_dinner,1000.0,72.0,127.4,22.5,1048,63,111,39,4.8,-12.5,-12.9,73.3,safety_net,0.4,relaxed,1.0,679.23,25,,,True,19.9,2.0
current_shipped_2026-08-18,synth_1000_low_fat,1000kcal / low fat,synthetic,lunch_dinner,1000.0,72.0,127.4,22.5,979,65,114,29,-2.1,-9.7,-10.5,28.9,relaxed_culinary,0.2,relaxed,mixed_quarter,938.53,24,,,True,33.7,3.75
current_shipped_2026-08-18,synth_1000_low_fat,1000kcal / low fat,synthetic,lunch_only,1000.0,72.0,127.4,22.5,959,79,87,33,-4.1,9.7,-31.7,46.7,single_meal_kcal_protein,0.08,strict,1.0,15.89,1,,,True,43.5,3.0
current_shipped_2026-08-18,synth_1000_low_fat,1000kcal / low fat,synthetic,dinner_only,1000.0,72.0,127.4,22.5,1067,66,115,38,6.7,-8.3,-9.7,68.9,single_meal_kcal_protein,0.08,strict,1.0,19.54,1,,,True,44.3,5.0
current_shipped_2026-08-18,synth_1000_low_fat,1000kcal / low fat,synthetic,lunch_snack,1000.0,72.0,127.4,22.5,913,75,80,32,-8.7,4.2,-37.2,42.2,safety_net,0.4,relaxed,1.0,531.29,25,,,True,45.7,2.0
current_shipped_2026-08-18,synth_1000_extremely_low_fat,1000kcal / extremely low fat,synthetic,full_day,1000.0,72.0,152.7,11.2,1303,80,135,49,30.3,11.1,-11.6,337.5,safety_net,0.4,relaxed,1.0,825.29,25,,,True,16.0,2.0
current_shipped_2026-08-18,synth_1000_extremely_low_fat,1000kcal / extremely low fat,synthetic,lunch_snack_dinner,1000.0,72.0,152.7,11.2,1048,63,111,39,4.8,-12.5,-27.3,248.2,safety_net,0.4,relaxed,1.0,1388.0,25,,,True,19.9,2.0
current_shipped_2026-08-18,synth_1000_extremely_low_fat,1000kcal / extremely low fat,synthetic,lunch_dinner,1000.0,72.0,152.7,11.2,920,61,94,34,-8.0,-15.3,-38.4,203.6,safety_net,0.4,relaxed,1.0,640.41,25,,,True,22.7,2.0
current_shipped_2026-08-18,synth_1000_extremely_low_fat,1000kcal / extremely low fat,synthetic,lunch_only,1000.0,72.0,152.7,11.2,959,79,87,33,-4.1,9.7,-43.0,194.6,single_meal_kcal_protein,0.08,strict,1.0,17.59,1,,,True,43.5,3.0
current_shipped_2026-08-18,synth_1000_extremely_low_fat,1000kcal / extremely low fat,synthetic,dinner_only,1000.0,72.0,152.7,11.2,1067,66,115,38,6.7,-8.3,-24.7,239.3,single_meal_kcal_protein,0.08,strict,1.0,15.65,1,,,True,44.3,5.0
current_shipped_2026-08-18,synth_1000_extremely_low_fat,1000kcal / extremely low fat,synthetic,lunch_snack,1000.0,72.0,152.7,11.2,913,75,80,32,-8.7,4.2,-47.6,185.7,safety_net,0.4,relaxed,1.0,713.0,25,,,True,45.7,2.0
current_shipped_2026-08-18,synth_1000_high_fat,1000kcal / high fat,synthetic,full_day,1000.0,66.5,33.8,66.5,1182,79,107,49,18.2,18.8,216.6,-26.3,safety_net,0.4,relaxed,1.0,963.54,25,,,True,17.6,1.0
current_shipped_2026-08-18,synth_1000_high_fat,1000kcal / high fat,synthetic,lunch_snack_dinner,1000.0,66.5,33.8,66.5,1078,75,91,46,7.8,12.8,169.2,-30.8,safety_net,0.4,relaxed,1.0,501.44,25,,,True,21.9,2.0
current_shipped_2026-08-18,synth_1000_high_fat,1000kcal / high fat,synthetic,lunch_dinner,1000.0,66.5,33.8,66.5,951,72,74,41,-4.9,8.3,118.9,-38.3,safety_net,0.4,relaxed,1.0,600.37,25,,,True,24.9,2.0
current_shipped_2026-08-18,synth_1000_high_fat,1000kcal / high fat,synthetic,lunch_only,1000.0,66.5,33.8,66.5,957,57,92,40,-4.3,-14.3,172.2,-39.8,single_meal_kcal_protein,0.08,strict,1.0,22.35,1,,,True,36.1,5.0
current_shipped_2026-08-18,synth_1000_high_fat,1000kcal / high fat,synthetic,dinner_only,1000.0,66.5,33.8,66.5,941,66,60,48,-5.9,-0.8,77.5,-27.8,single_meal_kcal_protein,0.08,strict,1.0,21.73,1,,,True,50.2,4.0
current_shipped_2026-08-18,synth_1000_high_fat,1000kcal / high fat,synthetic,lunch_snack,1000.0,66.5,33.8,66.5,808,72,59,32,-19.2,8.3,74.6,-51.9,safety_net,0.4,relaxed,1.0,1194.89,25,,,True,51.6,2.0
current_shipped_2026-08-18,synth_1000_extremely_high_fat,1000kcal / extremely high fat,synthetic,full_day,1000.0,52.8,33.8,72.6,1182,79,107,49,18.2,49.6,216.6,-32.5,safety_net,0.4,relaxed,1.0,705.93,25,,,True,17.6,1.0
current_shipped_2026-08-18,synth_1000_extremely_high_fat,1000kcal / extremely high fat,synthetic,lunch_snack_dinner,1000.0,52.8,33.8,72.6,960,62,91,39,-4.0,17.4,169.2,-46.3,safety_net,0.4,relaxed,1.0,468.09,25,,,True,21.7,1.0
current_shipped_2026-08-18,synth_1000_extremely_high_fat,1000kcal / extremely high fat,synthetic,lunch_dinner,1000.0,52.8,33.8,72.6,832,59,74,34,-16.8,11.7,118.9,-53.2,safety_net,0.4,relaxed,1.0,763.97,25,,,True,25.1,1.0
current_shipped_2026-08-18,synth_1000_extremely_high_fat,1000kcal / extremely high fat,synthetic,lunch_only,1000.0,52.8,33.8,72.6,957,57,92,40,-4.3,8.0,172.2,-44.9,single_meal_kcal_protein,0.08,strict,1.0,15.66,1,,,True,36.1,5.0
current_shipped_2026-08-18,synth_1000_extremely_high_fat,1000kcal / extremely high fat,synthetic,dinner_only,1000.0,52.8,33.8,72.6,930,54,97,36,-7.0,2.3,187.0,-50.4,single_meal_kcal_protein,0.08,strict,1.0,237.51,1,,,True,38.1,4.0
current_shipped_2026-08-18,synth_1000_extremely_high_fat,1000kcal / extremely high fat,synthetic,lunch_snack,1000.0,52.8,33.8,72.6,808,72,59,32,-19.2,36.4,74.6,-55.9,safety_net,0.4,relaxed,1.0,481.94,25,,,True,51.6,2.0
current_shipped_2026-08-18,synth_1000_low_carbs,1000kcal / low carbs,synthetic,full_day,1000.0,84.0,33.8,58.8,1300,92,108,56,30.0,9.5,219.5,-4.8,safety_net,0.4,relaxed,1.0,1101.2,25,,,True,18.2,2.0
current_shipped_2026-08-18,synth_1000_low_carbs,1000kcal / low carbs,synthetic,lunch_snack_dinner,1000.0,84.0,33.8,58.8,1078,75,91,46,7.8,-10.7,169.2,-21.8,safety_net,0.4,relaxed,1.0,659.67,25,,,True,21.9,2.0
current_shipped_2026-08-18,synth_1000_low_carbs,1000kcal / low carbs,synthetic,lunch_dinner,1000.0,84.0,33.8,58.8,951,72,74,41,-4.9,-14.3,118.9,-30.3,safety_net,0.4,relaxed,1.0,582.89,25,,,True,24.9,2.0
current_shipped_2026-08-18,synth_1000_low_carbs,1000kcal / low carbs,synthetic,lunch_only,1000.0,84.0,33.8,58.8,957,81,51,48,-4.3,-3.6,50.9,-18.4,single_meal_kcal_protein,0.08,strict,1.0,15.39,1,,,True,43.6,5.0
current_shipped_2026-08-18,synth_1000_low_carbs,1000kcal / low carbs,synthetic,dinner_only,1000.0,84.0,33.8,58.8,1059,79,61,55,5.9,-6.0,80.5,-6.5,single_meal_kcal_protein,0.08,strict,1.0,18.4,1,,,True,55.8,5.0
current_shipped_2026-08-18,synth_1000_low_carbs,1000kcal / low carbs,synthetic,lunch_snack,1000.0,84.0,33.8,58.8,877,75,61,37,-12.3,-10.7,80.5,-37.1,safety_net,0.4,relaxed,1.0,823.05,25,,,True,47.6,2.0
current_shipped_2026-08-18,synth_1000_extremely_low_carbs,1000kcal / extremely low carbs,synthetic,full_day,1000.0,80.5,33.8,60.3,1182,79,107,49,18.2,-1.9,216.6,-18.7,safety_net,0.4,relaxed,1.0,578.89,25,,,True,17.6,1.0
current_shipped_2026-08-18,synth_1000_extremely_low_carbs,1000kcal / extremely low carbs,synthetic,lunch_snack_dinner,1000.0,80.5,33.8,60.3,1078,75,91,46,7.8,-6.8,169.2,-23.7,safety_net,0.4,relaxed,1.0,901.77,25,,,True,21.9,2.0
current_shipped_2026-08-18,synth_1000_extremely_low_carbs,1000kcal / extremely low carbs,synthetic,lunch_dinner,1000.0,80.5,33.8,60.3,951,72,74,41,-4.9,-10.6,118.9,-32.0,safety_net,0.4,relaxed,1.0,490.96,25,,,True,24.9,2.0
current_shipped_2026-08-18,synth_1000_extremely_low_carbs,1000kcal / extremely low carbs,synthetic,lunch_only,1000.0,80.5,33.8,60.3,957,81,51,48,-4.3,0.6,50.9,-20.4,single_meal_kcal_protein,0.08,strict,1.0,65.13,1,,,True,43.6,5.0
current_shipped_2026-08-18,synth_1000_extremely_low_carbs,1000kcal / extremely low carbs,synthetic,dinner_only,1000.0,80.5,33.8,60.3,1059,79,61,55,5.9,-1.9,80.5,-8.8,single_meal_kcal_protein,0.08,strict,1.0,22.1,1,,,True,55.8,5.0
current_shipped_2026-08-18,synth_1000_extremely_low_carbs,1000kcal / extremely low carbs,synthetic,lunch_snack,1000.0,80.5,33.8,60.3,877,75,61,37,-12.3,-6.8,80.5,-38.6,safety_net,0.4,relaxed,1.0,665.35,25,,,True,47.6,2.0
current_shipped_2026-08-18,synth_1000_high_carbs,1000kcal / high carbs,synthetic,full_day,1000.0,54.0,135.2,27.0,1303,80,135,49,30.3,48.1,-0.1,81.5,safety_net,0.4,relaxed,1.0,1058.25,25,,,True,16.0,2.0
current_shipped_2026-08-18,synth_1000_high_carbs,1000kcal / high carbs,synthetic,lunch_snack_dinner,1000.0,54.0,135.2,27.0,1064,67,123,34,6.4,24.1,-9.0,25.9,strict_relaxed_tol,0.2,strict,0.5,308.28,11,,,True,29.0,3.5
current_shipped_2026-08-18,synth_1000_high_carbs,1000kcal / high carbs,synthetic,lunch_dinner,1000.0,54.0,135.2,27.0,1042,67,121,32,4.2,24.1,-10.5,18.5,strict_relaxed_tol,0.2,strict,0.5,233.19,11,,,True,29.5,3.5
current_shipped_2026-08-18,synth_1000_high_carbs,1000kcal / high carbs,synthetic,lunch_only,1000.0,54.0,135.2,27.0,957,57,92,40,-4.3,5.6,-32.0,48.1,single_meal_kcal_protein,0.08,strict,1.0,17.49,1,,,True,36.1,5.0
current_shipped_2026-08-18,synth_1000_high_carbs,1000kcal / high carbs,synthetic,dinner_only,1000.0,54.0,135.2,27.0,1037,54,134,32,3.7,0.0,-0.9,18.5,single_meal_kcal_protein,0.08,strict,1.0,19.81,1,,,True,50.9,6.0
current_shipped_2026-08-18,synth_1000_high_carbs,1000kcal / high carbs,synthetic,lunch_snack,1000.0,54.0,135.2,27.0,913,75,80,32,-8.7,38.9,-40.8,18.5,safety_net,0.4,relaxed,1.0,566.02,25,,,True,45.7,2.0
current_shipped_2026-08-18,synth_1000_extremely_high_carbs,1000kcal / extremely high carbs,synthetic,full_day,1000.0,40.5,174.1,15.7,1303,80,135,49,30.3,97.5,-22.5,212.1,safety_net,0.4,relaxed,1.0,784.91,25,,,True,16.0,2.0
current_shipped_2026-08-18,synth_1000_extremely_high_carbs,1000kcal / extremely high carbs,synthetic,lunch_snack_dinner,1000.0,40.5,174.1,15.7,1048,63,111,39,4.8,55.6,-36.2,148.4,safety_net,0.4,relaxed,1.0,590.09,25,,,True,19.9,2.0
current_shipped_2026-08-18,synth_1000_extremely_high_carbs,1000kcal / extremely high carbs,synthetic,lunch_dinner,1000.0,40.5,174.1,15.7,920,61,94,34,-8.0,50.6,-46.0,116.6,safety_net,0.4,relaxed,1.0,1597.8,25,,,True,22.7,2.0
current_shipped_2026-08-18,synth_1000_extremely_high_carbs,1000kcal / extremely high carbs,synthetic,lunch_only,1000.0,40.5,174.1,15.7,957,57,92,40,-4.3,40.7,-47.2,154.8,single_meal_kcal_only,0.08,strict,1.0,209.61,4,,,True,36.1,5.0
current_shipped_2026-08-18,synth_1000_extremely_high_carbs,1000kcal / extremely high carbs,synthetic,dinner_only,1000.0,40.5,174.1,15.7,969,45,119,35,-3.1,11.1,-31.6,122.9,single_meal_kcal_protein,0.08,strict,1.0,36.68,1,,,True,45.4,5.0
current_shipped_2026-08-18,synth_1000_extremely_high_carbs,1000kcal / extremely high carbs,synthetic,lunch_snack,1000.0,40.5,174.1,15.7,913,75,80,32,-8.7,85.2,-54.0,103.8,safety_net,0.4,relaxed,1.0,569.62,25,,,True,45.7,2.0
current_shipped_2026-08-18,synth_1500_balanced,1500kcal / balanced,synthetic,full_day,1500.0,96.0,144.0,60.0,1516,96,145,62,1.1,0.0,0.7,3.3,strict_tight,0.08,strict,1.0,84.49,1,,,True,16.9,2.0
current_shipped_2026-08-18,synth_1500_balanced,1500kcal / balanced,synthetic,lunch_snack_dinner,1500.0,96.0,144.0,60.0,1503,109,131,61,0.2,13.5,-9.0,1.7,strict_tight,0.08,strict,1.0,78.53,1,,,True,27.8,2.0
current_shipped_2026-08-18,synth_1500_balanced,1500kcal / balanced,synthetic,lunch_dinner,1500.0,96.0,144.0,60.0,1524,105,144,59,1.6,9.4,0.0,-1.7,strict_tight,0.08,strict,0.5,168.61,2,,,True,23.1,4.0
current_shipped_2026-08-18,synth_1500_balanced,1500kcal / balanced,synthetic,lunch_only,1500.0,96.0,144.0,60.0,1514,145,97,61,0.9,51.0,-32.6,1.7,single_meal_kcal_only,0.08,strict,1.0,62.14,4,,,True,55.1,4.0
current_shipped_2026-08-18,synth_1500_balanced,1500kcal / balanced,synthetic,dinner_only,1500.0,96.0,144.0,60.0,1460,96,138,58,-2.7,0.0,-4.2,-3.3,single_meal_kcal_protein,0.08,strict,1.0,16.77,1,,,True,48.5,6.0
current_shipped_2026-08-18,synth_1500_balanced,1500kcal / balanced,synthetic,lunch_snack,1500.0,96.0,144.0,60.0,1423,114,124,52,-5.1,18.8,-13.9,-13.3,strict_relaxed_tol,0.15,strict,1.0,265.84,7,,,True,44.0,3.0
current_shipped_2026-08-18,synth_1500_low_protein,1500kcal / low protein,synthetic,full_day,1500.0,66.0,174.0,60.0,1469,80,165,54,-2.1,21.2,-5.2,-10.0,strict_tight,0.08,strict,mixed_quarter,369.33,3,,,True,21.8,2.75
current_shipped_2026-08-18,synth_1500_low_protein,1500kcal / low protein,synthetic,lunch_snack_dinner,1500.0,66.0,174.0,60.0,1422,77,157,54,-5.2,16.7,-9.8,-10.0,strict_tight,0.08,strict,0.5,88.02,2,,,True,22.5,3.0
current_shipped_2026-08-18,synth_1500_low_protein,1500kcal / low protein,synthetic,lunch_dinner,1500.0,66.0,174.0,60.0,1215,77,133,42,-19.0,16.7,-23.6,-30.0,safety_net,0.4,relaxed,1.0,885.39,25,,,True,29.0,4.0
current_shipped_2026-08-18,synth_1500_low_protein,1500kcal / low protein,synthetic,lunch_only,1500.0,66.0,174.0,60.0,1514,145,97,61,0.9,119.7,-44.3,1.7,single_meal_kcal_only,0.08,strict,1.0,75.64,4,,,True,55.1,4.0
current_shipped_2026-08-18,synth_1500_low_protein,1500kcal / low protein,synthetic,dinner_only,1500.0,66.0,174.0,60.0,1469,76,179,50,-2.1,15.2,2.9,-16.7,single_meal_kcal_protein,0.08,strict,1.0,18.72,1,,,True,47.9,8.0
current_shipped_2026-08-18,synth_1500_low_protein,1500kcal / low protein,synthetic,lunch_snack,1500.0,66.0,174.0,60.0,1238,83,117,49,-17.5,25.8,-32.8,-18.3,safety_net,0.4,relaxed,1.0,543.27,25,,,True,33.7,3.0
current_shipped_2026-08-18,synth_1500_extremely_low_protein,1500kcal / extremely low protein,synthetic,full_day,1500.0,36.0,204.0,60.0,1559,85,169,60,3.9,136.1,-17.2,0.0,safety_net,0.4,relaxed,1.0,875.24,25,,,True,24.6,3.0
current_shipped_2026-08-18,synth_1500_extremely_low_protein,1500kcal / extremely low protein,synthetic,lunch_snack_dinner,1500.0,36.0,204.0,60.0,1304,68,145,50,-13.1,88.9,-28.9,-16.7,safety_net,0.4,relaxed,1.0,980.27,25,,,True,29.4,3.0
current_shipped_2026-08-18,synth_1500_extremely_low_protein,1500kcal / extremely low protein,synthetic,lunch_dinner,1500.0,36.0,204.0,60.0,920,61,94,34,-38.7,69.4,-53.9,-43.3,safety_net,0.4,relaxed,1.0,843.29,25,,,True,22.7,2.0
current_shipped_2026-08-18,synth_1500_extremely_low_protein,1500kcal / extremely low protein,synthetic,lunch_only,1500.0,36.0,204.0,60.0,1514,145,97,61,0.9,302.8,-52.5,1.7,single_meal_kcal_only,0.08,strict,1.0,86.03,4,,,True,55.1,4.0
current_shipped_2026-08-18,synth_1500_extremely_low_protein,1500kcal / extremely low protein,synthetic,dinner_only,1500.0,36.0,204.0,60.0,1557,78,198,50,3.8,116.7,-2.9,-16.7,single_meal_kcal_only,0.08,strict,1.0,76.13,4,,,True,50.9,9.0
current_shipped_2026-08-18,synth_1500_extremely_low_protein,1500kcal / extremely low protein,synthetic,lunch_snack,1500.0,36.0,204.0,60.0,1238,83,117,49,-17.5,130.6,-42.6,-18.3,safety_net,0.4,relaxed,1.0,484.6,25,,,True,33.7,3.0
current_shipped_2026-08-18,synth_1500_high_protein,1500kcal / high protein,synthetic,full_day,1500.0,120.0,120.0,60.0,1461,107,123,60,-2.6,-10.8,2.5,0.0,strict_tight,0.08,strict,1.0,84.32,1,,,True,17.5,2.0
current_shipped_2026-08-18,synth_1500_high_protein,1500kcal / high protein,synthetic,lunch_snack_dinner,1500.0,120.0,120.0,60.0,1493,119,114,62,-0.5,-0.8,-5.0,3.3,strict_tight,0.08,strict,1.0,101.07,1,,,True,27.9,3.0
current_shipped_2026-08-18,synth_1500_high_protein,1500kcal / high protein,synthetic,lunch_dinner,1500.0,120.0,120.0,60.0,1522,121,119,62,1.5,0.8,-0.8,3.3,strict_tight,0.08,strict,1.0,56.03,1,,,True,27.4,3.0
current_shipped_2026-08-18,synth_1500_high_protein,1500kcal / high protein,synthetic,lunch_only,1500.0,120.0,120.0,60.0,1445,132,97,59,-3.7,10.0,-19.2,-1.7,single_meal_kcal_protein,0.08,strict,0.5,40.9,2,,,True,50.6,4.5
current_shipped_2026-08-18,synth_1500_high_protein,1500kcal / high protein,synthetic,dinner_only,1500.0,120.0,120.0,60.0,1539,118,117,67,2.6,-1.7,-2.5,11.7,single_meal_kcal_protein,0.08,strict,1.0,129.5,1,,,True,61.4,8.0
current_shipped_2026-08-18,synth_1500_high_protein,1500kcal / high protein,synthetic,lunch_snack,1500.0,120.0,120.0,60.0,1492,117,126,58,-0.5,-2.5,5.0,-3.3,strict_tight,0.08,strict,1.0,51.47,1,,,True,41.9,3.0
current_shipped_2026-08-18,synth_1500_extremely_high_protein,1500kcal / extremely high protein,synthetic,full_day,1500.0,156.0,84.0,60.0,1513,149,85,64,0.9,-4.5,1.2,6.7,strict_tight,0.08,strict,0.5,129.35,2,,,True,41.4,3.0
current_shipped_2026-08-18,synth_1500_extremely_high_protein,1500kcal / extremely high protein,synthetic,lunch_snack_dinner,1500.0,156.0,84.0,60.0,1498,149,84,63,-0.1,-4.5,0.0,5.0,strict_tight,0.08,strict,0.5,85.95,2,,,True,41.8,3.5
current_shipped_2026-08-18,synth_1500_extremely_high_protein,1500kcal / extremely high protein,synthetic,lunch_dinner,1500.0,156.0,84.0,60.0,1513,156,85,61,0.9,0.0,1.2,1.7,strict_tight,0.08,strict,0.5,63.24,2,,,True,48.3,3.5
current_shipped_2026-08-18,synth_1500_extremely_high_protein,1500kcal / extremely high protein,synthetic,lunch_only,1500.0,156.0,84.0,60.0,1410,142,75,60,-6.0,-9.0,-10.7,0.0,single_meal_kcal_protein,0.08,strict,1.0,45.85,1,,,True,59.2,4.0
current_shipped_2026-08-18,synth_1500_extremely_high_protein,1500kcal / extremely high protein,synthetic,dinner_only,1500.0,156.0,84.0,60.0,1451,116,97,67,-3.3,-25.6,15.5,11.7,single_meal_kcal_only,0.08,strict,1.0,60.25,4,,,True,65.1,8.0
current_shipped_2026-08-18,synth_1500_extremely_high_protein,1500kcal / extremely high protein,synthetic,lunch_snack,1500.0,156.0,84.0,60.0,1562,165,83,63,4.1,5.8,-1.2,5.0,strict_tight,0.08,strict,1.0,50.36,1,,,True,66.8,5.0
current_shipped_2026-08-18,synth_1500_low_fat,1500kcal / low fat,synthetic,full_day,1500.0,96.0,211.5,30.0,1497,95,159,53,-0.2,-1.0,-24.8,76.7,safety_net,0.4,relaxed,1.0,768.35,25,,,True,17.0,4.0
current_shipped_2026-08-18,synth_1500_low_fat,1500kcal / low fat,synthetic,lunch_snack_dinner,1500.0,96.0,211.5,30.0,1342,80,150,47,-10.5,-16.7,-29.1,56.7,safety_net,0.4,relaxed,1.0,1400.93,25,,,True,26.2,4.0
current_shipped_2026-08-18,synth_1500_low_fat,1500kcal / low fat,synthetic,lunch_dinner,1500.0,96.0,211.5,30.0,1215,77,133,42,-19.0,-19.8,-37.1,40.0,safety_net,0.4,relaxed,1.0,763.31,25,,,True,29.0,4.0
current_shipped_2026-08-18,synth_1500_low_fat,1500kcal / low fat,synthetic,lunch_only,1500.0,96.0,211.5,30.0,1445,142,95,55,-3.7,47.9,-55.1,83.3,single_meal_kcal_only,0.08,strict,1.0,87.34,4,,,True,57.7,4.0
current_shipped_2026-08-18,synth_1500_low_fat,1500kcal / low fat,synthetic,dinner_only,1500.0,96.0,211.5,30.0,1537,85,194,47,2.5,-11.5,-8.3,56.7,single_meal_kcal_protein,0.08,strict,1.0,18.09,1,,,True,51.5,9.0
current_shipped_2026-08-18,synth_1500_low_fat,1500kcal / low fat,synthetic,lunch_snack,1500.0,96.0,211.5,30.0,913,75,80,32,-39.1,-21.9,-62.2,6.7,safety_net,0.4,relaxed,1.0,624.67,25,,,True,45.7,2.0
current_shipped_2026-08-18,synth_1500_extremely_low_fat,1500kcal / extremely low fat,synthetic,full_day,1500.0,96.0,245.2,15.0,1303,80,135,49,-13.1,-16.7,-44.9,226.7,safety_net,0.4,relaxed,1.0,1044.6,25,,,True,16.0,2.0
current_shipped_2026-08-18,synth_1500_extremely_low_fat,1500kcal / extremely low fat,synthetic,lunch_snack_dinner,1500.0,96.0,245.2,15.0,1048,63,111,39,-30.1,-34.4,-54.7,160.0,safety_net,0.4,relaxed,1.0,823.23,25,,,True,19.9,2.0
current_shipped_2026-08-18,synth_1500_extremely_low_fat,1500kcal / extremely low fat,synthetic,lunch_dinner,1500.0,96.0,245.2,15.0,920,61,94,34,-38.7,-36.5,-61.7,126.7,safety_net,0.4,relaxed,1.0,959.65,25,,,True,22.7,2.0
current_shipped_2026-08-18,synth_1500_extremely_low_fat,1500kcal / extremely low fat,synthetic,lunch_only,1500.0,96.0,245.2,15.0,1445,142,95,55,-3.7,47.9,-61.3,266.7,single_meal_kcal_only,0.08,strict,1.0,283.37,4,,,True,57.7,4.0
current_shipped_2026-08-18,synth_1500_extremely_low_fat,1500kcal / extremely low fat,synthetic,dinner_only,1500.0,96.0,245.2,15.0,1537,85,194,47,2.5,-11.5,-20.9,213.3,single_meal_kcal_protein,0.08,strict,1.0,19.13,1,,,True,51.5,9.0
current_shipped_2026-08-18,synth_1500_extremely_low_fat,1500kcal / extremely low fat,synthetic,lunch_snack,1500.0,96.0,245.2,15.0,913,75,80,32,-39.1,-21.9,-67.4,113.3,safety_net,0.4,relaxed,1.0,836.04,25,,,True,45.7,2.0
current_shipped_2026-08-18,synth_1500_high_fat,1500kcal / high fat,synthetic,full_day,1500.0,96.0,63.0,96.0,1300,92,108,56,-13.3,-4.2,71.4,-41.7,safety_net,0.4,relaxed,1.0,736.58,25,,,True,18.2,2.0
current_shipped_2026-08-18,synth_1500_high_fat,1500kcal / high fat,synthetic,lunch_snack_dinner,1500.0,96.0,63.0,96.0,1356,108,96,60,-9.6,12.5,52.4,-37.5,safety_net,0.4,relaxed,1.0,922.1,25,,,True,30.8,2.0
current_shipped_2026-08-18,synth_1500_high_fat,1500kcal / high fat,synthetic,lunch_dinner,1500.0,96.0,63.0,96.0,1228,105,79,55,-18.1,9.4,25.4,-42.7,safety_net,0.4,relaxed,1.0,662.51,25,,,True,34.0,2.0
current_shipped_2026-08-18,synth_1500_high_fat,1500kcal / high fat,synthetic,lunch_only,1500.0,96.0,63.0,96.0,1479,145,78,65,-1.4,51.0,23.8,-32.3,single_meal_kcal_only,0.08,strict,1.0,159.66,4,,,True,56.4,5.0
current_shipped_2026-08-18,synth_1500_high_fat,1500kcal / high fat,synthetic,dinner_only,1500.0,96.0,63.0,96.0,1383,107,81,70,-7.8,11.5,28.6,-27.1,single_meal_kcal_protein,0.08,strict,1.0,18.99,1,,,True,59.8,7.0
current_shipped_2026-08-18,synth_1500_high_fat,1500kcal / high fat,synthetic,lunch_snack,1500.0,96.0,63.0,96.0,1155,108,66,51,-23.0,12.5,4.8,-46.9,safety_net,0.4,relaxed,1.0,980.96,25,,,True,54.2,3.0
current_shipped_2026-08-18,synth_1500_extremely_high_fat,1500kcal / extremely high fat,synthetic,full_day,1500.0,80.6,45.0,110.8,1182,79,107,49,-21.2,-2.0,137.8,-55.8,safety_net,0.4,relaxed,1.0,1049.26,25,,,True,17.6,1.0
current_shipped_2026-08-18,synth_1500_extremely_high_fat,1500kcal / extremely high fat,synthetic,lunch_snack_dinner,1500.0,80.6,45.0,110.8,1078,75,91,46,-28.1,-6.9,102.2,-58.5,safety_net,0.4,relaxed,1.0,849.35,25,,,True,21.9,2.0
current_shipped_2026-08-18,synth_1500_extremely_high_fat,1500kcal / extremely high fat,synthetic,lunch_dinner,1500.0,80.6,45.0,110.8,951,72,74,41,-36.6,-10.7,64.4,-63.0,safety_net,0.4,relaxed,1.0,789.2,25,,,True,24.9,2.0
current_shipped_2026-08-18,synth_1500_extremely_high_fat,1500kcal / extremely high fat,synthetic,lunch_only,1500.0,80.6,45.0,110.8,1445,166,54,63,-3.7,106.0,20.0,-43.1,single_meal_kcal_only,0.08,strict,1.0,93.12,4,,,True,72.2,5.0
current_shipped_2026-08-18,synth_1500_extremely_high_fat,1500kcal / extremely high fat,synthetic,dinner_only,1500.0,80.6,45.0,110.8,1411,86,140,57,-5.9,6.7,211.1,-48.6,single_meal_kcal_protein,0.08,strict,1.0,18.64,1,,,True,41.9,6.0
current_shipped_2026-08-18,synth_1500_extremely_high_fat,1500kcal / extremely high fat,synthetic,lunch_snack,1500.0,80.6,45.0,110.8,1017,102,61,40,-32.2,26.6,35.6,-63.9,safety_net,0.4,relaxed,1.0,641.6,25,,,True,61.5,3.0
current_shipped_2026-08-18,synth_1500_low_carbs,1500kcal / low carbs,synthetic,full_day,1500.0,120.0,66.0,84.0,1581,140,86,75,5.4,16.7,30.3,-10.7,strict_relaxed_tol,0.15,strict,mixed_quarter,250.2,9,,,True,28.0,3.75
current_shipped_2026-08-18,synth_1500_low_carbs,1500kcal / low carbs,synthetic,lunch_snack_dinner,1500.0,120.0,66.0,84.0,1570,138,86,75,4.7,15.0,30.3,-10.7,strict_relaxed_tol,0.15,strict,0.5,221.27,8,,,True,33.9,4.5
current_shipped_2026-08-18,synth_1500_low_carbs,1500kcal / low carbs,synthetic,lunch_dinner,1500.0,120.0,66.0,84.0,1584,139,85,76,5.6,15.8,28.8,-9.5,strict_relaxed_tol,0.15,strict,0.5,157.22,8,,,True,33.6,4.5
current_shipped_2026-08-18,synth_1500_low_carbs,1500kcal / low carbs,synthetic,lunch_only,1500.0,120.0,66.0,84.0,1382,130,81,60,-7.9,8.3,22.7,-28.6,single_meal_kcal_protein,0.08,strict,0.5,33.1,2,,,True,52.8,5.0
current_shipped_2026-08-18,synth_1500_low_carbs,1500kcal / low carbs,synthetic,dinner_only,1500.0,120.0,66.0,84.0,1383,107,81,70,-7.8,-10.8,22.7,-16.7,single_meal_kcal_protein,0.08,strict,1.0,46.57,1,,,True,59.8,7.0
current_shipped_2026-08-18,synth_1500_low_carbs,1500kcal / low carbs,synthetic,lunch_snack,1500.0,120.0,66.0,84.0,1433,141,71,65,-4.5,17.5,7.6,-22.6,safety_net,0.4,relaxed,1.0,587.33,25,,,True,58.2,4.0
current_shipped_2026-08-18,synth_1500_extremely_low_carbs,1500kcal / extremely low carbs,synthetic,full_day,1500.0,122.8,45.0,92.1,1509,122,110,65,0.6,-0.7,144.4,-29.4,safety_net,0.4,relaxed,1.0,734.93,25,,,True,27.7,2.0
current_shipped_2026-08-18,synth_1500_extremely_low_carbs,1500kcal / extremely low carbs,synthetic,lunch_snack_dinner,1500.0,122.8,45.0,92.1,1356,108,96,60,-9.6,-12.1,113.3,-34.9,safety_net,0.4,relaxed,1.0,766.41,25,,,True,30.8,2.0
current_shipped_2026-08-18,synth_1500_extremely_low_carbs,1500kcal / extremely low carbs,synthetic,lunch_dinner,1500.0,122.8,45.0,92.1,1228,105,79,55,-18.1,-14.5,75.6,-40.3,safety_net,0.4,relaxed,1.0,828.33,25,,,True,34.0,2.0
current_shipped_2026-08-18,synth_1500_extremely_low_carbs,1500kcal / extremely low carbs,synthetic,lunch_only,1500.0,122.8,45.0,92.1,1382,130,81,60,-7.9,5.9,80.0,-34.9,single_meal_kcal_protein,0.08,strict,0.5,214.57,2,,,True,52.8,5.0
current_shipped_2026-08-18,synth_1500_extremely_low_carbs,1500kcal / extremely low carbs,synthetic,dinner_only,1500.0,122.8,45.0,92.1,1570,129,97,74,4.7,5.0,115.6,-19.7,single_meal_kcal_protein,0.08,strict,1.0,40.54,1,,,True,67.7,9.0
current_shipped_2026-08-18,synth_1500_extremely_low_carbs,1500kcal / extremely low carbs,synthetic,lunch_snack,1500.0,122.8,45.0,92.1,1226,133,64,49,-18.3,8.3,42.2,-46.8,safety_net,0.4,relaxed,1.0,510.25,25,,,True,68.1,4.0
current_shipped_2026-08-18,synth_1500_high_carbs,1500kcal / high carbs,synthetic,full_day,1500.0,72.0,222.0,36.0,1303,80,135,49,-13.1,11.1,-39.2,36.1,safety_net,0.4,relaxed,1.0,701.58,25,,,True,16.0,2.0
current_shipped_2026-08-18,synth_1500_high_carbs,1500kcal / high carbs,synthetic,lunch_snack_dinner,1500.0,72.0,222.0,36.0,1342,80,150,47,-10.5,11.1,-32.4,30.6,safety_net,0.4,relaxed,1.0,1305.32,25,,,True,26.2,4.0
current_shipped_2026-08-18,synth_1500_high_carbs,1500kcal / high carbs,synthetic,lunch_dinner,1500.0,72.0,222.0,36.0,1215,77,133,42,-19.0,6.9,-40.1,16.7,safety_net,0.4,relaxed,1.0,580.07,25,,,True,29.0,4.0
current_shipped_2026-08-18,synth_1500_high_carbs,1500kcal / high carbs,synthetic,lunch_only,1500.0,72.0,222.0,36.0,1445,142,95,55,-3.7,97.2,-57.2,52.8,single_meal_kcal_only,0.08,strict,1.0,67.22,4,,,True,57.7,4.0
current_shipped_2026-08-18,synth_1500_high_carbs,1500kcal / high carbs,synthetic,dinner_only,1500.0,72.0,222.0,36.0,1507,74,213,40,0.5,2.8,-4.1,11.1,single_meal_kcal_protein,0.08,strict,1.0,18.72,1,,,True,58.4,10.0
current_shipped_2026-08-18,synth_1500_high_carbs,1500kcal / high carbs,synthetic,lunch_snack,1500.0,72.0,222.0,36.0,1041,78,98,38,-30.6,8.3,-55.9,5.6,safety_net,0.4,relaxed,1.0,745.46,25,,,True,40.1,2.0
current_shipped_2026-08-18,synth_1500_extremely_high_carbs,1500kcal / extremely high carbs,synthetic,full_day,1500.0,54.0,273.8,21.0,1303,80,135,49,-13.1,48.1,-50.7,133.3,safety_net,0.4,relaxed,1.0,434.5,25,,,True,16.0,2.0
current_shipped_2026-08-18,synth_1500_extremely_high_carbs,1500kcal / extremely high carbs,synthetic,lunch_snack_dinner,1500.0,54.0,273.8,21.0,1048,63,111,39,-30.1,16.7,-59.5,85.7,safety_net,0.4,relaxed,1.0,678.31,25,,,True,19.9,2.0
current_shipped_2026-08-18,synth_1500_extremely_high_carbs,1500kcal / extremely high carbs,synthetic,lunch_dinner,1500.0,54.0,273.8,21.0,920,61,94,34,-38.7,13.0,-65.7,61.9,safety_net,0.4,relaxed,1.0,966.12,25,,,True,22.7,2.0
current_shipped_2026-08-18,synth_1500_extremely_high_carbs,1500kcal / extremely high carbs,synthetic,lunch_only,1500.0,54.0,273.8,21.0,1445,142,95,55,-3.7,163.0,-65.3,161.9,single_meal_kcal_only,0.08,strict,1.0,55.87,4,,,True,57.7,4.0
current_shipped_2026-08-18,synth_1500_extremely_high_carbs,1500kcal / extremely high carbs,synthetic,dinner_only,1500.0,54.0,273.8,21.0,1385,68,186,41,-7.7,25.9,-32.1,95.2,single_meal_kcal_protein,0.08,strict,0.5,32.0,2,,,True,54.0,8.5
current_shipped_2026-08-18,synth_1500_extremely_high_carbs,1500kcal / extremely high carbs,synthetic,lunch_snack,1500.0,54.0,273.8,21.0,913,75,80,32,-39.1,38.9,-70.8,52.4,safety_net,0.4,relaxed,1.0,824.45,25,,,True,45.7,2.0
current_shipped_2026-08-18,synth_2000_balanced,2000kcal / balanced,synthetic,full_day,2000.0,120.0,211.2,75.0,2020,117,214,77,1.0,-2.5,1.3,2.7,strict_tight,0.08,strict,1.0,97.86,1,,,True,19.0,4.0
current_shipped_2026-08-18,synth_2000_balanced,2000kcal / balanced,synthetic,lunch_snack_dinner,2000.0,120.0,211.2,75.0,1980,121,211,72,-1.0,0.8,-0.1,-4.0,strict_tight,0.08,strict,1.0,59.62,1,,,True,21.1,4.0
current_shipped_2026-08-18,synth_2000_balanced,2000kcal / balanced,synthetic,lunch_dinner,2000.0,120.0,211.2,75.0,2029,136,204,74,1.5,13.3,-3.4,-1.3,strict_tight,0.08,strict,1.0,48.65,1,,,True,26.0,6.0
current_shipped_2026-08-18,synth_2000_balanced,2000kcal / balanced,synthetic,lunch_only,2000.0,120.0,211.2,75.0,1863,203,99,73,-6.9,69.2,-53.1,-2.7,single_meal_kcal_only,0.08,strict,1.0,78.8,4,,,True,67.2,6.0
current_shipped_2026-08-18,synth_2000_balanced,2000kcal / balanced,synthetic,dinner_only,2000.0,120.0,211.2,75.0,1999,119,219,72,-0.1,-0.8,3.7,-4.0,single_meal_kcal_protein,0.08,strict,1.0,18.66,1,,,True,44.0,10.0
current_shipped_2026-08-18,synth_2000_balanced,2000kcal / balanced,synthetic,lunch_snack,2000.0,120.0,211.2,75.0,2010,140,186,78,0.5,16.7,-11.9,4.0,relaxed_culinary,0.11249999999999999,relaxed,0.5,867.18,20,,,True,36.3,5.5
current_shipped_2026-08-18,synth_2000_low_protein,2000kcal / low protein,synthetic,full_day,2000.0,82.5,248.8,75.0,1958,104,224,72,-2.1,26.1,-10.0,-4.0,strict_relaxed_tol,0.1,strict,0.5,427.04,5,,,True,22.9,3.5
current_shipped_2026-08-18,synth_2000_low_protein,2000kcal / low protein,synthetic,lunch_snack_dinner,2000.0,82.5,248.8,75.0,1907,105,225,66,-4.7,27.3,-9.6,-12.0,strict_relaxed_tol,0.1,strict,0.5,151.34,5,,,True,23.5,5.0
current_shipped_2026-08-18,synth_2000_low_protein,2000kcal / low protein,synthetic,lunch_dinner,2000.0,82.5,248.8,75.0,2117,137,224,75,5.9,66.1,-10.0,0.0,safety_net,0.30000000000000004,relaxed,1.0,1025.55,25,,,True,29.1,7.0
current_shipped_2026-08-18,synth_2000_low_protein,2000kcal / low protein,synthetic,lunch_only,2000.0,82.5,248.8,75.0,1863,203,99,73,-6.9,146.1,-60.2,-2.7,single_meal_kcal_only,0.08,strict,1.0,76.17,4,,,True,67.2,6.0
current_shipped_2026-08-18,synth_2000_low_protein,2000kcal / low protein,synthetic,dinner_only,2000.0,82.5,248.8,75.0,1939,96,258,58,-3.0,16.4,3.7,-22.7,single_meal_kcal_protein,0.08,strict,1.0,24.3,1,,,True,54.4,12.0
current_shipped_2026-08-18,synth_2000_low_protein,2000kcal / low protein,synthetic,lunch_snack,2000.0,82.5,248.8,75.0,1876,125,178,74,-6.2,51.5,-28.5,-1.3,safety_net,0.30000000000000004,relaxed,1.0,481.0,25,,,True,34.1,5.0
current_shipped_2026-08-18,synth_2000_extremely_low_protein,2000kcal / extremely low protein,synthetic,full_day,2000.0,45.0,286.2,75.0,1559,85,169,60,-22.1,88.9,-41.0,-20.0,safety_net,0.30000000000000004,relaxed,1.0,522.92,25,,,True,24.6,3.0
current_shipped_2026-08-18,synth_2000_extremely_low_protein,2000kcal / extremely low protein,synthetic,lunch_snack_dinner,2000.0,45.0,286.2,75.0,1598,85,185,58,-20.1,88.9,-35.4,-22.7,safety_net,0.30000000000000004,relaxed,1.0,615.58,25,,,True,24.0,4.0
current_shipped_2026-08-18,synth_2000_extremely_low_protein,2000kcal / extremely low protein,synthetic,lunch_dinner,2000.0,45.0,286.2,75.0,1754,118,182,62,-12.3,162.2,-36.4,-17.3,safety_net,0.30000000000000004,relaxed,1.0,771.59,25,,,True,25.1,5.0
current_shipped_2026-08-18,synth_2000_extremely_low_protein,2000kcal / extremely low protein,synthetic,lunch_only,2000.0,45.0,286.2,75.0,1863,203,99,73,-6.9,351.1,-65.4,-2.7,single_meal_kcal_only,0.08,strict,1.0,78.58,4,,,True,67.2,6.0
current_shipped_2026-08-18,synth_2000_extremely_low_protein,2000kcal / extremely low protein,synthetic,dinner_only,2000.0,45.0,286.2,75.0,1939,96,258,58,-3.0,113.3,-9.9,-22.7,single_meal_kcal_only,0.08,strict,1.0,78.78,4,,,True,54.4,12.0
current_shipped_2026-08-18,synth_2000_extremely_low_protein,2000kcal / extremely low protein,synthetic,lunch_snack,2000.0,45.0,286.2,75.0,1876,125,178,74,-6.2,177.8,-37.8,-1.3,safety_net,0.30000000000000004,relaxed,1.0,546.16,25,,,True,34.1,5.0
current_shipped_2026-08-18,synth_2000_high_protein,2000kcal / high protein,synthetic,full_day,2000.0,150.0,181.2,75.0,1986,146,181,75,-0.7,-2.7,-0.1,0.0,strict_tight,0.08,strict,1.0,112.41,1,,,True,21.0,3.0
current_shipped_2026-08-18,synth_2000_high_protein,2000kcal / high protein,synthetic,lunch_snack_dinner,2000.0,150.0,181.2,75.0,2002,149,182,75,0.1,-0.7,0.4,0.0,strict_tight,0.08,strict,1.0,124.01,1,,,True,31.3,4.0
current_shipped_2026-08-18,synth_2000_high_protein,2000kcal / high protein,synthetic,lunch_dinner,2000.0,150.0,181.2,75.0,2032,151,187,76,1.6,0.7,3.2,1.3,strict_tight,0.08,strict,1.0,117.47,1,,,True,30.8,5.0
current_shipped_2026-08-18,synth_2000_high_protein,2000kcal / high protein,synthetic,lunch_only,2000.0,150.0,181.2,75.0,1863,203,99,73,-6.9,35.3,-45.4,-2.7,single_meal_kcal_only,0.08,strict,1.0,71.96,4,,,True,67.2,6.0
current_shipped_2026-08-18,synth_2000_high_protein,2000kcal / high protein,synthetic,dinner_only,2000.0,150.0,181.2,75.0,1922,136,176,75,-3.9,-9.3,-2.9,0.0,single_meal_kcal_protein,0.08,strict,1.0,23.96,1,,,True,55.3,9.0
current_shipped_2026-08-18,synth_2000_high_protein,2000kcal / high protein,synthetic,lunch_snack,2000.0,150.0,181.2,75.0,2061,168,164,81,3.0,12.0,-9.5,8.0,strict_tight,0.08,strict,0.5,53.04,2,,,True,45.6,4.5
current_shipped_2026-08-18,synth_2000_extremely_high_protein,2000kcal / extremely high protein,synthetic,full_day,2000.0,195.0,136.2,75.0,1990,191,136,76,-0.5,-2.1,-0.1,1.3,strict_tight,0.08,strict,0.5,199.43,2,,,True,41.9,4.0
current_shipped_2026-08-18,synth_2000_extremely_high_protein,2000kcal / extremely high protein,synthetic,lunch_snack_dinner,2000.0,195.0,136.2,75.0,1997,193,136,76,-0.1,-1.0,-0.1,1.3,strict_tight,0.08,strict,0.5,158.19,2,,,True,47.0,4.5
current_shipped_2026-08-18,synth_2000_extremely_high_protein,2000kcal / extremely high protein,synthetic,lunch_dinner,2000.0,195.0,136.2,75.0,1959,181,141,75,-2.1,-7.2,3.5,0.0,strict_tight,0.08,strict,1.0,26.37,1,,,True,42.6,4.0
current_shipped_2026-08-18,synth_2000_extremely_high_protein,2000kcal / extremely high protein,synthetic,lunch_only,2000.0,195.0,136.2,75.0,1932,206,102,78,-3.4,5.6,-25.1,4.0,single_meal_kcal_protein,0.08,strict,1.0,35.8,1,,,True,64.8,6.0
current_shipped_2026-08-18,synth_2000_extremely_high_protein,2000kcal / extremely high protein,synthetic,dinner_only,2000.0,195.0,136.2,75.0,2124,176,137,97,6.2,-9.7,0.6,29.3,single_meal_kcal_protein,0.08,strict,0.5,62.63,2,,,True,69.5,12.5
current_shipped_2026-08-18,synth_2000_extremely_high_protein,2000kcal / extremely high protein,synthetic,lunch_snack,2000.0,195.0,136.2,75.0,1980,202,129,73,-1.0,3.6,-5.3,-2.7,strict_tight,0.08,strict,1.0,58.03,1,,,True,63.2,6.0
current_shipped_2026-08-18,synth_2000_low_fat,2000kcal / low fat,synthetic,full_day,2000.0,120.0,295.6,37.5,1791,112,199,61,-10.4,-6.7,-32.7,62.7,safety_net,0.30000000000000004,relaxed,1.0,844.82,25,,,True,19.7,4.0
current_shipped_2026-08-18,synth_2000_low_fat,2000kcal / low fat,synthetic,lunch_snack_dinner,2000.0,120.0,295.6,37.5,1744,115,194,56,-12.8,-4.2,-34.4,49.3,safety_net,0.30000000000000004,relaxed,1.0,598.13,25,,,True,25.2,5.0
current_shipped_2026-08-18,synth_2000_low_fat,2000kcal / low fat,synthetic,lunch_dinner,2000.0,120.0,295.6,37.5,1616,112,177,51,-19.2,-6.7,-40.1,36.0,safety_net,0.30000000000000004,relaxed,1.0,679.59,25,,,True,27.2,5.0
current_shipped_2026-08-18,synth_2000_low_fat,2000kcal / low fat,synthetic,lunch_only,2000.0,120.0,295.6,37.5,1863,203,99,73,-6.9,69.2,-66.5,94.7,single_meal_kcal_only,0.08,strict,1.0,107.33,4,,,True,67.2,6.0
current_shipped_2026-08-18,synth_2000_low_fat,2000kcal / low fat,synthetic,dinner_only,2000.0,120.0,295.6,37.5,2095,107,293,55,4.8,-10.8,-0.9,46.7,single_meal_kcal_protein,0.08,strict,1.0,18.02,1,,,True,58.8,14.0
current_shipped_2026-08-18,synth_2000_low_fat,2000kcal / low fat,synthetic,lunch_snack,2000.0,120.0,295.6,37.5,1482,114,139,52,-25.9,-5.0,-53.0,38.7,safety_net,0.30000000000000004,relaxed,1.0,649.3,25,,,True,42.2,3.0
current_shipped_2026-08-18,synth_2000_extremely_low_fat,2000kcal / extremely low fat,synthetic,full_day,2000.0,120.0,337.8,18.8,1497,95,159,53,-25.1,-20.8,-52.9,181.9,safety_net,0.30000000000000004,relaxed,1.0,662.53,25,,,True,17.0,4.0
current_shipped_2026-08-18,synth_2000_extremely_low_fat,2000kcal / extremely low fat,synthetic,lunch_snack_dinner,2000.0,120.0,337.8,18.8,1744,115,194,56,-12.8,-4.2,-42.6,197.9,safety_net,0.30000000000000004,relaxed,1.0,486.82,25,,,True,25.2,5.0
current_shipped_2026-08-18,synth_2000_extremely_low_fat,2000kcal / extremely low fat,synthetic,lunch_dinner,2000.0,120.0,337.8,18.8,1616,112,177,51,-19.2,-6.7,-47.6,171.3,safety_net,0.30000000000000004,relaxed,1.0,568.25,25,,,True,27.2,5.0
current_shipped_2026-08-18,synth_2000_extremely_low_fat,2000kcal / extremely low fat,synthetic,lunch_only,2000.0,120.0,337.8,18.8,1863,203,99,73,-6.9,69.2,-70.7,288.3,single_meal_kcal_only,0.08,strict,1.0,90.52,4,,,True,67.2,6.0
current_shipped_2026-08-18,synth_2000_extremely_low_fat,2000kcal / extremely low fat,synthetic,dinner_only,2000.0,120.0,337.8,18.8,2095,107,293,55,4.8,-10.8,-13.3,192.6,single_meal_kcal_protein,0.08,strict,1.0,20.28,1,,,True,58.8,14.0
current_shipped_2026-08-18,synth_2000_extremely_low_fat,2000kcal / extremely low fat,synthetic,lunch_snack,2000.0,120.0,337.8,18.8,1482,114,139,52,-25.9,-5.0,-58.9,176.6,safety_net,0.30000000000000004,relaxed,1.0,526.14,25,,,True,42.2,3.0
current_shipped_2026-08-18,synth_2000_high_fat,2000kcal / high fat,synthetic,full_day,2000.0,120.0,110.0,120.0,1578,125,113,70,-21.1,4.2,2.7,-41.7,safety_net,0.30000000000000004,relaxed,1.0,473.65,25,,,True,26.4,2.0
current_shipped_2026-08-18,synth_2000_high_fat,2000kcal / high fat,synthetic,lunch_snack_dinner,2000.0,120.0,110.0,120.0,1631,125,119,73,-18.4,4.2,8.2,-39.2,safety_net,0.30000000000000004,relaxed,1.0,521.56,25,,,True,25.6,3.0
current_shipped_2026-08-18,synth_2000_high_fat,2000kcal / high fat,synthetic,lunch_dinner,2000.0,120.0,110.0,120.0,1503,123,102,67,-24.9,2.5,-7.3,-44.2,safety_net,0.30000000000000004,relaxed,1.0,1140.25,25,,,True,27.8,3.0
current_shipped_2026-08-18,synth_2000_high_fat,2000kcal / high fat,synthetic,lunch_only,2000.0,120.0,110.0,120.0,2001,209,104,83,0.1,74.2,-5.5,-30.8,single_meal_kcal_only,0.08,strict,1.0,69.68,4,,,True,62.6,6.0
current_shipped_2026-08-18,synth_2000_high_fat,2000kcal / high fat,synthetic,dinner_only,2000.0,120.0,110.0,120.0,1884,138,142,85,-5.8,15.0,29.1,-29.2,single_meal_kcal_protein,0.08,strict,1.0,21.79,1,,,True,56.4,9.0
current_shipped_2026-08-18,synth_2000_high_fat,2000kcal / high fat,synthetic,lunch_snack,2000.0,120.0,110.0,120.0,1539,116,117,68,-23.1,-3.3,6.4,-43.3,safety_net,0.30000000000000004,relaxed,1.0,437.28,25,,,True,40.7,4.0
current_shipped_2026-08-18,synth_2000_extremely_high_fat,2000kcal / extremely high fat,synthetic,full_day,2000.0,108.4,56.2,149.0,1509,122,110,65,-24.6,12.5,95.7,-56.4,safety_net,0.30000000000000004,relaxed,1.0,480.71,25,,,True,27.7,2.0
current_shipped_2026-08-18,synth_2000_extremely_high_fat,2000kcal / extremely high fat,synthetic,lunch_snack_dinner,2000.0,108.4,56.2,149.0,1415,107,111,60,-29.2,-1.3,97.5,-59.7,safety_net,0.30000000000000004,relaxed,1.0,534.42,25,,,True,29.5,2.0
current_shipped_2026-08-18,synth_2000_extremely_high_fat,2000kcal / extremely high fat,synthetic,lunch_dinner,2000.0,108.4,56.2,149.0,1434,120,99,62,-28.3,10.7,76.2,-58.4,safety_net,0.30000000000000004,relaxed,1.0,516.97,25,,,True,29.1,3.0
current_shipped_2026-08-18,synth_2000_extremely_high_fat,2000kcal / extremely high fat,synthetic,lunch_only,2000.0,108.4,56.2,149.0,1862,227,58,80,-6.9,109.4,3.2,-46.3,single_meal_kcal_only,0.08,strict,1.0,173.03,4,,,True,78.4,7.0
current_shipped_2026-08-18,synth_2000_extremely_high_fat,2000kcal / extremely high fat,synthetic,dinner_only,2000.0,108.4,56.2,149.0,1854,127,161,78,-7.3,17.2,186.5,-47.7,single_meal_kcal_protein,0.08,strict,1.0,25.04,1,,,True,51.0,8.0
current_shipped_2026-08-18,synth_2000_extremely_high_fat,2000kcal / extremely high fat,synthetic,lunch_snack,2000.0,108.4,56.2,149.0,1433,141,71,65,-28.3,30.1,26.3,-56.4,safety_net,0.30000000000000004,relaxed,1.0,534.83,25,,,True,58.2,4.0
current_shipped_2026-08-18,synth_2000_low_carbs,2000kcal / low carbs,synthetic,full_day,2000.0,150.0,113.8,105.0,1982,167,115,95,-0.9,11.3,1.1,-9.5,strict_tight,0.08,strict,0.5,130.72,2,,,True,26.8,4.5
current_shipped_2026-08-18,synth_2000_low_carbs,2000kcal / low carbs,synthetic,lunch_snack_dinner,2000.0,150.0,113.8,105.0,1975,166,114,95,-1.2,10.7,0.2,-9.5,strict_tight,0.08,strict,0.5,96.95,2,,,True,29.9,5.0
current_shipped_2026-08-18,synth_2000_low_carbs,2000kcal / low carbs,synthetic,lunch_dinner,2000.0,150.0,113.8,105.0,1964,172,105,95,-1.8,14.7,-7.7,-9.5,strict_relaxed_tol,0.1,strict,0.5,167.1,5,,,True,33.1,5.5
current_shipped_2026-08-18,synth_2000_low_carbs,2000kcal / low carbs,synthetic,lunch_only,2000.0,150.0,113.8,105.0,2001,209,104,83,0.1,39.3,-8.6,-21.0,single_meal_kcal_only,0.08,strict,1.0,73.03,4,,,True,62.6,6.0
current_shipped_2026-08-18,synth_2000_low_carbs,2000kcal / low carbs,synthetic,dinner_only,2000.0,150.0,113.8,105.0,1914,149,122,92,-4.3,-0.7,7.2,-12.4,single_meal_kcal_protein,0.08,strict,1.0,23.29,1,,,True,61.7,10.0
current_shipped_2026-08-18,synth_2000_low_carbs,2000kcal / low carbs,synthetic,lunch_snack,2000.0,150.0,113.8,105.0,1987,180,112,91,-0.7,20.0,-1.6,-13.3,strict_relaxed_tol,0.15000000000000002,strict,0.5,233.78,11,,,True,52.5,5.0
current_shipped_2026-08-18,synth_2000_extremely_low_carbs,2000kcal / extremely low carbs,synthetic,full_day,2000.0,165.1,56.2,123.8,2020,165,134,92,1.0,-0.1,138.4,-25.7,safety_net,0.30000000000000004,relaxed,1.0,649.6,25,,,True,29.2,5.0
current_shipped_2026-08-18,synth_2000_extremely_low_carbs,2000kcal / extremely low carbs,synthetic,lunch_snack_dinner,2000.0,165.1,56.2,123.8,1889,166,119,83,-5.5,0.5,111.7,-33.0,safety_net,0.30000000000000004,relaxed,1.0,816.16,25,,,True,33.1,4.0
current_shipped_2026-08-18,synth_2000_extremely_low_carbs,2000kcal / extremely low carbs,synthetic,lunch_dinner,2000.0,165.1,56.2,123.8,1830,166,104,83,-8.5,0.5,85.1,-33.0,safety_net,0.30000000000000004,relaxed,1.0,892.37,25,,,True,34.2,4.0
current_shipped_2026-08-18,synth_2000_extremely_low_carbs,2000kcal / extremely low carbs,synthetic,lunch_only,2000.0,165.1,56.2,123.8,1862,227,58,80,-6.9,37.5,3.2,-35.4,single_meal_kcal_only,0.08,strict,1.0,148.25,4,,,True,78.4,7.0
current_shipped_2026-08-18,synth_2000_extremely_low_carbs,2000kcal / extremely low carbs,synthetic,dinner_only,2000.0,165.1,56.2,123.8,2012,169,119,96,0.6,2.4,111.7,-22.5,single_meal_kcal_protein,0.08,strict,1.0,28.08,1,,,True,70.5,12.0
current_shipped_2026-08-18,synth_2000_extremely_low_carbs,2000kcal / extremely low carbs,synthetic,lunch_snack,2000.0,165.1,56.2,123.8,1503,166,68,63,-24.9,0.5,21.0,-49.1,safety_net,0.30000000000000004,relaxed,1.0,833.13,25,,,True,69.4,5.0
current_shipped_2026-08-18,synth_2000_high_carbs,2000kcal / high carbs,synthetic,full_day,2000.0,90.0,308.8,45.0,1497,95,159,53,-25.1,5.6,-48.5,17.8,safety_net,0.30000000000000004,relaxed,1.0,667.92,25,,,True,17.0,4.0
current_shipped_2026-08-18,synth_2000_high_carbs,2000kcal / high carbs,synthetic,lunch_snack_dinner,2000.0,90.0,308.8,45.0,1470,82,168,52,-26.5,-8.9,-45.6,15.6,safety_net,0.30000000000000004,relaxed,1.0,560.05,25,,,True,23.9,4.0
current_shipped_2026-08-18,synth_2000_high_carbs,2000kcal / high carbs,synthetic,lunch_dinner,2000.0,90.0,308.8,45.0,1616,112,177,51,-19.2,24.4,-42.7,13.3,safety_net,0.30000000000000004,relaxed,1.0,872.36,25,,,True,27.2,5.0
current_shipped_2026-08-18,synth_2000_high_carbs,2000kcal / high carbs,synthetic,lunch_only,2000.0,90.0,308.8,45.0,1863,203,99,73,-6.9,125.6,-67.9,62.2,single_meal_kcal_only,0.08,strict,1.0,335.02,4,,,True,67.2,6.0
current_shipped_2026-08-18,synth_2000_high_carbs,2000kcal / high carbs,synthetic,dinner_only,2000.0,90.0,308.8,45.0,1870,93,255,53,-6.5,3.3,-17.4,17.8,single_meal_kcal_protein,0.08,strict,1.0,19.09,1,,,True,56.5,12.0
current_shipped_2026-08-18,synth_2000_high_carbs,2000kcal / high carbs,synthetic,lunch_snack,2000.0,90.0,308.8,45.0,1482,114,139,52,-25.9,26.7,-55.0,15.6,safety_net,0.30000000000000004,relaxed,1.0,533.04,25,,,True,42.2,3.0
current_shipped_2026-08-18,synth_2000_extremely_high_carbs,2000kcal / extremely high carbs,synthetic,full_day,2000.0,67.5,373.4,26.2,1431,83,152,54,-28.4,23.0,-59.3,106.1,safety_net,0.30000000000000004,relaxed,1.0,660.87,25,,,True,17.9,2.0
current_shipped_2026-08-18,synth_2000_extremely_high_carbs,2000kcal / extremely high carbs,synthetic,lunch_snack_dinner,2000.0,67.5,373.4,26.2,1470,82,168,52,-26.5,21.5,-55.0,98.5,safety_net,0.30000000000000004,relaxed,1.0,516.25,25,,,True,23.9,4.0
current_shipped_2026-08-18,synth_2000_extremely_high_carbs,2000kcal / extremely high carbs,synthetic,lunch_dinner,2000.0,67.5,373.4,26.2,1616,112,177,51,-19.2,65.9,-52.6,94.7,safety_net,0.30000000000000004,relaxed,1.0,685.68,25,,,True,27.2,5.0
current_shipped_2026-08-18,synth_2000_extremely_high_carbs,2000kcal / extremely high carbs,synthetic,lunch_only,2000.0,67.5,373.4,26.2,1863,203,99,73,-6.9,200.7,-73.5,178.6,single_meal_kcal_only,0.08,strict,1.0,83.2,4,,,True,67.2,6.0
current_shipped_2026-08-18,synth_2000_extremely_high_carbs,2000kcal / extremely high carbs,synthetic,dinner_only,2000.0,67.5,373.4,26.2,1870,93,255,53,-6.5,37.8,-31.7,102.3,single_meal_kcal_only,0.08,strict,1.0,76.33,4,,,True,56.5,12.0
current_shipped_2026-08-18,synth_2000_extremely_high_carbs,2000kcal / extremely high carbs,synthetic,lunch_snack,2000.0,67.5,373.4,26.2,1482,114,139,52,-25.9,68.9,-62.8,98.5,safety_net,0.30000000000000004,relaxed,1.0,480.76,25,,,True,42.2,3.0
current_shipped_2026-08-18,synth_2500_balanced,2500kcal / balanced,synthetic,full_day,2500.0,136.0,297.8,85.0,2382,140,270,83,-4.7,2.9,-9.3,-2.4,strict_tight,0.08,strict,1.0,87.24,1,,,True,21.5,5.0
current_shipped_2026-08-18,synth_2500_balanced,2500kcal / balanced,synthetic,lunch_snack_dinner,2500.0,136.0,297.8,85.0,2490,142,288,86,-0.4,4.4,-3.3,1.2,strict_tight,0.08,strict,1.0,65.88,1,,,True,24.7,7.0
current_shipped_2026-08-18,synth_2500_balanced,2500kcal / balanced,synthetic,lunch_dinner,2500.0,136.0,297.8,85.0,2395,163,270,74,-4.2,19.9,-9.3,-12.9,strict_relaxed_tol,0.1,strict,0.5,138.66,5,,,True,33.1,9.0
current_shipped_2026-08-18,synth_2500_balanced,2500kcal / balanced,synthetic,lunch_only,2500.0,136.0,297.8,85.0,2349,266,107,95,-6.0,95.6,-64.1,11.8,single_meal_kcal_only,0.08,strict,1.0,66.36,4,,,True,71.1,8.0
current_shipped_2026-08-18,synth_2500_balanced,2500kcal / balanced,synthetic,dinner_only,2500.0,136.0,297.8,85.0,2469,138,299,80,-1.2,1.5,0.4,-5.9,single_meal_kcal_protein,0.08,strict,1.0,20.04,1,,,True,49.9,14.0
current_shipped_2026-08-18,synth_2500_balanced,2500kcal / balanced,synthetic,lunch_snack,2500.0,136.0,297.8,85.0,2212,158,197,88,-11.5,16.2,-33.8,3.5,safety_net,0.24,relaxed,1.0,610.79,25,,,True,37.7,6.0
current_shipped_2026-08-18,synth_2500_low_protein,2500kcal / low protein,synthetic,full_day,2500.0,93.5,340.2,85.0,2510,142,287,88,0.4,51.9,-15.6,3.5,safety_net,0.24,relaxed,1.0,798.67,25,,,True,25.5,5.0
current_shipped_2026-08-18,synth_2500_low_protein,2500kcal / low protein,synthetic,lunch_snack_dinner,2500.0,93.5,340.2,85.0,2383,128,280,84,-4.7,36.9,-17.7,-1.2,safety_net,0.24,relaxed,1.0,670.26,25,,,True,32.2,6.0
current_shipped_2026-08-18,synth_2500_low_protein,2500kcal / low protein,synthetic,lunch_dinner,2500.0,93.5,340.2,85.0,2117,137,224,75,-15.3,46.5,-34.2,-11.8,safety_net,0.24,relaxed,1.0,521.4,25,,,True,29.1,7.0
current_shipped_2026-08-18,synth_2500_low_protein,2500kcal / low protein,synthetic,lunch_only,2500.0,93.5,340.2,85.0,2349,266,107,95,-6.0,184.5,-68.5,11.8,single_meal_kcal_only,0.08,strict,1.0,124.32,4,,,True,71.1,8.0
current_shipped_2026-08-18,synth_2500_low_protein,2500kcal / low protein,synthetic,dinner_only,2500.0,93.5,340.2,85.0,2321,114,317,66,-7.2,21.9,-6.8,-22.4,single_meal_kcal_protein,0.08,strict,1.0,18.73,1,,,True,56.9,15.0
current_shipped_2026-08-18,synth_2500_low_protein,2500kcal / low protein,synthetic,lunch_snack,2500.0,93.5,340.2,85.0,2212,158,197,88,-11.5,69.0,-42.1,3.5,safety_net,0.24,relaxed,1.0,710.29,25,,,True,37.7,6.0
current_shipped_2026-08-18,synth_2500_extremely_low_protein,2500kcal / extremely low protein,synthetic,full_day,2500.0,51.0,382.8,85.0,2108,119,234,77,-15.7,133.3,-38.9,-9.4,safety_net,0.24,relaxed,1.0,578.72,25,,,True,18.2,4.0
current_shipped_2026-08-18,synth_2500_extremely_low_protein,2500kcal / extremely low protein,synthetic,lunch_snack_dinner,2500.0,51.0,382.8,85.0,2383,128,280,84,-4.7,151.0,-26.9,-1.2,safety_net,0.24,relaxed,1.0,589.07,25,,,True,32.2,6.0
current_shipped_2026-08-18,synth_2500_extremely_low_protein,2500kcal / extremely low protein,synthetic,lunch_dinner,2500.0,51.0,382.8,85.0,2117,137,224,75,-15.3,168.6,-41.5,-11.8,safety_net,0.24,relaxed,1.0,509.3,25,,,True,29.1,7.0
current_shipped_2026-08-18,synth_2500_extremely_low_protein,2500kcal / extremely low protein,synthetic,lunch_only,2500.0,51.0,382.8,85.0,2349,266,107,95,-6.0,421.6,-72.0,11.8,single_meal_kcal_only,0.08,strict,1.0,84.76,4,,,True,71.1,8.0
current_shipped_2026-08-18,synth_2500_extremely_low_protein,2500kcal / extremely low protein,synthetic,dinner_only,2500.0,51.0,382.8,85.0,2321,114,317,66,-7.2,123.5,-17.2,-22.4,single_meal_kcal_only,0.08,strict,1.0,344.38,4,,,True,56.9,15.0
current_shipped_2026-08-18,synth_2500_extremely_low_protein,2500kcal / extremely low protein,synthetic,lunch_snack,2500.0,51.0,382.8,85.0,2212,158,197,88,-11.5,209.8,-48.5,3.5,safety_net,0.24,relaxed,1.0,971.94,25,,,True,37.7,6.0
current_shipped_2026-08-18,synth_2500_high_protein,2500kcal / high protein,synthetic,full_day,2500.0,170.0,263.8,85.0,2509,171,263,86,0.4,0.6,-0.3,1.2,strict_tight,0.08,strict,1.0,203.49,1,,,True,24.9,5.0
current_shipped_2026-08-18,synth_2500_high_protein,2500kcal / high protein,synthetic,lunch_snack_dinner,2500.0,170.0,263.8,85.0,2489,171,263,84,-0.4,0.6,-0.3,-1.2,strict_tight,0.08,strict,1.0,147.2,1,,,True,25.1,7.0
current_shipped_2026-08-18,synth_2500_high_protein,2500kcal / high protein,synthetic,lunch_dinner,2500.0,170.0,263.8,85.0,2551,181,264,86,2.0,6.5,0.1,1.2,strict_tight,0.08,strict,1.0,175.59,1,,,True,31.0,9.0
current_shipped_2026-08-18,synth_2500_high_protein,2500kcal / high protein,synthetic,lunch_only,2500.0,170.0,263.8,85.0,2349,266,107,95,-6.0,56.5,-59.4,11.8,single_meal_kcal_only,0.08,strict,1.0,188.76,4,,,True,71.1,8.0
current_shipped_2026-08-18,synth_2500_high_protein,2500kcal / high protein,synthetic,dinner_only,2500.0,170.0,263.8,85.0,2510,168,256,90,0.4,-1.2,-3.0,5.9,single_meal_kcal_protein,0.08,strict,1.0,44.47,1,,,True,51.8,12.0
current_shipped_2026-08-18,synth_2500_high_protein,2500kcal / high protein,synthetic,lunch_snack,2500.0,170.0,263.8,85.0,2283,183,195,86,-8.7,7.6,-26.1,1.2,safety_net,0.24,relaxed,1.0,939.46,25,,,True,45.7,6.0
current_shipped_2026-08-18,synth_2500_extremely_high_protein,2500kcal / extremely high protein,synthetic,full_day,2500.0,221.0,212.8,85.0,2566,219,216,92,2.6,-0.9,1.5,8.2,strict_tight,0.08,strict,1.0,204.22,1,,,True,32.5,5.0
current_shipped_2026-08-18,synth_2500_extremely_high_protein,2500kcal / extremely high protein,synthetic,lunch_snack_dinner,2500.0,221.0,212.8,85.0,2559,219,220,90,2.4,-0.9,3.4,5.9,strict_tight,0.08,strict,1.0,182.11,1,,,True,40.8,7.0
current_shipped_2026-08-18,synth_2500_extremely_high_protein,2500kcal / extremely high protein,synthetic,lunch_dinner,2500.0,221.0,212.8,85.0,2448,218,205,84,-2.1,-1.4,-3.7,-1.2,strict_tight,0.08,strict,1.0,269.36,1,,,True,42.6,6.0
current_shipped_2026-08-18,synth_2500_extremely_high_protein,2500kcal / extremely high protein,synthetic,lunch_only,2500.0,221.0,212.8,85.0,2349,266,107,95,-6.0,20.4,-49.7,11.8,single_meal_kcal_only,0.08,strict,1.0,136.47,4,,,True,71.1,8.0
current_shipped_2026-08-18,synth_2500_extremely_high_protein,2500kcal / extremely high protein,synthetic,dinner_only,2500.0,221.0,212.8,85.0,2688,204,218,111,7.5,-7.7,2.4,30.6,single_meal_kcal_protein,0.08,strict,1.0,29.83,1,,,True,61.5,14.0
current_shipped_2026-08-18,synth_2500_extremely_high_protein,2500kcal / extremely high protein,synthetic,lunch_snack,2500.0,221.0,212.8,85.0,2572,241,182,98,2.9,9.0,-14.5,15.3,strict_relaxed_tol,0.09,strict,1.0,193.51,7,,,True,56.8,7.0
current_shipped_2026-08-18,synth_2500_low_fat,2500kcal / low fat,synthetic,full_day,2500.0,136.0,393.4,42.5,1999,132,219,66,-20.0,-2.9,-44.3,55.3,safety_net,0.24,relaxed,1.0,733.91,25,,,True,22.0,5.0
current_shipped_2026-08-18,synth_2500_low_fat,2500kcal / low fat,synthetic,lunch_snack_dinner,2500.0,136.0,393.4,42.5,2038,131,234,64,-18.5,-3.7,-40.5,50.6,safety_net,0.24,relaxed,1.0,1260.38,25,,,True,30.2,7.0
current_shipped_2026-08-18,synth_2500_low_fat,2500kcal / low fat,synthetic,lunch_dinner,2500.0,136.0,393.4,42.5,1910,129,217,59,-23.6,-5.1,-44.8,38.8,safety_net,0.24,relaxed,1.0,1189.89,25,,,True,32.2,7.0
current_shipped_2026-08-18,synth_2500_low_fat,2500kcal / low fat,synthetic,lunch_only,2500.0,136.0,393.4,42.5,2350,288,102,88,-6.0,111.8,-74.1,107.1,single_meal_kcal_only,0.08,strict,1.0,104.71,4,,,True,79.9,9.0
current_shipped_2026-08-18,synth_2500_low_fat,2500kcal / low fat,synthetic,dinner_only,2500.0,136.0,393.4,42.5,2477,125,353,63,-0.9,-8.1,-10.3,48.2,single_meal_kcal_protein,0.08,strict,1.0,37.81,1,,,True,60.4,17.0
current_shipped_2026-08-18,synth_2500_low_fat,2500kcal / low fat,synthetic,lunch_snack,2500.0,136.0,393.4,42.5,1946,150,175,72,-22.2,10.3,-55.5,69.4,safety_net,0.24,relaxed,1.0,1433.36,25,,,True,42.9,5.0
current_shipped_2026-08-18,synth_2500_extremely_low_fat,2500kcal / extremely low fat,synthetic,full_day,2500.0,136.0,441.2,21.2,1999,132,219,66,-20.0,-2.9,-50.4,211.3,safety_net,0.24,relaxed,1.0,5012.61,25,,,True,22.0,5.0
current_shipped_2026-08-18,synth_2500_extremely_low_fat,2500kcal / extremely low fat,synthetic,lunch_snack_dinner,2500.0,136.0,441.2,21.2,2038,131,234,64,-18.5,-3.7,-47.0,201.9,safety_net,0.24,relaxed,1.0,1315.94,25,,,True,30.2,7.0
current_shipped_2026-08-18,synth_2500_extremely_low_fat,2500kcal / extremely low fat,synthetic,lunch_dinner,2500.0,136.0,441.2,21.2,1910,129,217,59,-23.6,-5.1,-50.8,178.3,safety_net,0.24,relaxed,1.0,1227.65,25,,,True,32.2,7.0
current_shipped_2026-08-18,synth_2500_extremely_low_fat,2500kcal / extremely low fat,synthetic,lunch_only,2500.0,136.0,441.2,21.2,2350,288,102,88,-6.0,111.8,-76.9,315.1,single_meal_kcal_only,0.08,strict,1.0,168.76,4,,,True,79.9,9.0
current_shipped_2026-08-18,synth_2500_extremely_low_fat,2500kcal / extremely low fat,synthetic,dinner_only,2500.0,136.0,441.2,21.2,2477,125,353,63,-0.9,-8.1,-20.0,197.2,single_meal_kcal_protein,0.08,strict,1.0,48.33,1,,,True,60.4,17.0
current_shipped_2026-08-18,synth_2500_extremely_low_fat,2500kcal / extremely low fat,synthetic,lunch_snack,2500.0,136.0,441.2,21.2,1946,150,175,72,-22.2,10.3,-60.3,239.6,safety_net,0.24,relaxed,1.0,1298.67,25,,,True,42.9,5.0
current_shipped_2026-08-18,synth_2500_high_fat,2500kcal / high fat,synthetic,full_day,2500.0,136.0,183.0,136.0,2618,175,212,119,4.7,28.7,15.8,-12.5,strict_relaxed_tol,0.12,strict,0.5,954.84,11,,,True,24.4,5.0
current_shipped_2026-08-18,synth_2500_high_fat,2500kcal / high fat,synthetic,lunch_snack_dinner,2500.0,136.0,183.0,136.0,2553,173,198,119,2.1,27.2,8.2,-12.5,relaxed_culinary,0.12,relaxed,0.5,1700.56,23,,,True,32.5,6.5
current_shipped_2026-08-18,synth_2500_high_fat,2500kcal / high fat,synthetic,lunch_dinner,2500.0,136.0,183.0,136.0,1941,134,185,74,-22.4,-1.5,1.1,-45.6,safety_net,0.24,relaxed,1.0,2140.53,25,,,True,22.7,5.0
current_shipped_2026-08-18,synth_2500_high_fat,2500kcal / high fat,synthetic,lunch_only,2500.0,136.0,183.0,136.0,2418,269,109,101,-3.3,97.8,-40.4,-25.7,single_meal_kcal_only,0.08,strict,1.0,222.59,4,,,True,69.0,8.0
current_shipped_2026-08-18,synth_2500_high_fat,2500kcal / high fat,synthetic,dinner_only,2500.0,136.0,183.0,136.0,2354,158,221,93,-5.8,16.2,20.8,-31.6,single_meal_kcal_protein,0.08,strict,1.0,50.6,1,,,True,50.2,10.0
current_shipped_2026-08-18,synth_2500_high_fat,2500kcal / high fat,synthetic,lunch_snack,2500.0,136.0,183.0,136.0,2154,158,182,88,-13.8,16.2,-0.5,-35.3,safety_net,0.24,relaxed,1.0,1037.75,25,,,True,38.8,5.0
current_shipped_2026-08-18,synth_2500_extremely_high_fat,2500kcal / extremely high fat,synthetic,full_day,2500.0,136.0,68.2,187.0,1902,152,133,84,-23.9,11.8,95.0,-55.1,safety_net,0.24,relaxed,1.0,2181.22,25,,,True,24.8,4.0
current_shipped_2026-08-18,synth_2500_extremely_high_fat,2500kcal / extremely high fat,synthetic,lunch_snack_dinner,2500.0,136.0,68.2,187.0,1909,158,123,87,-23.6,16.2,80.4,-53.5,safety_net,0.24,relaxed,1.0,3535.75,25,,,True,32.8,3.0
current_shipped_2026-08-18,synth_2500_extremely_high_fat,2500kcal / extremely high fat,synthetic,lunch_dinner,2500.0,136.0,68.2,187.0,1948,179,105,90,-22.1,31.6,54.0,-51.9,safety_net,0.24,relaxed,1.0,1210.57,25,,,True,32.1,5.0
current_shipped_2026-08-18,synth_2500_extremely_high_fat,2500kcal / extremely high fat,synthetic,lunch_only,2500.0,136.0,68.2,187.0,2417,293,68,108,-3.3,115.4,-0.3,-42.2,single_meal_kcal_only,0.08,strict,1.0,360.1,4,,,True,77.7,9.0
current_shipped_2026-08-18,synth_2500_extremely_high_fat,2500kcal / extremely high fat,synthetic,dinner_only,2500.0,136.0,68.2,187.0,2354,158,221,93,-5.8,16.2,224.0,-50.3,single_meal_kcal_protein,0.08,strict,1.0,67.93,1,,,True,50.2,10.0
current_shipped_2026-08-18,synth_2500_extremely_high_fat,2500kcal / extremely high fat,synthetic,lunch_snack,2500.0,136.0,68.2,187.0,1919,205,78,88,-23.2,50.7,14.4,-52.9,safety_net,0.24,relaxed,1.0,1276.43,25,,,True,65.2,6.0
current_shipped_2026-08-18,synth_2500_low_carbs,2500kcal / low carbs,synthetic,full_day,2500.0,170.0,187.3,119.0,2473,176,187,113,-1.1,3.5,-0.2,-5.0,strict_tight,0.08,strict,1.0,65.55,1,,,True,23.9,5.0
current_shipped_2026-08-18,synth_2500_low_carbs,2500kcal / low carbs,synthetic,lunch_snack_dinner,2500.0,170.0,187.3,119.0,2450,171,197,109,-2.0,0.6,5.2,-8.4,strict_tight,0.08,strict,1.0,213.52,1,,,True,25.6,4.0
current_shipped_2026-08-18,synth_2500_low_carbs,2500kcal / low carbs,synthetic,lunch_dinner,2500.0,170.0,187.3,119.0,2421,198,165,108,-3.2,16.5,-11.9,-9.2,strict_relaxed_tol,0.1,strict,mixed_quarter,999.36,6,,,True,32.9,6.75
current_shipped_2026-08-18,synth_2500_low_carbs,2500kcal / low carbs,synthetic,lunch_only,2500.0,170.0,187.3,119.0,2418,269,109,101,-3.3,58.2,-41.8,-15.1,single_meal_kcal_only,0.08,strict,1.0,761.33,4,,,True,69.0,8.0
current_shipped_2026-08-18,synth_2500_low_carbs,2500kcal / low carbs,synthetic,dinner_only,2500.0,170.0,187.3,119.0,2414,180,182,107,-3.4,5.9,-2.8,-10.1,single_meal_kcal_protein,0.08,strict,1.0,92.84,1,,,True,58.7,12.0
current_shipped_2026-08-18,synth_2500_low_carbs,2500kcal / low carbs,synthetic,lunch_snack,2500.0,170.0,187.3,119.0,2472,205,180,104,-1.1,20.6,-3.9,-12.6,strict_relaxed_tol,0.12,strict,0.5,8764.15,11,,,True,46.4,5.5
current_shipped_2026-08-18,synth_2500_extremely_low_carbs,2500kcal / extremely low carbs,synthetic,full_day,2500.0,204.0,76.8,153.0,2367,201,141,111,-5.3,-1.5,83.6,-27.5,safety_net,0.24,relaxed,1.0,7082.51,25,,,True,26.4,5.0
current_shipped_2026-08-18,synth_2500_extremely_low_carbs,2500kcal / extremely low carbs,synthetic,lunch_snack_dinner,2500.0,204.0,76.8,153.0,2305,205,129,108,-7.8,0.5,68.0,-29.4,safety_net,0.24,relaxed,1.0,2810.31,25,,,True,36.2,4.0
current_shipped_2026-08-18,synth_2500_extremely_low_carbs,2500kcal / extremely low carbs,synthetic,lunch_dinner,2500.0,204.0,76.8,153.0,2088,206,105,94,-16.5,1.0,36.7,-38.6,safety_net,0.24,relaxed,1.0,4568.67,25,,,True,40.0,5.0
current_shipped_2026-08-18,synth_2500_extremely_low_carbs,2500kcal / extremely low carbs,synthetic,lunch_only,2500.0,204.0,76.8,153.0,2313,266,87,100,-7.5,30.4,13.3,-34.6,single_meal_kcal_only,0.08,strict,1.0,364.26,4,,,True,72.2,8.0
current_shipped_2026-08-18,synth_2500_extremely_low_carbs,2500kcal / extremely low carbs,synthetic,dinner_only,2500.0,204.0,76.8,153.0,2454,210,140,117,-1.8,2.9,82.3,-23.5,single_meal_kcal_protein,0.08,strict,1.0,160.55,1,,,True,72.2,15.0
current_shipped_2026-08-18,synth_2500_extremely_low_carbs,2500kcal / extremely low carbs,synthetic,lunch_snack,2500.0,204.0,76.8,153.0,1919,205,78,88,-23.2,0.5,1.6,-42.5,safety_net,0.24,relaxed,1.0,1757.45,25,,,True,65.2,6.0
current_shipped_2026-08-18,synth_2500_high_carbs,2500kcal / high carbs,synthetic,full_day,2500.0,102.0,408.2,51.0,1919,114,216,67,-23.2,11.8,-47.1,31.4,safety_net,0.24,relaxed,1.0,2288.78,25,,,True,18.3,4.0
current_shipped_2026-08-18,synth_2500_high_carbs,2500kcal / high carbs,synthetic,lunch_snack_dinner,2500.0,102.0,408.2,51.0,1999,120,228,67,-20.0,17.6,-44.1,31.4,safety_net,0.24,relaxed,1.0,1801.1,25,,,True,22.0,5.0
current_shipped_2026-08-18,synth_2500_high_carbs,2500kcal / high carbs,synthetic,lunch_dinner,2500.0,102.0,408.2,51.0,1910,129,217,59,-23.6,26.5,-46.8,15.7,safety_net,0.24,relaxed,1.0,1097.6,25,,,True,32.2,7.0
current_shipped_2026-08-18,synth_2500_high_carbs,2500kcal / high carbs,synthetic,lunch_only,2500.0,102.0,408.2,51.0,2349,266,107,95,-6.0,160.8,-73.8,86.3,single_meal_kcal_only,0.08,strict,1.0,91.63,4,,,True,71.1,8.0
current_shipped_2026-08-18,synth_2500_high_carbs,2500kcal / high carbs,synthetic,dinner_only,2500.0,102.0,408.2,51.0,2477,125,353,63,-0.9,22.5,-13.5,23.5,single_meal_kcal_protein,0.08,strict,1.0,70.88,1,,,True,60.4,17.0
current_shipped_2026-08-18,synth_2500_high_carbs,2500kcal / high carbs,synthetic,lunch_snack,2500.0,102.0,408.2,51.0,1946,150,175,72,-22.2,47.1,-57.1,41.2,safety_net,0.24,relaxed,1.0,1435.85,25,,,True,42.9,5.0
current_shipped_2026-08-18,synth_2500_extremely_high_carbs,2500kcal / extremely high carbs,synthetic,full_day,2500.0,76.5,481.6,29.7,1919,114,216,67,-23.2,49.0,-55.1,125.6,safety_net,0.24,relaxed,1.0,1296.16,25,,,True,18.3,4.0
current_shipped_2026-08-18,synth_2500_extremely_high_carbs,2500kcal / extremely high carbs,synthetic,lunch_snack_dinner,2500.0,76.5,481.6,29.7,1999,120,228,67,-20.0,56.9,-52.7,125.6,safety_net,0.24,relaxed,1.0,1464.34,25,,,True,22.0,5.0
current_shipped_2026-08-18,synth_2500_extremely_high_carbs,2500kcal / extremely high carbs,synthetic,lunch_dinner,2500.0,76.5,481.6,29.7,1910,129,217,59,-23.6,68.6,-54.9,98.7,safety_net,0.24,relaxed,1.0,1038.13,25,,,True,32.2,7.0
current_shipped_2026-08-18,synth_2500_extremely_high_carbs,2500kcal / extremely high carbs,synthetic,lunch_only,2500.0,76.5,481.6,29.7,2349,266,107,95,-6.0,247.7,-77.8,219.9,single_meal_kcal_only,0.08,strict,1.0,172.75,4,,,True,71.1,8.0
current_shipped_2026-08-18,synth_2500_extremely_high_carbs,2500kcal / extremely high carbs,synthetic,dinner_only,2500.0,76.5,481.6,29.7,2477,125,353,63,-0.9,63.4,-26.7,112.1,single_meal_kcal_only,0.08,strict,1.0,260.9,4,,,True,60.4,17.0
current_shipped_2026-08-18,synth_2500_extremely_high_carbs,2500kcal / extremely high carbs,synthetic,lunch_snack,2500.0,76.5,481.6,29.7,1946,150,175,72,-22.2,96.1,-63.7,142.4,safety_net,0.24,relaxed,1.0,6163.0,25,,,True,42.9,5.0
current_shipped_2026-08-18,synth_3000_balanced,3000kcal / balanced,synthetic,full_day,3000.0,152.0,384.2,95.0,3067,177,353,105,2.2,16.4,-8.1,10.5,strict_tight,0.08,strict,1.0,206.39,1,,,True,20.8,7.0
current_shipped_2026-08-18,synth_3000_balanced,3000kcal / balanced,synthetic,lunch_snack_dinner,3000.0,152.0,384.2,95.0,2926,167,352,95,-2.5,9.9,-8.4,0.0,strict_tight,0.08,strict,0.5,353.14,2,,,True,25.6,8.5
current_shipped_2026-08-18,synth_3000_balanced,3000kcal / balanced,synthetic,lunch_dinner,3000.0,152.0,384.2,95.0,2952,197,339,90,-1.6,29.6,-11.8,-5.3,strict_relaxed_tol,0.1,strict,mixed_quarter,1199.12,12,,,True,35.0,11.75
current_shipped_2026-08-18,synth_3000_balanced,3000kcal / balanced,synthetic,lunch_only,3000.0,152.0,384.2,95.0,2766,327,111,113,-7.8,115.1,-71.1,18.9,single_meal_kcal_only,0.08,strict,1.0,480.4,4,,,True,75.4,10.0
current_shipped_2026-08-18,synth_3000_balanced,3000kcal / balanced,synthetic,dinner_only,3000.0,152.0,384.2,95.0,2939,158,378,89,-2.0,3.9,-1.6,-6.3,single_meal_kcal_protein,0.08,strict,1.0,117.29,1,,,True,53.9,18.0
current_shipped_2026-08-18,synth_3000_balanced,3000kcal / balanced,synthetic,lunch_snack,3000.0,152.0,384.2,95.0,2421,188,199,97,-19.3,23.7,-48.2,2.1,safety_net,0.2,relaxed,1.0,2667.89,25,,,True,43.1,6.0
current_shipped_2026-08-18,synth_3000_low_protein,3000kcal / low protein,synthetic,full_day,3000.0,104.5,431.8,95.0,2638,145,304,93,-12.1,38.8,-29.6,-2.1,safety_net,0.2,relaxed,1.0,3815.32,25,,,True,29.1,6.0
current_shipped_2026-08-18,synth_3000_low_protein,3000kcal / low protein,synthetic,lunch_snack_dinner,3000.0,104.5,431.8,95.0,2521,134,284,94,-16.0,28.2,-34.2,-1.1,safety_net,0.2,relaxed,1.0,2058.07,25,,,True,30.4,6.0
current_shipped_2026-08-18,synth_3000_low_protein,3000kcal / low protein,synthetic,lunch_dinner,3000.0,104.5,431.8,95.0,2813,189,308,92,-6.2,80.9,-28.7,-3.2,safety_net,0.2,relaxed,1.0,1061.91,25,,,True,31.3,10.0
current_shipped_2026-08-18,synth_3000_low_protein,3000kcal / low protein,synthetic,lunch_only,3000.0,104.5,431.8,95.0,2766,327,111,113,-7.8,212.9,-74.3,18.9,single_meal_kcal_only,0.08,strict,1.0,192.45,4,,,True,75.4,10.0
current_shipped_2026-08-18,synth_3000_low_protein,3000kcal / low protein,synthetic,dinner_only,3000.0,104.5,431.8,95.0,2997,148,417,82,-0.1,41.6,-3.4,-13.7,single_meal_kcal_only,0.08,strict,1.0,188.89,4,,,True,58.7,20.0
current_shipped_2026-08-18,synth_3000_low_protein,3000kcal / low protein,synthetic,lunch_snack,3000.0,104.5,431.8,95.0,2421,188,199,97,-19.3,79.9,-53.9,2.1,safety_net,0.2,relaxed,1.0,936.62,25,,,True,43.1,6.0
current_shipped_2026-08-18,synth_3000_extremely_low_protein,3000kcal / extremely low protein,synthetic,full_day,3000.0,57.0,479.2,95.0,2638,145,304,93,-12.1,154.4,-36.6,-2.1,safety_net,0.2,relaxed,1.0,1057.32,25,,,True,29.1,6.0
current_shipped_2026-08-18,synth_3000_extremely_low_protein,3000kcal / extremely low protein,synthetic,lunch_snack_dinner,3000.0,57.0,479.2,95.0,2521,134,284,94,-16.0,135.1,-40.7,-1.1,safety_net,0.2,relaxed,1.0,1118.47,25,,,True,30.4,6.0
current_shipped_2026-08-18,synth_3000_extremely_low_protein,3000kcal / extremely low protein,synthetic,lunch_dinner,3000.0,57.0,479.2,95.0,2500,174,251,89,-16.7,205.3,-47.6,-6.3,safety_net,0.2,relaxed,1.0,846.42,25,,,True,25.0,7.0
current_shipped_2026-08-18,synth_3000_extremely_low_protein,3000kcal / extremely low protein,synthetic,lunch_only,3000.0,57.0,479.2,95.0,2766,327,111,113,-7.8,473.7,-76.8,18.9,single_meal_kcal_only,0.08,strict,1.0,85.87,4,,,True,75.4,10.0
current_shipped_2026-08-18,synth_3000_extremely_low_protein,3000kcal / extremely low protein,synthetic,dinner_only,3000.0,57.0,479.2,95.0,2997,148,417,82,-0.1,159.6,-13.0,-13.7,single_meal_kcal_only,0.08,strict,1.0,166.6,4,,,True,58.7,20.0
current_shipped_2026-08-18,synth_3000_extremely_low_protein,3000kcal / extremely low protein,synthetic,lunch_snack,3000.0,57.0,479.2,95.0,2421,188,199,97,-19.3,229.8,-58.5,2.1,safety_net,0.2,relaxed,1.0,771.9,25,,,True,43.1,6.0
current_shipped_2026-08-18,synth_3000_high_protein,3000kcal / high protein,synthetic,full_day,3000.0,190.0,346.2,95.0,2990,190,334,99,-0.3,0.0,-3.5,4.2,strict_tight,0.08,strict,1.0,111.9,1,,,True,20.9,7.0
current_shipped_2026-08-18,synth_3000_high_protein,3000kcal / high protein,synthetic,lunch_snack_dinner,3000.0,190.0,346.2,95.0,3029,189,349,97,1.0,-0.5,0.8,2.1,strict_tight,0.08,strict,1.0,68.85,1,,,True,26.1,9.0
current_shipped_2026-08-18,synth_3000_high_protein,3000kcal / high protein,synthetic,lunch_dinner,3000.0,190.0,346.2,95.0,2950,201,326,94,-1.7,5.8,-5.8,-1.1,strict_tight,0.08,strict,1.0,70.12,1,,,True,32.8,11.0
current_shipped_2026-08-18,synth_3000_high_protein,3000kcal / high protein,synthetic,lunch_only,3000.0,190.0,346.2,95.0,2766,327,111,113,-7.8,72.1,-67.9,18.9,single_meal_kcal_only,0.08,strict,1.0,88.9,4,,,True,75.4,10.0
current_shipped_2026-08-18,synth_3000_high_protein,3000kcal / high protein,synthetic,dinner_only,3000.0,190.0,346.2,95.0,3068,190,355,99,2.3,0.0,2.5,4.2,single_meal_kcal_protein,0.08,strict,1.0,53.89,1,,,True,48.8,17.0
current_shipped_2026-08-18,synth_3000_high_protein,3000kcal / high protein,synthetic,lunch_snack,3000.0,190.0,346.2,95.0,2421,188,199,97,-19.3,-1.1,-42.5,2.1,safety_net,0.2,relaxed,1.0,957.73,25,,,True,43.1,6.0
current_shipped_2026-08-18,synth_3000_extremely_high_protein,3000kcal / extremely high protein,synthetic,full_day,3000.0,247.0,289.2,95.0,3023,243,288,100,0.8,-1.6,-0.4,5.3,strict_tight,0.08,strict,1.0,150.26,1,,,True,34.5,7.0
current_shipped_2026-08-18,synth_3000_extremely_high_protein,3000kcal / extremely high protein,synthetic,lunch_snack_dinner,3000.0,247.0,289.2,95.0,2975,240,283,98,-0.8,-2.8,-2.1,3.2,strict_tight,0.08,strict,1.0,29.56,1,,,True,35.1,8.0
current_shipped_2026-08-18,synth_3000_extremely_high_protein,3000kcal / extremely high protein,synthetic,lunch_dinner,3000.0,247.0,289.2,95.0,3004,242,288,98,0.1,-2.0,-0.4,3.2,strict_tight,0.08,strict,1.0,93.76,1,,,True,34.7,9.0
current_shipped_2026-08-18,synth_3000_extremely_high_protein,3000kcal / extremely high protein,synthetic,lunch_only,3000.0,247.0,289.2,95.0,2766,327,111,113,-7.8,32.4,-61.6,18.9,single_meal_kcal_only,0.08,strict,1.0,87.64,4,,,True,75.4,10.0
current_shipped_2026-08-18,synth_3000_extremely_high_protein,3000kcal / extremely high protein,synthetic,dinner_only,3000.0,247.0,289.2,95.0,3158,224,297,120,5.3,-9.3,2.7,26.3,single_meal_kcal_protein,0.08,strict,1.0,22.07,1,,,True,56.1,15.0
current_shipped_2026-08-18,synth_3000_extremely_high_protein,3000kcal / extremely high protein,synthetic,lunch_snack,3000.0,247.0,289.2,95.0,2956,248,234,114,-1.5,0.4,-19.1,20.0,safety_net,0.2,relaxed,1.0,1215.35,25,,,True,49.4,8.0
current_shipped_2026-08-18,synth_3000_low_fat,3000kcal / low fat,synthetic,full_day,3000.0,152.0,491.1,47.5,2421,151,276,79,-19.3,-0.7,-43.8,66.3,safety_net,0.2,relaxed,1.0,825.31,25,,,True,25.4,7.0
current_shipped_2026-08-18,synth_3000_low_fat,3000kcal / low fat,synthetic,lunch_snack_dinner,3000.0,152.0,491.1,47.5,2441,151,274,82,-18.6,-0.7,-44.2,72.6,safety_net,0.2,relaxed,1.0,1001.11,25,,,True,28.8,8.0
current_shipped_2026-08-18,synth_3000_low_fat,3000kcal / low fat,synthetic,lunch_dinner,3000.0,152.0,491.1,47.5,2605,180,301,76,-13.2,18.4,-38.7,60.0,safety_net,0.2,relaxed,1.0,700.01,25,,,True,33.8,10.0
current_shipped_2026-08-18,synth_3000_low_fat,3000kcal / low fat,synthetic,lunch_only,3000.0,152.0,491.1,47.5,2768,349,107,105,-7.7,129.6,-78.2,121.1,single_meal_kcal_only,0.08,strict,1.0,84.83,4,,,True,82.9,11.0
current_shipped_2026-08-18,synth_3000_low_fat,3000kcal / low fat,synthetic,dinner_only,3000.0,152.0,491.1,47.5,2859,143,412,71,-4.7,-5.9,-16.1,49.5,single_meal_kcal_protein,0.08,strict,1.0,32.97,1,,,True,61.5,20.0
current_shipped_2026-08-18,synth_3000_low_fat,3000kcal / low fat,synthetic,lunch_snack,3000.0,152.0,491.1,47.5,2421,188,199,97,-19.3,23.7,-59.5,104.2,safety_net,0.2,relaxed,1.0,823.41,25,,,True,43.1,6.0
current_shipped_2026-08-18,synth_3000_extremely_low_fat,3000kcal / extremely low fat,synthetic,full_day,3000.0,152.0,544.6,23.8,2421,151,276,79,-19.3,-0.7,-49.3,231.9,safety_net,0.2,relaxed,1.0,1102.97,25,,,True,25.4,7.0
current_shipped_2026-08-18,synth_3000_extremely_low_fat,3000kcal / extremely low fat,synthetic,lunch_snack_dinner,3000.0,152.0,544.6,23.8,2479,167,275,79,-17.4,9.9,-49.5,231.9,safety_net,0.2,relaxed,1.0,817.03,25,,,True,25.3,7.0
current_shipped_2026-08-18,synth_3000_extremely_low_fat,3000kcal / extremely low fat,synthetic,lunch_dinner,3000.0,152.0,544.6,23.8,2605,180,301,76,-13.2,18.4,-44.7,219.3,safety_net,0.2,relaxed,1.0,962.56,25,,,True,33.8,10.0
current_shipped_2026-08-18,synth_3000_extremely_low_fat,3000kcal / extremely low fat,synthetic,lunch_only,3000.0,152.0,544.6,23.8,2768,349,107,105,-7.7,129.6,-80.4,341.2,single_meal_kcal_only,0.08,strict,1.0,82.94,4,,,True,82.9,11.0
current_shipped_2026-08-18,synth_3000_extremely_low_fat,3000kcal / extremely low fat,synthetic,dinner_only,3000.0,152.0,544.6,23.8,2859,143,412,71,-4.7,-5.9,-24.3,198.3,single_meal_kcal_protein,0.08,strict,1.0,22.78,1,,,True,61.5,20.0
current_shipped_2026-08-18,synth_3000_extremely_low_fat,3000kcal / extremely low fat,synthetic,lunch_snack,3000.0,152.0,544.6,23.8,2421,188,199,97,-19.3,23.7,-63.5,307.6,safety_net,0.2,relaxed,1.0,826.45,25,,,True,43.1,6.0
current_shipped_2026-08-18,synth_3000_high_fat,3000kcal / high fat,synthetic,full_day,3000.0,152.0,256.0,152.0,3094,193,281,133,3.1,27.0,9.8,-12.5,strict_relaxed_tol,0.1,strict,1.0,660.71,10,,,True,24.8,6.0
current_shipped_2026-08-18,synth_3000_high_fat,3000kcal / high fat,synthetic,lunch_snack_dinner,3000.0,152.0,256.0,152.0,3096,198,280,132,3.2,30.3,9.4,-13.2,strict_relaxed_tol,0.1,strict,0.5,453.1,11,,,True,24.8,6.0
current_shipped_2026-08-18,synth_3000_high_fat,3000kcal / high fat,synthetic,lunch_dinner,3000.0,152.0,256.0,152.0,2500,174,251,89,-16.7,14.5,-2.0,-41.4,safety_net,0.2,relaxed,1.0,1512.76,25,,,True,25.0,7.0
current_shipped_2026-08-18,synth_3000_high_fat,3000kcal / high fat,synthetic,lunch_only,3000.0,152.0,256.0,152.0,2835,330,114,118,-5.5,117.1,-55.5,-22.4,single_meal_kcal_only,0.08,strict,1.0,215.95,4,,,True,73.6,10.0
current_shipped_2026-08-18,synth_3000_high_fat,3000kcal / high fat,synthetic,dinner_only,3000.0,152.0,256.0,152.0,2824,177,300,102,-5.9,16.4,17.2,-32.9,single_meal_kcal_protein,0.08,strict,1.0,25.78,1,,,True,46.0,14.0
current_shipped_2026-08-18,synth_3000_high_fat,3000kcal / high fat,synthetic,lunch_snack,3000.0,152.0,256.0,152.0,2687,197,221,113,-10.4,29.6,-13.7,-25.7,safety_net,0.2,relaxed,1.0,849.6,25,,,True,38.8,7.0
current_shipped_2026-08-18,synth_3000_extremely_high_fat,3000kcal / extremely high fat,synthetic,full_day,3000.0,152.0,127.7,209.0,2400,201,149,111,-20.0,32.2,16.7,-46.9,safety_net,0.2,relaxed,1.0,896.68,25,,,True,26.1,5.0
current_shipped_2026-08-18,synth_3000_extremely_high_fat,3000kcal / extremely high fat,synthetic,lunch_snack_dinner,3000.0,152.0,127.7,209.0,2423,218,129,115,-19.2,43.4,1.0,-45.0,safety_net,0.2,relaxed,1.0,1010.03,25,,,True,34.4,5.0
current_shipped_2026-08-18,synth_3000_extremely_high_fat,3000kcal / extremely high fat,synthetic,lunch_dinner,3000.0,152.0,127.7,209.0,2411,212,130,116,-19.6,39.5,1.8,-44.5,safety_net,0.2,relaxed,1.0,1095.04,25,,,True,34.3,7.0
current_shipped_2026-08-18,synth_3000_extremely_high_fat,3000kcal / extremely high fat,synthetic,lunch_only,3000.0,152.0,127.7,209.0,2835,330,114,118,-5.5,117.1,-10.7,-43.5,single_meal_kcal_only,0.08,strict,1.0,81.41,4,,,True,73.6,10.0
current_shipped_2026-08-18,synth_3000_extremely_high_fat,3000kcal / extremely high fat,synthetic,dinner_only,3000.0,152.0,127.7,209.0,2824,177,300,102,-5.9,16.4,134.9,-51.2,single_meal_kcal_protein,0.08,strict,1.0,23.07,1,,,True,46.0,14.0
current_shipped_2026-08-18,synth_3000_extremely_high_fat,3000kcal / extremely high fat,synthetic,lunch_snack,3000.0,152.0,127.7,209.0,2431,215,146,110,-19.0,41.4,14.3,-47.4,safety_net,0.2,relaxed,1.0,743.44,25,,,True,51.5,6.0
current_shipped_2026-08-18,synth_3000_low_carbs,3000kcal / low carbs,synthetic,full_day,3000.0,190.0,260.8,133.0,2965,191,259,130,-1.2,0.5,-0.7,-2.3,strict_tight,0.08,strict,1.0,97.9,1,,,True,21.6,5.0
current_shipped_2026-08-18,synth_3000_low_carbs,3000kcal / low carbs,synthetic,lunch_snack_dinner,3000.0,190.0,260.8,133.0,2905,193,258,123,-3.2,1.6,-1.1,-7.5,strict_tight,0.08,strict,1.0,124.79,1,,,True,22.0,5.0
current_shipped_2026-08-18,synth_3000_low_carbs,3000kcal / low carbs,synthetic,lunch_dinner,3000.0,190.0,260.8,133.0,2980,230,252,117,-0.7,21.1,-3.4,-12.0,strict_relaxed_tol,0.075,strict,1.0,322.84,7,,,True,28.0,9.0
current_shipped_2026-08-18,synth_3000_low_carbs,3000kcal / low carbs,synthetic,lunch_only,3000.0,190.0,260.8,133.0,2835,330,114,118,-5.5,73.7,-56.3,-11.3,single_meal_kcal_only,0.08,strict,1.0,120.99,4,,,True,73.6,10.0
current_shipped_2026-08-18,synth_3000_low_carbs,3000kcal / low carbs,synthetic,dinner_only,3000.0,190.0,260.8,133.0,2884,200,262,115,-3.9,5.3,0.5,-13.5,single_meal_kcal_protein,0.08,strict,1.0,115.55,1,,,True,53.2,13.0
current_shipped_2026-08-18,synth_3000_low_carbs,3000kcal / low carbs,synthetic,lunch_snack,3000.0,190.0,260.8,133.0,2855,213,231,120,-4.8,12.1,-11.4,-9.8,relaxed_culinary,0.1,relaxed,0.5,487.25,17,,,True,40.2,7.5
current_shipped_2026-08-18,synth_3000_extremely_low_carbs,3000kcal / extremely low carbs,synthetic,full_day,3000.0,228.0,137.2,171.0,3145,265,177,153,4.8,16.2,29.0,-10.5,strict_relaxed_tol,0.075,strict,0.5,276.86,8,,,True,28.2,7.5
current_shipped_2026-08-18,synth_3000_extremely_low_carbs,3000kcal / extremely low carbs,synthetic,lunch_snack_dinner,3000.0,228.0,137.2,171.0,3156,268,177,153,5.2,17.5,29.0,-10.5,strict_relaxed_tol,0.075,strict,0.5,462.9,8,,,True,29.7,7.0
current_shipped_2026-08-18,synth_3000_extremely_low_carbs,3000kcal / extremely low carbs,synthetic,lunch_dinner,3000.0,228.0,137.2,171.0,2688,246,135,130,-10.4,7.9,-1.6,-24.0,safety_net,0.2,relaxed,1.0,769.51,25,,,True,31.0,7.0
current_shipped_2026-08-18,synth_3000_extremely_low_carbs,3000kcal / extremely low carbs,synthetic,lunch_only,3000.0,228.0,137.2,171.0,2835,330,114,118,-5.5,44.7,-16.9,-31.0,single_meal_kcal_only,0.08,strict,1.0,89.7,4,,,True,73.6,10.0
current_shipped_2026-08-18,synth_3000_extremely_low_carbs,3000kcal / extremely low carbs,synthetic,dinner_only,3000.0,228.0,137.2,171.0,2799,231,164,136,-6.7,1.3,19.5,-20.5,single_meal_kcal_protein,0.08,strict,1.0,37.84,1,,,True,67.5,16.0
current_shipped_2026-08-18,synth_3000_extremely_low_carbs,3000kcal / extremely low carbs,synthetic,lunch_snack,3000.0,228.0,137.2,171.0,2511,243,131,113,-16.3,6.6,-4.5,-33.9,safety_net,0.2,relaxed,1.0,855.11,25,,,True,58.2,7.0
current_shipped_2026-08-18,synth_3000_high_carbs,3000kcal / high carbs,synthetic,full_day,3000.0,114.0,507.8,57.0,2421,151,276,79,-19.3,32.5,-45.6,38.6,safety_net,0.2,relaxed,1.0,1425.37,25,,,True,25.4,7.0
current_shipped_2026-08-18,synth_3000_high_carbs,3000kcal / high carbs,synthetic,lunch_snack_dinner,3000.0,114.0,507.8,57.0,2421,139,285,81,-19.3,21.9,-43.9,42.1,safety_net,0.2,relaxed,1.0,872.95,25,,,True,25.4,7.0
current_shipped_2026-08-18,synth_3000_high_carbs,3000kcal / high carbs,synthetic,lunch_dinner,3000.0,114.0,507.8,57.0,2605,180,301,76,-13.2,57.9,-40.7,33.3,safety_net,0.2,relaxed,1.0,709.33,25,,,True,33.8,10.0
current_shipped_2026-08-18,synth_3000_high_carbs,3000kcal / high carbs,synthetic,lunch_only,3000.0,114.0,507.8,57.0,2766,327,111,113,-7.8,186.8,-78.1,98.2,single_meal_kcal_only,0.08,strict,1.0,137.39,4,,,True,75.4,10.0
current_shipped_2026-08-18,synth_3000_high_carbs,3000kcal / high carbs,synthetic,dinner_only,3000.0,114.0,507.8,57.0,2771,141,392,71,-7.6,23.7,-22.8,24.6,single_meal_kcal_protein,0.08,strict,1.0,17.63,1,,,True,60.3,19.0
current_shipped_2026-08-18,synth_3000_high_carbs,3000kcal / high carbs,synthetic,lunch_snack,3000.0,114.0,507.8,57.0,2421,188,199,97,-19.3,64.9,-60.8,70.2,safety_net,0.2,relaxed,1.0,849.44,25,,,True,43.1,6.0
current_shipped_2026-08-18,synth_3000_extremely_high_carbs,3000kcal / extremely high carbs,synthetic,full_day,3000.0,85.5,589.7,33.2,2421,151,276,79,-19.3,76.6,-53.2,138.0,safety_net,0.2,relaxed,1.0,919.95,25,,,True,25.4,7.0
current_shipped_2026-08-18,synth_3000_extremely_high_carbs,3000kcal / extremely high carbs,synthetic,lunch_snack_dinner,3000.0,85.5,589.7,33.2,2421,139,285,81,-19.3,62.6,-51.7,144.0,safety_net,0.2,relaxed,1.0,709.4,25,,,True,25.4,7.0
current_shipped_2026-08-18,synth_3000_extremely_high_carbs,3000kcal / extremely high carbs,synthetic,lunch_dinner,3000.0,85.5,589.7,33.2,2501,177,279,75,-16.6,107.0,-52.7,125.9,safety_net,0.2,relaxed,1.0,934.13,25,,,True,35.2,10.0
current_shipped_2026-08-18,synth_3000_extremely_high_carbs,3000kcal / extremely high carbs,synthetic,lunch_only,3000.0,85.5,589.7,33.2,2766,327,111,113,-7.8,282.5,-81.2,240.4,single_meal_kcal_only,0.08,strict,1.0,120.48,4,,,True,75.4,10.0
current_shipped_2026-08-18,synth_3000_extremely_high_carbs,3000kcal / extremely high carbs,synthetic,dinner_only,3000.0,85.5,589.7,33.2,2859,143,412,71,-4.7,67.3,-30.1,113.9,single_meal_kcal_only,0.08,strict,1.0,73.07,4,,,True,61.5,20.0
current_shipped_2026-08-18,synth_3000_extremely_high_carbs,3000kcal / extremely high carbs,synthetic,lunch_snack,3000.0,85.5,589.7,33.2,2421,188,199,97,-19.3,119.9,-66.3,192.2,safety_net,0.2,relaxed,1.0,807.01,25,,,True,43.1,6.0
current_shipped_2026-08-18,synth_3500_balanced,3500kcal / balanced,synthetic,full_day,3500.0,176.0,451.5,110.0,3392,194,409,109,-3.1,10.2,-9.4,-0.9,strict_tight,0.08,strict,0.5,223.5,2,,,True,24.5,8.5
current_shipped_2026-08-18,synth_3500_balanced,3500kcal / balanced,synthetic,lunch_snack_dinner,3500.0,176.0,451.5,110.0,3511,202,408,119,0.3,14.8,-9.6,8.2,strict_tight,0.08,strict,1.0,67.83,1,,,True,25.1,10.0
current_shipped_2026-08-18,synth_3500_balanced,3500kcal / balanced,synthetic,lunch_dinner,3500.0,176.0,451.5,110.0,3176,208,350,105,-9.3,18.2,-22.5,-4.5,safety_net,0.17142857142857143,relaxed,1.0,1048.59,25,,,True,33.2,12.0
current_shipped_2026-08-18,synth_3500_balanced,3500kcal / balanced,synthetic,lunch_only,3500.0,176.0,451.5,110.0,3253,391,118,135,-7.1,122.2,-73.9,22.7,single_meal_kcal_only,0.08,strict,1.0,92.23,4,,,True,77.0,12.0
current_shipped_2026-08-18,synth_3500_balanced,3500kcal / balanced,synthetic,dinner_only,3500.0,176.0,451.5,110.0,3409,178,457,97,-2.6,1.1,1.2,-11.8,single_meal_kcal_protein,0.08,strict,1.0,21.59,1,,,True,56.8,22.0
current_shipped_2026-08-18,synth_3500_balanced,3500kcal / balanced,synthetic,lunch_snack,3500.0,176.0,451.5,110.0,2954,227,238,122,-15.6,29.0,-47.3,10.9,safety_net,0.17142857142857143,relaxed,1.0,897.21,25,,,True,42.4,8.0
current_shipped_2026-08-18,synth_3500_low_protein,3500kcal / low protein,synthetic,full_day,3500.0,121.0,506.5,110.0,3070,167,349,112,-12.3,38.0,-31.1,1.8,safety_net,0.17142857142857143,relaxed,1.0,1404.1,25,,,True,25.0,7.0
current_shipped_2026-08-18,synth_3500_low_protein,3500kcal / low protein,synthetic,lunch_snack_dinner,3500.0,121.0,506.5,110.0,2933,163,325,109,-16.2,34.7,-35.8,-0.9,safety_net,0.17142857142857143,relaxed,1.0,899.6,25,,,True,26.2,7.0
current_shipped_2026-08-18,synth_3500_low_protein,3500kcal / low protein,synthetic,lunch_dinner,3500.0,121.0,506.5,110.0,3176,208,350,105,-9.3,71.9,-30.9,-4.5,safety_net,0.17142857142857143,relaxed,1.0,937.73,25,,,True,33.2,12.0
current_shipped_2026-08-18,synth_3500_low_protein,3500kcal / low protein,synthetic,lunch_only,3500.0,121.0,506.5,110.0,3253,391,118,135,-7.1,223.1,-76.7,22.7,single_meal_kcal_only,0.08,strict,1.0,192.28,4,,,True,77.0,12.0
current_shipped_2026-08-18,synth_3500_low_protein,3500kcal / low protein,synthetic,dinner_only,3500.0,121.0,506.5,110.0,3585,181,497,97,2.4,49.6,-1.9,-11.8,single_meal_kcal_only,0.08,strict,1.0,182.94,4,,,True,58.9,24.0
current_shipped_2026-08-18,synth_3500_low_protein,3500kcal / low protein,synthetic,lunch_snack,3500.0,121.0,506.5,110.0,2954,227,238,122,-15.6,87.6,-53.0,10.9,safety_net,0.17142857142857143,relaxed,1.0,663.85,25,,,True,42.4,8.0
current_shipped_2026-08-18,synth_3500_extremely_low_protein,3500kcal / extremely low protein,synthetic,full_day,3500.0,66.0,561.5,110.0,3001,164,347,107,-14.3,148.5,-38.2,-2.7,safety_net,0.17142857142857143,relaxed,1.0,802.23,25,,,True,25.6,7.0
current_shipped_2026-08-18,synth_3500_extremely_low_protein,3500kcal / extremely low protein,synthetic,lunch_snack_dinner,3500.0,66.0,561.5,110.0,2952,162,342,104,-15.7,145.5,-39.1,-5.5,safety_net,0.17142857142857143,relaxed,1.0,1350.7,25,,,True,26.0,8.0
current_shipped_2026-08-18,synth_3500_extremely_low_protein,3500kcal / extremely low protein,synthetic,lunch_dinner,3500.0,66.0,561.5,110.0,3176,208,350,105,-9.3,215.2,-37.7,-4.5,safety_net,0.17142857142857143,relaxed,1.0,804.71,25,,,True,33.2,12.0
current_shipped_2026-08-18,synth_3500_extremely_low_protein,3500kcal / extremely low protein,synthetic,lunch_only,3500.0,66.0,561.5,110.0,3253,391,118,135,-7.1,492.4,-79.0,22.7,single_meal_kcal_only,0.08,strict,1.0,100.15,4,,,True,77.0,12.0
current_shipped_2026-08-18,synth_3500_extremely_low_protein,3500kcal / extremely low protein,synthetic,dinner_only,3500.0,66.0,561.5,110.0,3291,165,457,90,-6.0,150.0,-18.6,-18.2,single_meal_kcal_only,0.08,strict,1.0,118.74,4,,,True,58.8,22.0
current_shipped_2026-08-18,synth_3500_extremely_low_protein,3500kcal / extremely low protein,synthetic,lunch_snack,3500.0,66.0,561.5,110.0,2954,227,238,122,-15.6,243.9,-57.6,10.9,safety_net,0.17142857142857143,relaxed,1.0,1044.85,25,,,True,42.4,8.0
current_shipped_2026-08-18,synth_3500_high_protein,3500kcal / high protein,synthetic,full_day,3500.0,220.0,407.5,110.0,3532,223,409,112,0.9,1.4,0.4,1.8,strict_tight,0.08,strict,1.0,183.55,1,,,True,24.9,10.0
current_shipped_2026-08-18,synth_3500_high_protein,3500kcal / high protein,synthetic,lunch_snack_dinner,3500.0,220.0,407.5,110.0,3453,224,388,112,-1.3,1.8,-4.8,1.8,strict_tight,0.08,strict,1.0,88.55,1,,,True,25.5,10.0
current_shipped_2026-08-18,synth_3500_high_protein,3500kcal / high protein,synthetic,lunch_dinner,3500.0,220.0,407.5,110.0,3452,247,368,110,-1.4,12.3,-9.7,0.0,strict_tight,0.08,strict,1.0,43.76,1,,,True,33.1,13.0
current_shipped_2026-08-18,synth_3500_high_protein,3500kcal / high protein,synthetic,lunch_only,3500.0,220.0,407.5,110.0,3253,391,118,135,-7.1,77.7,-71.0,22.7,single_meal_kcal_only,0.08,strict,1.0,128.97,4,,,True,77.0,12.0
current_shipped_2026-08-18,synth_3500_high_protein,3500kcal / high protein,synthetic,dinner_only,3500.0,220.0,407.5,110.0,3568,221,415,114,1.9,0.5,1.8,3.6,single_meal_kcal_protein,0.08,strict,1.0,41.22,1,,,True,49.3,20.0
current_shipped_2026-08-18,synth_3500_high_protein,3500kcal / high protein,synthetic,lunch_snack,3500.0,220.0,407.5,110.0,2954,227,238,122,-15.6,3.2,-41.6,10.9,safety_net,0.17142857142857143,relaxed,1.0,1368.88,25,,,True,42.4,8.0
current_shipped_2026-08-18,synth_3500_extremely_high_protein,3500kcal / extremely high protein,synthetic,full_day,3500.0,286.0,341.5,110.0,3478,274,343,112,-0.6,-4.2,0.4,1.8,strict_tight,0.08,strict,1.0,115.55,1,,,True,30.0,9.0
current_shipped_2026-08-18,synth_3500_extremely_high_protein,3500kcal / extremely high protein,synthetic,lunch_snack_dinner,3500.0,286.0,341.5,110.0,3549,287,343,114,1.4,0.3,0.4,3.6,strict_tight,0.08,strict,1.0,63.8,1,,,True,35.3,12.0
current_shipped_2026-08-18,synth_3500_extremely_high_protein,3500kcal / extremely high protein,synthetic,lunch_dinner,3500.0,286.0,341.5,110.0,3525,288,348,109,0.7,0.7,1.9,-0.9,strict_tight,0.08,strict,1.0,121.8,1,,,True,35.5,12.0
current_shipped_2026-08-18,synth_3500_extremely_high_protein,3500kcal / extremely high protein,synthetic,lunch_only,3500.0,286.0,341.5,110.0,3253,391,118,135,-7.1,36.7,-65.4,22.7,single_meal_kcal_only,0.08,strict,1.0,109.42,4,,,True,77.0,12.0
current_shipped_2026-08-18,synth_3500_extremely_high_protein,3500kcal / extremely high protein,synthetic,dinner_only,3500.0,286.0,341.5,110.0,3689,266,338,142,5.4,-7.0,-1.0,29.1,single_meal_kcal_protein,0.08,strict,1.0,29.5,1,,,True,57.6,18.0
current_shipped_2026-08-18,synth_3500_extremely_high_protein,3500kcal / extremely high protein,synthetic,lunch_snack,3500.0,286.0,341.5,110.0,3292,281,253,128,-5.9,-1.7,-25.9,16.4,safety_net,0.17142857142857143,relaxed,1.0,1041.09,25,,,True,50.7,9.0
current_shipped_2026-08-18,synth_3500_low_fat,3500kcal / low fat,synthetic,full_day,3500.0,176.0,575.2,55.0,2988,200,343,91,-14.6,13.6,-40.4,65.5,safety_net,0.17142857142857143,relaxed,1.0,1267.21,25,,,True,29.4,10.0
current_shipped_2026-08-18,synth_3500_low_fat,3500kcal / low fat,synthetic,lunch_snack_dinner,3500.0,176.0,575.2,55.0,2989,188,352,92,-14.6,6.8,-38.8,67.3,safety_net,0.17142857142857143,relaxed,1.0,1498.03,25,,,True,29.4,10.0
current_shipped_2026-08-18,synth_3500_low_fat,3500kcal / low fat,synthetic,lunch_dinner,3500.0,176.0,575.2,55.0,2969,200,343,89,-15.2,13.6,-40.4,61.8,safety_net,0.17142857142857143,relaxed,1.0,1293.19,25,,,True,35.6,12.0
current_shipped_2026-08-18,synth_3500_low_fat,3500kcal / low fat,synthetic,lunch_only,3500.0,176.0,575.2,55.0,3254,412,114,128,-7.0,134.1,-80.2,132.7,single_meal_kcal_only,0.08,strict,1.0,462.25,4,,,True,83.4,13.0
current_shipped_2026-08-18,synth_3500_low_fat,3500kcal / low fat,synthetic,dinner_only,3500.0,176.0,575.2,55.0,3535,177,512,87,1.0,0.6,-11.0,58.2,single_meal_kcal_protein,0.08,strict,1.0,63.03,1,,,True,62.2,25.0
current_shipped_2026-08-18,synth_3500_low_fat,3500kcal / low fat,synthetic,lunch_snack,3500.0,176.0,575.2,55.0,2956,248,234,114,-15.5,40.9,-59.3,107.3,safety_net,0.17142857142857143,relaxed,1.0,1330.75,25,,,True,49.4,8.0
current_shipped_2026-08-18,synth_3500_extremely_low_fat,3500kcal / extremely low fat,synthetic,full_day,3500.0,176.0,637.1,27.5,2988,200,343,91,-14.6,13.6,-46.2,230.9,safety_net,0.17142857142857143,relaxed,1.0,1378.86,25,,,True,29.4,10.0
current_shipped_2026-08-18,synth_3500_extremely_low_fat,3500kcal / extremely low fat,synthetic,lunch_snack_dinner,3500.0,176.0,637.1,27.5,2939,198,338,89,-16.0,12.5,-46.9,223.6,safety_net,0.17142857142857143,relaxed,1.0,1056.38,25,,,True,32.9,11.0
current_shipped_2026-08-18,synth_3500_extremely_low_fat,3500kcal / extremely low fat,synthetic,lunch_dinner,3500.0,176.0,637.1,27.5,2969,200,343,89,-15.2,13.6,-46.2,223.6,safety_net,0.17142857142857143,relaxed,1.0,612.16,25,,,True,35.6,12.0
current_shipped_2026-08-18,synth_3500_extremely_low_fat,3500kcal / extremely low fat,synthetic,lunch_only,3500.0,176.0,637.1,27.5,3254,412,114,128,-7.0,134.1,-82.1,365.5,single_meal_kcal_only,0.08,strict,1.0,71.32,4,,,True,83.4,13.0
current_shipped_2026-08-18,synth_3500_extremely_low_fat,3500kcal / extremely low fat,synthetic,dinner_only,3500.0,176.0,637.1,27.5,3535,177,512,87,1.0,0.6,-19.6,216.4,single_meal_kcal_protein,0.08,strict,1.0,118.9,1,,,True,62.2,25.0
current_shipped_2026-08-18,synth_3500_extremely_low_fat,3500kcal / extremely low fat,synthetic,lunch_snack,3500.0,176.0,637.1,27.5,2956,248,234,114,-15.5,40.9,-63.3,314.5,safety_net,0.17142857142857143,relaxed,1.0,649.68,25,,,True,49.4,8.0
current_shipped_2026-08-18,synth_3500_high_fat,3500kcal / high fat,synthetic,full_day,3500.0,176.0,303.0,176.0,3588,231,323,153,2.5,31.2,6.6,-13.1,strict_relaxed_tol,0.08571428571428572,strict,1.0,326.66,10,,,True,24.9,7.0
current_shipped_2026-08-18,synth_3500_high_fat,3500kcal / high fat,synthetic,lunch_snack_dinner,3500.0,176.0,303.0,176.0,3539,221,315,155,1.1,25.6,4.0,-11.9,relaxed_culinary,0.06428571428571428,relaxed,0.5,741.42,20,,,True,32.5,9.0
current_shipped_2026-08-18,synth_3500_high_fat,3500kcal / high fat,synthetic,lunch_dinner,3500.0,176.0,303.0,176.0,2914,200,306,99,-16.7,13.6,1.0,-43.8,safety_net,0.17142857142857143,relaxed,1.0,731.58,25,,,True,33.2,11.0
current_shipped_2026-08-18,synth_3500_high_fat,3500kcal / high fat,synthetic,lunch_only,3500.0,176.0,303.0,176.0,3253,391,118,135,-7.1,122.2,-61.1,-23.3,single_meal_kcal_only,0.08,strict,1.0,92.92,4,,,True,77.0,12.0
current_shipped_2026-08-18,synth_3500_high_fat,3500kcal / high fat,synthetic,dinner_only,3500.0,176.0,303.0,176.0,3236,207,340,117,-7.5,17.6,12.2,-33.5,single_meal_kcal_protein,0.08,strict,1.0,18.48,1,,,True,47.5,16.0
current_shipped_2026-08-18,synth_3500_high_fat,3500kcal / high fat,synthetic,lunch_snack,3500.0,176.0,303.0,176.0,3024,230,241,127,-13.6,30.7,-20.5,-27.8,safety_net,0.17142857142857143,relaxed,1.0,596.56,25,,,True,41.4,8.0
current_shipped_2026-08-18,synth_3500_extremely_high_fat,3500kcal / extremely high fat,synthetic,full_day,3500.0,176.0,154.5,242.0,2920,252,168,138,-16.6,43.2,8.7,-43.0,safety_net,0.17142857142857143,relaxed,1.0,576.31,25,,,True,28.6,6.0
current_shipped_2026-08-18,synth_3500_extremely_high_fat,3500kcal / extremely high fat,synthetic,lunch_snack_dinner,3500.0,176.0,154.5,242.0,2944,251,169,141,-15.9,42.6,9.4,-41.7,safety_net,0.17142857142857143,relaxed,1.0,664.84,25,,,True,28.3,7.0
current_shipped_2026-08-18,synth_3500_extremely_high_fat,3500kcal / extremely high fat,synthetic,lunch_dinner,3500.0,176.0,154.5,242.0,3013,273,156,144,-13.9,55.1,1.0,-40.5,safety_net,0.17142857142857143,relaxed,1.0,729.85,25,,,True,35.3,9.0
current_shipped_2026-08-18,synth_3500_extremely_high_fat,3500kcal / extremely high fat,synthetic,lunch_only,3500.0,176.0,154.5,242.0,3253,391,118,135,-7.1,122.2,-23.6,-44.2,single_meal_kcal_only,0.08,strict,1.0,81.89,4,,,True,77.0,12.0
current_shipped_2026-08-18,synth_3500_extremely_high_fat,3500kcal / extremely high fat,synthetic,dinner_only,3500.0,176.0,154.5,242.0,3236,207,340,117,-7.5,17.6,120.1,-51.7,single_meal_kcal_protein,0.08,strict,1.0,29.57,1,,,True,47.5,16.0
current_shipped_2026-08-18,synth_3500_extremely_high_fat,3500kcal / extremely high fat,synthetic,lunch_snack,3500.0,176.0,154.5,242.0,2907,275,166,127,-16.9,56.2,7.4,-47.5,safety_net,0.17142857142857143,relaxed,1.0,635.28,25,,,True,57.4,8.0
current_shipped_2026-08-18,synth_3500_low_carbs,3500kcal / low carbs,synthetic,full_day,3500.0,220.0,308.5,154.0,3467,223,307,150,-0.9,1.4,-0.5,-2.6,strict_tight,0.08,strict,1.0,76.28,1,,,True,22.1,6.0
current_shipped_2026-08-18,synth_3500_low_carbs,3500kcal / low carbs,synthetic,lunch_snack_dinner,3500.0,220.0,308.5,154.0,3586,237,311,155,2.5,7.7,0.8,0.6,strict_tight,0.08,strict,1.0,68.98,1,,,True,25.0,7.0
current_shipped_2026-08-18,synth_3500_low_carbs,3500kcal / low carbs,synthetic,lunch_dinner,3500.0,220.0,308.5,154.0,3514,264,316,133,0.4,20.0,2.4,-13.6,strict_relaxed_tol,0.06428571428571428,strict,1.0,168.02,7,,,True,25.0,10.0
current_shipped_2026-08-18,synth_3500_low_carbs,3500kcal / low carbs,synthetic,lunch_only,3500.0,220.0,308.5,154.0,3253,391,118,135,-7.1,77.7,-61.8,-12.3,single_meal_kcal_only,0.08,strict,1.0,71.62,4,,,True,77.0,12.0
current_shipped_2026-08-18,synth_3500_low_carbs,3500kcal / low carbs,synthetic,dinner_only,3500.0,220.0,308.5,154.0,3296,229,302,130,-5.8,4.1,-2.1,-15.6,single_meal_kcal_protein,0.08,strict,1.0,21.72,1,,,True,53.8,15.0
current_shipped_2026-08-18,synth_3500_low_carbs,3500kcal / low carbs,synthetic,lunch_snack,3500.0,220.0,308.5,154.0,3360,262,260,141,-4.0,19.1,-15.7,-8.4,relaxed_culinary,0.08571428571428572,relaxed,1.0,429.61,22,,,True,43.5,9.0
current_shipped_2026-08-18,synth_3500_extremely_low_carbs,3500kcal / extremely low carbs,synthetic,full_day,3500.0,264.0,165.5,198.0,3661,310,208,177,4.6,17.4,25.7,-10.6,strict_relaxed_tol,0.06428571428571428,strict,0.5,328.32,8,,,True,28.5,7.5
current_shipped_2026-08-18,synth_3500_extremely_low_carbs,3500kcal / extremely low carbs,synthetic,lunch_snack_dinner,3500.0,264.0,165.5,198.0,3641,309,203,177,4.0,17.0,22.7,-10.6,strict_relaxed_tol,0.06428571428571428,strict,0.5,285.6,8,,,True,32.4,10.0
current_shipped_2026-08-18,synth_3500_extremely_low_carbs,3500kcal / extremely low carbs,synthetic,lunch_dinner,3500.0,264.0,165.5,198.0,2953,269,161,137,-15.6,1.9,-2.7,-30.8,safety_net,0.17142857142857143,relaxed,1.0,766.25,25,,,True,35.3,6.0
current_shipped_2026-08-18,synth_3500_extremely_low_carbs,3500kcal / extremely low carbs,synthetic,lunch_only,3500.0,264.0,165.5,198.0,3253,391,118,135,-7.1,48.1,-28.7,-31.8,single_meal_kcal_only,0.08,strict,1.0,68.13,4,,,True,77.0,12.0
current_shipped_2026-08-18,synth_3500_extremely_low_carbs,3500kcal / extremely low carbs,synthetic,dinner_only,3500.0,264.0,165.5,198.0,3241,271,186,157,-7.4,2.7,12.4,-20.7,single_meal_kcal_protein,0.08,strict,1.0,40.1,1,,,True,69.3,19.0
current_shipped_2026-08-18,synth_3500_extremely_low_carbs,3500kcal / extremely low carbs,synthetic,lunch_snack,3500.0,264.0,165.5,198.0,2976,278,168,132,-15.0,5.3,1.5,-33.3,safety_net,0.17142857142857143,relaxed,1.0,613.31,25,,,True,56.1,8.0
current_shipped_2026-08-18,synth_3500_high_carbs,3500kcal / high carbs,synthetic,full_day,3500.0,132.0,594.5,66.0,2932,161,344,101,-16.2,22.0,-42.1,53.0,safety_net,0.17142857142857143,relaxed,1.0,517.79,25,,,True,26.2,7.0
current_shipped_2026-08-18,synth_3500_high_carbs,3500kcal / high carbs,synthetic,lunch_snack_dinner,3500.0,132.0,594.5,66.0,2989,188,352,92,-14.6,42.4,-40.8,39.4,safety_net,0.17142857142857143,relaxed,1.0,818.19,25,,,True,29.4,10.0
current_shipped_2026-08-18,synth_3500_high_carbs,3500kcal / high carbs,synthetic,lunch_dinner,3500.0,132.0,594.5,66.0,2969,200,343,89,-15.2,51.5,-42.3,34.8,safety_net,0.17142857142857143,relaxed,1.0,570.52,25,,,True,35.6,12.0
current_shipped_2026-08-18,synth_3500_high_carbs,3500kcal / high carbs,synthetic,lunch_only,3500.0,132.0,594.5,66.0,3253,391,118,135,-7.1,196.2,-80.2,104.5,single_meal_kcal_only,0.08,strict,1.0,88.48,4,,,True,77.0,12.0
current_shipped_2026-08-18,synth_3500_high_carbs,3500kcal / high carbs,synthetic,dinner_only,3500.0,132.0,594.5,66.0,3222,162,454,84,-7.9,22.7,-23.6,27.3,single_meal_kcal_protein,0.08,strict,1.0,33.26,1,,,True,60.1,22.0
current_shipped_2026-08-18,synth_3500_high_carbs,3500kcal / high carbs,synthetic,lunch_snack,3500.0,132.0,594.5,66.0,2954,227,238,122,-15.6,72.0,-60.0,84.8,safety_net,0.17142857142857143,relaxed,1.0,631.65,25,,,True,42.4,8.0
current_shipped_2026-08-18,synth_3500_extremely_high_carbs,3500kcal / extremely high carbs,synthetic,full_day,3500.0,99.0,689.4,38.5,2932,161,344,101,-16.2,62.6,-50.1,162.3,safety_net,0.17142857142857143,relaxed,1.0,743.87,25,,,True,26.2,7.0
current_shipped_2026-08-18,synth_3500_extremely_high_carbs,3500kcal / extremely high carbs,synthetic,lunch_snack_dinner,3500.0,99.0,689.4,38.5,2989,188,352,92,-14.6,89.9,-48.9,139.0,safety_net,0.17142857142857143,relaxed,1.0,675.05,25,,,True,29.4,10.0
current_shipped_2026-08-18,synth_3500_extremely_high_carbs,3500kcal / extremely high carbs,synthetic,lunch_dinner,3500.0,99.0,689.4,38.5,2969,200,343,89,-15.2,102.0,-50.2,131.2,safety_net,0.17142857142857143,relaxed,1.0,595.53,25,,,True,35.6,12.0
current_shipped_2026-08-18,synth_3500_extremely_high_carbs,3500kcal / extremely high carbs,synthetic,lunch_only,3500.0,99.0,689.4,38.5,3253,391,118,135,-7.1,294.9,-82.9,250.6,single_meal_kcal_only,0.08,strict,1.0,85.55,4,,,True,77.0,12.0
current_shipped_2026-08-18,synth_3500_extremely_high_carbs,3500kcal / extremely high carbs,synthetic,dinner_only,3500.0,99.0,689.4,38.5,3222,162,454,84,-7.9,63.6,-34.1,118.2,single_meal_kcal_only,0.08,strict,1.0,81.55,4,,,True,60.1,22.0
current_shipped_2026-08-18,synth_3500_extremely_high_carbs,3500kcal / extremely high carbs,synthetic,lunch_snack,3500.0,99.0,689.4,38.5,2954,227,238,122,-15.6,129.3,-65.5,216.9,safety_net,0.17142857142857143,relaxed,1.0,642.84,25,,,True,42.4,8.0
