version,diet_id,diet_label,diet_group,combo,target_kcal,target_protein_g,target_carbs_g,target_fat_g,actual_kcal,actual_protein_g,actual_carbs_g,actual_fat_g,dev_kcal_pct,dev_protein_pct,dev_carbs_pct,dev_fat_pct,solve_mode,tolerance_tier,culinary_pass,serving_step,wall_time_ms,lp_attempts,root_cause_category,root_cause_detail,culinary_cap_adherent,max_subrecipe_kcal_share_pct,max_subrecipe_servings
v2,person_1,Person 1,real,full_day,2000.0,175.0,200.0,56.0,1917,151,175,68,-4.2,-13.7,-12.5,21.4,strict_relaxed_tol,0.15,strict,0.5,672.8,6,,,True,30.0,4.5
v2,person_1,Person 1,real,lunch_snack_dinner,2000.0,175.0,200.0,56.0,1888,145,171,69,-5.6,-17.1,-14.5,23.2,relaxed_culinary,0.2,relaxed,0.5,1147.93,16,,,True,33.1,3.0
v2,person_1,Person 1,real,lunch_dinner,2000.0,175.0,200.0,56.0,2156,163,189,83,7.8,-6.9,-5.5,48.2,best_effort_lp,BEST_EFFORT_LP,relaxed,1.0,1135.75,17,,,True,29.0,3.0
v2,person_1,Person 1,real,lunch_only,2000.0,175.0,200.0,56.0,2049,182,186,64,2.5,4.0,-7.0,14.3,strict_tight,0.08,strict,0.5,168.86,2,,,True,50.9,5.0
v2,person_1,Person 1,real,dinner_only,2000.0,175.0,200.0,56.0,2031,109,198,89,1.6,-37.7,-1.0,58.9,best_effort_lp,BEST_EFFORT_LP,relaxed,1.0,1164.17,17,,,True,45.4,6.0
v2,person_1,Person 1,real,lunch_snack,2000.0,175.0,200.0,56.0,1975,167,184,63,-1.2,-4.6,-8.0,12.5,strict_tight,0.08,strict,0.5,151.04,2,,,True,47.5,4.5
v2,person_2,Person 2,real,full_day,1350.0,101.0,135.0,45.0,1375,104,127,50,1.9,3.0,-5.9,11.1,strict_tight,0.08,strict,0.5,195.57,2,,,True,27.8,3.0
v2,person_2,Person 2,real,lunch_snack_dinner,1350.0,101.0,135.0,45.0,1365,101,124,52,1.1,0.0,-8.1,15.6,strict_relaxed_tol,0.1,strict,0.5,402.74,4,,,True,30.6,2.0
v2,person_2,Person 2,real,lunch_dinner,1350.0,101.0,135.0,45.0,1327,92,123,52,-1.7,-8.9,-8.9,15.6,strict_relaxed_tol,0.1,strict,0.5,318.29,4,,,True,23.6,2.0
v2,person_2,Person 2,real,lunch_only,1350.0,101.0,135.0,45.0,1416,117,118,53,4.9,15.8,-12.6,17.8,strict_relaxed_tol,0.15,strict,1.0,325.77,5,,,True,44.2,3.0
v2,person_2,Person 2,real,dinner_only,1350.0,101.0,135.0,45.0,1377,74,133,61,2.0,-26.7,-1.5,35.6,best_effort_lp,BEST_EFFORT_LP,relaxed,1.0,1173.49,17,,,True,44.6,4.0
v2,person_2,Person 2,real,lunch_snack,1350.0,101.0,135.0,45.0,1362,112,123,47,0.9,10.9,-8.9,4.4,strict_tight,0.08,strict,1.0,71.02,1,,,True,45.9,3.0
v2,person_3,Person 3,real,full_day,1800.0,135.0,180.0,60.0,1804,132,170,66,0.2,-2.2,-5.6,10.0,strict_tight,0.08,strict,0.5,283.9,2,,,True,21.2,3.0
v2,person_3,Person 3,real,lunch_snack_dinner,1800.0,135.0,180.0,60.0,1772,129,165,66,-1.6,-4.4,-8.3,10.0,strict_tight,0.08,strict,0.5,215.32,2,,,True,29.4,2.5
v2,person_3,Person 3,real,lunch_dinner,1800.0,135.0,180.0,60.0,1808,135,164,68,0.4,0.0,-8.9,13.3,strict_relaxed_tol,0.1,strict,0.5,473.1,4,,,True,28.9,2.5
v2,person_3,Person 3,real,lunch_only,1800.0,135.0,180.0,60.0,1887,156,157,70,4.8,15.6,-12.8,16.7,strict_relaxed_tol,0.15,strict,1.0,343.49,5,,,True,44.2,4.0
v2,person_3,Person 3,real,dinner_only,1800.0,135.0,180.0,60.0,1860,104,174,83,3.3,-23.0,-3.3,38.3,best_effort_lp,BEST_EFFORT_LP,relaxed,1.0,1243.93,17,,,True,49.5,6.0
v2,person_3,Person 3,real,lunch_snack,1800.0,135.0,180.0,60.0,1808,150,167,60,0.4,11.1,-7.2,0.0,strict_tight,0.08,strict,1.0,94.63,1,,,True,46.2,4.0
v2,person_4,Person 4,real,full_day,1140.0,95.0,100.0,40.0,1129,87,100,43,-1.0,-8.4,0.0,7.5,strict_tight,0.08,strict,0.5,223.32,2,,,True,22.6,2.0
v2,person_4,Person 4,real,lunch_snack_dinner,1140.0,95.0,100.0,40.0,1138,82,102,44,-0.2,-13.7,2.0,10.0,strict_relaxed_tol,0.1,strict,0.5,393.41,4,,,True,27.5,1.5
v2,person_4,Person 4,real,lunch_dinner,1140.0,95.0,100.0,40.0,1142,95,90,44,0.2,0.0,-10.0,10.0,strict_tight,0.08,strict,0.5,209.26,2,,,True,36.5,2.0
v2,person_4,Person 4,real,lunch_only,1140.0,95.0,100.0,40.0,1145,96,97,41,0.4,1.1,-3.0,2.5,strict_tight,0.08,strict,0.5,158.74,2,,,True,45.6,2.5
v2,person_4,Person 4,real,dinner_only,1140.0,95.0,100.0,40.0,1050,56,100,47,-7.9,-41.1,0.0,17.5,best_effort_lp,BEST_EFFORT_LP,relaxed,1.0,1325.07,17,,,True,43.9,3.0
v2,person_4,Person 4,real,lunch_snack,1140.0,95.0,100.0,40.0,1132,95,98,40,-0.7,0.0,-2.0,0.0,strict_tight,0.08,strict,0.5,259.86,2,,,True,46.1,2.5
v2,person_5,Person 5,real,full_day,1400.0,105.0,140.0,46.7,1375,104,127,50,-1.8,-1.0,-9.3,7.1,strict_tight,0.08,strict,0.5,294.1,2,,,True,27.8,3.0
v2,person_5,Person 5,real,lunch_snack_dinner,1400.0,105.0,140.0,46.7,1348,93,126,53,-3.7,-11.4,-10.0,13.5,strict_relaxed_tol,0.1,strict,0.5,553.71,4,,,True,23.2,2.0
v2,person_5,Person 5,real,lunch_dinner,1400.0,105.0,140.0,46.7,1400,107,123,53,0.0,1.9,-12.1,13.5,strict_relaxed_tol,0.15,strict,0.5,543.72,6,,,True,29.8,2.0
v2,person_5,Person 5,real,lunch_only,1400.0,105.0,140.0,46.7,1402,127,124,44,0.1,21.0,-11.4,-5.8,strict_relaxed_tol,0.2,strict,0.5,530.23,8,,,True,52.1,3.5
v2,person_5,Person 5,real,dinner_only,1400.0,105.0,140.0,46.7,1377,74,133,61,-1.6,-29.5,-5.0,30.6,best_effort_lp,BEST_EFFORT_LP,relaxed,1.0,1260.84,17,,,True,44.6,4.0
v2,person_5,Person 5,real,lunch_snack,1400.0,105.0,140.0,46.7,1405,114,130,48,0.4,8.6,-7.1,2.8,strict_tight,0.08,strict,1.0,93.69,1,,,True,44.5,3.0
v2,person_6,Person 6,real,full_day,1600.0,120.0,160.0,53.3,1619,120,151,59,1.2,0.0,-5.6,10.7,strict_tight,0.08,strict,0.5,245.75,2,,,True,27.6,3.5
v2,person_6,Person 6,real,lunch_snack_dinner,1600.0,120.0,160.0,53.3,1550,111,144,59,-3.1,-7.5,-10.0,10.7,strict_tight,0.08,strict,0.5,214.91,2,,,True,26.9,2.0
v2,person_6,Person 6,real,lunch_dinner,1600.0,120.0,160.0,53.3,1645,126,148,61,2.8,5.0,-7.5,14.4,strict_relaxed_tol,0.1,strict,0.5,381.41,4,,,True,31.7,2.5
v2,person_6,Person 6,real,lunch_only,1600.0,120.0,160.0,53.3,1587,145,136,51,-0.8,20.8,-15.0,-4.3,strict_relaxed_tol,0.2,strict,1.0,461.26,7,,,True,52.6,4.0
v2,person_6,Person 6,real,dinner_only,1600.0,120.0,160.0,53.3,1618,89,154,72,1.1,-25.8,-3.8,35.1,best_effort_lp,BEST_EFFORT_LP,relaxed,1.0,1117.24,17,,,True,47.4,5.0
v2,person_6,Person 6,real,lunch_snack,1600.0,120.0,160.0,53.3,1576,117,152,55,-1.5,-2.5,-5.0,3.2,strict_tight,0.08,strict,1.0,71.31,1,,,True,39.7,3.0
v2,person_7,Person 7,real,full_day,1700.0,127.5,170.0,56.7,1699,128,158,62,-0.1,0.4,-7.1,9.3,strict_tight,0.08,strict,0.5,229.76,2,,,True,30.0,4.0
v2,person_7,Person 7,real,lunch_snack_dinner,1700.0,127.5,170.0,56.7,1708,128,156,64,0.5,0.4,-8.2,12.9,strict_tight,0.08,strict,0.5,142.2,2,,,True,30.5,2.5
v2,person_7,Person 7,real,lunch_dinner,1700.0,127.5,170.0,56.7,1722,129,155,65,1.3,1.2,-8.8,14.6,strict_relaxed_tol,0.1,strict,0.5,400.13,4,,,True,30.3,2.5
v2,person_7,Person 7,real,lunch_only,1700.0,127.5,170.0,56.7,1680,148,150,54,-1.2,16.1,-11.8,-4.8,strict_relaxed_tol,0.15,strict,1.0,336.77,5,,,True,49.7,4.0
v2,person_7,Person 7,real,dinner_only,1700.0,127.5,170.0,56.7,1704,91,166,75,0.2,-28.6,-2.4,32.3,best_effort_lp,BEST_EFFORT_LP,relaxed,1.0,1093.1,17,,,True,45.1,5.0
v2,person_7,Person 7,real,lunch_snack,1700.0,127.5,170.0,56.7,1661,119,164,59,-2.3,-6.7,-3.5,4.1,strict_tight,0.08,strict,1.0,67.66,1,,,True,37.7,3.0
v2,person_8,Person 8,real,full_day,1400.0,70.0,175.0,46.7,1218,79,108,52,-13.0,12.9,-38.3,11.3,best_effort_lp,BEST_EFFORT_LP,relaxed,1.0,1227.42,17,,,True,17.1,1.0
v2,person_8,Person 8,real,lunch_snack_dinner,1400.0,70.0,175.0,46.7,1251,67,125,53,-10.6,-4.3,-28.6,13.5,best_effort_lp,BEST_EFFORT_LP,relaxed,1.0,1333.84,17,,,True,30.6,3.0
v2,person_8,Person 8,real,lunch_dinner,1400.0,70.0,175.0,46.7,1109,75,95,48,-20.8,7.1,-45.7,2.8,best_effort_lp,BEST_EFFORT_LP,relaxed,1.0,1173.29,17,,,True,27.7,2.0
v2,person_8,Person 8,real,lunch_only,1400.0,70.0,175.0,46.7,1346,114,115,48,-3.9,62.9,-34.3,2.8,best_effort_lp,BEST_EFFORT_LP,relaxed,1.0,1227.79,17,,,True,46.5,3.0
v2,person_8,Person 8,real,dinner_only,1400.0,70.0,175.0,46.7,1291,71,121,58,-7.8,1.4,-30.9,24.2,best_effort_lp,BEST_EFFORT_LP,relaxed,1.0,1168.48,17,,,True,47.6,4.0
v2,person_8,Person 8,real,lunch_snack,1400.0,70.0,175.0,46.7,1258,83,127,46,-10.1,18.6,-27.4,-1.5,best_effort_lp,BEST_EFFORT_LP,relaxed,1.0,1116.56,17,,,True,33.2,3.0
v2,person_9,Person 9,real,full_day,1140.0,95.0,100.0,40.0,1129,87,100,43,-1.0,-8.4,0.0,7.5,strict_tight,0.08,strict,0.5,205.58,2,,,True,22.6,2.0
v2,person_9,Person 9,real,lunch_snack_dinner,1140.0,95.0,100.0,40.0,1138,82,102,44,-0.2,-13.7,2.0,10.0,strict_relaxed_tol,0.1,strict,0.5,372.7,4,,,True,27.5,1.5
v2,person_9,Person 9,real,lunch_dinner,1140.0,95.0,100.0,40.0,1142,95,90,44,0.2,0.0,-10.0,10.0,strict_tight,0.08,strict,0.5,207.32,2,,,True,36.5,2.0
v2,person_9,Person 9,real,lunch_only,1140.0,95.0,100.0,40.0,1145,96,97,41,0.4,1.1,-3.0,2.5,strict_tight,0.08,strict,0.5,130.07,2,,,True,45.6,2.5
v2,person_9,Person 9,real,dinner_only,1140.0,95.0,100.0,40.0,1050,56,100,47,-7.9,-41.1,0.0,17.5,best_effort_lp,BEST_EFFORT_LP,relaxed,1.0,1094.87,17,,,True,43.9,3.0
v2,person_9,Person 9,real,lunch_snack,1140.0,95.0,100.0,40.0,1132,95,98,40,-0.7,0.0,-2.0,0.0,strict_tight,0.08,strict,0.5,186.07,2,,,True,46.1,2.5
v2,person_10,Person 10,real,full_day,1200.0,90.0,120.0,40.0,1215,89,112,46,1.2,-1.1,-6.7,15.0,strict_relaxed_tol,0.1,strict,0.5,459.21,4,,,True,21.0,2.0
v2,person_10,Person 10,real,lunch_snack_dinner,1200.0,90.0,120.0,40.0,1185,84,109,46,-1.2,-6.7,-9.2,15.0,strict_relaxed_tol,0.1,strict,0.5,325.92,4,,,True,26.4,1.5
v2,person_10,Person 10,real,lunch_dinner,1200.0,90.0,120.0,40.0,1164,84,107,45,-3.0,-6.7,-10.8,12.5,strict_relaxed_tol,0.1,strict,0.5,299.49,4,,,True,26.9,1.5
v2,person_10,Person 10,real,lunch_only,1200.0,90.0,120.0,40.0,1198,109,106,38,-0.2,21.1,-11.7,-5.0,strict_relaxed_tol,0.2,strict,0.5,516.58,8,,,True,52.2,3.0
v2,person_10,Person 10,real,dinner_only,1200.0,90.0,120.0,40.0,1291,71,121,58,7.6,-21.1,0.8,45.0,best_effort_lp,BEST_EFFORT_LP,relaxed,1.0,1113.96,17,,,True,47.6,4.0
v2,person_10,Person 10,real,lunch_snack,1200.0,90.0,120.0,40.0,1130,80,110,41,-5.8,-11.1,-8.3,2.5,strict_tight,0.08,strict,1.0,71.71,1,,,True,36.9,2.0
v2,synth_1000_balanced,1000kcal / balanced,synthetic,full_day,1000.0,72.0,76.8,45.0,997,72,76,45,-0.3,0.0,-1.0,0.0,strict_tight,0.08,strict,0.5,318.17,2,,,True,25.6,2.0
v2,synth_1000_balanced,1000kcal / balanced,synthetic,lunch_snack_dinner,1000.0,72.0,76.8,45.0,1008,72,77,46,0.8,0.0,0.3,2.2,strict_tight,0.08,strict,0.5,263.25,2,,,True,30.5,2.0
v2,synth_1000_balanced,1000kcal / balanced,synthetic,lunch_dinner,1000.0,72.0,76.8,45.0,1021,73,75,48,2.1,1.4,-2.3,6.7,strict_tight,0.08,strict,1.0,97.35,1,,,True,30.1,2.0
v2,synth_1000_balanced,1000kcal / balanced,synthetic,lunch_only,1000.0,72.0,76.8,45.0,940,78,78,35,-6.0,8.3,1.6,-22.2,best_effort_lp,BEST_EFFORT_LP,relaxed,1.0,1239.02,17,,,True,44.4,2.0
v2,synth_1000_balanced,1000kcal / balanced,synthetic,dinner_only,1000.0,72.0,76.8,45.0,998,63,76,49,-0.2,-12.5,-1.0,8.9,strict_tight,0.08,strict,0.5,217.49,2,,,True,61.5,4.0
v2,synth_1000_balanced,1000kcal / balanced,synthetic,lunch_snack,1000.0,72.0,76.8,45.0,1036,78,79,45,3.6,8.3,2.9,0.0,strict_tight,0.08,strict,0.5,173.14,2,,,True,40.3,2.0
v2,synth_1000_low_protein,1000kcal / low protein,synthetic,full_day,1000.0,49.5,99.2,45.0,968,58,90,42,-3.2,17.2,-9.3,-6.7,strict_tight,0.08,strict,0.5,185.26,2,,,True,19.8,1.5
v2,synth_1000_low_protein,1000kcal / low protein,synthetic,lunch_snack_dinner,1000.0,49.5,99.2,45.0,996,62,91,42,-0.4,25.3,-8.3,-6.7,strict_relaxed_tol,0.15,strict,1.0,441.94,5,,,True,21.0,1.0
v2,synth_1000_low_protein,1000kcal / low protein,synthetic,lunch_dinner,1000.0,49.5,99.2,45.0,1109,75,95,48,10.9,51.5,-4.2,6.7,best_effort_lp,BEST_EFFORT_LP,relaxed,1.0,1227.82,17,,,True,27.7,2.0
v2,synth_1000_low_protein,1000kcal / low protein,synthetic,lunch_only,1000.0,49.5,99.2,45.0,944,78,79,35,-5.6,57.6,-20.4,-22.2,best_effort_lp,BEST_EFFORT_LP,relaxed,1.0,1340.05,17,,,True,44.2,2.0
v2,synth_1000_low_protein,1000kcal / low protein,synthetic,dinner_only,1000.0,49.5,99.2,45.0,1050,56,100,47,5.0,13.1,0.8,4.4,strict_tight,0.08,strict,1.0,92.94,1,,,True,43.9,3.0
v2,synth_1000_low_protein,1000kcal / low protein,synthetic,lunch_snack,1000.0,49.5,99.2,45.0,971,63,90,40,-2.9,27.3,-9.3,-11.1,relaxed_culinary,0.15,relaxed,0.5,1196.48,14,,,True,32.9,2.5
v2,synth_1000_extremely_low_protein,1000kcal / extremely low protein,synthetic,full_day,1000.0,27.0,121.8,45.0,1218,79,108,52,21.8,192.6,-11.3,15.6,best_effort_lp,BEST_EFFORT_LP,relaxed,1.0,1140.66,17,,,True,17.1,1.0
v2,synth_1000_extremely_low_protein,1000kcal / extremely low protein,synthetic,lunch_snack_dinner,1000.0,27.0,121.8,45.0,1124,65,108,48,12.4,140.7,-11.3,6.7,best_effort_lp,BEST_EFFORT_LP,relaxed,1.0,1124.39,17,,,True,22.8,2.0
v2,synth_1000_extremely_low_protein,1000kcal / extremely low protein,synthetic,lunch_dinner,1000.0,27.0,121.8,45.0,868,60,74,37,-13.2,122.2,-39.2,-17.8,best_effort_lp,BEST_EFFORT_LP,relaxed,1.0,1148.56,17,,,True,24.0,1.0
v2,synth_1000_extremely_low_protein,1000kcal / extremely low protein,synthetic,lunch_only,1000.0,27.0,121.8,45.0,472,39,39,18,-52.8,44.4,-68.0,-60.0,best_effort_lp,BEST_EFFORT_LP,relaxed,1.0,1141.28,17,,,True,44.2,1.0
v2,synth_1000_extremely_low_protein,1000kcal / extremely low protein,synthetic,dinner_only,1000.0,27.0,121.8,45.0,792,41,70,39,-20.8,51.9,-42.5,-13.3,best_effort_lp,BEST_EFFORT_LP,relaxed,1.0,1124.5,17,,,True,38.8,2.0
v2,synth_1000_extremely_low_protein,1000kcal / extremely low protein,synthetic,lunch_snack,1000.0,27.0,121.8,45.0,600,42,56,23,-40.0,55.6,-54.0,-48.9,best_effort_lp,BEST_EFFORT_LP,relaxed,1.0,1612.52,17,,,True,34.8,1.0
v2,synth_1000_high_protein,1000kcal / high protein,synthetic,full_day,1000.0,90.0,58.8,45.0,975,84,58,45,-2.5,-6.7,-1.4,0.0,strict_tight,0.08,strict,0.5,294.39,2,,,True,32.1,1.5
v2,synth_1000_high_protein,1000kcal / high protein,synthetic,lunch_snack_dinner,1000.0,90.0,58.8,45.0,1008,91,60,45,0.8,1.1,2.0,0.0,strict_tight,0.08,strict,0.5,186.99,2,,,True,41.4,2.0
v2,synth_1000_high_protein,1000kcal / high protein,synthetic,lunch_dinner,1000.0,90.0,58.8,45.0,993,91,59,44,-0.7,1.1,0.3,-2.2,strict_tight,0.08,strict,0.5,350.36,2,,,True,42.0,2.0
v2,synth_1000_high_protein,1000kcal / high protein,synthetic,lunch_only,1000.0,90.0,58.8,45.0,976,91,59,42,-2.4,1.1,0.3,-6.7,strict_tight,0.08,strict,0.5,296.42,2,,,True,53.5,2.5
v2,synth_1000_high_protein,1000kcal / high protein,synthetic,dinner_only,1000.0,90.0,58.8,45.0,945,63,58,51,-5.5,-30.0,-1.4,13.3,best_effort_lp,BEST_EFFORT_LP,relaxed,1.0,1530.1,17,,,True,65.0,4.0
v2,synth_1000_high_protein,1000kcal / high protein,synthetic,lunch_snack,1000.0,90.0,58.8,45.0,1007,91,59,45,0.7,1.1,0.3,0.0,strict_tight,0.08,strict,0.5,280.2,2,,,True,51.8,2.5
v2,synth_1000_extremely_high_protein,1000kcal / extremely high protein,synthetic,full_day,1000.0,115.9,33.8,44.6,1218,79,108,52,21.8,-31.8,219.5,16.6,best_effort_lp,BEST_EFFORT_LP,relaxed,1.0,1750.43,17,,,True,17.1,1.0
v2,synth_1000_extremely_high_protein,1000kcal / extremely high protein,synthetic,lunch_snack_dinner,1000.0,115.9,33.8,44.6,996,62,91,42,-0.4,-46.5,169.2,-5.8,best_effort_lp,BEST_EFFORT_LP,relaxed,1.0,1639.4,17,,,True,21.0,1.0
v2,synth_1000_extremely_high_protein,1000kcal / extremely high protein,synthetic,lunch_dinner,1000.0,115.9,33.8,44.6,1021,73,75,48,2.1,-37.0,121.9,7.6,best_effort_lp,BEST_EFFORT_LP,relaxed,1.0,1803.74,17,,,True,30.1,2.0
v2,synth_1000_extremely_high_protein,1000kcal / extremely high protein,synthetic,lunch_only,1000.0,115.9,33.8,44.6,1012,117,34,45,1.2,0.9,0.6,0.9,strict_tight,0.08,strict,0.5,184.29,2,,,True,72.2,3.5
v2,synth_1000_extremely_high_protein,1000kcal / extremely high protein,synthetic,dinner_only,1000.0,115.9,33.8,44.6,857,62,38,51,-14.3,-46.5,12.4,14.3,best_effort_lp,BEST_EFFORT_LP,relaxed,1.0,1514.16,17,,,True,71.7,4.0
v2,synth_1000_extremely_high_protein,1000kcal / extremely high protein,synthetic,lunch_snack,1000.0,115.9,33.8,44.6,995,115,38,43,-0.5,-0.8,12.4,-3.6,strict_tight,0.08,strict,0.5,133.76,2,,,True,73.4,3.5
v2,synth_1000_low_fat,1000kcal / low fat,synthetic,full_day,1000.0,72.0,127.4,22.5,1218,79,108,52,21.8,9.7,-15.2,131.1,best_effort_lp,BEST_EFFORT_LP,relaxed,1.0,1553.5,17,,,True,17.1,1.0
v2,synth_1000_low_fat,1000kcal / low fat,synthetic,lunch_snack_dinner,1000.0,72.0,127.4,22.5,996,62,91,42,-0.4,-13.9,-28.6,86.7,best_effort_lp,BEST_EFFORT_LP,relaxed,1.0,1109.75,17,,,True,21.0,1.0
v2,synth_1000_low_fat,1000kcal / low fat,synthetic,lunch_dinner,1000.0,72.0,127.4,22.5,868,60,74,37,-13.2,-16.7,-41.9,64.4,best_effort_lp,BEST_EFFORT_LP,relaxed,1.0,1663.12,17,,,True,24.0,1.0
v2,synth_1000_low_fat,1000kcal / low fat,synthetic,lunch_only,1000.0,72.0,127.4,22.5,789,73,64,27,-21.1,1.4,-49.8,20.0,best_effort_lp,BEST_EFFORT_LP,relaxed,1.0,1589.23,17,,,True,52.9,2.0
v2,synth_1000_low_fat,1000kcal / low fat,synthetic,dinner_only,1000.0,72.0,127.4,22.5,723,38,68,33,-27.7,-47.2,-46.6,46.7,best_effort_lp,BEST_EFFORT_LP,relaxed,1.0,1621.79,17,,,True,42.5,2.0
v2,synth_1000_low_fat,1000kcal / low fat,synthetic,lunch_snack,1000.0,72.0,127.4,22.5,917,75,81,32,-8.3,4.2,-36.4,42.2,best_effort_lp,BEST_EFFORT_LP,relaxed,1.0,1624.3,17,,,True,45.5,2.0
v2,synth_1000_extremely_low_fat,1000kcal / extremely low fat,synthetic,full_day,1000.0,72.0,152.7,11.2,1218,79,108,52,21.8,9.7,-29.3,364.3,best_effort_lp,BEST_EFFORT_LP,relaxed,1.0,1523.13,17,,,True,17.1,1.0
v2,synth_1000_extremely_low_fat,1000kcal / extremely low fat,synthetic,lunch_snack_dinner,1000.0,72.0,152.7,11.2,996,62,91,42,-0.4,-13.9,-40.4,275.0,best_effort_lp,BEST_EFFORT_LP,relaxed,1.0,1578.61,17,,,True,21.0,1.0
v2,synth_1000_extremely_low_fat,1000kcal / extremely low fat,synthetic,lunch_dinner,1000.0,72.0,152.7,11.2,868,60,74,37,-13.2,-16.7,-51.5,230.4,best_effort_lp,BEST_EFFORT_LP,relaxed,1.0,1617.91,17,,,True,24.0,1.0
v2,synth_1000_extremely_low_fat,1000kcal / extremely low fat,synthetic,lunch_only,1000.0,72.0,152.7,11.2,472,39,39,18,-52.8,-45.8,-74.5,60.7,best_effort_lp,BEST_EFFORT_LP,relaxed,1.0,1134.16,17,,,True,44.2,1.0
v2,synth_1000_extremely_low_fat,1000kcal / extremely low fat,synthetic,dinner_only,1000.0,72.0,152.7,11.2,396,21,35,19,-60.4,-70.8,-77.1,69.6,best_effort_lp,BEST_EFFORT_LP,relaxed,1.0,1318.29,17,,,True,38.8,1.0
v2,synth_1000_extremely_low_fat,1000kcal / extremely low fat,synthetic,lunch_snack,1000.0,72.0,152.7,11.2,600,42,56,23,-40.0,-41.7,-63.3,105.4,best_effort_lp,BEST_EFFORT_LP,relaxed,1.0,1241.64,17,,,True,34.8,1.0
v2,synth_1000_high_fat,1000kcal / high fat,synthetic,full_day,1000.0,66.5,33.8,66.5,1218,79,108,52,21.8,18.8,219.5,-21.8,best_effort_lp,BEST_EFFORT_LP,relaxed,1.0,1678.65,17,,,True,17.1,1.0
v2,synth_1000_high_fat,1000kcal / high fat,synthetic,lunch_snack_dinner,1000.0,66.5,33.8,66.5,1149,76,92,53,14.9,14.3,172.2,-20.3,best_effort_lp,BEST_EFFORT_LP,relaxed,1.0,1685.78,17,,,True,26.7,2.0
v2,synth_1000_high_fat,1000kcal / high fat,synthetic,lunch_dinner,1000.0,66.5,33.8,66.5,1021,73,75,48,2.1,9.8,121.9,-27.8,best_effort_lp,BEST_EFFORT_LP,relaxed,1.0,1788.72,17,,,True,30.1,2.0
v2,synth_1000_high_fat,1000kcal / high fat,synthetic,lunch_only,1000.0,66.5,33.8,66.5,680,69,42,26,-32.0,3.8,24.3,-60.9,best_effort_lp,BEST_EFFORT_LP,relaxed,1.0,1565.43,17,,,True,61.3,2.0
v2,synth_1000_high_fat,1000kcal / high fat,synthetic,dinner_only,1000.0,66.5,33.8,66.5,995,67,43,62,-0.5,0.8,27.2,-6.8,strict_tight,0.08,strict,1.0,117.96,1,,,True,61.7,4.0
v2,synth_1000_high_fat,1000kcal / high fat,synthetic,lunch_snack,1000.0,66.5,33.8,66.5,808,72,59,32,-19.2,8.3,74.6,-51.9,best_effort_lp,BEST_EFFORT_LP,relaxed,1.0,1361.52,17,,,True,51.6,2.0
v2,synth_1000_extremely_high_fat,1000kcal / extremely high fat,synthetic,full_day,1000.0,52.8,33.8,72.6,1218,79,108,52,21.8,49.6,219.5,-28.4,best_effort_lp,BEST_EFFORT_LP,relaxed,1.0,1787.32,17,,,True,17.1,1.0
v2,synth_1000_extremely_high_fat,1000kcal / extremely high fat,synthetic,lunch_snack_dinner,1000.0,52.8,33.8,72.6,996,62,91,42,-0.4,17.4,169.2,-42.1,best_effort_lp,BEST_EFFORT_LP,relaxed,1.0,1647.64,17,,,True,21.0,1.0
v2,synth_1000_extremely_high_fat,1000kcal / extremely high fat,synthetic,lunch_dinner,1000.0,52.8,33.8,72.6,868,60,74,37,-13.2,13.6,118.9,-49.0,best_effort_lp,BEST_EFFORT_LP,relaxed,1.0,1598.83,17,,,True,24.0,1.0
v2,synth_1000_extremely_high_fat,1000kcal / extremely high fat,synthetic,lunch_only,1000.0,52.8,33.8,72.6,680,69,42,26,-32.0,30.7,24.3,-64.2,best_effort_lp,BEST_EFFORT_LP,relaxed,1.0,1618.88,17,,,True,61.3,2.0
v2,synth_1000_extremely_high_fat,1000kcal / extremely high fat,synthetic,dinner_only,1000.0,52.8,33.8,72.6,977,68,29,65,-2.3,28.8,-14.2,-10.5,strict_relaxed_tol,0.2,strict,0.5,865.38,8,,,True,62.9,4.0
v2,synth_1000_extremely_high_fat,1000kcal / extremely high fat,synthetic,lunch_snack,1000.0,52.8,33.8,72.6,600,42,56,23,-40.0,-20.5,65.7,-68.3,best_effort_lp,BEST_EFFORT_LP,relaxed,1.0,1582.87,17,,,True,34.8,1.0
v2,synth_1000_low_carbs,1000kcal / low carbs,synthetic,full_day,1000.0,84.0,33.8,58.8,1218,79,108,52,21.8,-6.0,219.5,-11.6,best_effort_lp,BEST_EFFORT_LP,relaxed,1.0,1773.53,17,,,True,17.1,1.0
v2,synth_1000_low_carbs,1000kcal / low carbs,synthetic,lunch_snack_dinner,1000.0,84.0,33.8,58.8,1218,79,95,58,21.8,-6.0,181.1,-1.4,best_effort_lp,BEST_EFFORT_LP,relaxed,1.0,1284.89,17,,,True,25.2,2.0
v2,synth_1000_low_carbs,1000kcal / low carbs,synthetic,lunch_dinner,1000.0,84.0,33.8,58.8,1026,94,42,54,2.6,11.9,24.3,-8.2,strict_relaxed_tol,0.1,strict,0.5,464.16,4,,,True,44.9,3.0
v2,synth_1000_low_carbs,1000kcal / low carbs,synthetic,lunch_only,1000.0,84.0,33.8,58.8,958,103,46,40,-4.2,22.6,36.1,-32.0,best_effort_lp,BEST_EFFORT_LP,relaxed,1.0,1590.23,17,,,True,65.3,3.0
v2,synth_1000_low_carbs,1000kcal / low carbs,synthetic,dinner_only,1000.0,84.0,33.8,58.8,1010,75,39,62,1.0,-10.7,15.4,5.4,strict_tight,0.08,strict,1.0,87.49,1,,,True,76.0,5.0
v2,synth_1000_low_carbs,1000kcal / low carbs,synthetic,lunch_snack,1000.0,84.0,33.8,58.8,877,75,61,37,-12.3,-10.7,80.5,-37.1,best_effort_lp,BEST_EFFORT_LP,relaxed,1.0,1619.02,17,,,True,47.6,2.0
v2,synth_1000_extremely_low_carbs,1000kcal / extremely low carbs,synthetic,full_day,1000.0,80.5,33.8,60.3,1218,79,108,52,21.8,-1.9,219.5,-13.8,best_effort_lp,BEST_EFFORT_LP,relaxed,1.0,1605.17,17,,,True,17.1,1.0
v2,synth_1000_extremely_low_carbs,1000kcal / extremely low carbs,synthetic,lunch_snack_dinner,1000.0,80.5,33.8,60.3,1218,79,95,58,21.8,-1.9,181.1,-3.8,best_effort_lp,BEST_EFFORT_LP,relaxed,1.0,1746.14,17,,,True,25.2,2.0
v2,synth_1000_extremely_low_carbs,1000kcal / extremely low carbs,synthetic,lunch_dinner,1000.0,80.5,33.8,60.3,1053,92,45,56,5.3,14.3,33.1,-7.1,strict_relaxed_tol,0.15,strict,0.5,884.8,6,,,True,36.4,2.5
v2,synth_1000_extremely_low_carbs,1000kcal / extremely low carbs,synthetic,lunch_only,1000.0,80.5,33.8,60.3,750,72,44,32,-25.0,-10.6,30.2,-46.9,best_effort_lp,BEST_EFFORT_LP,relaxed,1.0,1678.06,17,,,True,55.7,2.0
v2,synth_1000_extremely_low_carbs,1000kcal / extremely low carbs,synthetic,dinner_only,1000.0,80.5,33.8,60.3,1010,75,39,62,1.0,-6.8,15.4,2.8,strict_tight,0.08,strict,1.0,114.85,1,,,True,76.0,5.0
v2,synth_1000_extremely_low_carbs,1000kcal / extremely low carbs,synthetic,lunch_snack,1000.0,80.5,33.8,60.3,877,75,61,37,-12.3,-6.8,80.5,-38.6,best_effort_lp,BEST_EFFORT_LP,relaxed,1.0,1557.51,17,,,True,47.6,2.0
v2,synth_1000_high_carbs,1000kcal / high carbs,synthetic,full_day,1000.0,54.0,135.2,27.0,1218,79,108,52,21.8,46.3,-20.1,92.6,best_effort_lp,BEST_EFFORT_LP,relaxed,1.0,1663.65,17,,,True,17.1,1.0
v2,synth_1000_high_carbs,1000kcal / high carbs,synthetic,lunch_snack_dinner,1000.0,54.0,135.2,27.0,996,62,91,42,-0.4,14.8,-32.7,55.6,best_effort_lp,BEST_EFFORT_LP,relaxed,1.0,1495.95,17,,,True,21.0,1.0
v2,synth_1000_high_carbs,1000kcal / high carbs,synthetic,lunch_dinner,1000.0,54.0,135.2,27.0,868,60,74,37,-13.2,11.1,-45.3,37.0,best_effort_lp,BEST_EFFORT_LP,relaxed,1.0,1413.27,17,,,True,24.0,1.0
v2,synth_1000_high_carbs,1000kcal / high carbs,synthetic,lunch_only,1000.0,54.0,135.2,27.0,789,73,64,27,-21.1,35.2,-52.7,0.0,best_effort_lp,BEST_EFFORT_LP,relaxed,1.0,1420.58,17,,,True,52.9,2.0
v2,synth_1000_high_carbs,1000kcal / high carbs,synthetic,dinner_only,1000.0,54.0,135.2,27.0,964,54,88,44,-3.6,0.0,-34.9,63.0,best_effort_lp,BEST_EFFORT_LP,relaxed,1.0,1509.61,17,,,True,47.8,3.0
v2,synth_1000_high_carbs,1000kcal / high carbs,synthetic,lunch_snack,1000.0,54.0,135.2,27.0,917,75,81,32,-8.3,38.9,-40.1,18.5,best_effort_lp,BEST_EFFORT_LP,relaxed,1.0,1404.42,17,,,True,45.5,2.0
v2,synth_1000_extremely_high_carbs,1000kcal / extremely high carbs,synthetic,full_day,1000.0,40.5,174.1,15.7,1218,79,108,52,21.8,95.1,-38.0,231.2,best_effort_lp,BEST_EFFORT_LP,relaxed,1.0,1418.99,17,,,True,17.1,1.0
v2,synth_1000_extremely_high_carbs,1000kcal / extremely high carbs,synthetic,lunch_snack_dinner,1000.0,40.5,174.1,15.7,996,62,91,42,-0.4,53.1,-47.7,167.5,best_effort_lp,BEST_EFFORT_LP,relaxed,1.0,1308.23,17,,,True,21.0,1.0
v2,synth_1000_extremely_high_carbs,1000kcal / extremely high carbs,synthetic,lunch_dinner,1000.0,40.5,174.1,15.7,868,60,74,37,-13.2,48.1,-57.5,135.7,best_effort_lp,BEST_EFFORT_LP,relaxed,1.0,1262.02,17,,,True,24.0,1.0
v2,synth_1000_extremely_high_carbs,1000kcal / extremely high carbs,synthetic,lunch_only,1000.0,40.5,174.1,15.7,472,39,39,18,-52.8,-3.7,-77.6,14.6,best_effort_lp,BEST_EFFORT_LP,relaxed,1.0,1103.42,17,,,True,44.2,1.0
v2,synth_1000_extremely_high_carbs,1000kcal / extremely high carbs,synthetic,dinner_only,1000.0,40.5,174.1,15.7,396,21,35,19,-60.4,-48.1,-79.9,21.0,best_effort_lp,BEST_EFFORT_LP,relaxed,1.0,1407.18,17,,,True,38.8,1.0
v2,synth_1000_extremely_high_carbs,1000kcal / extremely high carbs,synthetic,lunch_snack,1000.0,40.5,174.1,15.7,600,42,56,23,-40.0,3.7,-67.8,46.5,best_effort_lp,BEST_EFFORT_LP,relaxed,1.0,1567.44,17,,,True,34.8,1.0
v2,synth_1500_balanced,1500kcal / balanced,synthetic,full_day,1500.0,96.0,144.0,60.0,1506,97,140,62,0.4,1.0,-2.8,3.3,strict_tight,0.08,strict,1.0,128.64,1,,,True,17.0,2.0
v2,synth_1500_balanced,1500kcal / balanced,synthetic,lunch_snack_dinner,1500.0,96.0,144.0,60.0,1493,95,144,60,-0.5,-1.0,0.0,0.0,strict_tight,0.08,strict,0.5,315.59,2,,,True,21.0,2.0
v2,synth_1500_balanced,1500kcal / balanced,synthetic,lunch_dinner,1500.0,96.0,144.0,60.0,1491,101,139,59,-0.6,5.2,-3.5,-1.7,strict_tight,0.08,strict,0.5,397.88,2,,,True,25.7,2.5
v2,synth_1500_balanced,1500kcal / balanced,synthetic,lunch_only,1500.0,96.0,144.0,60.0,1416,117,118,53,-5.6,21.9,-18.1,-11.7,best_effort_lp,BEST_EFFORT_LP,relaxed,1.0,1570.3,17,,,True,44.2,3.0
v2,synth_1500_balanced,1500kcal / balanced,synthetic,dinner_only,1500.0,96.0,144.0,60.0,1456,84,134,65,-2.9,-12.5,-6.9,8.3,strict_tight,0.08,strict,0.5,186.13,2,,,True,52.7,5.0
v2,synth_1500_balanced,1500kcal / balanced,synthetic,lunch_snack,1500.0,96.0,144.0,60.0,1555,105,148,60,3.7,9.4,2.8,0.0,strict_tight,0.08,strict,0.5,248.99,2,,,True,33.5,3.0
v2,synth_1500_low_protein,1500kcal / low protein,synthetic,full_day,1500.0,66.0,174.0,60.0,1537,89,155,62,2.5,34.8,-10.9,3.3,strict_relaxed_tol,0.2,strict,0.5,945.58,8,,,True,25.0,3.0
v2,synth_1500_low_protein,1500kcal / low protein,synthetic,lunch_snack_dinner,1500.0,66.0,174.0,60.0,1508,77,158,63,0.5,16.7,-9.2,5.0,relaxed_culinary,0.08,relaxed,0.5,1094.79,10,,,True,33.9,4.0
v2,synth_1500_low_protein,1500kcal / low protein,synthetic,lunch_dinner,1500.0,66.0,174.0,60.0,1195,77,107,51,-20.3,16.7,-38.5,-15.0,best_effort_lp,BEST_EFFORT_LP,relaxed,1.0,1165.24,17,,,True,25.7,2.0
v2,synth_1500_low_protein,1500kcal / low protein,synthetic,lunch_only,1500.0,66.0,174.0,60.0,1416,117,118,53,-5.6,77.3,-32.2,-11.7,best_effort_lp,BEST_EFFORT_LP,relaxed,1.0,1161.55,17,,,True,44.2,3.0
v2,synth_1500_low_protein,1500kcal / low protein,synthetic,dinner_only,1500.0,66.0,174.0,60.0,1584,87,152,69,5.6,31.8,-12.6,15.0,strict_relaxed_tol,0.2,strict,0.5,819.42,8,,,True,48.5,5.0
v2,synth_1500_low_protein,1500kcal / low protein,synthetic,lunch_snack,1500.0,66.0,174.0,60.0,1327,86,130,52,-11.5,30.3,-25.3,-13.3,best_effort_lp,BEST_EFFORT_LP,relaxed,1.0,1394.12,17,,,True,31.4,3.0
v2,synth_1500_extremely_low_protein,1500kcal / extremely low protein,synthetic,full_day,1500.0,36.0,204.0,60.0,1473,84,142,63,-1.8,133.3,-30.4,5.0,best_effort_lp,BEST_EFFORT_LP,relaxed,1.0,1784.06,17,,,True,26.0,3.0
v2,synth_1500_extremely_low_protein,1500kcal / extremely low protein,synthetic,lunch_snack_dinner,1500.0,36.0,204.0,60.0,1251,67,125,53,-16.6,86.1,-38.7,-11.7,best_effort_lp,BEST_EFFORT_LP,relaxed,1.0,1724.32,17,,,True,30.6,3.0
v2,synth_1500_extremely_low_protein,1500kcal / extremely low protein,synthetic,lunch_dinner,1500.0,36.0,204.0,60.0,868,60,74,37,-42.1,66.7,-63.7,-38.3,best_effort_lp,BEST_EFFORT_LP,relaxed,1.0,1502.81,17,,,True,24.0,1.0
v2,synth_1500_extremely_low_protein,1500kcal / extremely low protein,synthetic,lunch_only,1500.0,36.0,204.0,60.0,472,39,39,18,-68.5,8.3,-80.9,-70.0,best_effort_lp,BEST_EFFORT_LP,relaxed,1.0,1158.99,17,,,True,44.2,1.0
v2,synth_1500_extremely_low_protein,1500kcal / extremely low protein,synthetic,dinner_only,1500.0,36.0,204.0,60.0,1188,62,105,58,-20.8,72.2,-48.5,-3.3,best_effort_lp,BEST_EFFORT_LP,relaxed,1.0,1231.11,17,,,True,38.8,3.0
v2,synth_1500_extremely_low_protein,1500kcal / extremely low protein,synthetic,lunch_snack,1500.0,36.0,204.0,60.0,600,42,56,23,-60.0,16.7,-72.5,-61.7,best_effort_lp,BEST_EFFORT_LP,relaxed,1.0,1630.25,17,,,True,34.8,1.0
v2,synth_1500_high_protein,1500kcal / high protein,synthetic,full_day,1500.0,120.0,120.0,60.0,1473,109,122,61,-1.8,-9.2,1.7,1.7,strict_tight,0.08,strict,1.0,120.06,1,,,True,26.0,3.0
v2,synth_1500_high_protein,1500kcal / high protein,synthetic,lunch_snack_dinner,1500.0,120.0,120.0,60.0,1450,108,115,62,-3.3,-10.0,-4.2,3.3,strict_tight,0.08,strict,1.0,229.63,1,,,True,28.8,2.0
v2,synth_1500_high_protein,1500kcal / high protein,synthetic,lunch_dinner,1500.0,120.0,120.0,60.0,1492,111,121,62,-0.5,-7.5,0.8,3.3,strict_tight,0.08,strict,1.0,233.38,1,,,True,28.0,2.0
v2,synth_1500_high_protein,1500kcal / high protein,synthetic,lunch_only,1500.0,120.0,120.0,60.0,1552,134,120,60,3.5,11.7,0.0,0.0,strict_tight,0.08,strict,0.5,240.03,2,,,True,47.0,3.5
v2,synth_1500_high_protein,1500kcal / high protein,synthetic,dinner_only,1500.0,120.0,120.0,60.0,1362,82,118,63,-9.2,-31.7,-1.7,5.0,best_effort_lp,BEST_EFFORT_LP,relaxed,1.0,1655.49,17,,,True,56.4,5.0
v2,synth_1500_high_protein,1500kcal / high protein,synthetic,lunch_snack,1500.0,120.0,120.0,60.0,1481,117,118,60,-1.3,-2.5,-1.7,0.0,strict_tight,0.08,strict,1.0,193.26,1,,,True,42.3,3.0
v2,synth_1500_extremely_high_protein,1500kcal / extremely high protein,synthetic,full_day,1500.0,156.0,84.0,60.0,1501,145,85,64,0.1,-7.1,1.2,6.7,strict_tight,0.08,strict,0.5,328.6,2,,,True,29.8,3.5
v2,synth_1500_extremely_high_protein,1500kcal / extremely high protein,synthetic,lunch_snack_dinner,1500.0,156.0,84.0,60.0,1505,139,86,67,0.3,-10.9,2.4,11.7,strict_relaxed_tol,0.1,strict,0.5,640.58,4,,,True,41.6,3.0
v2,synth_1500_extremely_high_protein,1500kcal / extremely high protein,synthetic,lunch_dinner,1500.0,156.0,84.0,60.0,1507,147,84,65,0.5,-5.8,0.0,8.3,strict_tight,0.08,strict,0.5,349.13,2,,,True,48.4,3.5
v2,synth_1500_extremely_high_protein,1500kcal / extremely high protein,synthetic,lunch_only,1500.0,156.0,84.0,60.0,1563,167,85,62,4.2,7.1,1.2,3.3,strict_tight,0.08,strict,1.0,223.03,1,,,True,66.8,5.0
v2,synth_1500_extremely_high_protein,1500kcal / extremely high protein,synthetic,dinner_only,1500.0,156.0,84.0,60.0,1185,71,84,63,-21.0,-54.5,0.0,5.0,best_effort_lp,BEST_EFFORT_LP,relaxed,1.0,1267.15,17,,,True,51.8,4.0
v2,synth_1500_extremely_high_protein,1500kcal / extremely high protein,synthetic,lunch_snack,1500.0,156.0,84.0,60.0,1536,166,81,61,2.4,6.4,-3.6,1.7,strict_tight,0.08,strict,1.0,126.8,1,,,True,67.9,5.0
v2,synth_1500_low_fat,1500kcal / low fat,synthetic,full_day,1500.0,96.0,211.5,30.0,1378,94,123,57,-8.1,-2.1,-41.8,90.0,best_effort_lp,BEST_EFFORT_LP,relaxed,1.0,1710.85,17,,,True,18.5,2.0
v2,synth_1500_low_fat,1500kcal / low fat,synthetic,lunch_snack_dinner,1500.0,96.0,211.5,30.0,996,62,91,42,-33.6,-35.4,-57.0,40.0,best_effort_lp,BEST_EFFORT_LP,relaxed,1.0,1120.06,17,,,True,21.0,1.0
v2,synth_1500_low_fat,1500kcal / low fat,synthetic,lunch_dinner,1500.0,96.0,211.5,30.0,868,60,74,37,-42.1,-37.5,-65.0,23.3,best_effort_lp,BEST_EFFORT_LP,relaxed,1.0,1178.35,17,,,True,24.0,1.0
v2,synth_1500_low_fat,1500kcal / low fat,synthetic,lunch_only,1500.0,96.0,211.5,30.0,1107,107,89,36,-26.2,11.5,-57.9,20.0,best_effort_lp,BEST_EFFORT_LP,relaxed,1.0,1554.46,17,,,True,56.6,3.0
v2,synth_1500_low_fat,1500kcal / low fat,synthetic,dinner_only,1500.0,96.0,211.5,30.0,638,36,56,30,-57.5,-62.5,-73.5,0.0,best_effort_lp,BEST_EFFORT_LP,relaxed,1.0,1546.51,17,,,True,48.2,2.0
v2,synth_1500_low_fat,1500kcal / low fat,synthetic,lunch_snack,1500.0,96.0,211.5,30.0,917,75,81,32,-38.9,-21.9,-61.7,6.7,best_effort_lp,BEST_EFFORT_LP,relaxed,1.0,1613.5,17,,,True,45.5,2.0
v2,synth_1500_extremely_low_fat,1500kcal / extremely low fat,synthetic,full_day,1500.0,96.0,245.2,15.0,1218,79,108,52,-18.8,-17.7,-56.0,246.7,best_effort_lp,BEST_EFFORT_LP,relaxed,1.0,1756.61,17,,,True,17.1,1.0
v2,synth_1500_extremely_low_fat,1500kcal / extremely low fat,synthetic,lunch_snack_dinner,1500.0,96.0,245.2,15.0,996,62,91,42,-33.6,-35.4,-62.9,180.0,best_effort_lp,BEST_EFFORT_LP,relaxed,1.0,1689.16,17,,,True,21.0,1.0
v2,synth_1500_extremely_low_fat,1500kcal / extremely low fat,synthetic,lunch_dinner,1500.0,96.0,245.2,15.0,868,60,74,37,-42.1,-37.5,-69.8,146.7,best_effort_lp,BEST_EFFORT_LP,relaxed,1.0,1652.66,17,,,True,24.0,1.0
v2,synth_1500_extremely_low_fat,1500kcal / extremely low fat,synthetic,lunch_only,1500.0,96.0,245.2,15.0,472,39,39,18,-68.5,-59.4,-84.1,20.0,best_effort_lp,BEST_EFFORT_LP,relaxed,1.0,1609.33,17,,,True,44.2,1.0
v2,synth_1500_extremely_low_fat,1500kcal / extremely low fat,synthetic,dinner_only,1500.0,96.0,245.2,15.0,396,21,35,19,-73.6,-78.1,-85.7,26.7,best_effort_lp,BEST_EFFORT_LP,relaxed,1.0,1518.25,17,,,True,38.8,1.0
v2,synth_1500_extremely_low_fat,1500kcal / extremely low fat,synthetic,lunch_snack,1500.0,96.0,245.2,15.0,600,42,56,23,-60.0,-56.2,-77.2,53.3,best_effort_lp,BEST_EFFORT_LP,relaxed,1.0,1522.0,17,,,True,34.8,1.0
v2,synth_1500_high_fat,1500kcal / high fat,synthetic,full_day,1500.0,96.0,63.0,96.0,1440,96,111,68,-4.0,0.0,76.2,-29.2,best_effort_lp,BEST_EFFORT_LP,relaxed,1.0,1885.76,17,,,True,21.3,2.0
v2,synth_1500_high_fat,1500kcal / high fat,synthetic,lunch_snack_dinner,1500.0,96.0,63.0,96.0,1558,116,80,86,3.9,20.8,27.0,-10.4,strict_relaxed_tol,0.2,strict,0.5,816.08,8,,,True,34.5,3.5
v2,synth_1500_high_fat,1500kcal / high fat,synthetic,lunch_dinner,1500.0,96.0,63.0,96.0,1550,117,76,86,3.3,21.9,20.6,-10.4,relaxed_culinary,0.2,relaxed,0.5,1760.57,16,,,True,34.7,3.5
v2,synth_1500_high_fat,1500kcal / high fat,synthetic,lunch_only,1500.0,96.0,63.0,96.0,1121,108,62,49,-25.3,12.5,-1.6,-49.0,best_effort_lp,BEST_EFFORT_LP,relaxed,1.0,1337.14,17,,,True,55.9,3.0
v2,synth_1500_high_fat,1500kcal / high fat,synthetic,dinner_only,1500.0,96.0,63.0,96.0,1525,103,61,97,1.7,7.3,-3.2,1.0,strict_tight,0.08,strict,1.0,77.78,1,,,True,60.4,6.0
v2,synth_1500_high_fat,1500kcal / high fat,synthetic,lunch_snack,1500.0,96.0,63.0,96.0,1155,108,66,51,-23.0,12.5,4.8,-46.9,best_effort_lp,BEST_EFFORT_LP,relaxed,1.0,1121.38,17,,,True,54.2,3.0
v2,synth_1500_extremely_high_fat,1500kcal / extremely high fat,synthetic,full_day,1500.0,80.6,45.0,110.8,1218,79,108,52,-18.8,-2.0,140.0,-53.1,best_effort_lp,BEST_EFFORT_LP,relaxed,1.0,1358.46,17,,,True,17.1,1.0
v2,synth_1500_extremely_high_fat,1500kcal / extremely high fat,synthetic,lunch_snack_dinner,1500.0,80.6,45.0,110.8,1303,90,93,64,-13.1,11.7,106.7,-42.2,best_effort_lp,BEST_EFFORT_LP,relaxed,1.0,1316.33,17,,,True,35.4,3.0
v2,synth_1500_extremely_high_fat,1500kcal / extremely high fat,synthetic,lunch_dinner,1500.0,80.6,45.0,110.8,1175,87,76,58,-21.7,7.9,68.9,-47.7,best_effort_lp,BEST_EFFORT_LP,relaxed,1.0,1485.85,17,,,True,39.2,3.0
v2,synth_1500_extremely_high_fat,1500kcal / extremely high fat,synthetic,lunch_only,1500.0,80.6,45.0,110.8,754,72,45,32,-49.7,-10.7,0.0,-71.1,best_effort_lp,BEST_EFFORT_LP,relaxed,1.0,1215.58,17,,,True,55.4,2.0
v2,synth_1500_extremely_high_fat,1500kcal / extremely high fat,synthetic,dinner_only,1500.0,80.6,45.0,110.8,1508,104,48,100,0.5,29.0,6.7,-9.7,strict_relaxed_tol,0.2,strict,0.5,669.18,8,,,True,61.1,6.0
v2,synth_1500_extremely_high_fat,1500kcal / extremely high fat,synthetic,lunch_snack,1500.0,80.6,45.0,110.8,877,75,61,37,-41.5,-6.9,35.6,-66.6,best_effort_lp,BEST_EFFORT_LP,relaxed,1.0,1372.63,17,,,True,47.6,2.0
v2,synth_1500_low_carbs,1500kcal / low carbs,synthetic,full_day,1500.0,120.0,66.0,84.0,1505,121,70,82,0.3,0.8,6.1,-2.4,strict_tight,0.08,strict,0.5,258.66,2,,,True,30.6,3.0
v2,synth_1500_low_carbs,1500kcal / low carbs,synthetic,lunch_snack_dinner,1500.0,120.0,66.0,84.0,1514,123,67,84,0.9,2.5,1.5,0.0,strict_tight,0.08,strict,0.5,225.97,2,,,True,30.4,3.0
v2,synth_1500_low_carbs,1500kcal / low carbs,synthetic,lunch_dinner,1500.0,120.0,66.0,84.0,1537,131,80,77,2.5,9.2,21.2,-8.3,strict_tight,0.08,strict,1.0,94.62,1,,,True,40.0,4.0
v2,synth_1500_low_carbs,1500kcal / low carbs,synthetic,lunch_only,1500.0,120.0,66.0,84.0,1394,141,66,63,-7.1,17.5,0.0,-25.0,best_effort_lp,BEST_EFFORT_LP,relaxed,1.0,1109.99,17,,,True,59.9,4.0
v2,synth_1500_low_carbs,1500kcal / low carbs,synthetic,dinner_only,1500.0,120.0,66.0,84.0,1488,107,65,89,-0.8,-10.8,-1.5,6.0,strict_tight,0.08,strict,1.0,81.12,1,,,True,72.2,7.0
v2,synth_1500_low_carbs,1500kcal / low carbs,synthetic,lunch_snack,1500.0,120.0,66.0,84.0,1433,141,71,65,-4.5,17.5,7.6,-22.6,best_effort_lp,BEST_EFFORT_LP,relaxed,1.0,1505.82,17,,,True,58.2,4.0
v2,synth_1500_extremely_low_carbs,1500kcal / extremely low carbs,synthetic,full_day,1500.0,122.8,45.0,92.1,1570,141,62,84,4.7,14.8,37.8,-8.8,strict_relaxed_tol,0.15,strict,0.5,649.51,6,,,True,44.0,4.5
v2,synth_1500_extremely_low_carbs,1500kcal / extremely low carbs,synthetic,lunch_snack_dinner,1500.0,122.8,45.0,92.1,1529,136,57,84,1.9,10.7,26.7,-8.8,strict_tight,0.08,strict,0.5,246.94,2,,,True,45.2,4.5
v2,synth_1500_extremely_low_carbs,1500kcal / extremely low carbs,synthetic,lunch_dinner,1500.0,122.8,45.0,92.1,1499,136,49,84,-0.1,10.7,8.9,-8.8,strict_tight,0.08,strict,0.5,250.28,2,,,True,46.1,4.5
v2,synth_1500_extremely_low_carbs,1500kcal / extremely low carbs,synthetic,lunch_only,1500.0,122.8,45.0,92.1,1098,130,46,44,-26.8,5.9,2.2,-52.2,best_effort_lp,BEST_EFFORT_LP,relaxed,1.0,1579.02,17,,,True,76.0,4.0
v2,synth_1500_extremely_low_carbs,1500kcal / extremely low carbs,synthetic,dinner_only,1500.0,122.8,45.0,92.1,1540,119,44,99,2.7,-3.1,-2.2,7.5,strict_tight,0.08,strict,1.0,117.85,1,,,True,79.8,8.0
v2,synth_1500_extremely_low_carbs,1500kcal / extremely low carbs,synthetic,lunch_snack,1500.0,122.8,45.0,92.1,1226,133,64,49,-18.3,8.3,42.2,-46.8,best_effort_lp,BEST_EFFORT_LP,relaxed,1.0,1591.48,17,,,True,68.1,4.0
v2,synth_1500_high_carbs,1500kcal / high carbs,synthetic,full_day,1500.0,72.0,222.0,36.0,1218,79,108,52,-18.8,9.7,-51.4,44.4,best_effort_lp,BEST_EFFORT_LP,relaxed,1.0,1704.59,17,,,True,17.1,1.0
v2,synth_1500_high_carbs,1500kcal / high carbs,synthetic,lunch_snack_dinner,1500.0,72.0,222.0,36.0,996,62,91,42,-33.6,-13.9,-59.0,16.7,best_effort_lp,BEST_EFFORT_LP,relaxed,1.0,1665.35,17,,,True,21.0,1.0
v2,synth_1500_high_carbs,1500kcal / high carbs,synthetic,lunch_dinner,1500.0,72.0,222.0,36.0,868,60,74,37,-42.1,-16.7,-66.7,2.8,best_effort_lp,BEST_EFFORT_LP,relaxed,1.0,1660.19,17,,,True,24.0,1.0
v2,synth_1500_high_carbs,1500kcal / high carbs,synthetic,lunch_only,1500.0,72.0,222.0,36.0,944,78,79,35,-37.1,8.3,-64.4,-2.8,best_effort_lp,BEST_EFFORT_LP,relaxed,1.0,1596.44,17,,,True,44.2,2.0
v2,synth_1500_high_carbs,1500kcal / high carbs,synthetic,dinner_only,1500.0,72.0,222.0,36.0,1291,71,121,58,-13.9,-1.4,-45.5,61.1,best_effort_lp,BEST_EFFORT_LP,relaxed,1.0,1568.21,17,,,True,47.6,4.0
v2,synth_1500_high_carbs,1500kcal / high carbs,synthetic,lunch_snack,1500.0,72.0,222.0,36.0,1002,78,93,35,-33.2,8.3,-58.1,-2.8,best_effort_lp,BEST_EFFORT_LP,relaxed,1.0,1064.89,17,,,True,41.6,2.0
v2,synth_1500_extremely_high_carbs,1500kcal / extremely high carbs,synthetic,full_day,1500.0,54.0,273.8,21.0,1218,79,108,52,-18.8,46.3,-60.6,147.6,best_effort_lp,BEST_EFFORT_LP,relaxed,1.0,1130.12,17,,,True,17.1,1.0
v2,synth_1500_extremely_high_carbs,1500kcal / extremely high carbs,synthetic,lunch_snack_dinner,1500.0,54.0,273.8,21.0,996,62,91,42,-33.6,14.8,-66.8,100.0,best_effort_lp,BEST_EFFORT_LP,relaxed,1.0,1059.93,17,,,True,21.0,1.0
v2,synth_1500_extremely_high_carbs,1500kcal / extremely high carbs,synthetic,lunch_dinner,1500.0,54.0,273.8,21.0,868,60,74,37,-42.1,11.1,-73.0,76.2,best_effort_lp,BEST_EFFORT_LP,relaxed,1.0,1061.19,17,,,True,24.0,1.0
v2,synth_1500_extremely_high_carbs,1500kcal / extremely high carbs,synthetic,lunch_only,1500.0,54.0,273.8,21.0,472,39,39,18,-68.5,-27.8,-85.8,-14.3,best_effort_lp,BEST_EFFORT_LP,relaxed,1.0,1212.28,17,,,True,44.2,1.0
v2,synth_1500_extremely_high_carbs,1500kcal / extremely high carbs,synthetic,dinner_only,1500.0,54.0,273.8,21.0,638,36,56,30,-57.5,-33.3,-79.5,42.9,best_effort_lp,BEST_EFFORT_LP,relaxed,1.0,1686.62,17,,,True,48.2,2.0
v2,synth_1500_extremely_high_carbs,1500kcal / extremely high carbs,synthetic,lunch_snack,1500.0,54.0,273.8,21.0,600,42,56,23,-60.0,-22.2,-79.5,9.5,best_effort_lp,BEST_EFFORT_LP,relaxed,1.0,1950.36,17,,,True,34.8,1.0
v2,synth_2000_balanced,2000kcal / balanced,synthetic,full_day,2000.0,120.0,211.2,75.0,2083,132,205,82,4.2,10.0,-2.9,9.3,strict_tight,0.08,strict,1.0,282.26,1,,,True,24.6,4.0
v2,synth_2000_balanced,2000kcal / balanced,synthetic,lunch_snack_dinner,2000.0,120.0,211.2,75.0,1981,121,195,80,-0.9,0.8,-7.7,6.7,strict_tight,0.08,strict,1.0,131.0,1,,,True,21.1,3.0
v2,synth_2000_balanced,2000kcal / balanced,synthetic,lunch_dinner,2000.0,120.0,211.2,75.0,2054,139,192,81,2.7,15.8,-9.1,8.0,strict_tight,0.08,strict,0.5,201.22,2,,,True,26.2,3.5
v2,synth_2000_balanced,2000kcal / balanced,synthetic,lunch_only,2000.0,120.0,211.2,75.0,1887,156,157,70,-5.7,30.0,-25.7,-6.7,best_effort_lp,BEST_EFFORT_LP,relaxed,1.0,1685.58,17,,,True,44.2,4.0
v2,synth_2000_balanced,2000kcal / balanced,synthetic,dinner_only,2000.0,120.0,211.2,75.0,1954,106,191,85,-2.3,-11.7,-9.6,13.3,strict_relaxed_tol,0.1,strict,0.5,352.41,4,,,True,47.2,6.0
v2,synth_2000_balanced,2000kcal / balanced,synthetic,lunch_snack,2000.0,120.0,211.2,75.0,1926,139,191,67,-3.7,15.8,-9.6,-10.7,strict_tight,0.08,strict,0.5,205.32,2,,,True,37.9,3.5
v2,synth_2000_low_protein,2000kcal / low protein,synthetic,full_day,2000.0,82.5,248.8,75.0,2100,112,222,85,5.0,35.8,-10.8,13.3,relaxed_culinary,0.2,relaxed,0.5,1086.79,16,,,True,33.5,5.5
v2,synth_2000_low_protein,2000kcal / low protein,synthetic,lunch_snack_dinner,2000.0,82.5,248.8,75.0,2065,108,218,84,3.2,30.9,-12.4,12.0,relaxed_culinary,0.2,relaxed,0.5,1009.73,16,,,True,34.1,5.5
v2,synth_2000_low_protein,2000kcal / low protein,synthetic,lunch_dinner,2000.0,82.5,248.8,75.0,1736,119,149,74,-13.2,44.2,-40.1,-1.3,best_effort_lp,BEST_EFFORT_LP,relaxed,1.0,1087.5,17,,,True,24.0,2.0
v2,synth_2000_low_protein,2000kcal / low protein,synthetic,lunch_only,2000.0,82.5,248.8,75.0,1416,117,118,53,-29.2,41.8,-52.6,-29.3,best_effort_lp,BEST_EFFORT_LP,relaxed,1.0,1061.06,17,,,True,44.2,3.0
v2,synth_2000_low_protein,2000kcal / low protein,synthetic,dinner_only,2000.0,82.5,248.8,75.0,1704,91,166,75,-14.8,10.3,-33.3,0.0,best_effort_lp,BEST_EFFORT_LP,relaxed,1.0,1034.72,17,,,True,45.1,5.0
v2,synth_2000_low_protein,2000kcal / low protein,synthetic,lunch_snack,2000.0,82.5,248.8,75.0,1986,127,201,75,-0.7,53.9,-19.2,0.0,best_effort_lp,BEST_EFFORT_LP,relaxed,1.0,1047.56,17,,,True,32.2,5.0
v2,synth_2000_extremely_low_protein,2000kcal / extremely low protein,synthetic,full_day,2000.0,45.0,286.2,75.0,1601,87,159,69,-20.0,93.3,-44.4,-8.0,best_effort_lp,BEST_EFFORT_LP,relaxed,1.0,1065.01,17,,,True,31.9,4.0
v2,synth_2000_extremely_low_protein,2000kcal / extremely low protein,synthetic,lunch_snack_dinner,2000.0,45.0,286.2,75.0,1834,90,192,78,-8.3,100.0,-32.9,4.0,best_effort_lp,BEST_EFFORT_LP,relaxed,1.0,1234.05,17,,,True,34.9,5.0
v2,synth_2000_extremely_low_protein,2000kcal / extremely low protein,synthetic,lunch_dinner,2000.0,45.0,286.2,75.0,868,60,74,37,-56.6,33.3,-74.1,-50.7,best_effort_lp,BEST_EFFORT_LP,relaxed,1.0,1090.95,17,,,True,24.0,1.0
v2,synth_2000_extremely_low_protein,2000kcal / extremely low protein,synthetic,lunch_only,2000.0,45.0,286.2,75.0,472,39,39,18,-76.4,-13.3,-86.4,-76.0,best_effort_lp,BEST_EFFORT_LP,relaxed,1.0,1042.17,17,,,True,44.2,1.0
v2,synth_2000_extremely_low_protein,2000kcal / extremely low protein,synthetic,dinner_only,2000.0,45.0,286.2,75.0,1188,62,105,58,-40.6,37.8,-63.3,-22.7,best_effort_lp,BEST_EFFORT_LP,relaxed,1.0,1503.68,17,,,True,38.8,3.0
v2,synth_2000_extremely_low_protein,2000kcal / extremely low protein,synthetic,lunch_snack,2000.0,45.0,286.2,75.0,600,42,56,23,-70.0,-6.7,-80.4,-69.3,best_effort_lp,BEST_EFFORT_LP,relaxed,1.0,1116.69,17,,,True,34.8,1.0
v2,synth_2000_high_protein,2000kcal / high protein,synthetic,full_day,2000.0,150.0,181.2,75.0,2023,146,181,80,1.1,-2.7,-0.1,6.7,strict_tight,0.08,strict,1.0,164.1,1,,,True,20.6,2.0
v2,synth_2000_high_protein,2000kcal / high protein,synthetic,lunch_snack_dinner,2000.0,150.0,181.2,75.0,2026,150,176,80,1.3,0.0,-2.9,6.7,strict_tight,0.08,strict,1.0,121.41,1,,,True,30.9,3.0
v2,synth_2000_high_protein,2000kcal / high protein,synthetic,lunch_dinner,2000.0,150.0,181.2,75.0,2071,160,177,80,3.5,6.7,-2.3,6.7,strict_tight,0.08,strict,1.0,120.61,1,,,True,30.2,3.0
v2,synth_2000_high_protein,2000kcal / high protein,synthetic,lunch_only,2000.0,150.0,181.2,75.0,1940,169,166,67,-3.0,12.7,-8.4,-10.7,strict_tight,0.08,strict,0.5,129.71,2,,,True,48.4,4.5
v2,synth_2000_high_protein,2000kcal / high protein,synthetic,dinner_only,2000.0,150.0,181.2,75.0,1974,120,174,89,-1.3,-20.0,-4.0,18.7,strict_relaxed_tol,0.2,strict,0.5,640.48,8,,,True,58.3,7.5
v2,synth_2000_high_protein,2000kcal / high protein,synthetic,lunch_snack,2000.0,150.0,181.2,75.0,2024,155,181,76,1.2,3.3,-0.1,1.3,strict_tight,0.08,strict,1.0,109.02,1,,,True,41.2,4.0
v2,synth_2000_extremely_high_protein,2000kcal / extremely high protein,synthetic,full_day,2000.0,195.0,136.2,75.0,2006,192,134,78,0.3,-1.5,-1.6,4.0,strict_tight,0.08,strict,0.5,253.84,2,,,True,35.0,5.5
v2,synth_2000_extremely_high_protein,2000kcal / extremely high protein,synthetic,lunch_snack_dinner,2000.0,195.0,136.2,75.0,1993,181,136,81,-0.4,-7.2,-0.1,8.0,strict_tight,0.08,strict,0.5,436.55,2,,,True,41.9,4.0
v2,synth_2000_extremely_high_protein,2000kcal / extremely high protein,synthetic,lunch_dinner,2000.0,195.0,136.2,75.0,2039,190,136,82,1.9,-2.6,-0.1,9.3,strict_tight,0.08,strict,0.5,291.47,2,,,True,46.0,4.5
v2,synth_2000_extremely_high_protein,2000kcal / extremely high protein,synthetic,lunch_only,2000.0,195.0,136.2,75.0,2063,206,136,77,3.1,5.6,-0.1,2.7,strict_tight,0.08,strict,1.0,147.81,1,,,True,60.7,6.0
v2,synth_2000_extremely_high_protein,2000kcal / extremely high protein,synthetic,dinner_only,2000.0,195.0,136.2,75.0,1604,97,138,74,-19.8,-50.3,1.3,-1.3,best_effort_lp,BEST_EFFORT_LP,relaxed,1.0,1127.37,17,,,True,57.4,6.0
v2,synth_2000_extremely_high_protein,2000kcal / extremely high protein,synthetic,lunch_snack,2000.0,195.0,136.2,75.0,2023,204,136,74,1.1,4.6,-0.1,-1.3,strict_tight,0.08,strict,1.0,119.62,1,,,True,61.9,6.0
v2,synth_2000_low_fat,2000kcal / low fat,synthetic,full_day,2000.0,120.0,295.6,37.5,1539,109,138,61,-23.1,-9.2,-53.3,62.7,best_effort_lp,BEST_EFFORT_LP,relaxed,1.0,1135.34,17,,,True,24.9,3.0
v2,synth_2000_low_fat,2000kcal / low fat,synthetic,lunch_snack_dinner,2000.0,120.0,295.6,37.5,1555,111,137,62,-22.2,-7.5,-53.7,65.3,best_effort_lp,BEST_EFFORT_LP,relaxed,1.0,1118.13,17,,,True,26.8,2.0
v2,synth_2000_low_fat,2000kcal / low fat,synthetic,lunch_dinner,2000.0,120.0,295.6,37.5,1427,109,120,57,-28.6,-9.2,-59.4,52.0,best_effort_lp,BEST_EFFORT_LP,relaxed,1.0,1141.8,17,,,True,29.2,2.0
v2,synth_2000_low_fat,2000kcal / low fat,synthetic,lunch_only,2000.0,120.0,295.6,37.5,1192,109,101,39,-40.4,-9.2,-65.8,4.0,best_effort_lp,BEST_EFFORT_LP,relaxed,1.0,1087.51,17,,,True,52.5,3.0
v2,synth_2000_low_fat,2000kcal / low fat,synthetic,dinner_only,2000.0,120.0,295.6,37.5,879,51,76,41,-56.0,-57.5,-74.3,9.3,best_effort_lp,BEST_EFFORT_LP,relaxed,1.0,1487.38,17,,,True,52.4,3.0
v2,synth_2000_low_fat,2000kcal / low fat,synthetic,lunch_snack,2000.0,120.0,295.6,37.5,1234,109,106,41,-38.3,-9.2,-64.1,9.3,best_effort_lp,BEST_EFFORT_LP,relaxed,1.0,1397.06,17,,,True,50.7,3.0
v2,synth_2000_extremely_low_fat,2000kcal / extremely low fat,synthetic,full_day,2000.0,120.0,337.8,18.8,1218,79,108,52,-39.1,-34.2,-68.0,176.6,best_effort_lp,BEST_EFFORT_LP,relaxed,1.0,1140.19,17,,,True,17.1,1.0
v2,synth_2000_extremely_low_fat,2000kcal / extremely low fat,synthetic,lunch_snack_dinner,2000.0,120.0,337.8,18.8,996,62,91,42,-50.2,-48.3,-73.1,123.4,best_effort_lp,BEST_EFFORT_LP,relaxed,1.0,1121.9,17,,,True,21.0,1.0
v2,synth_2000_extremely_low_fat,2000kcal / extremely low fat,synthetic,lunch_dinner,2000.0,120.0,337.8,18.8,868,60,74,37,-56.6,-50.0,-78.1,96.8,best_effort_lp,BEST_EFFORT_LP,relaxed,1.0,1145.21,17,,,True,24.0,1.0
v2,synth_2000_extremely_low_fat,2000kcal / extremely low fat,synthetic,lunch_only,2000.0,120.0,337.8,18.8,789,73,64,27,-60.6,-39.2,-81.1,43.6,best_effort_lp,BEST_EFFORT_LP,relaxed,1.0,1118.96,17,,,True,52.9,2.0
v2,synth_2000_extremely_low_fat,2000kcal / extremely low fat,synthetic,dinner_only,2000.0,120.0,337.8,18.8,396,21,35,19,-80.2,-82.5,-89.6,1.1,best_effort_lp,BEST_EFFORT_LP,relaxed,1.0,1068.84,17,,,True,38.8,1.0
v2,synth_2000_extremely_low_fat,2000kcal / extremely low fat,synthetic,lunch_snack,2000.0,120.0,337.8,18.8,600,42,56,23,-70.0,-65.0,-83.4,22.3,best_effort_lp,BEST_EFFORT_LP,relaxed,1.0,1171.21,17,,,True,34.8,1.0
v2,synth_2000_high_fat,2000kcal / high fat,synthetic,full_day,2000.0,120.0,110.0,120.0,2013,146,114,109,0.7,21.7,3.6,-9.2,strict_relaxed_tol,0.15,strict,0.5,590.22,6,,,True,26.7,3.5
v2,synth_2000_high_fat,2000kcal / high fat,synthetic,lunch_snack_dinner,2000.0,120.0,110.0,120.0,2030,140,123,108,1.5,16.7,11.8,-10.0,strict_relaxed_tol,0.1,strict,0.5,434.75,4,,,True,26.5,3.5
v2,synth_2000_high_fat,2000kcal / high fat,synthetic,lunch_dinner,2000.0,120.0,110.0,120.0,1987,148,110,106,-0.7,23.3,0.0,-11.7,strict_relaxed_tol,0.2,strict,0.5,1092.43,8,,,True,30.9,4.0
v2,synth_2000_high_fat,2000kcal / high fat,synthetic,lunch_only,2000.0,120.0,110.0,120.0,1666,149,111,69,-16.7,24.2,0.9,-42.5,best_effort_lp,BEST_EFFORT_LP,relaxed,1.0,1592.22,17,,,True,50.1,4.0
v2,synth_2000_high_fat,2000kcal / high fat,synthetic,dinner_only,2000.0,120.0,110.0,120.0,2021,126,110,120,1.1,5.0,0.0,0.0,strict_tight,0.08,strict,1.0,104.2,1,,,True,53.2,7.0
v2,synth_2000_high_fat,2000kcal / high fat,synthetic,lunch_snack,2000.0,120.0,110.0,120.0,1496,116,112,65,-25.2,-3.3,1.8,-45.8,best_effort_lp,BEST_EFFORT_LP,relaxed,1.0,1377.02,17,,,True,41.8,3.0
v2,synth_2000_extremely_high_fat,2000kcal / extremely high fat,synthetic,full_day,2000.0,108.4,56.2,149.0,1525,107,110,73,-23.8,-1.3,95.7,-51.0,best_effort_lp,BEST_EFFORT_LP,relaxed,1.0,1149.57,17,,,True,30.2,3.0
v2,synth_2000_extremely_high_fat,2000kcal / extremely high fat,synthetic,lunch_snack_dinner,2000.0,108.4,56.2,149.0,1427,109,97,67,-28.6,0.6,72.6,-55.0,best_effort_lp,BEST_EFFORT_LP,relaxed,1.0,1128.58,17,,,True,29.2,2.0
v2,synth_2000_extremely_high_fat,2000kcal / extremely high fat,synthetic,lunch_dinner,2000.0,108.4,56.2,149.0,1368,109,82,67,-31.6,0.6,45.9,-55.0,best_effort_lp,BEST_EFFORT_LP,relaxed,1.0,1200.47,17,,,True,30.5,2.0
v2,synth_2000_extremely_high_fat,2000kcal / extremely high fat,synthetic,lunch_only,2000.0,108.4,56.2,149.0,1113,108,61,49,-44.4,-0.4,8.5,-67.1,best_effort_lp,BEST_EFFORT_LP,relaxed,1.0,1122.53,17,,,True,56.3,3.0
v2,synth_2000_extremely_high_fat,2000kcal / extremely high fat,synthetic,dinner_only,2000.0,108.4,56.2,149.0,2038,139,66,135,1.9,28.2,17.4,-9.4,strict_relaxed_tol,0.2,strict,0.5,623.46,8,,,True,60.3,8.0
v2,synth_2000_extremely_high_fat,2000kcal / extremely high fat,synthetic,lunch_snack,2000.0,108.4,56.2,149.0,1155,108,66,51,-42.2,-0.4,17.4,-65.8,best_effort_lp,BEST_EFFORT_LP,relaxed,1.0,1509.31,17,,,True,54.2,3.0
v2,synth_2000_low_carbs,2000kcal / low carbs,synthetic,full_day,2000.0,150.0,113.8,105.0,2025,156,118,103,1.2,4.0,3.7,-1.9,strict_tight,0.08,strict,1.0,110.37,1,,,True,30.3,4.0
v2,synth_2000_low_carbs,2000kcal / low carbs,synthetic,lunch_snack_dinner,2000.0,150.0,113.8,105.0,2015,153,117,104,0.8,2.0,2.8,-1.0,strict_tight,0.08,strict,1.0,137.72,1,,,True,38.1,5.0
v2,synth_2000_low_carbs,2000kcal / low carbs,synthetic,lunch_dinner,2000.0,150.0,113.8,105.0,1988,147,114,105,-0.6,-2.0,0.2,0.0,strict_tight,0.08,strict,1.0,104.26,1,,,True,30.9,4.0
v2,synth_2000_low_carbs,2000kcal / low carbs,synthetic,lunch_only,2000.0,150.0,113.8,105.0,1678,150,114,69,-16.1,0.0,0.2,-34.3,best_effort_lp,BEST_EFFORT_LP,relaxed,1.0,1119.03,17,,,True,49.7,4.0
v2,synth_2000_low_carbs,2000kcal / low carbs,synthetic,dinner_only,2000.0,150.0,113.8,105.0,1974,137,114,108,-1.3,-8.7,0.2,2.9,strict_tight,0.08,strict,1.0,66.6,1,,,True,70.0,9.0
v2,synth_2000_low_carbs,2000kcal / low carbs,synthetic,lunch_snack,2000.0,150.0,113.8,105.0,2051,168,134,93,2.5,12.0,17.8,-11.4,strict_relaxed_tol,0.15,strict,0.5,429.86,6,,,True,45.8,4.5
v2,synth_2000_extremely_low_carbs,2000kcal / extremely low carbs,synthetic,full_day,2000.0,165.1,56.2,123.8,2009,181,69,112,0.4,9.6,22.8,-9.5,strict_tight,0.08,strict,0.5,162.21,2,,,True,45.9,6.0
v2,synth_2000_extremely_low_carbs,2000kcal / extremely low carbs,synthetic,lunch_snack_dinner,2000.0,165.1,56.2,123.8,1959,172,65,113,-2.1,4.2,15.7,-8.7,strict_tight,0.08,strict,0.5,144.28,2,,,True,43.1,5.5
v2,synth_2000_extremely_low_carbs,2000kcal / extremely low carbs,synthetic,lunch_dinner,2000.0,165.1,56.2,123.8,1957,180,58,112,-2.1,9.0,3.2,-9.5,strict_tight,0.08,strict,0.5,190.08,2,,,True,39.2,5.0
v2,synth_2000_extremely_low_carbs,2000kcal / extremely low carbs,synthetic,lunch_only,2000.0,165.1,56.2,123.8,1583,172,58,74,-20.8,4.2,3.2,-40.2,best_effort_lp,BEST_EFFORT_LP,relaxed,1.0,1344.04,17,,,True,65.9,5.0
v2,synth_2000_extremely_low_carbs,2000kcal / extremely low carbs,synthetic,dinner_only,2000.0,165.1,56.2,123.8,2017,160,56,128,0.9,-3.1,-0.4,3.4,strict_tight,0.08,strict,1.0,65.02,1,,,True,83.7,11.0
v2,synth_2000_extremely_low_carbs,2000kcal / extremely low carbs,synthetic,lunch_snack,2000.0,165.1,56.2,123.8,1503,166,68,63,-24.9,0.5,21.0,-49.1,best_effort_lp,BEST_EFFORT_LP,relaxed,1.0,1398.26,17,,,True,69.4,5.0
v2,synth_2000_high_carbs,2000kcal / high carbs,synthetic,full_day,2000.0,90.0,308.8,45.0,1378,94,123,57,-31.1,4.4,-60.2,26.7,best_effort_lp,BEST_EFFORT_LP,relaxed,1.0,1847.08,17,,,True,18.5,2.0
v2,synth_2000_high_carbs,2000kcal / high carbs,synthetic,lunch_snack_dinner,2000.0,90.0,308.8,45.0,1323,80,124,56,-33.9,-11.1,-59.8,24.4,best_effort_lp,BEST_EFFORT_LP,relaxed,1.0,1636.24,17,,,True,23.2,2.0
v2,synth_2000_high_carbs,2000kcal / high carbs,synthetic,lunch_dinner,2000.0,90.0,308.8,45.0,1195,77,107,51,-40.2,-14.4,-65.3,13.3,best_effort_lp,BEST_EFFORT_LP,relaxed,1.0,1618.85,17,,,True,25.7,2.0
v2,synth_2000_high_carbs,2000kcal / high carbs,synthetic,lunch_only,2000.0,90.0,308.8,45.0,1261,112,103,44,-37.0,24.4,-66.6,-2.2,best_effort_lp,BEST_EFFORT_LP,relaxed,1.0,1551.25,17,,,True,49.6,3.0
v2,synth_2000_high_carbs,2000kcal / high carbs,synthetic,dinner_only,2000.0,90.0,308.8,45.0,1618,89,154,72,-19.1,-1.1,-50.1,60.0,best_effort_lp,BEST_EFFORT_LP,relaxed,1.0,1304.37,17,,,True,47.4,5.0
v2,synth_2000_high_carbs,2000kcal / high carbs,synthetic,lunch_snack,2000.0,90.0,308.8,45.0,1258,83,127,46,-37.1,-7.8,-58.9,2.2,best_effort_lp,BEST_EFFORT_LP,relaxed,1.0,1373.05,17,,,True,33.2,3.0
v2,synth_2000_extremely_high_carbs,2000kcal / extremely high carbs,synthetic,full_day,2000.0,67.5,373.4,26.2,1218,79,108,52,-39.1,17.0,-71.1,98.5,best_effort_lp,BEST_EFFORT_LP,relaxed,1.0,1118.95,17,,,True,17.1,1.0
v2,synth_2000_extremely_high_carbs,2000kcal / extremely high carbs,synthetic,lunch_snack_dinner,2000.0,67.5,373.4,26.2,996,62,91,42,-50.2,-8.1,-75.6,60.3,best_effort_lp,BEST_EFFORT_LP,relaxed,1.0,1182.14,17,,,True,21.0,1.0
v2,synth_2000_extremely_high_carbs,2000kcal / extremely high carbs,synthetic,lunch_dinner,2000.0,67.5,373.4,26.2,868,60,74,37,-56.6,-11.1,-80.2,41.2,best_effort_lp,BEST_EFFORT_LP,relaxed,1.0,1706.75,17,,,True,24.0,1.0
v2,synth_2000_extremely_high_carbs,2000kcal / extremely high carbs,synthetic,lunch_only,2000.0,67.5,373.4,26.2,785,73,63,27,-60.8,8.1,-83.1,3.1,best_effort_lp,BEST_EFFORT_LP,relaxed,1.0,1537.08,17,,,True,53.1,2.0
v2,synth_2000_extremely_high_carbs,2000kcal / extremely high carbs,synthetic,dinner_only,2000.0,67.5,373.4,26.2,638,36,56,30,-68.1,-46.7,-85.0,14.5,best_effort_lp,BEST_EFFORT_LP,relaxed,1.0,1470.08,17,,,True,48.2,2.0
v2,synth_2000_extremely_high_carbs,2000kcal / extremely high carbs,synthetic,lunch_snack,2000.0,67.5,373.4,26.2,913,75,80,32,-54.4,11.1,-78.6,22.1,best_effort_lp,BEST_EFFORT_LP,relaxed,1.0,1400.33,17,,,True,45.7,2.0
v2,synth_2500_balanced,2500kcal / balanced,synthetic,full_day,2500.0,136.0,297.8,85.0,2562,153,263,100,2.5,12.5,-11.7,17.6,strict_relaxed_tol,0.15,strict,0.5,396.81,6,,,True,25.0,5.0
v2,synth_2500_balanced,2500kcal / balanced,synthetic,lunch_snack_dinner,2500.0,136.0,297.8,85.0,2619,166,264,100,4.8,22.1,-11.3,17.6,strict_relaxed_tol,0.15,strict,0.5,394.74,6,,,True,23.9,4.5
v2,synth_2500_balanced,2500kcal / balanced,synthetic,lunch_dinner,2500.0,136.0,297.8,85.0,2063,137,181,88,-17.5,0.7,-39.2,3.5,best_effort_lp,BEST_EFFORT_LP,relaxed,1.0,1291.72,17,,,True,22.3,3.0
v2,synth_2500_balanced,2500kcal / balanced,synthetic,lunch_only,2500.0,136.0,297.8,85.0,2290,192,194,83,-8.4,41.2,-34.9,-2.4,best_effort_lp,BEST_EFFORT_LP,relaxed,1.0,1425.23,17,,,True,45.6,5.0
v2,synth_2500_balanced,2500kcal / balanced,synthetic,dinner_only,2500.0,136.0,297.8,85.0,2428,137,228,108,-2.9,0.7,-23.4,27.1,best_effort_lp,BEST_EFFORT_LP,relaxed,1.0,1331.44,17,,,True,50.6,8.0
v2,synth_2500_balanced,2500kcal / balanced,synthetic,lunch_snack,2500.0,136.0,297.8,85.0,2575,166,270,93,3.0,22.1,-9.3,9.4,relaxed_culinary,0.15,relaxed,1.0,815.74,13,,,True,34.8,7.0
v2,synth_2500_low_protein,2500kcal / low protein,synthetic,full_day,2500.0,93.5,340.2,85.0,1971,105,197,85,-21.2,12.3,-42.1,0.0,best_effort_lp,BEST_EFFORT_LP,relaxed,1.0,1050.57,17,,,True,32.4,5.0
v2,synth_2500_low_protein,2500kcal / low protein,synthetic,lunch_snack_dinner,2500.0,93.5,340.2,85.0,1834,90,192,78,-26.6,-3.7,-43.6,-8.2,best_effort_lp,BEST_EFFORT_LP,relaxed,1.0,1060.5,17,,,True,34.9,5.0
v2,synth_2500_low_protein,2500kcal / low protein,synthetic,lunch_dinner,2500.0,93.5,340.2,85.0,1994,134,179,82,-20.2,43.3,-47.4,-3.5,best_effort_lp,BEST_EFFORT_LP,relaxed,1.0,1033.03,17,,,True,23.1,3.0
v2,synth_2500_low_protein,2500kcal / low protein,synthetic,lunch_only,2500.0,93.5,340.2,85.0,1416,117,118,53,-43.4,25.1,-65.3,-37.6,best_effort_lp,BEST_EFFORT_LP,relaxed,1.0,994.4,17,,,True,44.2,3.0
v2,synth_2500_low_protein,2500kcal / low protein,synthetic,dinner_only,2500.0,93.5,340.2,85.0,1842,97,170,86,-26.3,3.7,-50.0,1.2,best_effort_lp,BEST_EFFORT_LP,relaxed,1.0,1004.4,17,,,True,41.7,5.0
v2,synth_2500_low_protein,2500kcal / low protein,synthetic,lunch_snack,2500.0,93.5,340.2,85.0,2055,130,203,80,-17.8,39.0,-40.3,-5.9,best_effort_lp,BEST_EFFORT_LP,relaxed,1.0,1207.18,17,,,True,31.1,5.0
v2,synth_2500_extremely_low_protein,2500kcal / extremely low protein,synthetic,full_day,2500.0,51.0,382.8,85.0,1601,87,159,69,-36.0,70.6,-58.5,-18.8,best_effort_lp,BEST_EFFORT_LP,relaxed,1.0,1188.87,17,,,True,31.9,4.0
v2,synth_2500_extremely_low_protein,2500kcal / extremely low protein,synthetic,lunch_snack_dinner,2500.0,51.0,382.8,85.0,1834,90,192,78,-26.6,76.5,-49.8,-8.2,best_effort_lp,BEST_EFFORT_LP,relaxed,1.0,1335.84,17,,,True,34.9,5.0
v2,synth_2500_extremely_low_protein,2500kcal / extremely low protein,synthetic,lunch_dinner,2500.0,51.0,382.8,85.0,868,60,74,37,-65.3,17.6,-80.7,-56.5,best_effort_lp,BEST_EFFORT_LP,relaxed,1.0,1484.44,17,,,True,24.0,1.0
v2,synth_2500_extremely_low_protein,2500kcal / extremely low protein,synthetic,lunch_only,2500.0,51.0,382.8,85.0,940,78,78,35,-62.4,52.9,-79.6,-58.8,best_effort_lp,BEST_EFFORT_LP,relaxed,1.0,1538.89,17,,,True,44.4,2.0
v2,synth_2500_extremely_low_protein,2500kcal / extremely low protein,synthetic,dinner_only,2500.0,51.0,382.8,85.0,1188,62,105,58,-52.5,21.6,-72.6,-31.8,best_effort_lp,BEST_EFFORT_LP,relaxed,1.0,1613.59,17,,,True,38.8,3.0
v2,synth_2500_extremely_low_protein,2500kcal / extremely low protein,synthetic,lunch_snack,2500.0,51.0,382.8,85.0,1323,86,129,52,-47.1,68.6,-66.3,-38.8,best_effort_lp,BEST_EFFORT_LP,relaxed,1.0,1634.67,17,,,True,31.5,3.0
v2,synth_2500_high_protein,2500kcal / high protein,synthetic,full_day,2500.0,170.0,263.8,85.0,2509,170,252,91,0.4,0.0,-4.5,7.1,strict_tight,0.08,strict,0.5,591.09,2,,,True,25.4,5.0
v2,synth_2500_high_protein,2500kcal / high protein,synthetic,lunch_snack_dinner,2500.0,170.0,263.8,85.0,2514,170,245,95,0.6,0.0,-7.1,11.8,strict_tight,0.08,strict,0.5,189.92,2,,,True,24.9,3.0
v2,synth_2500_high_protein,2500kcal / high protein,synthetic,lunch_dinner,2500.0,170.0,263.8,85.0,2543,181,238,96,1.7,6.5,-9.8,12.9,strict_relaxed_tol,0.1,strict,0.5,378.08,4,,,True,24.6,4.0
v2,synth_2500_high_protein,2500kcal / high protein,synthetic,lunch_only,2500.0,170.0,263.8,85.0,2290,192,194,83,-8.4,12.9,-26.5,-2.4,best_effort_lp,BEST_EFFORT_LP,relaxed,1.0,1634.9,17,,,True,45.6,5.0
v2,synth_2500_high_protein,2500kcal / high protein,synthetic,dinner_only,2500.0,170.0,263.8,85.0,2685,144,264,117,7.4,-15.3,0.1,37.6,best_effort_lp,BEST_EFFORT_LP,relaxed,1.0,1319.29,17,,,True,45.7,8.0
v2,synth_2500_high_protein,2500kcal / high protein,synthetic,lunch_snack,2500.0,170.0,263.8,85.0,2509,192,243,85,0.4,12.9,-7.9,0.0,strict_tight,0.08,strict,1.0,69.82,1,,,True,41.6,5.0
v2,synth_2500_extremely_high_protein,2500kcal / extremely high protein,synthetic,full_day,2500.0,221.0,212.8,85.0,2513,204,213,94,0.5,-7.7,0.1,10.6,strict_tight,0.08,strict,1.0,130.55,1,,,True,30.5,6.0
v2,synth_2500_extremely_high_protein,2500kcal / extremely high protein,synthetic,lunch_snack_dinner,2500.0,221.0,212.8,85.0,2560,214,213,95,2.4,-3.2,0.1,11.8,strict_tight,0.08,strict,0.5,216.54,2,,,True,36.7,4.5
v2,synth_2500_extremely_high_protein,2500kcal / extremely high protein,synthetic,lunch_dinner,2500.0,221.0,212.8,85.0,2581,220,213,95,3.2,-0.5,0.1,11.8,strict_tight,0.08,strict,0.5,281.55,2,,,True,36.4,4.5
v2,synth_2500_extremely_high_protein,2500kcal / extremely high protein,synthetic,lunch_only,2500.0,221.0,212.8,85.0,2518,222,213,87,0.7,0.5,0.1,2.4,strict_tight,0.08,strict,1.0,110.12,1,,,True,49.7,6.0
v2,synth_2500_extremely_high_protein,2500kcal / extremely high protein,synthetic,dinner_only,2500.0,221.0,212.8,85.0,2414,146,212,109,-3.4,-33.9,-0.4,28.2,best_effort_lp,BEST_EFFORT_LP,relaxed,1.0,1476.99,17,,,True,57.3,9.0
v2,synth_2500_extremely_high_protein,2500kcal / extremely high protein,synthetic,lunch_snack,2500.0,221.0,212.8,85.0,2491,218,213,85,-0.4,-1.4,0.1,0.0,strict_tight,0.08,strict,1.0,115.36,1,,,True,50.3,6.0
v2,synth_2500_low_fat,2500kcal / low fat,synthetic,full_day,2500.0,136.0,393.4,42.5,1633,124,137,65,-34.7,-8.8,-65.2,52.9,best_effort_lp,BEST_EFFORT_LP,relaxed,1.0,1739.6,17,,,True,31.2,4.0
v2,synth_2500_low_fat,2500kcal / low fat,synthetic,lunch_snack_dinner,2500.0,136.0,393.4,42.5,1555,111,137,62,-37.8,-18.4,-65.2,45.9,best_effort_lp,BEST_EFFORT_LP,relaxed,1.0,1829.57,17,,,True,26.8,2.0
v2,synth_2500_low_fat,2500kcal / low fat,synthetic,lunch_dinner,2500.0,136.0,393.4,42.5,1639,139,123,66,-34.4,2.2,-68.7,55.3,best_effort_lp,BEST_EFFORT_LP,relaxed,1.0,1378.2,17,,,True,38.2,3.0
v2,synth_2500_low_fat,2500kcal / low fat,synthetic,lunch_only,2500.0,136.0,393.4,42.5,1424,141,114,45,-43.0,3.7,-71.0,5.9,best_effort_lp,BEST_EFFORT_LP,relaxed,1.0,1425.26,17,,,True,58.6,4.0
v2,synth_2500_low_fat,2500kcal / low fat,synthetic,dinner_only,2500.0,136.0,393.4,42.5,964,54,88,44,-61.4,-60.3,-77.6,3.5,best_effort_lp,BEST_EFFORT_LP,relaxed,1.0,1557.86,17,,,True,47.8,3.0
v2,synth_2500_low_fat,2500kcal / low fat,synthetic,lunch_snack,2500.0,136.0,393.4,42.5,1552,143,131,51,-37.9,5.1,-66.7,20.0,best_effort_lp,BEST_EFFORT_LP,relaxed,1.0,1641.39,17,,,True,53.8,4.0
v2,synth_2500_extremely_low_fat,2500kcal / extremely low fat,synthetic,full_day,2500.0,136.0,441.2,21.2,1218,79,108,52,-51.3,-41.9,-75.5,145.3,best_effort_lp,BEST_EFFORT_LP,relaxed,1.0,1576.48,17,,,True,17.1,1.0
v2,synth_2500_extremely_low_fat,2500kcal / extremely low fat,synthetic,lunch_snack_dinner,2500.0,136.0,441.2,21.2,996,62,91,42,-60.2,-54.4,-79.4,98.1,best_effort_lp,BEST_EFFORT_LP,relaxed,1.0,1654.57,17,,,True,21.0,1.0
v2,synth_2500_extremely_low_fat,2500kcal / extremely low fat,synthetic,lunch_dinner,2500.0,136.0,441.2,21.2,868,60,74,37,-65.3,-55.9,-83.2,74.5,best_effort_lp,BEST_EFFORT_LP,relaxed,1.0,1399.74,17,,,True,24.0,1.0
v2,synth_2500_extremely_low_fat,2500kcal / extremely low fat,synthetic,lunch_only,2500.0,136.0,441.2,21.2,789,73,64,27,-68.4,-46.3,-85.5,27.4,best_effort_lp,BEST_EFFORT_LP,relaxed,1.0,1600.37,17,,,True,52.9,2.0
v2,synth_2500_extremely_low_fat,2500kcal / extremely low fat,synthetic,dinner_only,2500.0,136.0,441.2,21.2,396,21,35,19,-84.2,-84.6,-92.1,-10.4,best_effort_lp,BEST_EFFORT_LP,relaxed,1.0,1200.34,17,,,True,38.8,1.0
v2,synth_2500_extremely_low_fat,2500kcal / extremely low fat,synthetic,lunch_snack,2500.0,136.0,441.2,21.2,600,42,56,23,-76.0,-69.1,-87.3,8.5,best_effort_lp,BEST_EFFORT_LP,relaxed,1.0,1077.86,17,,,True,34.8,1.0
v2,synth_2500_high_fat,2500kcal / high fat,synthetic,full_day,2500.0,136.0,183.0,136.0,2510,158,182,128,0.4,16.2,-0.5,-5.9,strict_tight,0.08,strict,0.5,303.62,2,,,True,22.9,4.5
v2,synth_2500_high_fat,2500kcal / high fat,synthetic,lunch_snack_dinner,2500.0,136.0,183.0,136.0,2500,158,182,127,0.0,16.2,-0.5,-6.6,strict_tight,0.08,strict,1.0,109.26,1,,,True,24.6,4.0
v2,synth_2500_high_fat,2500kcal / high fat,synthetic,lunch_dinner,2500.0,136.0,183.0,136.0,2519,174,185,120,0.8,27.9,1.1,-11.8,strict_relaxed_tol,0.2,strict,0.5,660.81,8,,,True,24.4,4.0
v2,synth_2500_high_fat,2500kcal / high fat,synthetic,lunch_only,2500.0,136.0,183.0,136.0,2266,193,183,85,-9.4,41.9,0.0,-37.5,best_effort_lp,BEST_EFFORT_LP,relaxed,1.0,1048.47,17,,,True,46.0,5.0
v2,synth_2500_high_fat,2500kcal / high fat,synthetic,dinner_only,2500.0,136.0,183.0,136.0,2508,139,186,134,0.3,2.2,1.6,-1.5,strict_tight,0.08,strict,1.0,72.82,1,,,True,42.8,7.0
v2,synth_2500_high_fat,2500kcal / high fat,synthetic,lunch_snack,2500.0,136.0,183.0,136.0,2255,159,182,99,-9.8,16.9,-0.5,-27.2,best_effort_lp,BEST_EFFORT_LP,relaxed,1.0,1063.15,17,,,True,37.0,6.0
v2,synth_2500_extremely_high_fat,2500kcal / extremely high fat,synthetic,full_day,2500.0,136.0,68.2,187.0,1733,137,112,82,-30.7,0.7,64.2,-56.1,best_effort_lp,BEST_EFFORT_LP,relaxed,1.0,1641.83,17,,,True,26.6,3.0
v2,synth_2500_extremely_high_fat,2500kcal / extremely high fat,synthetic,lunch_snack_dinner,2500.0,136.0,68.2,187.0,1734,136,99,88,-30.6,0.0,45.2,-52.9,best_effort_lp,BEST_EFFORT_LP,relaxed,1.0,1727.36,17,,,True,35.4,4.0
v2,synth_2500_extremely_high_fat,2500kcal / extremely high fat,synthetic,lunch_dinner,2500.0,136.0,68.2,187.0,1675,137,84,88,-33.0,0.7,23.2,-52.9,best_effort_lp,BEST_EFFORT_LP,relaxed,1.0,1457.21,17,,,True,36.7,4.0
v2,synth_2500_extremely_high_fat,2500kcal / extremely high fat,synthetic,lunch_only,2500.0,136.0,68.2,187.0,1402,142,68,63,-43.9,4.4,-0.3,-66.3,best_effort_lp,BEST_EFFORT_LP,relaxed,1.0,1555.42,17,,,True,59.5,4.0
v2,synth_2500_extremely_high_fat,2500kcal / extremely high fat,synthetic,dinner_only,2500.0,136.0,68.2,187.0,2570,174,89,169,2.8,27.9,30.5,-9.6,strict_relaxed_tol,0.2,strict,1.0,613.02,7,,,True,59.7,10.0
v2,synth_2500_extremely_high_fat,2500kcal / extremely high fat,synthetic,lunch_snack,2500.0,136.0,68.2,187.0,1364,138,68,60,-45.4,1.5,-0.3,-67.9,best_effort_lp,BEST_EFFORT_LP,relaxed,1.0,1583.47,17,,,True,61.2,4.0
v2,synth_2500_low_carbs,2500kcal / low carbs,synthetic,full_day,2500.0,170.0,187.3,119.0,2489,169,186,119,-0.4,-0.6,-0.7,0.0,strict_tight,0.08,strict,1.0,320.56,1,,,True,20.5,4.0
v2,synth_2500_low_carbs,2500kcal / low carbs,synthetic,lunch_snack_dinner,2500.0,170.0,187.3,119.0,2484,171,188,117,-0.6,0.6,0.4,-1.7,strict_tight,0.08,strict,1.0,299.95,1,,,True,25.2,4.0
v2,synth_2500_low_carbs,2500kcal / low carbs,synthetic,lunch_dinner,2500.0,170.0,187.3,119.0,2546,185,187,118,1.8,8.8,-0.2,-0.8,strict_tight,0.08,strict,1.0,240.83,1,,,True,24.6,4.0
v2,synth_2500_low_carbs,2500kcal / low carbs,synthetic,lunch_only,2500.0,170.0,187.3,119.0,2343,194,193,88,-6.3,14.1,3.0,-26.1,best_effort_lp,BEST_EFFORT_LP,relaxed,1.0,1595.97,17,,,True,44.5,5.0
v2,synth_2500_low_carbs,2500kcal / low carbs,synthetic,dinner_only,2500.0,170.0,187.3,119.0,2547,169,182,127,1.9,-0.6,-2.8,6.7,strict_tight,0.08,strict,1.0,67.47,1,,,True,66.3,11.0
v2,synth_2500_low_carbs,2500kcal / low carbs,synthetic,lunch_snack,2500.0,170.0,187.3,119.0,2452,192,178,108,-1.9,12.9,-5.0,-9.2,strict_tight,0.08,strict,1.0,63.66,1,,,True,42.5,5.0
v2,synth_2500_extremely_low_carbs,2500kcal / extremely low carbs,synthetic,full_day,2500.0,204.0,76.8,153.0,2397,212,77,138,-4.1,3.9,0.3,-9.8,strict_tight,0.08,strict,0.5,174.53,2,,,True,41.6,6.5
v2,synth_2500_extremely_low_carbs,2500kcal / extremely low carbs,synthetic,lunch_snack_dinner,2500.0,204.0,76.8,153.0,2521,220,77,148,0.8,7.8,0.3,-3.3,strict_tight,0.08,strict,0.5,168.36,2,,,True,36.5,6.0
v2,synth_2500_extremely_low_carbs,2500kcal / extremely low carbs,synthetic,lunch_dinner,2500.0,204.0,76.8,153.0,2471,206,99,139,-1.2,1.0,28.9,-9.2,strict_tight,0.08,strict,1.0,116.36,1,,,True,37.3,6.0
v2,synth_2500_extremely_low_carbs,2500kcal / extremely low carbs,synthetic,lunch_only,2500.0,204.0,76.8,153.0,1954,208,77,91,-21.8,2.0,0.3,-40.5,best_effort_lp,BEST_EFFORT_LP,relaxed,1.0,1539.16,17,,,True,64.1,6.0
v2,synth_2500_extremely_low_carbs,2500kcal / extremely low carbs,synthetic,dinner_only,2500.0,204.0,76.8,153.0,2565,202,79,160,2.6,-1.0,2.9,4.6,strict_tight,0.08,strict,1.0,141.76,1,,,True,83.8,14.0
v2,synth_2500_extremely_low_carbs,2500kcal / extremely low carbs,synthetic,lunch_snack,2500.0,204.0,76.8,153.0,1919,205,78,88,-23.2,0.5,1.6,-42.5,best_effort_lp,BEST_EFFORT_LP,relaxed,1.0,1333.35,17,,,True,65.2,6.0
v2,synth_2500_high_carbs,2500kcal / high carbs,synthetic,full_day,2500.0,102.0,408.2,51.0,1378,94,123,57,-44.9,-7.8,-69.9,11.8,best_effort_lp,BEST_EFFORT_LP,relaxed,1.0,1586.28,17,,,True,18.5,2.0
v2,synth_2500_high_carbs,2500kcal / high carbs,synthetic,lunch_snack_dinner,2500.0,102.0,408.2,51.0,1555,111,137,62,-37.8,8.8,-66.4,21.6,best_effort_lp,BEST_EFFORT_LP,relaxed,1.0,1733.99,17,,,True,26.8,2.0
v2,synth_2500_high_carbs,2500kcal / high carbs,synthetic,lunch_dinner,2500.0,102.0,408.2,51.0,1427,109,120,57,-42.9,6.9,-70.6,11.8,best_effort_lp,BEST_EFFORT_LP,relaxed,1.0,1592.07,17,,,True,29.2,2.0
v2,synth_2500_high_carbs,2500kcal / high carbs,synthetic,lunch_only,2500.0,102.0,408.2,51.0,1416,117,118,53,-43.4,14.7,-71.1,3.9,best_effort_lp,BEST_EFFORT_LP,relaxed,1.0,1283.07,17,,,True,44.2,3.0
v2,synth_2500_high_carbs,2500kcal / high carbs,synthetic,dinner_only,2500.0,102.0,408.2,51.0,1774,102,162,80,-29.0,0.0,-60.3,56.9,best_effort_lp,BEST_EFFORT_LP,relaxed,1.0,1458.74,17,,,True,51.9,6.0
v2,synth_2500_high_carbs,2500kcal / high carbs,synthetic,lunch_snack,2500.0,102.0,408.2,51.0,1490,115,140,52,-40.4,12.7,-65.7,2.0,best_effort_lp,BEST_EFFORT_LP,relaxed,1.0,1365.26,17,,,True,42.0,3.0
v2,synth_2500_extremely_high_carbs,2500kcal / extremely high carbs,synthetic,full_day,2500.0,76.5,481.6,29.7,1218,79,108,52,-51.3,3.3,-77.6,75.1,best_effort_lp,BEST_EFFORT_LP,relaxed,1.0,1383.4,17,,,True,17.1,1.0
v2,synth_2500_extremely_high_carbs,2500kcal / extremely high carbs,synthetic,lunch_snack_dinner,2500.0,76.5,481.6,29.7,996,62,91,42,-60.2,-19.0,-81.1,41.4,best_effort_lp,BEST_EFFORT_LP,relaxed,1.0,1185.99,17,,,True,21.0,1.0
v2,synth_2500_extremely_high_carbs,2500kcal / extremely high carbs,synthetic,lunch_dinner,2500.0,76.5,481.6,29.7,868,60,74,37,-65.3,-21.6,-84.6,24.6,best_effort_lp,BEST_EFFORT_LP,relaxed,1.0,1215.53,17,,,True,24.0,1.0
v2,synth_2500_extremely_high_carbs,2500kcal / extremely high carbs,synthetic,lunch_only,2500.0,76.5,481.6,29.7,875,75,76,30,-65.0,-2.0,-84.2,1.0,best_effort_lp,BEST_EFFORT_LP,relaxed,1.0,1204.0,17,,,True,47.7,2.0
v2,synth_2500_extremely_high_carbs,2500kcal / extremely high carbs,synthetic,dinner_only,2500.0,76.5,481.6,29.7,638,36,56,30,-74.5,-52.9,-88.4,1.0,best_effort_lp,BEST_EFFORT_LP,relaxed,1.0,1071.43,17,,,True,48.2,2.0
v2,synth_2500_extremely_high_carbs,2500kcal / extremely high carbs,synthetic,lunch_snack,2500.0,76.5,481.6,29.7,917,75,81,32,-63.3,-2.0,-83.2,7.7,best_effort_lp,BEST_EFFORT_LP,relaxed,1.0,1094.54,17,,,True,45.5,2.0
v2,synth_3000_balanced,3000kcal / balanced,synthetic,full_day,3000.0,152.0,384.2,95.0,2499,152,254,97,-16.7,0.0,-33.9,2.1,best_effort_lp,BEST_EFFORT_LP,relaxed,1.0,1273.86,17,,,True,30.7,6.0
v2,synth_3000_balanced,3000kcal / balanced,synthetic,lunch_snack_dinner,3000.0,152.0,384.2,95.0,2947,152,313,121,-1.8,0.0,-18.5,27.4,best_effort_lp,BEST_EFFORT_LP,relaxed,1.0,1239.64,17,,,True,34.7,8.0
v2,synth_3000_balanced,3000kcal / balanced,synthetic,lunch_dinner,3000.0,152.0,384.2,95.0,2321,152,212,96,-22.6,0.0,-44.8,1.1,best_effort_lp,BEST_EFFORT_LP,relaxed,1.0,1119.11,17,,,True,26.5,4.0
v2,synth_3000_balanced,3000kcal / balanced,synthetic,lunch_only,3000.0,152.0,384.2,95.0,2359,195,196,88,-21.4,28.3,-49.0,-7.4,best_effort_lp,BEST_EFFORT_LP,relaxed,1.0,1092.36,17,,,True,44.2,5.0
v2,synth_3000_balanced,3000kcal / balanced,synthetic,dinner_only,3000.0,152.0,384.2,95.0,2685,144,264,117,-10.5,-5.3,-31.3,23.2,best_effort_lp,BEST_EFFORT_LP,relaxed,1.0,1243.37,17,,,True,45.7,8.0
v2,synth_3000_balanced,3000kcal / balanced,synthetic,lunch_snack,3000.0,152.0,384.2,95.0,2575,166,270,93,-14.2,9.2,-29.7,-2.1,best_effort_lp,BEST_EFFORT_LP,relaxed,1.0,1671.92,17,,,True,34.8,7.0
v2,synth_3000_low_protein,3000kcal / low protein,synthetic,full_day,3000.0,104.5,431.8,95.0,2056,107,209,88,-31.5,2.4,-51.6,-7.4,best_effort_lp,BEST_EFFORT_LP,relaxed,1.0,1879.65,17,,,True,31.1,5.0
v2,synth_3000_low_protein,3000kcal / low protein,synthetic,lunch_snack_dinner,3000.0,104.5,431.8,95.0,2365,129,246,96,-21.2,23.4,-43.0,1.1,best_effort_lp,BEST_EFFORT_LP,relaxed,1.0,1844.27,17,,,True,32.4,6.0
v2,synth_3000_low_protein,3000kcal / low protein,synthetic,lunch_dinner,3000.0,104.5,431.8,95.0,2132,140,184,93,-28.9,34.0,-57.4,-2.1,best_effort_lp,BEST_EFFORT_LP,relaxed,1.0,1761.22,17,,,True,21.6,3.0
v2,synth_3000_low_protein,3000kcal / low protein,synthetic,lunch_only,3000.0,104.5,431.8,95.0,1416,117,118,53,-52.8,12.0,-72.7,-44.2,best_effort_lp,BEST_EFFORT_LP,relaxed,1.0,1132.01,17,,,True,44.2,3.0
v2,synth_3000_low_protein,3000kcal / low protein,synthetic,dinner_only,3000.0,104.5,431.8,95.0,2100,112,201,95,-30.0,7.2,-53.5,0.0,best_effort_lp,BEST_EFFORT_LP,relaxed,1.0,1106.02,17,,,True,43.9,6.0
v2,synth_3000_low_protein,3000kcal / low protein,synthetic,lunch_snack,3000.0,104.5,431.8,95.0,2055,130,203,80,-31.5,24.4,-53.0,-15.8,best_effort_lp,BEST_EFFORT_LP,relaxed,1.0,1214.4,17,,,True,31.1,5.0
v2,synth_3000_extremely_low_protein,3000kcal / extremely low protein,synthetic,full_day,3000.0,57.0,479.2,95.0,1601,87,159,69,-46.6,52.6,-66.8,-27.4,best_effort_lp,BEST_EFFORT_LP,relaxed,1.0,1400.25,17,,,True,31.9,4.0
v2,synth_3000_extremely_low_protein,3000kcal / extremely low protein,synthetic,lunch_snack_dinner,3000.0,57.0,479.2,95.0,1834,90,192,78,-38.9,57.9,-59.9,-17.9,best_effort_lp,BEST_EFFORT_LP,relaxed,1.0,1142.06,17,,,True,34.9,5.0
v2,synth_3000_extremely_low_protein,3000kcal / extremely low protein,synthetic,lunch_dinner,3000.0,57.0,479.2,95.0,868,60,74,37,-71.1,5.3,-84.6,-61.1,best_effort_lp,BEST_EFFORT_LP,relaxed,1.0,1510.7,17,,,True,24.0,1.0
v2,synth_3000_extremely_low_protein,3000kcal / extremely low protein,synthetic,lunch_only,3000.0,57.0,479.2,95.0,940,78,78,35,-68.7,36.8,-83.7,-63.2,best_effort_lp,BEST_EFFORT_LP,relaxed,1.0,1488.33,17,,,True,44.4,2.0
v2,synth_3000_extremely_low_protein,3000kcal / extremely low protein,synthetic,dinner_only,3000.0,57.0,479.2,95.0,1188,62,105,58,-60.4,8.8,-78.1,-38.9,best_effort_lp,BEST_EFFORT_LP,relaxed,1.0,1269.52,17,,,True,38.8,3.0
v2,synth_3000_extremely_low_protein,3000kcal / extremely low protein,synthetic,lunch_snack,3000.0,57.0,479.2,95.0,1323,86,129,52,-55.9,50.9,-73.1,-45.3,best_effort_lp,BEST_EFFORT_LP,relaxed,1.0,1153.28,17,,,True,31.5,3.0
v2,synth_3000_high_protein,3000kcal / high protein,synthetic,full_day,3000.0,190.0,346.2,95.0,3025,198,309,111,0.8,4.2,-10.7,16.8,strict_relaxed_tol,0.15,strict,0.5,818.58,6,,,True,25.3,6.0
v2,synth_3000_high_protein,3000kcal / high protein,synthetic,lunch_snack_dinner,3000.0,190.0,346.2,95.0,2992,193,300,113,-0.3,1.6,-13.3,18.9,strict_relaxed_tol,0.2,strict,0.5,942.35,8,,,True,24.4,4.5
v2,synth_3000_high_protein,3000kcal / high protein,synthetic,lunch_dinner,3000.0,190.0,346.2,95.0,2654,185,246,103,-11.5,-2.6,-28.9,8.4,best_effort_lp,BEST_EFFORT_LP,relaxed,1.0,1750.64,17,,,True,23.6,4.0
v2,synth_3000_high_protein,3000kcal / high protein,synthetic,lunch_only,3000.0,190.0,346.2,95.0,2693,229,231,95,-10.2,20.5,-33.3,0.0,best_effort_lp,BEST_EFFORT_LP,relaxed,1.0,1546.33,17,,,True,46.5,6.0
v2,synth_3000_high_protein,3000kcal / high protein,synthetic,dinner_only,3000.0,190.0,346.2,95.0,3339,180,329,145,11.3,-5.3,-5.0,52.6,best_effort_lp,BEST_EFFORT_LP,relaxed,1.0,1558.38,17,,,True,46.0,10.0
v2,synth_3000_high_protein,3000kcal / high protein,synthetic,lunch_snack,3000.0,190.0,346.2,95.0,3086,219,309,108,2.9,15.3,-10.7,13.7,strict_relaxed_tol,0.15,strict,0.5,715.42,6,,,True,37.2,6.0
v2,synth_3000_extremely_high_protein,3000kcal / extremely high protein,synthetic,full_day,3000.0,247.0,289.2,95.0,2920,223,266,107,-2.7,-9.7,-8.0,12.6,strict_tight,0.08,strict,1.0,211.66,1,,,True,30.6,7.0
v2,synth_3000_extremely_high_protein,3000kcal / extremely high protein,synthetic,lunch_snack_dinner,3000.0,247.0,289.2,95.0,2957,237,261,107,-1.4,-4.0,-9.8,12.6,strict_tight,0.08,strict,0.5,160.94,2,,,True,35.3,5.0
v2,synth_3000_extremely_high_protein,3000kcal / extremely high protein,synthetic,lunch_dinner,3000.0,247.0,289.2,95.0,2933,229,263,107,-2.2,-7.3,-9.1,12.6,strict_tight,0.08,strict,0.5,153.21,2,,,True,32.0,4.5
v2,synth_3000_extremely_high_protein,3000kcal / extremely high protein,synthetic,lunch_only,3000.0,247.0,289.2,95.0,2958,259,263,97,-1.4,4.9,-9.1,2.1,strict_tight,0.08,strict,1.0,63.74,1,,,True,49.4,7.0
v2,synth_3000_extremely_high_protein,3000kcal / extremely high protein,synthetic,dinner_only,3000.0,247.0,289.2,95.0,2926,160,284,128,-2.5,-35.2,-1.8,34.7,best_effort_lp,BEST_EFFORT_LP,relaxed,1.0,1274.85,17,,,True,47.2,9.0
v2,synth_3000_extremely_high_protein,3000kcal / extremely high protein,synthetic,lunch_snack,3000.0,247.0,289.2,95.0,3016,259,278,97,0.5,4.9,-3.9,2.1,strict_tight,0.08,strict,1.0,87.85,1,,,True,48.4,7.0
v2,synth_3000_low_fat,3000kcal / low fat,synthetic,full_day,3000.0,152.0,491.1,47.5,1633,124,137,65,-45.6,-18.4,-72.1,36.8,best_effort_lp,BEST_EFFORT_LP,relaxed,1.0,1795.2,17,,,True,31.2,4.0
v2,synth_3000_low_fat,3000kcal / low fat,synthetic,lunch_snack_dinner,3000.0,152.0,491.1,47.5,1957,148,174,75,-34.8,-2.6,-64.6,57.9,best_effort_lp,BEST_EFFORT_LP,relaxed,1.0,1684.11,17,,,True,32.0,3.0
v2,synth_3000_low_fat,3000kcal / low fat,synthetic,lunch_dinner,3000.0,152.0,491.1,47.5,1830,145,157,69,-39.0,-4.6,-68.0,45.3,best_effort_lp,BEST_EFFORT_LP,relaxed,1.0,1701.76,17,,,True,34.2,3.0
v2,synth_3000_low_fat,3000kcal / low fat,synthetic,lunch_only,3000.0,152.0,491.1,47.5,1509,143,126,48,-49.7,-5.9,-74.3,1.1,best_effort_lp,BEST_EFFORT_LP,relaxed,1.0,1552.46,17,,,True,55.3,4.0
v2,synth_3000_low_fat,3000kcal / low fat,synthetic,dinner_only,3000.0,152.0,491.1,47.5,1050,56,100,47,-65.0,-63.2,-79.6,-1.1,best_effort_lp,BEST_EFFORT_LP,relaxed,1.0,1452.46,17,,,True,43.9,3.0
v2,synth_3000_low_fat,3000kcal / low fat,synthetic,lunch_snack,3000.0,152.0,491.1,47.5,1552,143,131,51,-48.3,-5.9,-73.3,7.4,best_effort_lp,BEST_EFFORT_LP,relaxed,1.0,1661.38,17,,,True,53.8,4.0
v2,synth_3000_extremely_low_fat,3000kcal / extremely low fat,synthetic,full_day,3000.0,152.0,544.6,23.8,1218,79,108,52,-59.4,-48.0,-80.2,118.5,best_effort_lp,BEST_EFFORT_LP,relaxed,1.0,1694.08,17,,,True,17.1,1.0
v2,synth_3000_extremely_low_fat,3000kcal / extremely low fat,synthetic,lunch_snack_dinner,3000.0,152.0,544.6,23.8,996,62,91,42,-66.8,-59.2,-83.3,76.5,best_effort_lp,BEST_EFFORT_LP,relaxed,1.0,1276.44,17,,,True,21.0,1.0
v2,synth_3000_extremely_low_fat,3000kcal / extremely low fat,synthetic,lunch_dinner,3000.0,152.0,544.6,23.8,868,60,74,37,-71.1,-60.5,-86.4,55.5,best_effort_lp,BEST_EFFORT_LP,relaxed,1.0,1444.03,17,,,True,24.0,1.0
v2,synth_3000_extremely_low_fat,3000kcal / extremely low fat,synthetic,lunch_only,3000.0,152.0,544.6,23.8,789,73,64,27,-73.7,-52.0,-88.2,13.4,best_effort_lp,BEST_EFFORT_LP,relaxed,1.0,1177.98,17,,,True,52.9,2.0
v2,synth_3000_extremely_low_fat,3000kcal / extremely low fat,synthetic,dinner_only,3000.0,152.0,544.6,23.8,638,36,56,30,-78.7,-76.3,-89.7,26.1,best_effort_lp,BEST_EFFORT_LP,relaxed,1.0,1214.97,17,,,True,48.2,2.0
v2,synth_3000_extremely_low_fat,3000kcal / extremely low fat,synthetic,lunch_snack,3000.0,152.0,544.6,23.8,600,42,56,23,-80.0,-72.4,-89.7,-3.4,best_effort_lp,BEST_EFFORT_LP,relaxed,1.0,1230.65,17,,,True,34.8,1.0
v2,synth_3000_high_fat,3000kcal / high fat,synthetic,full_day,3000.0,152.0,256.0,152.0,2983,179,256,138,-0.6,17.8,0.0,-9.2,strict_tight,0.08,strict,1.0,232.29,1,,,True,21.4,5.0
v2,synth_3000_high_fat,3000kcal / high fat,synthetic,lunch_snack_dinner,3000.0,152.0,256.0,152.0,2903,168,245,139,-3.2,10.5,-4.3,-8.6,strict_tight,0.08,strict,1.0,145.7,1,,,True,22.0,5.0
v2,synth_3000_high_fat,3000kcal / high fat,synthetic,lunch_dinner,3000.0,152.0,256.0,152.0,2829,192,219,132,-5.7,26.3,-14.5,-13.2,strict_relaxed_tol,0.2,strict,0.5,730.86,8,,,True,27.1,5.0
v2,synth_3000_high_fat,3000kcal / high fat,synthetic,lunch_only,3000.0,152.0,256.0,152.0,2831,234,236,106,-5.6,53.9,-7.8,-30.3,best_effort_lp,BEST_EFFORT_LP,relaxed,1.0,1190.03,17,,,True,44.2,6.0
v2,synth_3000_high_fat,3000kcal / high fat,synthetic,dinner_only,3000.0,152.0,256.0,152.0,2997,160,256,148,-0.1,5.3,0.0,-2.6,strict_tight,0.08,strict,1.0,74.07,1,,,True,41.0,8.0
v2,synth_3000_high_fat,3000kcal / high fat,synthetic,lunch_snack,3000.0,152.0,256.0,152.0,2678,171,255,108,-10.7,12.5,-0.4,-28.9,best_effort_lp,BEST_EFFORT_LP,relaxed,1.0,1161.54,17,,,True,33.4,7.0
v2,synth_3000_extremely_high_fat,3000kcal / extremely high fat,synthetic,full_day,3000.0,152.0,127.7,209.0,2041,156,127,101,-32.0,2.6,-0.5,-51.7,best_effort_lp,BEST_EFFORT_LP,relaxed,1.0,1375.94,17,,,True,30.1,4.0
v2,synth_3000_extremely_high_fat,3000kcal / extremely high fat,synthetic,lunch_snack_dinner,3000.0,152.0,127.7,209.0,2197,160,129,116,-26.8,5.3,1.0,-44.5,best_effort_lp,BEST_EFFORT_LP,relaxed,1.0,1828.09,17,,,True,34.9,5.0
v2,synth_3000_extremely_high_fat,3000kcal / extremely high fat,synthetic,lunch_dinner,3000.0,152.0,127.7,209.0,2230,165,127,118,-25.7,8.6,-0.5,-43.5,best_effort_lp,BEST_EFFORT_LP,relaxed,1.0,1451.08,17,,,True,34.4,5.0
v2,synth_3000_extremely_high_fat,3000kcal / extremely high fat,synthetic,lunch_only,3000.0,152.0,127.7,209.0,1771,152,133,70,-41.0,0.0,4.2,-66.5,best_effort_lp,BEST_EFFORT_LP,relaxed,1.0,1232.58,17,,,True,47.1,4.0
v2,synth_3000_extremely_high_fat,3000kcal / extremely high fat,synthetic,dinner_only,3000.0,152.0,127.7,209.0,2979,191,129,189,-0.7,25.7,1.0,-9.6,strict_relaxed_tol,0.15,strict,0.5,412.22,6,,,True,54.1,10.5
v2,synth_3000_extremely_high_fat,3000kcal / extremely high fat,synthetic,lunch_snack,3000.0,152.0,127.7,209.0,1859,151,129,82,-38.0,-0.7,1.0,-60.8,best_effort_lp,BEST_EFFORT_LP,relaxed,1.0,1247.31,17,,,True,44.9,4.0
v2,synth_3000_low_carbs,3000kcal / low carbs,synthetic,full_day,3000.0,190.0,260.8,133.0,3000,190,261,133,0.0,0.0,0.1,0.0,strict_tight,0.08,strict,1.0,211.03,1,,,True,21.3,5.0
v2,synth_3000_low_carbs,3000kcal / low carbs,synthetic,lunch_snack_dinner,3000.0,190.0,260.8,133.0,2997,192,261,132,-0.1,1.1,0.1,-0.8,strict_tight,0.08,strict,1.0,140.48,1,,,True,21.3,5.0
v2,synth_3000_low_carbs,3000kcal / low carbs,synthetic,lunch_dinner,3000.0,190.0,260.8,133.0,3000,199,258,130,0.0,4.7,-1.1,-2.3,strict_tight,0.08,strict,1.0,94.12,1,,,True,20.9,4.0
v2,synth_3000_low_carbs,3000kcal / low carbs,synthetic,lunch_only,3000.0,190.0,260.8,133.0,3206,270,260,120,6.9,42.1,-0.3,-9.8,best_effort_lp,BEST_EFFORT_LP,relaxed,1.0,1431.97,17,,,True,45.6,7.0
v2,synth_3000_low_carbs,3000kcal / low carbs,synthetic,dinner_only,3000.0,190.0,260.8,133.0,3053,189,262,139,1.8,-0.5,0.5,4.5,strict_tight,0.08,strict,1.0,84.01,1,,,True,60.4,12.0
v2,synth_3000_low_carbs,3000kcal / low carbs,synthetic,lunch_snack,3000.0,190.0,260.8,133.0,2968,218,253,120,-1.1,14.7,-3.0,-9.8,strict_tight,0.08,strict,0.5,301.48,2,,,True,38.7,5.5
v2,synth_3000_extremely_low_carbs,3000kcal / extremely low carbs,synthetic,full_day,3000.0,228.0,137.2,171.0,2971,231,146,163,-1.0,1.3,6.4,-4.7,strict_tight,0.08,strict,1.0,214.55,1,,,True,31.0,6.0
v2,synth_3000_extremely_low_carbs,3000kcal / extremely low carbs,synthetic,lunch_snack_dinner,3000.0,228.0,137.2,171.0,2988,230,142,167,-0.4,0.9,3.5,-2.3,strict_tight,0.08,strict,1.0,170.17,1,,,True,36.0,7.0
v2,synth_3000_extremely_low_carbs,3000kcal / extremely low carbs,synthetic,lunch_dinner,3000.0,228.0,137.2,171.0,2888,228,136,159,-3.7,0.0,-0.9,-7.0,strict_tight,0.08,strict,1.0,160.46,1,,,True,37.2,7.0
v2,synth_3000_extremely_low_carbs,3000kcal / extremely low carbs,synthetic,lunch_only,3000.0,228.0,137.2,171.0,2651,252,140,120,-11.6,10.5,2.0,-29.8,best_effort_lp,BEST_EFFORT_LP,relaxed,1.0,1215.12,17,,,True,55.1,7.0
v2,synth_3000_extremely_low_carbs,3000kcal / extremely low carbs,synthetic,dinner_only,3000.0,228.0,137.2,171.0,2983,221,139,172,-0.6,-3.1,1.3,0.6,strict_tight,0.08,strict,1.0,112.16,1,,,True,77.2,15.0
v2,synth_3000_extremely_low_carbs,3000kcal / extremely low carbs,synthetic,lunch_snack,3000.0,228.0,137.2,171.0,2653,249,137,124,-11.6,9.2,-0.1,-27.5,best_effort_lp,BEST_EFFORT_LP,relaxed,1.0,1240.23,17,,,True,55.0,7.0
v2,synth_3000_high_carbs,3000kcal / high carbs,synthetic,full_day,3000.0,114.0,507.8,57.0,1539,109,138,61,-48.7,-4.4,-72.8,7.0,best_effort_lp,BEST_EFFORT_LP,relaxed,1.0,1224.53,17,,,True,24.9,3.0
v2,synth_3000_high_carbs,3000kcal / high carbs,synthetic,lunch_snack_dinner,3000.0,114.0,507.8,57.0,1555,111,137,62,-48.2,-2.6,-73.0,8.8,best_effort_lp,BEST_EFFORT_LP,relaxed,1.0,1160.79,17,,,True,26.8,2.0
v2,synth_3000_high_carbs,3000kcal / high carbs,synthetic,lunch_dinner,3000.0,114.0,507.8,57.0,1427,109,120,57,-52.4,-4.4,-76.4,0.0,best_effort_lp,BEST_EFFORT_LP,relaxed,1.0,1231.64,17,,,True,29.2,2.0
v2,synth_3000_high_carbs,3000kcal / high carbs,synthetic,lunch_only,3000.0,114.0,507.8,57.0,1416,117,118,53,-52.8,2.6,-76.8,-7.0,best_effort_lp,BEST_EFFORT_LP,relaxed,1.0,1274.93,17,,,True,44.2,3.0
v2,synth_3000_high_carbs,3000kcal / high carbs,synthetic,dinner_only,3000.0,114.0,507.8,57.0,1845,113,159,84,-38.5,-0.9,-68.7,47.4,best_effort_lp,BEST_EFFORT_LP,relaxed,1.0,1151.82,17,,,True,58.2,7.0
v2,synth_3000_high_carbs,3000kcal / high carbs,synthetic,lunch_snack,3000.0,114.0,507.8,57.0,1618,117,157,58,-46.1,2.6,-69.1,1.8,best_effort_lp,BEST_EFFORT_LP,relaxed,1.0,1492.73,17,,,True,38.7,4.0
v2,synth_3000_extremely_high_carbs,3000kcal / extremely high carbs,synthetic,full_day,3000.0,85.5,589.7,33.2,1218,79,108,52,-59.4,-7.6,-81.7,56.6,best_effort_lp,BEST_EFFORT_LP,relaxed,1.0,1503.76,17,,,True,17.1,1.0
v2,synth_3000_extremely_high_carbs,3000kcal / extremely high carbs,synthetic,lunch_snack_dinner,3000.0,85.5,589.7,33.2,996,62,91,42,-66.8,-27.5,-84.6,26.5,best_effort_lp,BEST_EFFORT_LP,relaxed,1.0,1405.39,17,,,True,21.0,1.0
v2,synth_3000_extremely_high_carbs,3000kcal / extremely high carbs,synthetic,lunch_dinner,3000.0,85.5,589.7,33.2,868,60,74,37,-71.1,-29.8,-87.5,11.4,best_effort_lp,BEST_EFFORT_LP,relaxed,1.0,1650.39,17,,,True,24.0,1.0
v2,synth_3000_extremely_high_carbs,3000kcal / extremely high carbs,synthetic,lunch_only,3000.0,85.5,589.7,33.2,944,78,79,35,-68.5,-8.8,-86.6,5.4,best_effort_lp,BEST_EFFORT_LP,relaxed,1.0,1820.71,17,,,True,44.2,2.0
v2,synth_3000_extremely_high_carbs,3000kcal / extremely high carbs,synthetic,dinner_only,3000.0,85.5,589.7,33.2,723,38,68,33,-75.9,-55.6,-88.5,-0.6,best_effort_lp,BEST_EFFORT_LP,relaxed,1.0,1435.09,17,,,True,42.5,2.0
v2,synth_3000_extremely_high_carbs,3000kcal / extremely high carbs,synthetic,lunch_snack,3000.0,85.5,589.7,33.2,1002,78,93,35,-66.6,-8.8,-84.2,5.4,best_effort_lp,BEST_EFFORT_LP,relaxed,1.0,1315.24,17,,,True,41.6,2.0
v2,synth_3500_balanced,3500kcal / balanced,synthetic,full_day,3500.0,176.0,451.5,110.0,3082,175,321,122,-11.9,-0.6,-28.9,10.9,best_effort_lp,BEST_EFFORT_LP,relaxed,1.0,1653.26,17,,,True,33.2,8.0
v2,synth_3500_balanced,3500kcal / balanced,synthetic,lunch_snack_dinner,3500.0,176.0,451.5,110.0,2839,178,282,111,-18.9,1.1,-37.5,0.9,best_effort_lp,BEST_EFFORT_LP,relaxed,1.0,1749.02,17,,,True,22.0,4.0
v2,synth_3500_balanced,3500kcal / balanced,synthetic,lunch_dinner,3500.0,176.0,451.5,110.0,2723,188,248,109,-22.2,6.8,-45.1,-0.9,best_effort_lp,BEST_EFFORT_LP,relaxed,1.0,1927.97,17,,,True,23.0,4.0
v2,synth_3500_balanced,3500kcal / balanced,synthetic,lunch_only,3500.0,176.0,451.5,110.0,2831,234,236,106,-19.1,33.0,-47.7,-3.6,best_effort_lp,BEST_EFFORT_LP,relaxed,1.0,1557.93,17,,,True,44.2,6.0
v2,synth_3500_balanced,3500kcal / balanced,synthetic,dinner_only,3500.0,176.0,451.5,110.0,3253,177,317,142,-7.1,0.6,-29.8,29.1,best_effort_lp,BEST_EFFORT_LP,relaxed,1.0,1603.04,17,,,True,47.2,10.0
v2,synth_3500_balanced,3500kcal / balanced,synthetic,lunch_snack,3500.0,176.0,451.5,110.0,2782,174,277,109,-20.5,-1.1,-38.6,-0.9,best_effort_lp,BEST_EFFORT_LP,relaxed,1.0,1507.23,17,,,True,32.2,7.0
v2,synth_3500_low_protein,3500kcal / low protein,synthetic,full_day,3500.0,121.0,506.5,110.0,2387,128,225,108,-31.8,5.8,-55.6,-1.8,best_effort_lp,BEST_EFFORT_LP,relaxed,1.0,1734.57,17,,,True,32.1,6.0
v2,synth_3500_low_protein,3500kcal / low protein,synthetic,lunch_snack_dinner,3500.0,121.0,506.5,110.0,2562,135,266,107,-26.8,11.6,-47.5,-2.7,best_effort_lp,BEST_EFFORT_LP,relaxed,1.0,1900.05,17,,,True,34.9,7.0
v2,synth_3500_low_protein,3500kcal / low protein,synthetic,lunch_dinner,3500.0,121.0,506.5,110.0,2442,158,207,109,-30.2,30.6,-59.1,-0.9,best_effort_lp,BEST_EFFORT_LP,relaxed,1.0,1814.03,17,,,True,25.1,4.0
v2,synth_3500_low_protein,3500kcal / low protein,synthetic,lunch_only,3500.0,121.0,506.5,110.0,1887,156,157,70,-46.1,28.9,-69.0,-36.4,best_effort_lp,BEST_EFFORT_LP,relaxed,1.0,1609.83,17,,,True,44.2,4.0
v2,synth_3500_low_protein,3500kcal / low protein,synthetic,dinner_only,3500.0,121.0,506.5,110.0,2307,120,208,111,-34.1,-0.8,-58.9,0.9,best_effort_lp,BEST_EFFORT_LP,relaxed,1.0,1615.19,17,,,True,39.9,6.0
v2,synth_3500_low_protein,3500kcal / low protein,synthetic,lunch_snack,3500.0,121.0,506.5,110.0,2782,174,277,109,-20.5,43.8,-45.3,-0.9,best_effort_lp,BEST_EFFORT_LP,relaxed,1.0,1546.72,17,,,True,32.2,7.0
v2,synth_3500_extremely_low_protein,3500kcal / extremely low protein,synthetic,full_day,3500.0,66.0,561.5,110.0,1601,87,159,69,-54.3,31.8,-71.7,-37.3,best_effort_lp,BEST_EFFORT_LP,relaxed,1.0,1915.97,17,,,True,31.9,4.0
v2,synth_3500_extremely_low_protein,3500kcal / extremely low protein,synthetic,lunch_snack_dinner,3500.0,66.0,561.5,110.0,1834,90,192,78,-47.6,36.4,-65.8,-29.1,best_effort_lp,BEST_EFFORT_LP,relaxed,1.0,1768.97,17,,,True,34.9,5.0
v2,synth_3500_extremely_low_protein,3500kcal / extremely low protein,synthetic,lunch_dinner,3500.0,66.0,561.5,110.0,1195,77,107,51,-65.9,16.7,-80.9,-53.6,best_effort_lp,BEST_EFFORT_LP,relaxed,1.0,1697.88,17,,,True,25.7,2.0
v2,synth_3500_extremely_low_protein,3500kcal / extremely low protein,synthetic,lunch_only,3500.0,66.0,561.5,110.0,940,78,78,35,-73.1,18.2,-86.1,-68.2,best_effort_lp,BEST_EFFORT_LP,relaxed,1.0,1660.96,17,,,True,44.4,2.0
v2,synth_3500_extremely_low_protein,3500kcal / extremely low protein,synthetic,dinner_only,3500.0,66.0,561.5,110.0,1584,82,140,77,-54.7,24.2,-75.1,-30.0,best_effort_lp,BEST_EFFORT_LP,relaxed,1.0,1683.3,17,,,True,38.8,4.0
v2,synth_3500_extremely_low_protein,3500kcal / extremely low protein,synthetic,lunch_snack,3500.0,66.0,561.5,110.0,1323,86,129,52,-62.2,30.3,-77.0,-52.7,best_effort_lp,BEST_EFFORT_LP,relaxed,1.0,1654.28,17,,,True,31.5,3.0
v2,synth_3500_high_protein,3500kcal / high protein,synthetic,full_day,3500.0,220.0,407.5,110.0,3517,227,361,129,0.5,3.2,-11.4,17.3,strict_relaxed_tol,0.15,strict,0.5,727.75,6,,,True,23.6,6.5
v2,synth_3500_high_protein,3500kcal / high protein,synthetic,lunch_snack_dinner,3500.0,220.0,407.5,110.0,3506,223,355,133,0.2,1.4,-12.9,20.9,strict_relaxed_tol,0.2,strict,0.5,733.63,8,,,True,23.8,6.0
v2,synth_3500_high_protein,3500kcal / high protein,synthetic,lunch_dinner,3500.0,220.0,407.5,110.0,3057,221,283,116,-12.7,0.5,-30.6,5.5,best_effort_lp,BEST_EFFORT_LP,relaxed,1.0,1715.2,17,,,True,27.3,4.0
v2,synth_3500_high_protein,3500kcal / high protein,synthetic,lunch_only,3500.0,220.0,407.5,110.0,2831,234,236,106,-19.1,6.4,-42.1,-3.6,best_effort_lp,BEST_EFFORT_LP,relaxed,1.0,1500.97,17,,,True,44.2,6.0
v2,synth_3500_high_protein,3500kcal / high protein,synthetic,dinner_only,3500.0,220.0,407.5,110.0,3993,215,394,173,14.1,-2.3,-3.3,57.3,best_effort_lp,BEST_EFFORT_LP,relaxed,1.0,1615.8,17,,,True,46.1,12.0
v2,synth_3500_high_protein,3500kcal / high protein,synthetic,lunch_snack,3500.0,220.0,407.5,110.0,3582,256,362,123,2.3,16.4,-11.2,11.8,strict_relaxed_tol,0.15,strict,0.5,624.56,6,,,True,37.9,7.0
v2,synth_3500_extremely_high_protein,3500kcal / extremely high protein,synthetic,full_day,3500.0,286.0,341.5,110.0,3427,270,307,124,-2.1,-5.6,-10.1,12.7,strict_tight,0.08,strict,1.0,297.52,1,,,True,26.1,7.0
v2,synth_3500_extremely_high_protein,3500kcal / extremely high protein,synthetic,lunch_snack_dinner,3500.0,286.0,341.5,110.0,3400,266,308,123,-2.9,-7.0,-9.8,11.8,strict_tight,0.08,strict,0.5,285.24,2,,,True,33.8,5.5
v2,synth_3500_extremely_high_protein,3500kcal / extremely high protein,synthetic,lunch_dinner,3500.0,286.0,341.5,110.0,3383,259,310,123,-3.3,-9.4,-9.2,11.8,strict_tight,0.08,strict,0.5,302.27,2,,,True,30.8,5.0
v2,synth_3500_extremely_high_protein,3500kcal / extremely high protein,synthetic,lunch_only,3500.0,286.0,341.5,110.0,3493,310,316,110,-0.2,8.4,-7.5,0.0,strict_tight,0.08,strict,0.5,228.01,2,,,True,50.8,8.5
v2,synth_3500_extremely_high_protein,3500kcal / extremely high protein,synthetic,dinner_only,3500.0,286.0,341.5,110.0,3495,193,338,153,-0.1,-32.5,-1.0,39.1,best_effort_lp,BEST_EFFORT_LP,relaxed,1.0,1562.44,17,,,True,48.3,11.0
v2,synth_3500_extremely_high_protein,3500kcal / extremely high protein,synthetic,lunch_snack,3500.0,286.0,341.5,110.0,3462,295,320,111,-1.1,3.1,-6.3,0.9,strict_tight,0.08,strict,1.0,122.52,1,,,True,48.2,8.0
v2,synth_3500_low_fat,3500kcal / low fat,synthetic,full_day,3500.0,176.0,575.2,55.0,2258,174,199,85,-35.5,-1.1,-65.4,54.5,best_effort_lp,BEST_EFFORT_LP,relaxed,1.0,1634.07,17,,,True,22.6,4.0
v2,synth_3500_low_fat,3500kcal / low fat,synthetic,lunch_snack_dinner,3500.0,176.0,575.2,55.0,1957,148,174,75,-44.1,-15.9,-69.7,36.4,best_effort_lp,BEST_EFFORT_LP,relaxed,1.0,1884.41,17,,,True,32.0,3.0
v2,synth_3500_low_fat,3500kcal / low fat,synthetic,lunch_dinner,3500.0,176.0,575.2,55.0,1830,145,157,69,-47.7,-17.6,-72.7,25.5,best_effort_lp,BEST_EFFORT_LP,relaxed,1.0,1312.94,17,,,True,34.2,3.0
v2,synth_3500_low_fat,3500kcal / low fat,synthetic,lunch_only,3500.0,176.0,575.2,55.0,1827,177,151,57,-47.8,0.6,-73.7,3.6,best_effort_lp,BEST_EFFORT_LP,relaxed,1.0,1566.29,17,,,True,57.1,5.0
v2,synth_3500_low_fat,3500kcal / low fat,synthetic,dinner_only,3500.0,176.0,575.2,55.0,1206,69,109,55,-65.5,-60.8,-81.1,0.0,best_effort_lp,BEST_EFFORT_LP,relaxed,1.0,1436.68,17,,,True,50.9,4.0
v2,synth_3500_low_fat,3500kcal / low fat,synthetic,lunch_snack,3500.0,176.0,575.2,55.0,1869,177,156,60,-46.6,0.6,-72.9,9.1,best_effort_lp,BEST_EFFORT_LP,relaxed,1.0,1186.34,17,,,True,55.8,5.0
v2,synth_3500_extremely_low_fat,3500kcal / extremely low fat,synthetic,full_day,3500.0,176.0,637.1,27.5,1218,79,108,52,-65.2,-55.1,-83.0,89.1,best_effort_lp,BEST_EFFORT_LP,relaxed,1.0,1351.66,17,,,True,17.1,1.0
v2,synth_3500_extremely_low_fat,3500kcal / extremely low fat,synthetic,lunch_snack_dinner,3500.0,176.0,637.1,27.5,996,62,91,42,-71.5,-64.8,-85.7,52.7,best_effort_lp,BEST_EFFORT_LP,relaxed,1.0,1535.01,17,,,True,21.0,1.0
v2,synth_3500_extremely_low_fat,3500kcal / extremely low fat,synthetic,lunch_dinner,3500.0,176.0,637.1,27.5,868,60,74,37,-75.2,-65.9,-88.4,34.5,best_effort_lp,BEST_EFFORT_LP,relaxed,1.0,1239.63,17,,,True,24.0,1.0
v2,synth_3500_extremely_low_fat,3500kcal / extremely low fat,synthetic,lunch_only,3500.0,176.0,637.1,27.5,789,73,64,27,-77.5,-58.5,-90.0,-1.8,best_effort_lp,BEST_EFFORT_LP,relaxed,1.0,1223.6,17,,,True,52.9,2.0
v2,synth_3500_extremely_low_fat,3500kcal / extremely low fat,synthetic,dinner_only,3500.0,176.0,637.1,27.5,638,36,56,30,-81.8,-79.5,-91.2,9.1,best_effort_lp,BEST_EFFORT_LP,relaxed,1.0,1172.56,17,,,True,48.2,2.0
v2,synth_3500_extremely_low_fat,3500kcal / extremely low fat,synthetic,lunch_snack,3500.0,176.0,637.1,27.5,917,75,81,32,-73.8,-57.4,-87.3,16.4,best_effort_lp,BEST_EFFORT_LP,relaxed,1.0,1248.01,17,,,True,45.5,2.0
v2,synth_3500_high_fat,3500kcal / high fat,synthetic,full_day,3500.0,176.0,303.0,176.0,3603,208,312,169,2.9,18.2,3.0,-4.0,strict_tight,0.08,strict,1.0,301.64,1,,,True,24.8,7.0
v2,synth_3500_high_fat,3500kcal / high fat,synthetic,lunch_snack_dinner,3500.0,176.0,303.0,176.0,3464,206,303,159,-1.0,17.0,0.0,-9.7,strict_tight,0.08,strict,1.0,155.28,1,,,True,22.1,6.0
v2,synth_3500_high_fat,3500kcal / high fat,synthetic,lunch_dinner,3500.0,176.0,303.0,176.0,3329,224,258,156,-4.9,27.3,-14.9,-11.4,strict_relaxed_tol,0.15,strict,0.5,553.73,6,,,True,25.4,5.5
v2,synth_3500_high_fat,3500kcal / high fat,synthetic,lunch_only,3500.0,176.0,303.0,176.0,3303,273,275,123,-5.6,55.1,-9.2,-30.1,best_effort_lp,BEST_EFFORT_LP,relaxed,1.0,1196.6,17,,,True,44.2,7.0
v2,synth_3500_high_fat,3500kcal / high fat,synthetic,dinner_only,3500.0,176.0,303.0,176.0,3479,183,303,171,-0.6,4.0,0.0,-2.8,strict_tight,0.08,strict,1.0,98.56,1,,,True,39.7,9.0
v2,synth_3500_high_fat,3500kcal / high fat,synthetic,lunch_snack,3500.0,176.0,303.0,176.0,3288,211,304,136,-6.1,19.9,0.3,-22.7,best_effort_lp,BEST_EFFORT_LP,relaxed,1.0,1250.2,17,,,True,35.0,9.0
v2,synth_3500_extremely_high_fat,3500kcal / extremely high fat,synthetic,full_day,3500.0,176.0,154.5,242.0,2599,184,155,138,-25.7,4.5,0.3,-43.0,best_effort_lp,BEST_EFFORT_LP,relaxed,1.0,1307.17,17,,,True,29.5,5.0
v2,synth_3500_extremely_high_fat,3500kcal / extremely high fat,synthetic,lunch_snack_dinner,3500.0,176.0,154.5,242.0,2524,177,152,134,-27.9,0.6,-1.6,-44.6,best_effort_lp,BEST_EFFORT_LP,relaxed,1.0,1385.59,17,,,True,36.5,6.0
v2,synth_3500_extremely_high_fat,3500kcal / extremely high fat,synthetic,lunch_dinner,3500.0,176.0,154.5,242.0,2419,177,155,122,-30.9,0.6,0.3,-49.6,best_effort_lp,BEST_EFFORT_LP,relaxed,1.0,1336.35,17,,,True,38.1,6.0
v2,synth_3500_extremely_high_fat,3500kcal / extremely high fat,synthetic,lunch_only,3500.0,176.0,154.5,242.0,2150,189,153,87,-38.6,7.4,-1.0,-64.0,best_effort_lp,BEST_EFFORT_LP,relaxed,1.0,1200.03,17,,,True,48.5,5.0
v2,synth_3500_extremely_high_fat,3500kcal / extremely high fat,synthetic,dinner_only,3500.0,176.0,154.5,242.0,3528,221,167,219,0.8,25.6,8.1,-9.5,strict_relaxed_tol,0.15,strict,1.0,449.82,5,,,True,52.2,12.0
v2,synth_3500_extremely_high_fat,3500kcal / extremely high fat,synthetic,lunch_snack,3500.0,176.0,154.5,242.0,2307,187,156,104,-34.1,6.2,1.0,-57.0,best_effort_lp,BEST_EFFORT_LP,relaxed,1.0,1242.41,17,,,True,45.2,5.0
v2,synth_3500_low_carbs,3500kcal / low carbs,synthetic,full_day,3500.0,220.0,308.5,154.0,3496,220,308,154,-0.1,0.0,-0.2,0.0,strict_tight,0.08,strict,1.0,219.68,1,,,True,18.3,5.0
v2,synth_3500_low_carbs,3500kcal / low carbs,synthetic,lunch_snack_dinner,3500.0,220.0,308.5,154.0,3488,218,309,154,-0.3,-0.9,0.2,0.0,strict_tight,0.08,strict,1.0,142.04,1,,,True,22.0,5.0
v2,synth_3500_low_carbs,3500kcal / low carbs,synthetic,lunch_dinner,3500.0,220.0,308.5,154.0,3396,220,293,149,-3.0,0.0,-5.0,-3.2,strict_tight,0.08,strict,1.0,67.35,1,,,True,22.6,5.0
v2,synth_3500_low_carbs,3500kcal / low carbs,synthetic,lunch_only,3500.0,220.0,308.5,154.0,3747,311,309,141,7.1,41.4,0.2,-8.4,best_effort_lp,BEST_EFFORT_LP,relaxed,1.0,1393.96,17,,,True,44.6,8.0
v2,synth_3500_low_carbs,3500kcal / low carbs,synthetic,dinner_only,3500.0,220.0,308.5,154.0,3536,220,303,160,1.0,0.0,-1.8,3.9,strict_tight,0.08,strict,1.0,126.41,1,,,True,60.8,14.0
v2,synth_3500_low_carbs,3500kcal / low carbs,synthetic,lunch_snack,3500.0,220.0,308.5,154.0,3601,248,329,144,2.9,12.7,6.6,-6.5,strict_tight,0.08,strict,1.0,140.19,1,,,True,34.8,7.0
v2,synth_3500_extremely_low_carbs,3500kcal / extremely low carbs,synthetic,full_day,3500.0,264.0,165.5,198.0,3399,264,167,186,-2.9,0.0,0.9,-6.1,strict_tight,0.08,strict,1.0,158.06,1,,,True,31.6,7.0
v2,synth_3500_extremely_low_carbs,3500kcal / extremely low carbs,synthetic,lunch_snack_dinner,3500.0,264.0,165.5,198.0,3463,268,166,192,-1.1,1.5,0.3,-3.0,strict_tight,0.08,strict,1.0,134.74,1,,,True,31.0,7.0
v2,synth_3500_extremely_low_carbs,3500kcal / extremely low carbs,synthetic,lunch_dinner,3500.0,264.0,165.5,198.0,3464,270,168,190,-1.0,2.3,1.5,-4.0,strict_tight,0.08,strict,1.0,150.27,1,,,True,31.0,7.0
v2,synth_3500_extremely_low_carbs,3500kcal / extremely low carbs,synthetic,lunch_only,3500.0,264.0,165.5,198.0,3033,289,166,135,-13.3,9.5,0.3,-31.8,best_effort_lp,BEST_EFFORT_LP,relaxed,1.0,1365.86,17,,,True,55.0,8.0
v2,synth_3500_extremely_low_carbs,3500kcal / extremely low carbs,synthetic,dinner_only,3500.0,264.0,165.5,198.0,3534,263,169,201,1.0,-0.4,2.1,1.5,strict_tight,0.08,strict,1.0,91.94,1,,,True,78.2,18.0
v2,synth_3500_extremely_low_carbs,3500kcal / extremely low carbs,synthetic,lunch_snack,3500.0,264.0,165.5,198.0,3102,287,166,144,-11.4,8.7,0.3,-27.3,best_effort_lp,BEST_EFFORT_LP,relaxed,1.0,1532.74,17,,,True,53.8,8.0
v2,synth_3500_high_carbs,3500kcal / high carbs,synthetic,full_day,3500.0,132.0,594.5,66.0,1827,127,171,71,-47.8,-3.8,-71.2,7.6,best_effort_lp,BEST_EFFORT_LP,relaxed,1.0,1427.53,17,,,True,27.9,4.0
v2,synth_3500_high_carbs,3500kcal / high carbs,synthetic,lunch_snack_dinner,3500.0,132.0,594.5,66.0,1796,127,158,73,-48.7,-3.8,-73.4,10.6,best_effort_lp,BEST_EFFORT_LP,relaxed,1.0,1795.58,17,,,True,25.6,3.0
v2,synth_3500_high_carbs,3500kcal / high carbs,synthetic,lunch_dinner,3500.0,132.0,594.5,66.0,1668,124,140,68,-52.3,-6.1,-76.5,3.0,best_effort_lp,BEST_EFFORT_LP,relaxed,1.0,1775.81,17,,,True,27.6,3.0
v2,synth_3500_high_carbs,3500kcal / high carbs,synthetic,lunch_only,3500.0,132.0,594.5,66.0,1818,153,155,65,-48.1,15.9,-73.9,-1.5,best_effort_lp,BEST_EFFORT_LP,relaxed,1.0,2678.64,17,,,True,45.9,4.0
v2,synth_3500_high_carbs,3500kcal / high carbs,synthetic,dinner_only,3500.0,132.0,594.5,66.0,2087,128,179,95,-40.4,-3.0,-69.9,43.9,best_effort_lp,BEST_EFFORT_LP,relaxed,1.0,2235.88,17,,,True,58.9,8.0
v2,synth_3500_high_carbs,3500kcal / high carbs,synthetic,lunch_snack,3500.0,132.0,594.5,66.0,1831,122,186,66,-47.7,-7.6,-68.7,0.0,best_effort_lp,BEST_EFFORT_LP,relaxed,1.0,1360.77,17,,,True,34.9,5.0
v2,synth_3500_extremely_high_carbs,3500kcal / extremely high carbs,synthetic,full_day,3500.0,99.0,689.4,38.5,1378,94,123,57,-60.6,-5.1,-82.2,48.1,best_effort_lp,BEST_EFFORT_LP,relaxed,1.0,1411.82,17,,,True,18.5,2.0
v2,synth_3500_extremely_high_carbs,3500kcal / extremely high carbs,synthetic,lunch_snack_dinner,3500.0,99.0,689.4,38.5,996,62,91,42,-71.5,-37.4,-86.8,9.1,best_effort_lp,BEST_EFFORT_LP,relaxed,1.0,1587.58,17,,,True,21.0,1.0
v2,synth_3500_extremely_high_carbs,3500kcal / extremely high carbs,synthetic,lunch_dinner,3500.0,99.0,689.4,38.5,1109,75,95,48,-68.3,-24.2,-86.2,24.7,best_effort_lp,BEST_EFFORT_LP,relaxed,1.0,1675.36,17,,,True,27.7,2.0
v2,synth_3500_extremely_high_carbs,3500kcal / extremely high carbs,synthetic,lunch_only,3500.0,99.0,689.4,38.5,1079,105,78,39,-69.2,6.1,-88.7,1.3,best_effort_lp,BEST_EFFORT_LP,relaxed,1.0,1419.78,17,,,True,58.0,3.0
v2,synth_3500_extremely_high_carbs,3500kcal / extremely high carbs,synthetic,dinner_only,3500.0,99.0,689.4,38.5,879,51,76,41,-74.9,-48.5,-89.0,6.5,best_effort_lp,BEST_EFFORT_LP,relaxed,1.0,1505.55,17,,,True,52.4,3.0
v2,synth_3500_extremely_high_carbs,3500kcal / extremely high carbs,synthetic,lunch_snack,3500.0,99.0,689.4,38.5,1017,102,61,40,-70.9,3.0,-91.2,3.9,best_effort_lp,BEST_EFFORT_LP,relaxed,1.0,1217.57,17,,,True,61.5,3.0
