version,diet_id,diet_label,diet_group,combo,target_kcal,target_protein_g,target_carbs_g,target_fat_g,actual_kcal,actual_protein_g,actual_carbs_g,actual_fat_g,dev_kcal_pct,dev_protein_pct,dev_carbs_pct,dev_fat_pct,solve_mode,tolerance_tier,culinary_pass,serving_step,wall_time_ms,lp_attempts,root_cause_category,root_cause_detail,culinary_cap_adherent,max_subrecipe_kcal_share_pct,max_subrecipe_servings
v2_shipped,person_1,Person 1,real,full_day,2000.0,175.0,200.0,56.0,1927,155,178,66,-3.6,-11.4,-11.0,17.9,strict_relaxed_tol,0.1,strict,0.5,309.02,4,,,True,32.5,3.5
v2_shipped,person_1,Person 1,real,lunch_snack_dinner,2000.0,175.0,200.0,56.0,2014,159,198,66,0.7,-9.1,-1.0,17.9,strict_relaxed_tol,0.1,strict,0.5,393.19,4,,,True,36.3,5.0
v2_shipped,person_1,Person 1,real,lunch_dinner,2000.0,175.0,200.0,56.0,1950,157,189,63,-2.5,-10.3,-5.5,12.5,strict_tight,0.08,strict,0.5,114.98,2,,,True,37.5,5.0
v2_shipped,person_1,Person 1,real,lunch_only,2000.0,175.0,200.0,56.0,1585,170,95,59,-20.8,-2.9,-52.5,5.4,best_effort_lp,BEST_EFFORT_LP,relaxed,1.0,997.6,17,,,True,65.8,5.0
v2_shipped,person_1,Person 1,real,dinner_only,2000.0,175.0,200.0,56.0,1629,78,198,59,-18.6,-55.4,-1.0,5.4,best_effort_lp,BEST_EFFORT_LP,relaxed,1.0,895.44,17,,,True,48.6,9.0
v2_shipped,person_1,Person 1,real,lunch_snack,2000.0,175.0,200.0,56.0,1912,148,174,69,-4.4,-15.4,-13.0,23.2,relaxed_culinary,0.2,relaxed,0.5,931.36,16,,,True,43.7,5.0
v2_shipped,person_2,Person 2,real,full_day,1350.0,101.0,135.0,45.0,1337,99,134,45,-1.0,-2.0,-0.7,0.0,strict_tight,0.08,strict,0.5,159.62,2,,,True,23.4,2.5
v2_shipped,person_2,Person 2,real,lunch_snack_dinner,1350.0,101.0,135.0,45.0,1343,100,132,46,-0.5,-1.0,-2.2,2.2,strict_tight,0.08,strict,0.5,135.81,2,,,True,31.1,3.0
v2_shipped,person_2,Person 2,real,lunch_dinner,1350.0,101.0,135.0,45.0,1358,101,135,46,0.6,0.0,0.0,2.2,strict_tight,0.08,strict,0.5,146.3,2,,,True,30.7,3.5
v2_shipped,person_2,Person 2,real,lunch_only,1350.0,101.0,135.0,45.0,1237,112,92,47,-8.4,10.9,-31.9,4.4,best_effort_lp,BEST_EFFORT_LP,relaxed,1.0,856.02,17,,,True,50.6,3.0
v2_shipped,person_2,Person 2,real,dinner_only,1350.0,101.0,135.0,45.0,1296,70,136,52,-4.0,-30.7,0.7,15.6,best_effort_lp,BEST_EFFORT_LP,relaxed,1.0,918.06,17,,,True,47.4,6.0
v2_shipped,person_2,Person 2,real,lunch_snack,1350.0,101.0,135.0,45.0,1354,112,122,47,0.3,10.9,-9.6,4.4,strict_tight,0.08,strict,1.0,114.17,1,,,True,46.2,3.0
v2_shipped,person_3,Person 3,real,full_day,1800.0,135.0,180.0,60.0,1792,134,180,60,-0.4,-0.7,0.0,0.0,strict_tight,0.08,strict,0.5,186.28,2,,,True,29.1,3.5
v2_shipped,person_3,Person 3,real,lunch_snack_dinner,1800.0,135.0,180.0,60.0,1811,132,182,62,0.6,-2.2,1.1,3.3,strict_tight,0.08,strict,0.5,143.28,2,,,True,29.2,6.0
v2_shipped,person_3,Person 3,real,lunch_dinner,1800.0,135.0,180.0,60.0,1895,144,181,66,5.3,6.7,0.6,10.0,strict_tight,0.08,strict,1.0,48.21,1,,,True,33.0,5.0
v2_shipped,person_3,Person 3,real,lunch_only,1800.0,135.0,180.0,60.0,1514,145,97,61,-15.9,7.4,-46.1,1.7,best_effort_lp,BEST_EFFORT_LP,relaxed,1.0,808.26,17,,,True,55.1,4.0
v2_shipped,person_3,Person 3,real,dinner_only,1800.0,135.0,180.0,60.0,1626,87,177,64,-9.7,-35.6,-1.7,6.7,best_effort_lp,BEST_EFFORT_LP,relaxed,1.0,793.07,17,,,True,47.2,8.0
v2_shipped,person_3,Person 3,real,lunch_snack,1800.0,135.0,180.0,60.0,1824,149,152,69,1.3,10.4,-15.6,15.0,strict_relaxed_tol,0.2,strict,0.5,383.45,8,,,True,45.8,4.0
v2_shipped,person_4,Person 4,real,full_day,1140.0,95.0,100.0,40.0,1136,88,100,43,-0.4,-7.4,0.0,7.5,strict_tight,0.08,strict,0.5,138.77,2,,,True,27.6,2.5
v2_shipped,person_4,Person 4,real,lunch_snack_dinner,1140.0,95.0,100.0,40.0,1116,88,100,40,-2.1,-7.4,0.0,0.0,strict_tight,0.08,strict,0.5,96.9,2,,,True,37.4,2.5
v2_shipped,person_4,Person 4,real,lunch_dinner,1140.0,95.0,100.0,40.0,1140,91,100,42,0.0,-4.2,0.0,5.0,strict_tight,0.08,strict,0.5,145.19,2,,,True,36.6,2.0
v2_shipped,person_4,Person 4,real,lunch_only,1140.0,95.0,100.0,40.0,1099,106,87,36,-3.6,11.6,-13.0,-10.0,strict_relaxed_tol,0.1,strict,1.0,139.7,3,,,True,57.0,3.0
v2_shipped,person_4,Person 4,real,dinner_only,1140.0,95.0,100.0,40.0,967,53,96,41,-15.2,-44.2,-4.0,2.5,best_effort_lp,BEST_EFFORT_LP,relaxed,1.0,968.55,17,,,True,47.6,4.0
v2_shipped,person_4,Person 4,real,lunch_snack,1140.0,95.0,100.0,40.0,1132,93,101,40,-0.7,-2.1,1.0,0.0,strict_tight,0.08,strict,0.5,100.34,2,,,True,46.1,2.5
v2_shipped,person_5,Person 5,real,full_day,1400.0,105.0,140.0,46.7,1416,106,141,48,1.1,1.0,0.7,2.8,strict_tight,0.08,strict,0.5,156.84,2,,,True,22.1,2.5
v2_shipped,person_5,Person 5,real,lunch_snack_dinner,1400.0,105.0,140.0,46.7,1385,100,142,46,-1.1,-4.8,1.4,-1.5,strict_tight,0.08,strict,0.5,141.36,2,,,True,30.1,3.5
v2_shipped,person_5,Person 5,real,lunch_dinner,1400.0,105.0,140.0,46.7,1399,102,141,48,-0.1,-2.9,0.7,2.8,strict_tight,0.08,strict,0.5,283.89,2,,,True,29.8,3.5
v2_shipped,person_5,Person 5,real,lunch_only,1400.0,105.0,140.0,46.7,1237,112,92,47,-11.6,6.7,-34.3,0.6,best_effort_lp,BEST_EFFORT_LP,relaxed,1.0,825.78,17,,,True,50.6,3.0
v2_shipped,person_5,Person 5,real,dinner_only,1400.0,105.0,140.0,46.7,1212,59,138,47,-13.4,-43.8,-1.4,0.6,best_effort_lp,BEST_EFFORT_LP,relaxed,1.0,789.74,17,,,True,43.6,6.0
v2_shipped,person_5,Person 5,real,lunch_snack,1400.0,105.0,140.0,46.7,1384,111,129,47,-1.1,5.7,-7.9,0.6,strict_tight,0.08,strict,0.5,93.9,2,,,True,45.2,3.0
v2_shipped,person_6,Person 6,real,full_day,1600.0,120.0,160.0,53.3,1593,116,162,53,-0.4,-3.3,1.2,-0.6,strict_tight,0.08,strict,0.5,153.22,2,,,True,26.2,3.5
v2_shipped,person_6,Person 6,real,lunch_snack_dinner,1600.0,120.0,160.0,53.3,1585,118,160,52,-0.9,-1.7,0.0,-2.4,strict_tight,0.08,strict,0.5,136.41,2,,,True,32.9,3.5
v2_shipped,person_6,Person 6,real,lunch_dinner,1600.0,120.0,160.0,53.3,1599,112,158,58,-0.1,-6.7,-1.2,8.8,strict_tight,0.08,strict,1.0,51.06,1,,,True,26.1,4.0
v2_shipped,person_6,Person 6,real,lunch_only,1600.0,120.0,160.0,53.3,1445,142,95,55,-9.7,18.3,-40.6,3.2,best_effort_lp,BEST_EFFORT_LP,relaxed,1.0,830.48,17,,,True,57.7,4.0
v2_shipped,person_6,Person 6,real,dinner_only,1600.0,120.0,160.0,53.3,1384,72,156,53,-13.5,-40.0,-2.5,-0.6,best_effort_lp,BEST_EFFORT_LP,relaxed,1.0,780.08,17,,,True,44.5,7.0
v2_shipped,person_6,Person 6,real,lunch_snack,1600.0,120.0,160.0,53.3,1586,118,142,60,-0.9,-1.7,-11.2,12.6,strict_relaxed_tol,0.1,strict,0.5,303.28,4,,,True,39.5,3.0
v2_shipped,person_7,Person 7,real,full_day,1700.0,127.5,170.0,56.7,1698,127,169,57,-0.1,-0.4,-0.6,0.5,strict_tight,0.08,strict,0.5,150.13,2,,,True,30.7,3.5
v2_shipped,person_7,Person 7,real,lunch_snack_dinner,1700.0,127.5,170.0,56.7,1710,113,173,63,0.6,-11.4,1.8,11.1,strict_tight,0.08,strict,1.0,62.9,1,,,True,25.7,5.0
v2_shipped,person_7,Person 7,real,lunch_dinner,1700.0,127.5,170.0,56.7,1687,114,178,58,-0.8,-10.6,4.7,2.3,strict_tight,0.08,strict,1.0,56.36,1,,,True,26.1,5.0
v2_shipped,person_7,Person 7,real,lunch_only,1700.0,127.5,170.0,56.7,1445,142,95,55,-15.0,11.4,-44.1,-3.0,best_effort_lp,BEST_EFFORT_LP,relaxed,1.0,796.46,17,,,True,57.7,4.0
v2_shipped,person_7,Person 7,real,dinner_only,1700.0,127.5,170.0,56.7,1626,87,177,64,-4.4,-31.8,4.1,12.9,best_effort_lp,BEST_EFFORT_LP,relaxed,1.0,796.33,17,,,True,47.2,8.0
v2_shipped,person_7,Person 7,real,lunch_snack,1700.0,127.5,170.0,56.7,1725,135,145,67,1.5,5.9,-14.7,18.2,strict_relaxed_tol,0.2,strict,0.5,367.76,8,,,True,42.3,3.5
v2_shipped,person_8,Person 8,real,full_day,1400.0,70.0,175.0,46.7,1411,80,160,50,0.8,14.3,-8.6,7.1,strict_tight,0.08,strict,0.5,144.82,2,,,True,18.1,2.5
v2_shipped,person_8,Person 8,real,lunch_snack_dinner,1400.0,70.0,175.0,46.7,1407,75,159,52,0.5,7.1,-9.1,11.3,strict_tight,0.08,strict,0.5,139.48,2,,,True,22.7,3.5
v2_shipped,person_8,Person 8,real,lunch_dinner,1400.0,70.0,175.0,46.7,1197,77,115,48,-14.5,10.0,-34.3,2.8,best_effort_lp,BEST_EFFORT_LP,relaxed,1.0,836.28,17,,,True,25.6,3.0
v2_shipped,person_8,Person 8,real,lunch_only,1400.0,70.0,175.0,46.7,1237,112,92,47,-11.6,60.0,-47.4,0.6,best_effort_lp,BEST_EFFORT_LP,relaxed,1.0,782.69,17,,,True,50.6,3.0
v2_shipped,person_8,Person 8,real,dinner_only,1400.0,70.0,175.0,46.7,1396,66,175,48,-0.3,-5.7,0.0,2.8,strict_tight,0.08,strict,0.5,116.34,2,,,True,50.4,8.0
v2_shipped,person_8,Person 8,real,lunch_snack,1400.0,70.0,175.0,46.7,1238,83,117,49,-11.6,18.6,-33.1,4.9,best_effort_lp,BEST_EFFORT_LP,relaxed,1.0,787.48,17,,,True,33.7,3.0
v2_shipped,person_9,Person 9,real,full_day,1140.0,95.0,100.0,40.0,1136,88,100,43,-0.4,-7.4,0.0,7.5,strict_tight,0.08,strict,0.5,142.59,2,,,True,27.6,2.5
v2_shipped,person_9,Person 9,real,lunch_snack_dinner,1140.0,95.0,100.0,40.0,1116,88,100,40,-2.1,-7.4,0.0,0.0,strict_tight,0.08,strict,0.5,96.57,2,,,True,37.4,2.5
v2_shipped,person_9,Person 9,real,lunch_dinner,1140.0,95.0,100.0,40.0,1140,91,100,42,0.0,-4.2,0.0,5.0,strict_tight,0.08,strict,0.5,136.68,2,,,True,36.6,2.0
v2_shipped,person_9,Person 9,real,lunch_only,1140.0,95.0,100.0,40.0,1099,106,87,36,-3.6,11.6,-13.0,-10.0,strict_relaxed_tol,0.1,strict,1.0,148.13,3,,,True,57.0,3.0
v2_shipped,person_9,Person 9,real,dinner_only,1140.0,95.0,100.0,40.0,967,53,96,41,-15.2,-44.2,-4.0,2.5,best_effort_lp,BEST_EFFORT_LP,relaxed,1.0,783.54,17,,,True,47.6,4.0
v2_shipped,person_9,Person 9,real,lunch_snack,1140.0,95.0,100.0,40.0,1132,93,101,40,-0.7,-2.1,1.0,0.0,strict_tight,0.08,strict,0.5,95.72,2,,,True,46.1,2.5
v2_shipped,person_10,Person 10,real,full_day,1200.0,90.0,120.0,40.0,1228,90,120,43,2.3,0.0,0.0,7.5,strict_tight,0.08,strict,0.5,133.79,2,,,True,25.5,2.0
v2_shipped,person_10,Person 10,real,lunch_snack_dinner,1200.0,90.0,120.0,40.0,1213,91,117,42,1.1,1.1,-2.5,5.0,strict_tight,0.08,strict,0.5,103.96,2,,,True,34.4,2.5
v2_shipped,person_10,Person 10,real,lunch_dinner,1200.0,90.0,120.0,40.0,1234,93,120,42,2.8,3.3,0.0,5.0,strict_tight,0.08,strict,0.5,139.39,2,,,True,33.8,2.5
v2_shipped,person_10,Person 10,real,lunch_only,1200.0,90.0,120.0,40.0,1168,109,90,41,-2.7,21.1,-25.0,2.5,best_effort_lp,BEST_EFFORT_LP,relaxed,1.0,810.15,17,,,True,53.6,3.0
v2_shipped,person_10,Person 10,real,dinner_only,1200.0,90.0,120.0,40.0,1055,55,116,42,-12.1,-38.9,-3.3,5.0,best_effort_lp,BEST_EFFORT_LP,relaxed,1.0,805.63,17,,,True,43.7,5.0
v2_shipped,person_10,Person 10,real,lunch_snack,1200.0,90.0,120.0,40.0,1163,93,108,40,-3.1,3.3,-10.0,0.0,strict_tight,0.08,strict,0.5,100.06,2,,,True,44.8,2.5
v2_shipped,synth_1000_balanced,1000kcal / balanced,synthetic,full_day,1000.0,72.0,76.8,45.0,1004,72,77,45,0.4,0.0,0.3,0.0,strict_tight,0.08,strict,0.5,163.59,2,,,True,22.9,1.5
v2_shipped,synth_1000_balanced,1000kcal / balanced,synthetic,lunch_snack_dinner,1000.0,72.0,76.8,45.0,1008,72,77,46,0.8,0.0,0.3,2.2,strict_tight,0.08,strict,0.5,142.67,2,,,True,30.5,2.0
v2_shipped,synth_1000_balanced,1000kcal / balanced,synthetic,lunch_dinner,1000.0,72.0,76.8,45.0,1021,73,75,48,2.1,1.4,-2.3,6.7,strict_tight,0.08,strict,1.0,46.8,1,,,True,30.1,2.0
v2_shipped,synth_1000_balanced,1000kcal / balanced,synthetic,lunch_only,1000.0,72.0,76.8,45.0,854,76,66,32,-14.6,5.6,-14.1,-28.9,best_effort_lp,BEST_EFFORT_LP,relaxed,1.0,788.02,17,,,True,48.8,2.0
v2_shipped,synth_1000_balanced,1000kcal / balanced,synthetic,dinner_only,1000.0,72.0,76.8,45.0,998,63,76,49,-0.2,-12.5,-1.0,8.9,strict_tight,0.08,strict,0.5,100.11,2,,,True,61.5,4.0
v2_shipped,synth_1000_balanced,1000kcal / balanced,synthetic,lunch_snack,1000.0,72.0,76.8,45.0,992,78,80,40,-0.8,8.3,4.2,-11.1,strict_relaxed_tol,0.1,strict,0.5,219.54,4,,,True,42.1,2.0
v2_shipped,synth_1000_low_protein,1000kcal / low protein,synthetic,full_day,1000.0,49.5,99.2,45.0,1001,58,98,42,0.1,17.2,-1.2,-6.7,strict_tight,0.08,strict,0.5,126.23,2,,,True,19.2,2.0
v2_shipped,synth_1000_low_protein,1000kcal / low protein,synthetic,lunch_snack_dinner,1000.0,49.5,99.2,45.0,974,60,92,41,-2.6,21.2,-7.3,-8.9,strict_relaxed_tol,0.1,strict,0.5,223.66,4,,,True,21.4,1.5
v2_shipped,synth_1000_low_protein,1000kcal / low protein,synthetic,lunch_dinner,1000.0,49.5,99.2,45.0,947,65,86,38,-5.3,31.3,-13.3,-15.6,strict_relaxed_tol,0.2,strict,0.5,472.18,8,,,True,24.3,2.5
v2_shipped,synth_1000_low_protein,1000kcal / low protein,synthetic,lunch_only,1000.0,49.5,99.2,45.0,854,76,66,32,-14.6,53.5,-33.5,-28.9,best_effort_lp,BEST_EFFORT_LP,relaxed,1.0,797.1,17,,,True,48.8,2.0
v2_shipped,synth_1000_low_protein,1000kcal / low protein,synthetic,dinner_only,1000.0,49.5,99.2,45.0,1036,56,98,47,3.6,13.1,-1.2,4.4,strict_tight,0.08,strict,1.0,51.31,1,,,True,44.5,4.0
v2_shipped,synth_1000_low_protein,1000kcal / low protein,synthetic,lunch_snack,1000.0,49.5,99.2,45.0,983,64,95,39,-1.7,29.3,-4.2,-13.3,relaxed_culinary,0.2,relaxed,0.5,746.97,16,,,True,32.5,2.5
v2_shipped,synth_1000_extremely_low_protein,1000kcal / extremely low protein,synthetic,full_day,1000.0,27.0,121.8,45.0,1251,79,116,52,25.1,192.6,-4.8,15.6,best_effort_lp,BEST_EFFORT_LP,relaxed,1.0,779.88,17,,,True,16.7,2.0
v2_shipped,synth_1000_extremely_low_protein,1000kcal / extremely low protein,synthetic,lunch_snack_dinner,1000.0,27.0,121.8,45.0,1084,64,111,43,8.4,137.0,-8.9,-4.4,best_effort_lp,BEST_EFFORT_LP,relaxed,1.0,825.04,17,,,True,19.3,2.0
v2_shipped,synth_1000_extremely_low_protein,1000kcal / extremely low protein,synthetic,lunch_dinner,1000.0,27.0,121.8,45.0,956,61,94,37,-4.4,125.9,-22.8,-17.8,best_effort_lp,BEST_EFFORT_LP,relaxed,1.0,811.51,17,,,True,21.8,2.0
v2_shipped,synth_1000_extremely_low_protein,1000kcal / extremely low protein,synthetic,lunch_only,1000.0,27.0,121.8,45.0,472,39,39,18,-52.8,44.4,-68.0,-60.0,best_effort_lp,BEST_EFFORT_LP,relaxed,1.0,783.83,17,,,True,44.2,1.0
v2_shipped,synth_1000_extremely_low_protein,1000kcal / extremely low protein,synthetic,dinner_only,1000.0,27.0,121.8,45.0,971,44,117,36,-2.9,63.0,-3.9,-20.0,best_effort_lp,BEST_EFFORT_LP,relaxed,1.0,821.27,17,,,True,45.3,5.0
v2_shipped,synth_1000_extremely_low_protein,1000kcal / extremely low protein,synthetic,lunch_snack,1000.0,27.0,121.8,45.0,600,42,56,23,-40.0,55.6,-54.0,-48.9,best_effort_lp,BEST_EFFORT_LP,relaxed,1.0,781.04,17,,,True,34.8,1.0
v2_shipped,synth_1000_high_protein,1000kcal / high protein,synthetic,full_day,1000.0,90.0,58.8,45.0,1015,84,67,45,1.5,-6.7,13.9,0.0,strict_tight,0.08,strict,0.5,100.81,2,,,True,30.8,1.5
v2_shipped,synth_1000_high_protein,1000kcal / high protein,synthetic,lunch_snack_dinner,1000.0,90.0,58.8,45.0,1008,91,60,45,0.8,1.1,2.0,0.0,strict_tight,0.08,strict,0.5,100.78,2,,,True,41.4,2.0
v2_shipped,synth_1000_high_protein,1000kcal / high protein,synthetic,lunch_dinner,1000.0,90.0,58.8,45.0,989,91,58,44,-1.1,1.1,-1.4,-2.2,strict_tight,0.08,strict,0.5,134.93,2,,,True,42.2,2.0
v2_shipped,synth_1000_high_protein,1000kcal / high protein,synthetic,lunch_only,1000.0,90.0,58.8,45.0,958,103,46,40,-4.2,14.4,-21.8,-11.1,strict_relaxed_tol,0.15,strict,1.0,227.62,5,,,True,65.3,3.0
v2_shipped,synth_1000_high_protein,1000kcal / high protein,synthetic,dinner_only,1000.0,90.0,58.8,45.0,945,63,58,51,-5.5,-30.0,-1.4,13.3,best_effort_lp,BEST_EFFORT_LP,relaxed,1.0,807.18,17,,,True,65.0,4.0
v2_shipped,synth_1000_high_protein,1000kcal / high protein,synthetic,lunch_snack,1000.0,90.0,58.8,45.0,991,90,60,44,-0.9,0.0,2.0,-2.2,strict_tight,0.08,strict,0.5,98.42,2,,,True,52.6,2.5
v2_shipped,synth_1000_extremely_high_protein,1000kcal / extremely high protein,synthetic,full_day,1000.0,115.9,33.8,44.6,1218,79,108,52,21.8,-31.8,219.5,16.6,best_effort_lp,BEST_EFFORT_LP,relaxed,1.0,792.47,17,,,True,17.1,1.0
v2_shipped,synth_1000_extremely_high_protein,1000kcal / extremely high protein,synthetic,lunch_snack_dinner,1000.0,115.9,33.8,44.6,996,62,91,42,-0.4,-46.5,169.2,-5.8,best_effort_lp,BEST_EFFORT_LP,relaxed,1.0,798.56,17,,,True,21.0,1.0
v2_shipped,synth_1000_extremely_high_protein,1000kcal / extremely high protein,synthetic,lunch_dinner,1000.0,115.9,33.8,44.6,1021,73,75,48,2.1,-37.0,121.9,7.6,best_effort_lp,BEST_EFFORT_LP,relaxed,1.0,837.44,17,,,True,30.1,2.0
v2_shipped,synth_1000_extremely_high_protein,1000kcal / extremely high protein,synthetic,lunch_only,1000.0,115.9,33.8,44.6,1002,116,32,45,0.2,0.1,-5.3,0.9,strict_tight,0.08,strict,0.5,96.12,2,,,True,72.9,3.5
v2_shipped,synth_1000_extremely_high_protein,1000kcal / extremely high protein,synthetic,dinner_only,1000.0,115.9,33.8,44.6,550,34,36,30,-45.0,-70.7,6.5,-32.7,best_effort_lp,BEST_EFFORT_LP,relaxed,1.0,808.48,17,,,True,55.9,2.0
v2_shipped,synth_1000_extremely_high_protein,1000kcal / extremely high protein,synthetic,lunch_snack,1000.0,115.9,33.8,44.6,995,115,38,43,-0.5,-0.8,12.4,-3.6,strict_tight,0.08,strict,0.5,105.83,2,,,True,73.4,3.5
v2_shipped,synth_1000_low_fat,1000kcal / low fat,synthetic,full_day,1000.0,72.0,127.4,22.5,1306,81,128,52,30.6,12.5,0.5,131.1,best_effort_lp,BEST_EFFORT_LP,relaxed,1.0,807.42,17,,,True,16.0,2.0
v2_shipped,synth_1000_low_fat,1000kcal / low fat,synthetic,lunch_snack_dinner,1000.0,72.0,127.4,22.5,1084,64,111,43,8.4,-11.1,-12.9,91.1,best_effort_lp,BEST_EFFORT_LP,relaxed,1.0,805.76,17,,,True,19.3,2.0
v2_shipped,synth_1000_low_fat,1000kcal / low fat,synthetic,lunch_dinner,1000.0,72.0,127.4,22.5,956,61,94,37,-4.4,-15.3,-26.2,64.4,best_effort_lp,BEST_EFFORT_LP,relaxed,1.0,847.31,17,,,True,21.8,2.0
v2_shipped,synth_1000_low_fat,1000kcal / low fat,synthetic,lunch_only,1000.0,72.0,127.4,22.5,785,73,63,27,-21.5,1.4,-50.5,20.0,best_effort_lp,BEST_EFFORT_LP,relaxed,1.0,809.89,17,,,True,53.1,2.0
v2_shipped,synth_1000_low_fat,1000kcal / low fat,synthetic,dinner_only,1000.0,72.0,127.4,22.5,901,41,115,31,-9.9,-43.1,-9.7,37.8,best_effort_lp,BEST_EFFORT_LP,relaxed,1.0,809.51,17,,,True,48.8,5.0
v2_shipped,synth_1000_low_fat,1000kcal / low fat,synthetic,lunch_snack,1000.0,72.0,127.4,22.5,913,75,80,32,-8.7,4.2,-37.2,42.2,best_effort_lp,BEST_EFFORT_LP,relaxed,1.0,788.78,17,,,True,45.7,2.0
v2_shipped,synth_1000_extremely_low_fat,1000kcal / extremely low fat,synthetic,full_day,1000.0,72.0,152.7,11.2,1339,81,136,52,33.9,12.5,-10.9,364.3,best_effort_lp,BEST_EFFORT_LP,relaxed,1.0,858.85,17,,,True,15.6,2.0
v2_shipped,synth_1000_extremely_low_fat,1000kcal / extremely low fat,synthetic,lunch_snack_dinner,1000.0,72.0,152.7,11.2,1084,64,111,43,8.4,-11.1,-27.3,283.9,best_effort_lp,BEST_EFFORT_LP,relaxed,1.0,878.3,17,,,True,19.3,2.0
v2_shipped,synth_1000_extremely_low_fat,1000kcal / extremely low fat,synthetic,lunch_dinner,1000.0,72.0,152.7,11.2,956,61,94,37,-4.4,-15.3,-38.4,230.4,best_effort_lp,BEST_EFFORT_LP,relaxed,1.0,905.74,17,,,True,21.8,2.0
v2_shipped,synth_1000_extremely_low_fat,1000kcal / extremely low fat,synthetic,lunch_only,1000.0,72.0,152.7,11.2,472,39,39,18,-52.8,-45.8,-74.5,60.7,best_effort_lp,BEST_EFFORT_LP,relaxed,1.0,796.8,17,,,True,44.2,1.0
v2_shipped,synth_1000_extremely_low_fat,1000kcal / extremely low fat,synthetic,dinner_only,1000.0,72.0,152.7,11.2,484,22,55,20,-51.6,-69.4,-64.0,78.6,best_effort_lp,BEST_EFFORT_LP,relaxed,1.0,827.42,17,,,True,36.4,2.0
v2_shipped,synth_1000_extremely_low_fat,1000kcal / extremely low fat,synthetic,lunch_snack,1000.0,72.0,152.7,11.2,600,42,56,23,-40.0,-41.7,-63.3,105.4,best_effort_lp,BEST_EFFORT_LP,relaxed,1.0,857.5,17,,,True,34.8,1.0
v2_shipped,synth_1000_high_fat,1000kcal / high fat,synthetic,full_day,1000.0,66.5,33.8,66.5,1218,79,108,52,21.8,18.8,219.5,-21.8,best_effort_lp,BEST_EFFORT_LP,relaxed,1.0,840.46,17,,,True,17.1,1.0
v2_shipped,synth_1000_high_fat,1000kcal / high fat,synthetic,lunch_snack_dinner,1000.0,66.5,33.8,66.5,1149,76,92,53,14.9,14.3,172.2,-20.3,best_effort_lp,BEST_EFFORT_LP,relaxed,1.0,857.0,17,,,True,26.7,2.0
v2_shipped,synth_1000_high_fat,1000kcal / high fat,synthetic,lunch_dinner,1000.0,66.5,33.8,66.5,1021,73,75,48,2.1,9.8,121.9,-27.8,best_effort_lp,BEST_EFFORT_LP,relaxed,1.0,847.87,17,,,True,30.1,2.0
v2_shipped,synth_1000_high_fat,1000kcal / high fat,synthetic,lunch_only,1000.0,66.5,33.8,66.5,680,69,42,26,-32.0,3.8,24.3,-60.9,best_effort_lp,BEST_EFFORT_LP,relaxed,1.0,806.72,17,,,True,61.3,2.0
v2_shipped,synth_1000_high_fat,1000kcal / high fat,synthetic,dinner_only,1000.0,66.5,33.8,66.5,1014,66,60,57,1.4,-0.8,77.5,-14.3,best_effort_lp,BEST_EFFORT_LP,relaxed,1.0,850.92,17,,,True,60.6,4.0
v2_shipped,synth_1000_high_fat,1000kcal / high fat,synthetic,lunch_snack,1000.0,66.5,33.8,66.5,808,72,59,32,-19.2,8.3,74.6,-51.9,best_effort_lp,BEST_EFFORT_LP,relaxed,1.0,819.5,17,,,True,51.6,2.0
v2_shipped,synth_1000_extremely_high_fat,1000kcal / extremely high fat,synthetic,full_day,1000.0,52.8,33.8,72.6,1218,79,108,52,21.8,49.6,219.5,-28.4,best_effort_lp,BEST_EFFORT_LP,relaxed,1.0,820.41,17,,,True,17.1,1.0
v2_shipped,synth_1000_extremely_high_fat,1000kcal / extremely high fat,synthetic,lunch_snack_dinner,1000.0,52.8,33.8,72.6,996,62,91,42,-0.4,17.4,169.2,-42.1,best_effort_lp,BEST_EFFORT_LP,relaxed,1.0,869.19,17,,,True,21.0,1.0
v2_shipped,synth_1000_extremely_high_fat,1000kcal / extremely high fat,synthetic,lunch_dinner,1000.0,52.8,33.8,72.6,868,60,74,37,-13.2,13.6,118.9,-49.0,best_effort_lp,BEST_EFFORT_LP,relaxed,1.0,861.61,17,,,True,24.0,1.0
v2_shipped,synth_1000_extremely_high_fat,1000kcal / extremely high fat,synthetic,lunch_only,1000.0,52.8,33.8,72.6,680,69,42,26,-32.0,30.7,24.3,-64.2,best_effort_lp,BEST_EFFORT_LP,relaxed,1.0,813.01,17,,,True,61.3,2.0
v2_shipped,synth_1000_extremely_high_fat,1000kcal / extremely high fat,synthetic,dinner_only,1000.0,52.8,33.8,72.6,550,34,36,30,-45.0,-35.6,6.5,-58.7,best_effort_lp,BEST_EFFORT_LP,relaxed,1.0,909.21,17,,,True,55.9,2.0
v2_shipped,synth_1000_extremely_high_fat,1000kcal / extremely high fat,synthetic,lunch_snack,1000.0,52.8,33.8,72.6,600,42,56,23,-40.0,-20.5,65.7,-68.3,best_effort_lp,BEST_EFFORT_LP,relaxed,1.0,806.99,17,,,True,34.8,1.0
v2_shipped,synth_1000_low_carbs,1000kcal / low carbs,synthetic,full_day,1000.0,84.0,33.8,58.8,1218,79,108,52,21.8,-6.0,219.5,-11.6,best_effort_lp,BEST_EFFORT_LP,relaxed,1.0,846.48,17,,,True,17.1,1.0
v2_shipped,synth_1000_low_carbs,1000kcal / low carbs,synthetic,lunch_snack_dinner,1000.0,84.0,33.8,58.8,1149,76,92,53,14.9,-9.5,172.2,-9.9,best_effort_lp,BEST_EFFORT_LP,relaxed,1.0,823.26,17,,,True,26.7,2.0
v2_shipped,synth_1000_low_carbs,1000kcal / low carbs,synthetic,lunch_dinner,1000.0,84.0,33.8,58.8,1021,73,75,48,2.1,-13.1,121.9,-18.4,best_effort_lp,BEST_EFFORT_LP,relaxed,1.0,860.57,17,,,True,30.1,2.0
v2_shipped,synth_1000_low_carbs,1000kcal / low carbs,synthetic,lunch_only,1000.0,84.0,33.8,58.8,958,103,46,40,-4.2,22.6,36.1,-32.0,best_effort_lp,BEST_EFFORT_LP,relaxed,1.0,835.08,17,,,True,65.3,3.0
v2_shipped,synth_1000_low_carbs,1000kcal / low carbs,synthetic,dinner_only,1000.0,84.0,33.8,58.8,1098,77,58,62,9.8,-8.3,71.6,5.4,best_effort_lp,BEST_EFFORT_LP,relaxed,1.0,798.17,17,,,True,69.9,5.0
v2_shipped,synth_1000_low_carbs,1000kcal / low carbs,synthetic,lunch_snack,1000.0,84.0,33.8,58.8,877,75,61,37,-12.3,-10.7,80.5,-37.1,best_effort_lp,BEST_EFFORT_LP,relaxed,1.0,819.39,17,,,True,47.6,2.0
v2_shipped,synth_1000_extremely_low_carbs,1000kcal / extremely low carbs,synthetic,full_day,1000.0,80.5,33.8,60.3,1218,79,108,52,21.8,-1.9,219.5,-13.8,best_effort_lp,BEST_EFFORT_LP,relaxed,1.0,873.89,17,,,True,17.1,1.0
v2_shipped,synth_1000_extremely_low_carbs,1000kcal / extremely low carbs,synthetic,lunch_snack_dinner,1000.0,80.5,33.8,60.3,1149,76,92,53,14.9,-5.6,172.2,-12.1,best_effort_lp,BEST_EFFORT_LP,relaxed,1.0,803.23,17,,,True,26.7,2.0
v2_shipped,synth_1000_extremely_low_carbs,1000kcal / extremely low carbs,synthetic,lunch_dinner,1000.0,80.5,33.8,60.3,1021,73,75,48,2.1,-9.3,121.9,-20.4,best_effort_lp,BEST_EFFORT_LP,relaxed,1.0,819.53,17,,,True,30.1,2.0
v2_shipped,synth_1000_extremely_low_carbs,1000kcal / extremely low carbs,synthetic,lunch_only,1000.0,80.5,33.8,60.3,750,72,44,32,-25.0,-10.6,30.2,-46.9,best_effort_lp,BEST_EFFORT_LP,relaxed,1.0,825.56,17,,,True,55.7,2.0
v2_shipped,synth_1000_extremely_low_carbs,1000kcal / extremely low carbs,synthetic,dinner_only,1000.0,80.5,33.8,60.3,1098,77,58,62,9.8,-4.3,71.6,2.8,best_effort_lp,BEST_EFFORT_LP,relaxed,1.0,867.37,17,,,True,69.9,5.0
v2_shipped,synth_1000_extremely_low_carbs,1000kcal / extremely low carbs,synthetic,lunch_snack,1000.0,80.5,33.8,60.3,877,75,61,37,-12.3,-6.8,80.5,-38.6,best_effort_lp,BEST_EFFORT_LP,relaxed,1.0,1052.82,17,,,True,47.6,2.0
v2_shipped,synth_1000_high_carbs,1000kcal / high carbs,synthetic,full_day,1000.0,54.0,135.2,27.0,1339,81,136,52,33.9,50.0,0.6,92.6,best_effort_lp,BEST_EFFORT_LP,relaxed,1.0,887.88,17,,,True,15.6,2.0
v2_shipped,synth_1000_high_carbs,1000kcal / high carbs,synthetic,lunch_snack_dinner,1000.0,54.0,135.2,27.0,1084,64,111,43,8.4,18.5,-17.9,59.3,best_effort_lp,BEST_EFFORT_LP,relaxed,1.0,869.74,17,,,True,19.3,2.0
v2_shipped,synth_1000_high_carbs,1000kcal / high carbs,synthetic,lunch_dinner,1000.0,54.0,135.2,27.0,956,61,94,37,-4.4,13.0,-30.5,37.0,best_effort_lp,BEST_EFFORT_LP,relaxed,1.0,890.89,17,,,True,21.8,2.0
v2_shipped,synth_1000_high_carbs,1000kcal / high carbs,synthetic,lunch_only,1000.0,54.0,135.2,27.0,785,73,63,27,-21.5,35.2,-53.4,0.0,best_effort_lp,BEST_EFFORT_LP,relaxed,1.0,807.49,17,,,True,53.1,2.0
v2_shipped,synth_1000_high_carbs,1000kcal / high carbs,synthetic,dinner_only,1000.0,54.0,135.2,27.0,989,47,128,32,-1.1,-13.0,-5.3,18.5,strict_relaxed_tol,0.15,strict,0.5,288.85,6,,,True,53.4,6.0
v2_shipped,synth_1000_high_carbs,1000kcal / high carbs,synthetic,lunch_snack,1000.0,54.0,135.2,27.0,913,75,80,32,-8.7,38.9,-40.8,18.5,best_effort_lp,BEST_EFFORT_LP,relaxed,1.0,829.45,17,,,True,45.7,2.0
v2_shipped,synth_1000_extremely_high_carbs,1000kcal / extremely high carbs,synthetic,full_day,1000.0,40.5,174.1,15.7,1339,81,136,52,33.9,100.0,-21.9,231.2,best_effort_lp,BEST_EFFORT_LP,relaxed,1.0,892.49,17,,,True,15.6,2.0
v2_shipped,synth_1000_extremely_high_carbs,1000kcal / extremely high carbs,synthetic,lunch_snack_dinner,1000.0,40.5,174.1,15.7,1084,64,111,43,8.4,58.0,-36.2,173.9,best_effort_lp,BEST_EFFORT_LP,relaxed,1.0,833.83,17,,,True,19.3,2.0
v2_shipped,synth_1000_extremely_high_carbs,1000kcal / extremely high carbs,synthetic,lunch_dinner,1000.0,40.5,174.1,15.7,956,61,94,37,-4.4,50.6,-46.0,135.7,best_effort_lp,BEST_EFFORT_LP,relaxed,1.0,825.51,17,,,True,21.8,2.0
v2_shipped,synth_1000_extremely_high_carbs,1000kcal / extremely high carbs,synthetic,lunch_only,1000.0,40.5,174.1,15.7,472,39,39,18,-52.8,-3.7,-77.6,14.6,best_effort_lp,BEST_EFFORT_LP,relaxed,1.0,862.39,17,,,True,44.2,1.0
v2_shipped,synth_1000_extremely_high_carbs,1000kcal / extremely high carbs,synthetic,dinner_only,1000.0,40.5,174.1,15.7,901,41,115,31,-9.9,1.2,-33.9,97.5,best_effort_lp,BEST_EFFORT_LP,relaxed,1.0,801.24,17,,,True,48.8,5.0
v2_shipped,synth_1000_extremely_high_carbs,1000kcal / extremely high carbs,synthetic,lunch_snack,1000.0,40.5,174.1,15.7,600,42,56,23,-40.0,3.7,-67.8,46.5,best_effort_lp,BEST_EFFORT_LP,relaxed,1.0,828.05,17,,,True,34.8,1.0
v2_shipped,synth_1500_balanced,1500kcal / balanced,synthetic,full_day,1500.0,96.0,144.0,60.0,1527,98,144,62,1.8,2.1,0.0,3.3,strict_tight,0.08,strict,1.0,52.23,1,,,True,16.7,2.0
v2_shipped,synth_1500_balanced,1500kcal / balanced,synthetic,lunch_snack_dinner,1500.0,96.0,144.0,60.0,1534,110,134,62,2.3,14.6,-6.9,3.3,strict_tight,0.08,strict,1.0,50.54,1,,,True,27.2,3.0
v2_shipped,synth_1500_balanced,1500kcal / balanced,synthetic,lunch_dinner,1500.0,96.0,144.0,60.0,1494,109,137,57,-0.4,13.5,-4.9,-5.0,strict_tight,0.08,strict,1.0,50.94,1,,,True,27.9,4.0
v2_shipped,synth_1500_balanced,1500kcal / balanced,synthetic,lunch_only,1500.0,96.0,144.0,60.0,1237,112,92,47,-17.5,16.7,-36.1,-21.7,best_effort_lp,BEST_EFFORT_LP,relaxed,1.0,815.25,17,,,True,50.6,3.0
v2_shipped,synth_1500_balanced,1500kcal / balanced,synthetic,dinner_only,1500.0,96.0,144.0,60.0,1450,84,137,63,-3.3,-12.5,-4.9,5.0,strict_tight,0.08,strict,1.0,52.25,1,,,True,52.9,6.0
v2_shipped,synth_1500_balanced,1500kcal / balanced,synthetic,lunch_snack,1500.0,96.0,144.0,60.0,1423,114,124,52,-5.1,18.8,-13.9,-13.3,strict_relaxed_tol,0.15,strict,1.0,250.15,5,,,True,44.0,3.0
v2_shipped,synth_1500_low_protein,1500kcal / low protein,synthetic,full_day,1500.0,66.0,174.0,60.0,1447,77,159,56,-3.5,16.7,-8.6,-6.7,strict_tight,0.08,strict,0.5,154.49,2,,,True,22.1,2.5
v2_shipped,synth_1500_low_protein,1500kcal / low protein,synthetic,lunch_snack_dinner,1500.0,66.0,174.0,60.0,1450,76,166,54,-3.3,15.2,-4.6,-10.0,strict_tight,0.08,strict,0.5,140.01,2,,,True,22.0,3.5
v2_shipped,synth_1500_low_protein,1500kcal / low protein,synthetic,lunch_dinner,1500.0,66.0,174.0,60.0,1197,77,115,48,-20.2,16.7,-33.9,-20.0,best_effort_lp,BEST_EFFORT_LP,relaxed,1.0,887.12,17,,,True,25.6,3.0
v2_shipped,synth_1500_low_protein,1500kcal / low protein,synthetic,lunch_only,1500.0,66.0,174.0,60.0,854,76,66,32,-43.1,15.2,-62.1,-46.7,best_effort_lp,BEST_EFFORT_LP,relaxed,1.0,869.17,17,,,True,48.8,2.0
v2_shipped,synth_1500_low_protein,1500kcal / low protein,synthetic,dinner_only,1500.0,66.0,174.0,60.0,1542,76,178,58,2.8,15.2,2.3,-3.3,strict_tight,0.08,strict,1.0,55.21,1,,,True,45.7,8.0
v2_shipped,synth_1500_low_protein,1500kcal / low protein,synthetic,lunch_snack,1500.0,66.0,174.0,60.0,1238,83,117,49,-17.5,25.8,-32.8,-18.3,best_effort_lp,BEST_EFFORT_LP,relaxed,1.0,873.58,17,,,True,33.7,3.0
v2_shipped,synth_1500_extremely_low_protein,1500kcal / extremely low protein,synthetic,full_day,1500.0,36.0,204.0,60.0,1466,84,153,58,-2.3,133.3,-25.0,-3.3,best_effort_lp,BEST_EFFORT_LP,relaxed,1.0,901.36,17,,,True,17.4,2.0
v2_shipped,synth_1500_extremely_low_protein,1500kcal / extremely low protein,synthetic,lunch_snack_dinner,1500.0,36.0,204.0,60.0,1467,72,162,59,-2.2,100.0,-20.6,-1.7,best_effort_lp,BEST_EFFORT_LP,relaxed,1.0,868.66,17,,,True,34.9,4.0
v2_shipped,synth_1500_extremely_low_protein,1500kcal / extremely low protein,synthetic,lunch_dinner,1500.0,36.0,204.0,60.0,956,61,94,37,-36.3,69.4,-53.9,-38.3,best_effort_lp,BEST_EFFORT_LP,relaxed,1.0,897.4,17,,,True,21.8,2.0
v2_shipped,synth_1500_extremely_low_protein,1500kcal / extremely low protein,synthetic,lunch_only,1500.0,36.0,204.0,60.0,472,39,39,18,-68.5,8.3,-80.9,-70.0,best_effort_lp,BEST_EFFORT_LP,relaxed,1.0,799.31,17,,,True,44.2,1.0
v2_shipped,synth_1500_extremely_low_protein,1500kcal / extremely low protein,synthetic,dinner_only,1500.0,36.0,204.0,60.0,1369,64,160,53,-8.7,77.8,-21.6,-11.7,best_effort_lp,BEST_EFFORT_LP,relaxed,1.0,851.24,17,,,True,45.0,7.0
v2_shipped,synth_1500_extremely_low_protein,1500kcal / extremely low protein,synthetic,lunch_snack,1500.0,36.0,204.0,60.0,600,42,56,23,-60.0,16.7,-72.5,-61.7,best_effort_lp,BEST_EFFORT_LP,relaxed,1.0,852.77,17,,,True,34.8,1.0
v2_shipped,synth_1500_high_protein,1500kcal / high protein,synthetic,full_day,1500.0,120.0,120.0,60.0,1500,120,120,60,0.0,0.0,0.0,0.0,strict_tight,0.08,strict,0.5,198.82,2,,,True,27.8,2.0
v2_shipped,synth_1500_high_protein,1500kcal / high protein,synthetic,lunch_snack_dinner,1500.0,120.0,120.0,60.0,1446,108,114,62,-3.6,-10.0,-5.0,3.3,strict_tight,0.08,strict,1.0,63.77,1,,,True,28.9,2.0
v2_shipped,synth_1500_high_protein,1500kcal / high protein,synthetic,lunch_dinner,1500.0,120.0,120.0,60.0,1492,111,121,62,-0.5,-7.5,0.8,3.3,strict_tight,0.08,strict,1.0,61.6,1,,,True,28.0,2.0
v2_shipped,synth_1500_high_protein,1500kcal / high protein,synthetic,lunch_only,1500.0,120.0,120.0,60.0,1514,145,97,61,0.9,20.8,-19.2,1.7,best_effort_lp,BEST_EFFORT_LP,relaxed,1.0,818.66,17,,,True,55.1,4.0
v2_shipped,synth_1500_high_protein,1500kcal / high protein,synthetic,dinner_only,1500.0,120.0,120.0,60.0,1362,82,118,63,-9.2,-31.7,-1.7,5.0,best_effort_lp,BEST_EFFORT_LP,relaxed,1.0,845.8,17,,,True,56.4,5.0
v2_shipped,synth_1500_high_protein,1500kcal / high protein,synthetic,lunch_snack,1500.0,120.0,120.0,60.0,1492,117,126,58,-0.5,-2.5,5.0,-3.3,strict_tight,0.08,strict,1.0,50.88,1,,,True,41.9,3.0
v2_shipped,synth_1500_extremely_high_protein,1500kcal / extremely high protein,synthetic,full_day,1500.0,156.0,84.0,60.0,1508,144,85,66,0.5,-7.7,1.2,10.0,strict_tight,0.08,strict,0.5,107.71,2,,,True,34.6,2.5
v2_shipped,synth_1500_extremely_high_protein,1500kcal / extremely high protein,synthetic,lunch_snack_dinner,1500.0,156.0,84.0,60.0,1565,147,95,66,4.3,-5.8,13.1,10.0,strict_tight,0.08,strict,0.5,146.81,2,,,True,46.7,3.5
v2_shipped,synth_1500_extremely_high_protein,1500kcal / extremely high protein,synthetic,lunch_dinner,1500.0,156.0,84.0,60.0,1501,146,86,64,0.1,-6.4,2.4,6.7,strict_tight,0.08,strict,0.5,139.71,2,,,True,48.7,3.5
v2_shipped,synth_1500_extremely_high_protein,1500kcal / extremely high protein,synthetic,lunch_only,1500.0,156.0,84.0,60.0,1410,142,75,60,-6.0,-9.0,-10.7,0.0,strict_tight,0.08,strict,1.0,77.8,1,,,True,59.2,4.0
v2_shipped,synth_1500_extremely_high_protein,1500kcal / extremely high protein,synthetic,dinner_only,1500.0,156.0,84.0,60.0,1186,79,78,62,-20.9,-49.4,-7.1,3.3,best_effort_lp,BEST_EFFORT_LP,relaxed,1.0,828.04,17,,,True,64.7,5.0
v2_shipped,synth_1500_extremely_high_protein,1500kcal / extremely high protein,synthetic,lunch_snack,1500.0,156.0,84.0,60.0,1562,165,83,63,4.1,5.8,-1.2,5.0,strict_tight,0.08,strict,1.0,77.33,1,,,True,66.8,5.0
v2_shipped,synth_1500_low_fat,1500kcal / low fat,synthetic,full_day,1500.0,96.0,211.5,30.0,1466,96,143,57,-2.3,0.0,-32.4,90.0,best_effort_lp,BEST_EFFORT_LP,relaxed,1.0,865.67,17,,,True,17.4,2.0
v2_shipped,synth_1500_low_fat,1500kcal / low fat,synthetic,lunch_snack_dinner,1500.0,96.0,211.5,30.0,1292,94,113,51,-13.9,-2.1,-46.6,70.0,best_effort_lp,BEST_EFFORT_LP,relaxed,1.0,864.63,17,,,True,32.3,2.0
v2_shipped,synth_1500_low_fat,1500kcal / low fat,synthetic,lunch_dinner,1500.0,96.0,211.5,30.0,1164,92,96,46,-22.4,-4.2,-54.6,53.3,best_effort_lp,BEST_EFFORT_LP,relaxed,1.0,843.96,17,,,True,35.8,2.0
v2_shipped,synth_1500_low_fat,1500kcal / low fat,synthetic,lunch_only,1500.0,96.0,211.5,30.0,1099,106,87,36,-26.7,10.4,-58.9,20.0,best_effort_lp,BEST_EFFORT_LP,relaxed,1.0,824.24,17,,,True,57.0,3.0
v2_shipped,synth_1500_low_fat,1500kcal / low fat,synthetic,dinner_only,1500.0,96.0,211.5,30.0,1648,77,215,54,9.9,-19.8,1.7,80.0,best_effort_lp,BEST_EFFORT_LP,relaxed,1.0,824.18,17,,,True,53.4,10.0
v2_shipped,synth_1500_low_fat,1500kcal / low fat,synthetic,lunch_snack,1500.0,96.0,211.5,30.0,913,75,80,32,-39.1,-21.9,-62.2,6.7,best_effort_lp,BEST_EFFORT_LP,relaxed,1.0,791.97,17,,,True,45.7,2.0
v2_shipped,synth_1500_extremely_low_fat,1500kcal / extremely low fat,synthetic,full_day,1500.0,96.0,245.2,15.0,1339,81,136,52,-10.7,-15.6,-44.5,246.7,best_effort_lp,BEST_EFFORT_LP,relaxed,1.0,847.94,17,,,True,15.6,2.0
v2_shipped,synth_1500_extremely_low_fat,1500kcal / extremely low fat,synthetic,lunch_snack_dinner,1500.0,96.0,245.2,15.0,1084,64,111,43,-27.7,-33.3,-54.7,186.7,best_effort_lp,BEST_EFFORT_LP,relaxed,1.0,849.86,17,,,True,19.3,2.0
v2_shipped,synth_1500_extremely_low_fat,1500kcal / extremely low fat,synthetic,lunch_dinner,1500.0,96.0,245.2,15.0,956,61,94,37,-36.3,-36.5,-61.7,146.7,best_effort_lp,BEST_EFFORT_LP,relaxed,1.0,859.01,17,,,True,21.8,2.0
v2_shipped,synth_1500_extremely_low_fat,1500kcal / extremely low fat,synthetic,lunch_only,1500.0,96.0,245.2,15.0,472,39,39,18,-68.5,-59.4,-84.1,20.0,best_effort_lp,BEST_EFFORT_LP,relaxed,1.0,833.31,17,,,True,44.2,1.0
v2_shipped,synth_1500_extremely_low_fat,1500kcal / extremely low fat,synthetic,dinner_only,1500.0,96.0,245.2,15.0,484,22,55,20,-67.7,-77.1,-77.6,33.3,best_effort_lp,BEST_EFFORT_LP,relaxed,1.0,821.17,17,,,True,36.4,2.0
v2_shipped,synth_1500_extremely_low_fat,1500kcal / extremely low fat,synthetic,lunch_snack,1500.0,96.0,245.2,15.0,600,42,56,23,-60.0,-56.2,-77.2,53.3,best_effort_lp,BEST_EFFORT_LP,relaxed,1.0,833.84,17,,,True,34.8,1.0
v2_shipped,synth_1500_high_fat,1500kcal / high fat,synthetic,full_day,1500.0,96.0,63.0,96.0,1371,93,109,63,-8.6,-3.1,73.0,-34.4,best_effort_lp,BEST_EFFORT_LP,relaxed,1.0,851.51,17,,,True,22.4,2.0
v2_shipped,synth_1500_high_fat,1500kcal / high fat,synthetic,lunch_snack_dinner,1500.0,96.0,63.0,96.0,1427,109,97,67,-4.9,13.5,54.0,-30.2,best_effort_lp,BEST_EFFORT_LP,relaxed,1.0,836.98,17,,,True,29.2,2.0
v2_shipped,synth_1500_high_fat,1500kcal / high fat,synthetic,lunch_dinner,1500.0,96.0,63.0,96.0,1299,106,80,62,-13.4,10.4,27.0,-35.4,best_effort_lp,BEST_EFFORT_LP,relaxed,1.0,895.25,17,,,True,32.1,2.0
v2_shipped,synth_1500_high_fat,1500kcal / high fat,synthetic,lunch_only,1500.0,96.0,63.0,96.0,1132,109,70,46,-24.5,13.5,11.1,-52.1,best_effort_lp,BEST_EFFORT_LP,relaxed,1.0,810.64,17,,,True,55.3,3.0
v2_shipped,synth_1500_high_fat,1500kcal / high fat,synthetic,dinner_only,1500.0,96.0,63.0,96.0,1519,108,76,87,1.3,12.5,20.6,-9.4,strict_tight,0.08,strict,0.5,102.84,2,,,True,70.7,7.0
v2_shipped,synth_1500_high_fat,1500kcal / high fat,synthetic,lunch_snack,1500.0,96.0,63.0,96.0,1155,108,66,51,-23.0,12.5,4.8,-46.9,best_effort_lp,BEST_EFFORT_LP,relaxed,1.0,824.33,17,,,True,54.2,3.0
v2_shipped,synth_1500_extremely_high_fat,1500kcal / extremely high fat,synthetic,full_day,1500.0,80.6,45.0,110.8,1218,79,108,52,-18.8,-2.0,140.0,-53.1,best_effort_lp,BEST_EFFORT_LP,relaxed,1.0,971.55,17,,,True,17.1,1.0
v2_shipped,synth_1500_extremely_high_fat,1500kcal / extremely high fat,synthetic,lunch_snack_dinner,1500.0,80.6,45.0,110.8,1149,76,92,53,-23.4,-5.7,104.4,-52.2,best_effort_lp,BEST_EFFORT_LP,relaxed,1.0,906.13,17,,,True,26.7,2.0
v2_shipped,synth_1500_extremely_high_fat,1500kcal / extremely high fat,synthetic,lunch_dinner,1500.0,80.6,45.0,110.8,1021,73,75,48,-31.9,-9.4,66.7,-56.7,best_effort_lp,BEST_EFFORT_LP,relaxed,1.0,976.04,17,,,True,30.1,2.0
v2_shipped,synth_1500_extremely_high_fat,1500kcal / extremely high fat,synthetic,lunch_only,1500.0,80.6,45.0,110.8,750,72,44,32,-50.0,-10.7,-2.2,-71.1,best_effort_lp,BEST_EFFORT_LP,relaxed,1.0,1207.21,17,,,True,55.7,2.0
v2_shipped,synth_1500_extremely_high_fat,1500kcal / extremely high fat,synthetic,dinner_only,1500.0,80.6,45.0,110.8,1167,80,61,67,-22.2,-0.7,35.6,-39.5,best_effort_lp,BEST_EFFORT_LP,relaxed,1.0,923.63,17,,,True,65.8,5.0
v2_shipped,synth_1500_extremely_high_fat,1500kcal / extremely high fat,synthetic,lunch_snack,1500.0,80.6,45.0,110.8,877,75,61,37,-41.5,-6.9,35.6,-66.6,best_effort_lp,BEST_EFFORT_LP,relaxed,1.0,865.82,17,,,True,47.6,2.0
v2_shipped,synth_1500_low_carbs,1500kcal / low carbs,synthetic,full_day,1500.0,120.0,66.0,84.0,1550,136,76,78,3.3,13.3,15.2,-7.1,strict_relaxed_tol,0.1,strict,0.5,297.18,4,,,True,33.7,2.5
v2_shipped,synth_1500_low_carbs,1500kcal / low carbs,synthetic,lunch_snack_dinner,1500.0,120.0,66.0,84.0,1498,125,76,77,-0.1,4.2,15.2,-8.3,strict_tight,0.08,strict,0.5,141.72,2,,,True,35.9,3.5
v2_shipped,synth_1500_low_carbs,1500kcal / low carbs,synthetic,lunch_dinner,1500.0,120.0,66.0,84.0,1468,125,69,77,-2.1,4.2,4.5,-8.3,strict_tight,0.08,strict,0.5,110.92,2,,,True,36.6,3.5
v2_shipped,synth_1500_low_carbs,1500kcal / low carbs,synthetic,lunch_only,1500.0,120.0,66.0,84.0,1410,142,75,60,-6.0,18.3,13.6,-28.6,best_effort_lp,BEST_EFFORT_LP,relaxed,1.0,877.56,17,,,True,59.2,4.0
v2_shipped,synth_1500_low_carbs,1500kcal / low carbs,synthetic,dinner_only,1500.0,120.0,66.0,84.0,1493,110,73,84,-0.5,-8.3,10.6,0.0,strict_tight,0.08,strict,0.5,98.98,2,,,True,77.1,7.5
v2_shipped,synth_1500_low_carbs,1500kcal / low carbs,synthetic,lunch_snack,1500.0,120.0,66.0,84.0,1433,141,71,65,-4.5,17.5,7.6,-22.6,best_effort_lp,BEST_EFFORT_LP,relaxed,1.0,844.11,17,,,True,58.2,4.0
v2_shipped,synth_1500_extremely_low_carbs,1500kcal / extremely low carbs,synthetic,full_day,1500.0,122.8,45.0,92.1,1580,123,111,71,5.3,0.2,146.7,-22.9,best_effort_lp,BEST_EFFORT_LP,relaxed,1.0,825.05,17,,,True,26.4,2.0
v2_shipped,synth_1500_extremely_low_carbs,1500kcal / extremely low carbs,synthetic,lunch_snack_dinner,1500.0,122.8,45.0,92.1,1427,109,97,67,-4.9,-11.2,115.6,-27.3,best_effort_lp,BEST_EFFORT_LP,relaxed,1.0,898.82,17,,,True,29.2,2.0
v2_shipped,synth_1500_extremely_low_carbs,1500kcal / extremely low carbs,synthetic,lunch_dinner,1500.0,122.8,45.0,92.1,1299,106,80,62,-13.4,-13.7,77.8,-32.7,best_effort_lp,BEST_EFFORT_LP,relaxed,1.0,889.19,17,,,True,32.1,2.0
v2_shipped,synth_1500_extremely_low_carbs,1500kcal / extremely low carbs,synthetic,lunch_only,1500.0,122.8,45.0,92.1,1098,130,46,44,-26.8,5.9,2.2,-52.2,best_effort_lp,BEST_EFFORT_LP,relaxed,1.0,853.83,17,,,True,76.0,4.0
v2_shipped,synth_1500_extremely_low_carbs,1500kcal / extremely low carbs,synthetic,dinner_only,1500.0,122.8,45.0,92.1,1562,109,82,89,4.1,-11.2,82.2,-3.4,best_effort_lp,BEST_EFFORT_LP,relaxed,1.0,853.6,17,,,True,68.8,7.0
v2_shipped,synth_1500_extremely_low_carbs,1500kcal / extremely low carbs,synthetic,lunch_snack,1500.0,122.8,45.0,92.1,1226,133,64,49,-18.3,8.3,42.2,-46.8,best_effort_lp,BEST_EFFORT_LP,relaxed,1.0,817.52,17,,,True,68.1,4.0
v2_shipped,synth_1500_high_carbs,1500kcal / high carbs,synthetic,full_day,1500.0,72.0,222.0,36.0,1339,81,136,52,-10.7,12.5,-38.7,44.4,best_effort_lp,BEST_EFFORT_LP,relaxed,1.0,841.72,17,,,True,15.6,2.0
v2_shipped,synth_1500_high_carbs,1500kcal / high carbs,synthetic,lunch_snack_dinner,1500.0,72.0,222.0,36.0,1084,64,111,43,-27.7,-11.1,-50.0,19.4,best_effort_lp,BEST_EFFORT_LP,relaxed,1.0,833.57,17,,,True,19.3,2.0
v2_shipped,synth_1500_high_carbs,1500kcal / high carbs,synthetic,lunch_dinner,1500.0,72.0,222.0,36.0,956,61,94,37,-36.3,-15.3,-57.7,2.8,best_effort_lp,BEST_EFFORT_LP,relaxed,1.0,851.07,17,,,True,21.8,2.0
v2_shipped,synth_1500_high_carbs,1500kcal / high carbs,synthetic,lunch_only,1500.0,72.0,222.0,36.0,854,76,66,32,-43.1,5.6,-70.3,-11.1,best_effort_lp,BEST_EFFORT_LP,relaxed,1.0,841.6,17,,,True,48.8,2.0
v2_shipped,synth_1500_high_carbs,1500kcal / high carbs,synthetic,dinner_only,1500.0,72.0,222.0,36.0,1648,77,215,54,9.9,6.9,-3.2,50.0,best_effort_lp,BEST_EFFORT_LP,relaxed,1.0,807.35,17,,,True,53.4,10.0
v2_shipped,synth_1500_high_carbs,1500kcal / high carbs,synthetic,lunch_snack,1500.0,72.0,222.0,36.0,1041,78,98,38,-30.6,8.3,-55.9,5.6,best_effort_lp,BEST_EFFORT_LP,relaxed,1.0,816.09,17,,,True,40.1,2.0
v2_shipped,synth_1500_extremely_high_carbs,1500kcal / extremely high carbs,synthetic,full_day,1500.0,54.0,273.8,21.0,1339,81,136,52,-10.7,50.0,-50.3,147.6,best_effort_lp,BEST_EFFORT_LP,relaxed,1.0,826.62,17,,,True,15.6,2.0
v2_shipped,synth_1500_extremely_high_carbs,1500kcal / extremely high carbs,synthetic,lunch_snack_dinner,1500.0,54.0,273.8,21.0,1084,64,111,43,-27.7,18.5,-59.5,104.8,best_effort_lp,BEST_EFFORT_LP,relaxed,1.0,859.0,17,,,True,19.3,2.0
v2_shipped,synth_1500_extremely_high_carbs,1500kcal / extremely high carbs,synthetic,lunch_dinner,1500.0,54.0,273.8,21.0,956,61,94,37,-36.3,13.0,-65.7,76.2,best_effort_lp,BEST_EFFORT_LP,relaxed,1.0,863.24,17,,,True,21.8,2.0
v2_shipped,synth_1500_extremely_high_carbs,1500kcal / extremely high carbs,synthetic,lunch_only,1500.0,54.0,273.8,21.0,472,39,39,18,-68.5,-27.8,-85.8,-14.3,best_effort_lp,BEST_EFFORT_LP,relaxed,1.0,816.33,17,,,True,44.2,1.0
v2_shipped,synth_1500_extremely_high_carbs,1500kcal / extremely high carbs,synthetic,dinner_only,1500.0,54.0,273.8,21.0,901,41,115,31,-39.9,-24.1,-58.0,47.6,best_effort_lp,BEST_EFFORT_LP,relaxed,1.0,883.79,17,,,True,48.8,5.0
v2_shipped,synth_1500_extremely_high_carbs,1500kcal / extremely high carbs,synthetic,lunch_snack,1500.0,54.0,273.8,21.0,600,42,56,23,-60.0,-22.2,-79.5,9.5,best_effort_lp,BEST_EFFORT_LP,relaxed,1.0,848.62,17,,,True,34.8,1.0
v2_shipped,synth_2000_balanced,2000kcal / balanced,synthetic,full_day,2000.0,120.0,211.2,75.0,2036,133,212,73,1.8,10.8,0.4,-2.7,strict_tight,0.08,strict,1.0,109.96,1,,,True,21.6,5.0
v2_shipped,synth_2000_balanced,2000kcal / balanced,synthetic,lunch_snack_dinner,2000.0,120.0,211.2,75.0,1982,120,210,74,-0.9,0.0,-0.6,-1.3,strict_tight,0.08,strict,1.0,96.08,1,,,True,21.1,4.0
v2_shipped,synth_2000_balanced,2000kcal / balanced,synthetic,lunch_dinner,2000.0,120.0,211.2,75.0,1997,132,201,74,-0.1,10.0,-4.8,-1.3,strict_tight,0.08,strict,1.0,52.22,1,,,True,26.4,6.0
v2_shipped,synth_2000_balanced,2000kcal / balanced,synthetic,lunch_only,2000.0,120.0,211.2,75.0,1514,145,97,61,-24.3,20.8,-54.1,-18.7,best_effort_lp,BEST_EFFORT_LP,relaxed,1.0,1036.97,17,,,True,55.1,4.0
v2_shipped,synth_2000_balanced,2000kcal / balanced,synthetic,dinner_only,2000.0,120.0,211.2,75.0,1955,104,217,75,-2.2,-13.3,2.7,0.0,strict_tight,0.08,strict,1.0,54.41,1,,,True,47.1,10.0
v2_shipped,synth_2000_balanced,2000kcal / balanced,synthetic,lunch_snack,2000.0,120.0,211.2,75.0,2010,140,186,78,0.5,16.7,-11.9,4.0,relaxed_culinary,0.15,relaxed,0.5,730.77,14,,,True,36.3,5.5
v2_shipped,synth_2000_low_protein,2000kcal / low protein,synthetic,full_day,2000.0,82.5,248.8,75.0,1929,109,221,68,-3.5,32.1,-11.2,-9.3,strict_relaxed_tol,0.15,strict,0.5,419.23,6,,,True,22.8,5.0
v2_shipped,synth_2000_low_protein,2000kcal / low protein,synthetic,lunch_snack_dinner,2000.0,82.5,248.8,75.0,1943,104,225,70,-2.9,26.1,-9.6,-6.7,strict_relaxed_tol,0.1,strict,0.5,209.26,4,,,True,23.0,5.0
v2_shipped,synth_2000_low_protein,2000kcal / low protein,synthetic,lunch_dinner,2000.0,82.5,248.8,75.0,2085,134,221,74,4.2,62.4,-11.2,-1.3,best_effort_lp,BEST_EFFORT_LP,relaxed,1.0,884.91,17,,,True,29.5,7.0
v2_shipped,synth_2000_low_protein,2000kcal / low protein,synthetic,lunch_only,2000.0,82.5,248.8,75.0,1237,112,92,47,-38.1,35.8,-63.0,-37.3,best_effort_lp,BEST_EFFORT_LP,relaxed,1.0,848.14,17,,,True,50.6,3.0
v2_shipped,synth_2000_low_protein,2000kcal / low protein,synthetic,dinner_only,2000.0,82.5,248.8,75.0,2028,98,240,75,1.4,18.8,-3.5,0.0,strict_tight,0.08,strict,1.0,53.69,1,,,True,47.7,11.0
v2_shipped,synth_2000_low_protein,2000kcal / low protein,synthetic,lunch_snack,2000.0,82.5,248.8,75.0,1876,125,178,74,-6.2,51.5,-28.5,-1.3,best_effort_lp,BEST_EFFORT_LP,relaxed,1.0,835.24,17,,,True,34.1,5.0
v2_shipped,synth_2000_extremely_low_protein,2000kcal / extremely low protein,synthetic,full_day,2000.0,45.0,286.2,75.0,1850,91,204,74,-7.5,102.2,-28.7,-1.3,best_effort_lp,BEST_EFFORT_LP,relaxed,1.0,865.42,17,,,True,34.6,5.0
v2_shipped,synth_2000_extremely_low_protein,2000kcal / extremely low protein,synthetic,lunch_snack_dinner,2000.0,45.0,286.2,75.0,1467,72,162,59,-26.7,60.0,-43.4,-21.3,best_effort_lp,BEST_EFFORT_LP,relaxed,1.0,874.11,17,,,True,34.9,4.0
v2_shipped,synth_2000_extremely_low_protein,2000kcal / extremely low protein,synthetic,lunch_dinner,2000.0,45.0,286.2,75.0,956,61,94,37,-52.2,35.6,-67.2,-50.7,best_effort_lp,BEST_EFFORT_LP,relaxed,1.0,925.62,17,,,True,21.8,2.0
v2_shipped,synth_2000_extremely_low_protein,2000kcal / extremely low protein,synthetic,lunch_only,2000.0,45.0,286.2,75.0,472,39,39,18,-76.4,-13.3,-86.4,-76.0,best_effort_lp,BEST_EFFORT_LP,relaxed,1.0,1003.49,17,,,True,44.2,1.0
v2_shipped,synth_2000_extremely_low_protein,2000kcal / extremely low protein,synthetic,dinner_only,2000.0,45.0,286.2,75.0,1787,82,220,64,-10.7,82.2,-23.1,-14.7,best_effort_lp,BEST_EFFORT_LP,relaxed,1.0,945.99,17,,,True,49.2,10.0
v2_shipped,synth_2000_extremely_low_protein,2000kcal / extremely low protein,synthetic,lunch_snack,2000.0,45.0,286.2,75.0,600,42,56,23,-70.0,-6.7,-80.4,-69.3,best_effort_lp,BEST_EFFORT_LP,relaxed,1.0,1061.56,17,,,True,34.8,1.0
v2_shipped,synth_2000_high_protein,2000kcal / high protein,synthetic,full_day,2000.0,150.0,181.2,75.0,1988,145,179,77,-0.6,-3.3,-1.2,2.7,strict_tight,0.08,strict,1.0,93.36,1,,,True,21.0,3.0
v2_shipped,synth_2000_high_protein,2000kcal / high protein,synthetic,lunch_snack_dinner,2000.0,150.0,181.2,75.0,2021,149,182,77,1.1,-0.7,0.4,2.7,strict_tight,0.08,strict,1.0,88.65,1,,,True,31.0,3.0
v2_shipped,synth_2000_high_protein,2000kcal / high protein,synthetic,lunch_dinner,2000.0,150.0,181.2,75.0,2033,150,185,77,1.7,0.0,2.1,2.7,strict_tight,0.08,strict,1.0,108.45,1,,,True,30.8,5.0
v2_shipped,synth_2000_high_protein,2000kcal / high protein,synthetic,lunch_only,2000.0,150.0,181.2,75.0,1792,178,102,75,-10.4,18.7,-43.7,0.0,best_effort_lp,BEST_EFFORT_LP,relaxed,1.0,940.11,17,,,True,58.2,5.0
v2_shipped,synth_2000_high_protein,2000kcal / high protein,synthetic,dinner_only,2000.0,150.0,181.2,75.0,1977,119,182,86,-1.1,-20.7,0.4,14.7,strict_relaxed_tol,0.2,strict,0.5,412.62,8,,,True,58.3,8.5
v2_shipped,synth_2000_high_protein,2000kcal / high protein,synthetic,lunch_snack,2000.0,150.0,181.2,75.0,2061,168,164,81,3.0,12.0,-9.5,8.0,strict_tight,0.08,strict,0.5,212.82,2,,,True,45.6,4.5
v2_shipped,synth_2000_extremely_high_protein,2000kcal / extremely high protein,synthetic,full_day,2000.0,195.0,136.2,75.0,2041,194,137,80,2.1,-0.5,0.6,6.7,strict_tight,0.08,strict,0.5,133.92,2,,,True,40.9,4.0
v2_shipped,synth_2000_extremely_high_protein,2000kcal / extremely high protein,synthetic,lunch_snack_dinner,2000.0,195.0,136.2,75.0,1993,186,136,78,-0.4,-4.6,-0.1,4.0,strict_tight,0.08,strict,0.5,145.72,2,,,True,47.1,4.5
v2_shipped,synth_2000_extremely_high_protein,2000kcal / extremely high protein,synthetic,lunch_dinner,2000.0,195.0,136.2,75.0,2034,196,139,77,1.7,0.5,2.1,2.7,strict_tight,0.08,strict,0.5,151.48,2,,,True,51.3,5.0
v2_shipped,synth_2000_extremely_high_protein,2000kcal / extremely high protein,synthetic,lunch_only,2000.0,195.0,136.2,75.0,2105,224,105,88,5.2,14.9,-22.9,17.3,strict_relaxed_tol,0.2,strict,0.5,502.0,8,,,True,64.4,6.5
v2_shipped,synth_2000_extremely_high_protein,2000kcal / extremely high protein,synthetic,dinner_only,2000.0,195.0,136.2,75.0,1604,97,138,74,-19.8,-50.3,1.3,-1.3,best_effort_lp,BEST_EFFORT_LP,relaxed,1.0,865.69,17,,,True,57.4,6.0
v2_shipped,synth_2000_extremely_high_protein,2000kcal / extremely high protein,synthetic,lunch_snack,2000.0,195.0,136.2,75.0,1980,202,129,73,-1.0,3.6,-5.3,-2.7,strict_tight,0.08,strict,1.0,85.82,1,,,True,63.2,6.0
v2_shipped,synth_2000_low_fat,2000kcal / low fat,synthetic,full_day,2000.0,120.0,295.6,37.5,1547,111,138,61,-22.7,-7.5,-53.3,62.7,best_effort_lp,BEST_EFFORT_LP,relaxed,1.0,1016.34,17,,,True,27.0,2.0
v2_shipped,synth_2000_low_fat,2000kcal / low fat,synthetic,lunch_snack_dinner,2000.0,120.0,295.6,37.5,1815,116,195,63,-9.2,-3.3,-34.0,68.0,best_effort_lp,BEST_EFFORT_LP,relaxed,1.0,964.63,17,,,True,24.2,5.0
v2_shipped,synth_2000_low_fat,2000kcal / low fat,synthetic,lunch_dinner,2000.0,120.0,295.6,37.5,1687,114,178,58,-15.7,-5.0,-39.8,54.7,best_effort_lp,BEST_EFFORT_LP,relaxed,1.0,1026.85,17,,,True,26.1,5.0
v2_shipped,synth_2000_low_fat,2000kcal / low fat,synthetic,lunch_only,2000.0,120.0,295.6,37.5,1099,106,87,36,-45.1,-11.7,-70.6,-4.0,best_effort_lp,BEST_EFFORT_LP,relaxed,1.0,990.4,17,,,True,57.0,3.0
v2_shipped,synth_2000_low_fat,2000kcal / low fat,synthetic,dinner_only,2000.0,120.0,295.6,37.5,1978,94,255,65,-1.1,-21.7,-13.7,73.3,best_effort_lp,BEST_EFFORT_LP,relaxed,1.0,932.94,17,,,True,53.4,12.0
v2_shipped,synth_2000_low_fat,2000kcal / low fat,synthetic,lunch_snack,2000.0,120.0,295.6,37.5,1226,109,105,41,-38.7,-9.2,-64.5,9.3,best_effort_lp,BEST_EFFORT_LP,relaxed,1.0,1053.56,17,,,True,51.0,3.0
v2_shipped,synth_2000_extremely_low_fat,2000kcal / extremely low fat,synthetic,full_day,2000.0,120.0,337.8,18.8,1339,81,136,52,-33.1,-32.5,-59.7,176.6,best_effort_lp,BEST_EFFORT_LP,relaxed,1.0,991.01,17,,,True,15.6,2.0
v2_shipped,synth_2000_extremely_low_fat,2000kcal / extremely low fat,synthetic,lunch_snack_dinner,2000.0,120.0,337.8,18.8,1084,64,111,43,-45.8,-46.7,-67.1,128.7,best_effort_lp,BEST_EFFORT_LP,relaxed,1.0,1146.49,17,,,True,19.3,2.0
v2_shipped,synth_2000_extremely_low_fat,2000kcal / extremely low fat,synthetic,lunch_dinner,2000.0,120.0,337.8,18.8,956,61,94,37,-52.2,-49.2,-72.2,96.8,best_effort_lp,BEST_EFFORT_LP,relaxed,1.0,1031.3,17,,,True,21.8,2.0
v2_shipped,synth_2000_extremely_low_fat,2000kcal / extremely low fat,synthetic,lunch_only,2000.0,120.0,337.8,18.8,785,73,63,27,-60.8,-39.2,-81.3,43.6,best_effort_lp,BEST_EFFORT_LP,relaxed,1.0,976.64,17,,,True,53.1,2.0
v2_shipped,synth_2000_extremely_low_fat,2000kcal / extremely low fat,synthetic,dinner_only,2000.0,120.0,337.8,18.8,484,22,55,20,-75.8,-81.7,-83.7,6.4,best_effort_lp,BEST_EFFORT_LP,relaxed,1.0,929.54,17,,,True,36.4,2.0
v2_shipped,synth_2000_extremely_low_fat,2000kcal / extremely low fat,synthetic,lunch_snack,2000.0,120.0,337.8,18.8,600,42,56,23,-70.0,-65.0,-83.4,22.3,best_effort_lp,BEST_EFFORT_LP,relaxed,1.0,853.84,17,,,True,34.8,1.0
v2_shipped,synth_2000_high_fat,2000kcal / high fat,synthetic,full_day,2000.0,120.0,110.0,120.0,2118,151,140,106,5.9,25.8,27.3,-11.7,relaxed_culinary,0.2,relaxed,0.5,903.32,16,,,True,29.0,4.0
v2_shipped,synth_2000_high_fat,2000kcal / high fat,synthetic,lunch_snack_dinner,2000.0,120.0,110.0,120.0,2105,150,136,107,5.2,25.0,23.6,-10.8,relaxed_culinary,0.2,relaxed,0.5,893.7,16,,,True,32.8,4.5
v2_shipped,synth_2000_high_fat,2000kcal / high fat,synthetic,lunch_dinner,2000.0,120.0,110.0,120.0,1917,152,105,99,-4.2,26.7,-4.5,-17.5,best_effort_lp,BEST_EFFORT_LP,relaxed,1.0,880.57,17,,,True,40.1,5.0
v2_shipped,synth_2000_high_fat,2000kcal / high fat,synthetic,lunch_only,2000.0,120.0,110.0,120.0,1514,145,97,61,-24.3,20.8,-11.8,-49.2,best_effort_lp,BEST_EFFORT_LP,relaxed,1.0,835.67,17,,,True,55.1,4.0
v2_shipped,synth_2000_high_fat,2000kcal / high fat,synthetic,dinner_only,2000.0,120.0,110.0,120.0,1957,138,104,110,-2.1,15.0,-5.5,-8.3,strict_tight,0.08,strict,1.0,63.15,1,,,True,70.6,9.0
v2_shipped,synth_2000_high_fat,2000kcal / high fat,synthetic,lunch_snack,2000.0,120.0,110.0,120.0,1539,116,117,68,-23.1,-3.3,6.4,-43.3,best_effort_lp,BEST_EFFORT_LP,relaxed,1.0,875.24,17,,,True,40.7,4.0
v2_shipped,synth_2000_extremely_high_fat,2000kcal / extremely high fat,synthetic,full_day,2000.0,108.4,56.2,149.0,1499,108,116,67,-25.1,-0.4,106.4,-55.0,best_effort_lp,BEST_EFFORT_LP,relaxed,1.0,935.54,17,,,True,20.5,2.0
v2_shipped,synth_2000_extremely_high_fat,2000kcal / extremely high fat,synthetic,lunch_snack_dinner,2000.0,108.4,56.2,149.0,1427,109,97,67,-28.6,0.6,72.6,-55.0,best_effort_lp,BEST_EFFORT_LP,relaxed,1.0,884.03,17,,,True,29.2,2.0
v2_shipped,synth_2000_extremely_high_fat,2000kcal / extremely high fat,synthetic,lunch_dinner,2000.0,108.4,56.2,149.0,1299,106,80,62,-35.0,-2.2,42.3,-58.4,best_effort_lp,BEST_EFFORT_LP,relaxed,1.0,851.48,17,,,True,32.1,2.0
v2_shipped,synth_2000_extremely_high_fat,2000kcal / extremely high fat,synthetic,lunch_only,2000.0,108.4,56.2,149.0,1027,105,49,46,-48.6,-3.1,-12.8,-69.1,best_effort_lp,BEST_EFFORT_LP,relaxed,1.0,809.69,17,,,True,60.9,3.0
v2_shipped,synth_2000_extremely_high_fat,2000kcal / extremely high fat,synthetic,dinner_only,2000.0,108.4,56.2,149.0,1562,109,82,89,-21.9,0.6,45.9,-40.3,best_effort_lp,BEST_EFFORT_LP,relaxed,1.0,823.55,17,,,True,68.8,7.0
v2_shipped,synth_2000_extremely_high_fat,2000kcal / extremely high fat,synthetic,lunch_snack,2000.0,108.4,56.2,149.0,1155,108,66,51,-42.2,-0.4,17.4,-65.8,best_effort_lp,BEST_EFFORT_LP,relaxed,1.0,834.47,17,,,True,54.2,3.0
v2_shipped,synth_2000_low_carbs,2000kcal / low carbs,synthetic,full_day,2000.0,150.0,113.8,105.0,1974,155,114,100,-1.3,3.3,0.2,-4.8,strict_tight,0.08,strict,0.5,159.39,2,,,True,27.2,3.5
v2_shipped,synth_2000_low_carbs,2000kcal / low carbs,synthetic,lunch_snack_dinner,2000.0,150.0,113.8,105.0,2015,160,125,97,0.8,6.7,9.8,-7.6,strict_tight,0.08,strict,1.0,80.82,1,,,True,31.1,3.0
v2_shipped,synth_2000_low_carbs,2000kcal / low carbs,synthetic,lunch_dinner,2000.0,150.0,113.8,105.0,2021,155,127,99,1.1,3.3,11.6,-5.7,strict_tight,0.08,strict,1.0,81.32,1,,,True,38.0,5.0
v2_shipped,synth_2000_low_carbs,2000kcal / low carbs,synthetic,lunch_only,2000.0,150.0,113.8,105.0,1792,178,102,75,-10.4,18.7,-10.4,-28.6,best_effort_lp,BEST_EFFORT_LP,relaxed,1.0,876.25,17,,,True,58.2,5.0
v2_shipped,synth_2000_low_carbs,2000kcal / low carbs,synthetic,dinner_only,2000.0,150.0,113.8,105.0,1976,137,121,105,-1.2,-8.7,6.3,0.0,strict_tight,0.08,strict,1.0,55.59,1,,,True,69.9,9.0
v2_shipped,synth_2000_low_carbs,2000kcal / low carbs,synthetic,lunch_snack,2000.0,150.0,113.8,105.0,1987,180,112,91,-0.7,20.0,-1.6,-13.3,strict_relaxed_tol,0.2,strict,0.5,432.1,8,,,True,52.5,5.0
v2_shipped,synth_2000_extremely_low_carbs,2000kcal / extremely low carbs,synthetic,full_day,2000.0,165.1,56.2,123.8,2197,169,136,109,9.8,2.4,142.0,-12.0,best_effort_lp,BEST_EFFORT_LP,relaxed,1.0,877.6,17,,,True,34.9,5.0
v2_shipped,synth_2000_extremely_low_carbs,2000kcal / extremely low carbs,synthetic,lunch_snack_dinner,2000.0,165.1,56.2,123.8,1962,165,119,92,-1.9,-0.1,111.7,-25.7,best_effort_lp,BEST_EFFORT_LP,relaxed,1.0,905.16,17,,,True,31.9,4.0
v2_shipped,synth_2000_extremely_low_carbs,2000kcal / extremely low carbs,synthetic,lunch_dinner,2000.0,165.1,56.2,123.8,2124,195,86,111,6.2,18.1,53.0,-10.3,strict_relaxed_tol,0.2,strict,0.5,546.36,8,,,True,36.1,5.0
v2_shipped,synth_2000_extremely_low_carbs,2000kcal / extremely low carbs,synthetic,lunch_only,2000.0,165.1,56.2,123.8,1583,172,58,74,-20.8,4.2,3.2,-40.2,best_effort_lp,BEST_EFFORT_LP,relaxed,1.0,960.52,17,,,True,65.9,5.0
v2_shipped,synth_2000_extremely_low_carbs,2000kcal / extremely low carbs,synthetic,dinner_only,2000.0,165.1,56.2,123.8,2111,152,105,121,5.5,-7.9,86.8,-2.3,best_effort_lp,BEST_EFFORT_LP,relaxed,1.0,872.48,17,,,True,72.7,10.0
v2_shipped,synth_2000_extremely_low_carbs,2000kcal / extremely low carbs,synthetic,lunch_snack,2000.0,165.1,56.2,123.8,1503,166,68,63,-24.9,0.5,21.0,-49.1,best_effort_lp,BEST_EFFORT_LP,relaxed,1.0,896.75,17,,,True,69.4,5.0
v2_shipped,synth_2000_high_carbs,2000kcal / high carbs,synthetic,full_day,2000.0,90.0,308.8,45.0,1339,81,136,52,-33.1,-10.0,-56.0,15.6,best_effort_lp,BEST_EFFORT_LP,relaxed,1.0,875.19,17,,,True,15.6,2.0
v2_shipped,synth_2000_high_carbs,2000kcal / high carbs,synthetic,lunch_snack_dinner,2000.0,90.0,308.8,45.0,1292,94,113,51,-35.4,4.4,-63.4,13.3,best_effort_lp,BEST_EFFORT_LP,relaxed,1.0,881.18,17,,,True,32.3,2.0
v2_shipped,synth_2000_high_carbs,2000kcal / high carbs,synthetic,lunch_dinner,2000.0,90.0,308.8,45.0,1164,92,96,46,-41.8,2.2,-68.9,2.2,best_effort_lp,BEST_EFFORT_LP,relaxed,1.0,861.03,17,,,True,35.8,2.0
v2_shipped,synth_2000_high_carbs,2000kcal / high carbs,synthetic,lunch_only,2000.0,90.0,308.8,45.0,1237,112,92,47,-38.1,24.4,-70.2,4.4,best_effort_lp,BEST_EFFORT_LP,relaxed,1.0,874.89,17,,,True,50.6,3.0
v2_shipped,synth_2000_high_carbs,2000kcal / high carbs,synthetic,dinner_only,2000.0,90.0,308.8,45.0,1978,94,255,65,-1.1,4.4,-17.4,44.4,best_effort_lp,BEST_EFFORT_LP,relaxed,1.0,843.53,17,,,True,53.4,12.0
v2_shipped,synth_2000_high_carbs,2000kcal / high carbs,synthetic,lunch_snack,2000.0,90.0,308.8,45.0,1238,83,117,49,-38.1,-7.8,-62.1,8.9,best_effort_lp,BEST_EFFORT_LP,relaxed,1.0,812.64,17,,,True,33.7,3.0
v2_shipped,synth_2000_extremely_high_carbs,2000kcal / extremely high carbs,synthetic,full_day,2000.0,67.5,373.4,26.2,1339,81,136,52,-33.1,20.0,-63.6,98.5,best_effort_lp,BEST_EFFORT_LP,relaxed,1.0,897.97,17,,,True,15.6,2.0
v2_shipped,synth_2000_extremely_high_carbs,2000kcal / extremely high carbs,synthetic,lunch_snack_dinner,2000.0,67.5,373.4,26.2,1084,64,111,43,-45.8,-5.2,-70.3,64.1,best_effort_lp,BEST_EFFORT_LP,relaxed,1.0,970.85,17,,,True,19.3,2.0
v2_shipped,synth_2000_extremely_high_carbs,2000kcal / extremely high carbs,synthetic,lunch_dinner,2000.0,67.5,373.4,26.2,956,61,94,37,-52.2,-9.6,-74.8,41.2,best_effort_lp,BEST_EFFORT_LP,relaxed,1.0,864.23,17,,,True,21.8,2.0
v2_shipped,synth_2000_extremely_high_carbs,2000kcal / extremely high carbs,synthetic,lunch_only,2000.0,67.5,373.4,26.2,785,73,63,27,-60.8,8.1,-83.1,3.1,best_effort_lp,BEST_EFFORT_LP,relaxed,1.0,838.77,17,,,True,53.1,2.0
v2_shipped,synth_2000_extremely_high_carbs,2000kcal / extremely high carbs,synthetic,dinner_only,2000.0,67.5,373.4,26.2,901,41,115,31,-54.9,-39.3,-69.2,18.3,best_effort_lp,BEST_EFFORT_LP,relaxed,1.0,877.15,17,,,True,48.8,5.0
v2_shipped,synth_2000_extremely_high_carbs,2000kcal / extremely high carbs,synthetic,lunch_snack,2000.0,67.5,373.4,26.2,913,75,80,32,-54.4,11.1,-78.6,22.1,best_effort_lp,BEST_EFFORT_LP,relaxed,1.0,832.55,17,,,True,45.7,2.0
v2_shipped,synth_2500_balanced,2500kcal / balanced,synthetic,full_day,2500.0,136.0,297.8,85.0,2453,141,271,89,-1.9,3.7,-9.0,4.7,strict_tight,0.08,strict,1.0,58.13,1,,,True,20.8,5.0
v2_shipped,synth_2500_balanced,2500kcal / balanced,synthetic,lunch_snack_dinner,2500.0,136.0,297.8,85.0,2511,158,270,89,0.4,16.2,-9.3,4.7,strict_tight,0.08,strict,1.0,86.69,1,,,True,24.9,5.0
v2_shipped,synth_2500_balanced,2500kcal / balanced,synthetic,lunch_dinner,2500.0,136.0,297.8,85.0,2485,161,264,87,-0.6,18.4,-11.3,2.4,strict_relaxed_tol,0.15,strict,0.5,380.51,6,,,True,30.1,8.5
v2_shipped,synth_2500_balanced,2500kcal / balanced,synthetic,lunch_only,2500.0,136.0,297.8,85.0,1514,145,97,61,-39.4,6.6,-67.4,-28.2,best_effort_lp,BEST_EFFORT_LP,relaxed,1.0,1043.58,17,,,True,55.1,4.0
v2_shipped,synth_2500_balanced,2500kcal / balanced,synthetic,dinner_only,2500.0,136.0,297.8,85.0,2461,124,297,86,-1.6,-8.8,-0.3,1.2,strict_tight,0.08,strict,1.0,57.21,1,,,True,50.1,14.0
v2_shipped,synth_2500_balanced,2500kcal / balanced,synthetic,lunch_snack,2500.0,136.0,297.8,85.0,2212,158,197,88,-11.5,16.2,-33.8,3.5,best_effort_lp,BEST_EFFORT_LP,relaxed,1.0,930.38,17,,,True,37.7,6.0
v2_shipped,synth_2500_low_protein,2500kcal / low protein,synthetic,full_day,2500.0,93.5,340.2,85.0,2578,128,307,93,3.1,36.9,-9.8,9.4,relaxed_culinary,0.2,relaxed,0.5,1025.66,16,,,True,34.7,7.0
v2_shipped,synth_2500_low_protein,2500kcal / low protein,synthetic,lunch_snack_dinner,2500.0,93.5,340.2,85.0,2588,123,305,97,3.5,31.6,-10.3,14.1,relaxed_culinary,0.2,relaxed,0.5,919.33,16,,,True,34.6,7.0
v2_shipped,synth_2500_low_protein,2500kcal / low protein,synthetic,lunch_dinner,2500.0,93.5,340.2,85.0,2154,136,223,80,-13.8,45.5,-34.5,-5.9,best_effort_lp,BEST_EFFORT_LP,relaxed,1.0,877.54,17,,,True,28.6,7.0
v2_shipped,synth_2500_low_protein,2500kcal / low protein,synthetic,lunch_only,2500.0,93.5,340.2,85.0,1237,112,92,47,-50.5,19.8,-73.0,-44.7,best_effort_lp,BEST_EFFORT_LP,relaxed,1.0,797.78,17,,,True,50.6,3.0
v2_shipped,synth_2500_low_protein,2500kcal / low protein,synthetic,dinner_only,2500.0,93.5,340.2,85.0,2464,115,318,81,-1.4,23.0,-6.5,-4.7,strict_tight,0.08,strict,1.0,47.66,1,,,True,53.5,15.0
v2_shipped,synth_2500_low_protein,2500kcal / low protein,synthetic,lunch_snack,2500.0,93.5,340.2,85.0,1876,125,178,74,-25.0,33.7,-47.7,-12.9,best_effort_lp,BEST_EFFORT_LP,relaxed,1.0,827.32,17,,,True,34.1,5.0
v2_shipped,synth_2500_extremely_low_protein,2500kcal / extremely low protein,synthetic,full_day,2500.0,51.0,382.8,85.0,1850,91,204,74,-26.0,78.4,-46.7,-12.9,best_effort_lp,BEST_EFFORT_LP,relaxed,1.0,864.35,17,,,True,34.6,5.0
v2_shipped,synth_2500_extremely_low_protein,2500kcal / extremely low protein,synthetic,lunch_snack_dinner,2500.0,51.0,382.8,85.0,1467,72,162,59,-41.3,41.2,-57.7,-30.6,best_effort_lp,BEST_EFFORT_LP,relaxed,1.0,911.23,17,,,True,34.9,4.0
v2_shipped,synth_2500_extremely_low_protein,2500kcal / extremely low protein,synthetic,lunch_dinner,2500.0,51.0,382.8,85.0,956,61,94,37,-61.8,19.6,-75.4,-56.5,best_effort_lp,BEST_EFFORT_LP,relaxed,1.0,828.01,17,,,True,21.8,2.0
v2_shipped,synth_2500_extremely_low_protein,2500kcal / extremely low protein,synthetic,lunch_only,2500.0,51.0,382.8,85.0,854,76,66,32,-65.8,49.0,-82.8,-62.4,best_effort_lp,BEST_EFFORT_LP,relaxed,1.0,843.6,17,,,True,48.8,2.0
v2_shipped,synth_2500_extremely_low_protein,2500kcal / extremely low protein,synthetic,dinner_only,2500.0,51.0,382.8,85.0,1369,64,160,53,-45.2,25.5,-58.2,-37.6,best_effort_lp,BEST_EFFORT_LP,relaxed,1.0,896.01,17,,,True,45.0,7.0
v2_shipped,synth_2500_extremely_low_protein,2500kcal / extremely low protein,synthetic,lunch_snack,2500.0,51.0,382.8,85.0,1238,83,117,49,-50.5,62.7,-69.4,-42.4,best_effort_lp,BEST_EFFORT_LP,relaxed,1.0,937.32,17,,,True,33.7,3.0
v2_shipped,synth_2500_high_protein,2500kcal / high protein,synthetic,full_day,2500.0,170.0,263.8,85.0,2511,170,261,88,0.4,0.0,-1.1,3.5,strict_tight,0.08,strict,1.0,70.51,1,,,True,24.9,5.0
v2_shipped,synth_2500_high_protein,2500kcal / high protein,synthetic,lunch_snack_dinner,2500.0,170.0,263.8,85.0,2457,167,260,84,-1.7,-1.8,-1.4,-1.2,strict_tight,0.08,strict,1.0,98.45,1,,,True,25.5,7.0
v2_shipped,synth_2500_high_protein,2500kcal / high protein,synthetic,lunch_dinner,2500.0,170.0,263.8,85.0,2468,170,247,89,-1.3,0.0,-6.4,4.7,strict_tight,0.08,strict,1.0,69.54,1,,,True,25.4,7.0
v2_shipped,synth_2500_high_protein,2500kcal / high protein,synthetic,lunch_only,2500.0,170.0,263.8,85.0,1792,178,102,75,-28.3,4.7,-61.3,-11.8,best_effort_lp,BEST_EFFORT_LP,relaxed,1.0,925.61,17,,,True,58.2,5.0
v2_shipped,synth_2500_high_protein,2500kcal / high protein,synthetic,dinner_only,2500.0,170.0,263.8,85.0,2526,136,278,97,1.0,-20.0,5.4,14.1,strict_relaxed_tol,0.15,strict,1.0,258.25,5,,,True,48.6,13.0
v2_shipped,synth_2500_high_protein,2500kcal / high protein,synthetic,lunch_snack,2500.0,170.0,263.8,85.0,2283,183,195,86,-8.7,7.6,-26.1,1.2,best_effort_lp,BEST_EFFORT_LP,relaxed,1.0,848.49,17,,,True,45.7,6.0
v2_shipped,synth_2500_extremely_high_protein,2500kcal / extremely high protein,synthetic,full_day,2500.0,221.0,212.8,85.0,2510,206,210,94,0.4,-6.8,-1.3,10.6,strict_tight,0.08,strict,1.0,63.05,1,,,True,33.3,5.0
v2_shipped,synth_2500_extremely_high_protein,2500kcal / extremely high protein,synthetic,lunch_snack_dinner,2500.0,221.0,212.8,85.0,2480,212,216,85,-0.8,-4.1,1.5,0.0,strict_tight,0.08,strict,0.5,200.16,2,,,True,42.1,6.0
v2_shipped,synth_2500_extremely_high_protein,2500kcal / extremely high protein,synthetic,lunch_dinner,2500.0,221.0,212.8,85.0,2554,220,206,95,2.2,-0.5,-3.2,11.8,strict_tight,0.08,strict,1.0,62.21,1,,,True,40.8,6.0
v2_shipped,synth_2500_extremely_high_protein,2500kcal / extremely high protein,synthetic,lunch_only,2500.0,221.0,212.8,85.0,2140,236,104,87,-14.4,6.8,-51.1,2.4,best_effort_lp,BEST_EFFORT_LP,relaxed,1.0,977.54,17,,,True,68.2,7.0
v2_shipped,synth_2500_extremely_high_protein,2500kcal / extremely high protein,synthetic,dinner_only,2500.0,221.0,212.8,85.0,2109,118,218,85,-15.6,-46.6,2.4,0.0,best_effort_lp,BEST_EFFORT_LP,relaxed,1.0,898.39,17,,,True,51.0,10.0
v2_shipped,synth_2500_extremely_high_protein,2500kcal / extremely high protein,synthetic,lunch_snack,2500.0,221.0,212.8,85.0,2572,241,182,98,2.9,9.0,-14.5,15.3,strict_relaxed_tol,0.15,strict,1.0,246.21,5,,,True,56.8,7.0
v2_shipped,synth_2500_low_fat,2500kcal / low fat,synthetic,full_day,2500.0,136.0,393.4,42.5,2069,133,220,73,-17.2,-2.2,-44.1,71.8,best_effort_lp,BEST_EFFORT_LP,relaxed,1.0,876.41,17,,,True,21.3,5.0
v2_shipped,synth_2500_low_fat,2500kcal / low fat,synthetic,lunch_snack_dinner,2500.0,136.0,393.4,42.5,2144,133,236,74,-14.2,-2.2,-40.0,74.1,best_effort_lp,BEST_EFFORT_LP,relaxed,1.0,893.81,17,,,True,28.7,7.0
v2_shipped,synth_2500_low_fat,2500kcal / low fat,synthetic,lunch_dinner,2500.0,136.0,393.4,42.5,2016,131,218,69,-19.4,-3.7,-44.6,62.4,best_effort_lp,BEST_EFFORT_LP,relaxed,1.0,847.01,17,,,True,30.5,7.0
v2_shipped,synth_2500_low_fat,2500kcal / low fat,synthetic,lunch_only,2500.0,136.0,393.4,42.5,1307,137,90,45,-47.7,0.7,-77.1,5.9,best_effort_lp,BEST_EFFORT_LP,relaxed,1.0,999.45,17,,,True,63.8,4.0
v2_shipped,synth_2500_low_fat,2500kcal / low fat,synthetic,dinner_only,2500.0,136.0,393.4,42.5,2395,112,316,76,-4.2,-17.6,-19.7,78.8,best_effort_lp,BEST_EFFORT_LP,relaxed,1.0,804.97,17,,,True,55.1,15.0
v2_shipped,synth_2500_low_fat,2500kcal / low fat,synthetic,lunch_snack,2500.0,136.0,393.4,42.5,1435,139,107,50,-42.6,2.2,-72.8,17.6,best_effort_lp,BEST_EFFORT_LP,relaxed,1.0,826.95,17,,,True,58.2,4.0
v2_shipped,synth_2500_extremely_low_fat,2500kcal / extremely low fat,synthetic,full_day,2500.0,136.0,441.2,21.2,1339,81,136,52,-46.4,-40.4,-69.2,145.3,best_effort_lp,BEST_EFFORT_LP,relaxed,1.0,850.33,17,,,True,15.6,2.0
v2_shipped,synth_2500_extremely_low_fat,2500kcal / extremely low fat,synthetic,lunch_snack_dinner,2500.0,136.0,441.2,21.2,1084,64,111,43,-56.6,-52.9,-74.8,102.8,best_effort_lp,BEST_EFFORT_LP,relaxed,1.0,898.05,17,,,True,19.3,2.0
v2_shipped,synth_2500_extremely_low_fat,2500kcal / extremely low fat,synthetic,lunch_dinner,2500.0,136.0,441.2,21.2,956,61,94,37,-61.8,-55.1,-78.7,74.5,best_effort_lp,BEST_EFFORT_LP,relaxed,1.0,878.51,17,,,True,21.8,2.0
v2_shipped,synth_2500_extremely_low_fat,2500kcal / extremely low fat,synthetic,lunch_only,2500.0,136.0,441.2,21.2,785,73,63,27,-68.6,-46.3,-85.7,27.4,best_effort_lp,BEST_EFFORT_LP,relaxed,1.0,835.94,17,,,True,53.1,2.0
v2_shipped,synth_2500_extremely_low_fat,2500kcal / extremely low fat,synthetic,dinner_only,2500.0,136.0,441.2,21.2,484,22,55,20,-80.6,-83.8,-87.5,-5.7,best_effort_lp,BEST_EFFORT_LP,relaxed,1.0,816.84,17,,,True,36.4,2.0
v2_shipped,synth_2500_extremely_low_fat,2500kcal / extremely low fat,synthetic,lunch_snack,2500.0,136.0,441.2,21.2,600,42,56,23,-76.0,-69.1,-87.3,8.5,best_effort_lp,BEST_EFFORT_LP,relaxed,1.0,808.95,17,,,True,34.8,1.0
v2_shipped,synth_2500_high_fat,2500kcal / high fat,synthetic,full_day,2500.0,136.0,183.0,136.0,2624,168,206,125,5.0,23.5,12.6,-8.1,strict_relaxed_tol,0.15,strict,1.0,342.75,5,,,True,24.4,5.0
v2_shipped,synth_2500_high_fat,2500kcal / high fat,synthetic,lunch_snack_dinner,2500.0,136.0,183.0,136.0,2567,164,202,123,2.7,20.6,10.4,-9.6,strict_relaxed_tol,0.1,strict,0.5,295.35,4,,,True,24.9,5.0
v2_shipped,synth_2500_high_fat,2500kcal / high fat,synthetic,lunch_dinner,2500.0,136.0,183.0,136.0,2047,136,186,84,-18.1,0.0,1.6,-38.2,best_effort_lp,BEST_EFFORT_LP,relaxed,1.0,924.96,17,,,True,22.5,5.0
v2_shipped,synth_2500_high_fat,2500kcal / high fat,synthetic,lunch_only,2500.0,136.0,183.0,136.0,1514,145,97,61,-39.4,6.6,-47.0,-55.1,best_effort_lp,BEST_EFFORT_LP,relaxed,1.0,829.71,17,,,True,55.1,4.0
v2_shipped,synth_2500_high_fat,2500kcal / high fat,synthetic,dinner_only,2500.0,136.0,183.0,136.0,2444,159,166,127,-2.2,16.9,-9.3,-6.6,strict_tight,0.08,strict,1.0,47.6,1,,,True,62.8,10.0
v2_shipped,synth_2500_high_fat,2500kcal / high fat,synthetic,lunch_snack,2500.0,136.0,183.0,136.0,2154,158,182,88,-13.8,16.2,-0.5,-35.3,best_effort_lp,BEST_EFFORT_LP,relaxed,1.0,847.85,17,,,True,38.8,5.0
v2_shipped,synth_2500_extremely_high_fat,2500kcal / extremely high fat,synthetic,full_day,2500.0,136.0,68.2,187.0,1649,126,114,77,-34.0,-7.4,67.2,-58.8,best_effort_lp,BEST_EFFORT_LP,relaxed,1.0,855.64,17,,,True,25.3,2.0
v2_shipped,synth_2500_extremely_high_fat,2500kcal / extremely high fat,synthetic,lunch_snack_dinner,2500.0,136.0,68.2,187.0,1753,135,116,83,-29.9,-0.7,70.1,-55.6,best_effort_lp,BEST_EFFORT_LP,relaxed,1.0,914.42,17,,,True,35.0,4.0
v2_shipped,synth_2500_extremely_high_fat,2500kcal / extremely high fat,synthetic,lunch_dinner,2500.0,136.0,68.2,187.0,1694,135,102,83,-32.2,-0.7,49.6,-55.6,best_effort_lp,BEST_EFFORT_LP,relaxed,1.0,899.17,17,,,True,36.2,4.0
v2_shipped,synth_2500_extremely_high_fat,2500kcal / extremely high fat,synthetic,lunch_only,2500.0,136.0,68.2,187.0,1272,136,71,49,-49.1,0.0,4.1,-73.8,best_effort_lp,BEST_EFFORT_LP,relaxed,1.0,856.71,17,,,True,65.6,4.0
v2_shipped,synth_2500_extremely_high_fat,2500kcal / extremely high fat,synthetic,dinner_only,2500.0,136.0,68.2,187.0,1888,135,102,105,-24.5,-0.7,49.6,-43.9,best_effort_lp,BEST_EFFORT_LP,relaxed,1.0,871.69,17,,,True,73.2,9.0
v2_shipped,synth_2500_extremely_high_fat,2500kcal / extremely high fat,synthetic,lunch_snack,2500.0,136.0,68.2,187.0,1364,138,68,60,-45.4,1.5,-0.3,-67.9,best_effort_lp,BEST_EFFORT_LP,relaxed,1.0,808.19,17,,,True,61.2,4.0
v2_shipped,synth_2500_low_carbs,2500kcal / low carbs,synthetic,full_day,2500.0,170.0,187.3,119.0,2496,166,189,120,-0.2,-2.4,0.9,0.8,strict_tight,0.08,strict,1.0,108.99,1,,,True,24.6,4.0
v2_shipped,synth_2500_low_carbs,2500kcal / low carbs,synthetic,lunch_snack_dinner,2500.0,170.0,187.3,119.0,2556,173,198,119,2.2,1.8,5.7,0.0,strict_tight,0.08,strict,1.0,106.2,1,,,True,24.5,4.0
v2_shipped,synth_2500_low_carbs,2500kcal / low carbs,synthetic,lunch_dinner,2500.0,170.0,187.3,119.0,2462,181,190,109,-1.5,6.5,1.4,-8.4,strict_tight,0.08,strict,1.0,63.84,1,,,True,25.4,6.0
v2_shipped,synth_2500_low_carbs,2500kcal / low carbs,synthetic,lunch_only,2500.0,170.0,187.3,119.0,1792,178,102,75,-28.3,4.7,-45.5,-37.0,best_effort_lp,BEST_EFFORT_LP,relaxed,1.0,829.29,17,,,True,58.2,5.0
v2_shipped,synth_2500_low_carbs,2500kcal / low carbs,synthetic,dinner_only,2500.0,170.0,187.3,119.0,2547,169,182,127,1.9,-0.6,-2.8,6.7,strict_tight,0.08,strict,1.0,47.77,1,,,True,66.3,11.0
v2_shipped,synth_2500_low_carbs,2500kcal / low carbs,synthetic,lunch_snack,2500.0,170.0,187.3,119.0,2472,205,180,104,-1.1,20.6,-3.9,-12.6,strict_relaxed_tol,0.2,strict,0.5,407.74,8,,,True,46.4,5.5
v2_shipped,synth_2500_extremely_low_carbs,2500kcal / extremely low carbs,synthetic,full_day,2500.0,204.0,76.8,153.0,2646,241,110,138,5.8,18.1,43.2,-9.8,strict_relaxed_tol,0.2,strict,0.5,439.68,8,,,True,35.5,5.0
v2_shipped,synth_2500_extremely_low_carbs,2500kcal / extremely low carbs,synthetic,lunch_snack_dinner,2500.0,204.0,76.8,153.0,2594,230,110,137,3.8,12.7,43.2,-10.5,strict_relaxed_tol,0.2,strict,0.5,446.48,8,,,True,35.5,6.0
v2_shipped,synth_2500_extremely_low_carbs,2500kcal / extremely low carbs,synthetic,lunch_dinner,2500.0,204.0,76.8,153.0,2607,231,109,138,4.3,13.2,41.9,-9.8,strict_relaxed_tol,0.15,strict,0.5,361.74,6,,,True,35.3,6.0
v2_shipped,synth_2500_extremely_low_carbs,2500kcal / extremely low carbs,synthetic,lunch_only,2500.0,204.0,76.8,153.0,1896,205,82,83,-24.2,0.5,6.8,-45.8,best_effort_lp,BEST_EFFORT_LP,relaxed,1.0,843.03,17,,,True,66.0,6.0
v2_shipped,synth_2500_extremely_low_carbs,2500kcal / extremely low carbs,synthetic,dinner_only,2500.0,204.0,76.8,153.0,2575,183,129,147,3.0,-10.3,68.0,-3.9,best_effort_lp,BEST_EFFORT_LP,relaxed,1.0,1116.98,17,,,True,71.6,12.0
v2_shipped,synth_2500_extremely_low_carbs,2500kcal / extremely low carbs,synthetic,lunch_snack,2500.0,204.0,76.8,153.0,1919,205,78,88,-23.2,0.5,1.6,-42.5,best_effort_lp,BEST_EFFORT_LP,relaxed,1.0,845.02,17,,,True,65.2,6.0
v2_shipped,synth_2500_high_carbs,2500kcal / high carbs,synthetic,full_day,2500.0,102.0,408.2,51.0,1466,96,143,57,-41.4,-5.9,-65.0,11.8,best_effort_lp,BEST_EFFORT_LP,relaxed,1.0,896.4,17,,,True,17.4,2.0
v2_shipped,synth_2500_high_carbs,2500kcal / high carbs,synthetic,lunch_snack_dinner,2500.0,102.0,408.2,51.0,1292,94,113,51,-48.3,-7.8,-72.3,0.0,best_effort_lp,BEST_EFFORT_LP,relaxed,1.0,931.73,17,,,True,32.3,2.0
v2_shipped,synth_2500_high_carbs,2500kcal / high carbs,synthetic,lunch_dinner,2500.0,102.0,408.2,51.0,1687,114,178,58,-32.5,11.8,-56.4,13.7,best_effort_lp,BEST_EFFORT_LP,relaxed,1.0,863.38,17,,,True,26.1,5.0
v2_shipped,synth_2500_high_carbs,2500kcal / high carbs,synthetic,lunch_only,2500.0,102.0,408.2,51.0,1237,112,92,47,-50.5,9.8,-77.5,-7.8,best_effort_lp,BEST_EFFORT_LP,relaxed,1.0,850.17,17,,,True,50.6,3.0
v2_shipped,synth_2500_high_carbs,2500kcal / high carbs,synthetic,dinner_only,2500.0,102.0,408.2,51.0,1978,94,255,65,-20.9,-7.8,-37.5,27.5,best_effort_lp,BEST_EFFORT_LP,relaxed,1.0,805.32,17,,,True,53.4,12.0
v2_shipped,synth_2500_high_carbs,2500kcal / high carbs,synthetic,lunch_snack,2500.0,102.0,408.2,51.0,1482,114,139,52,-40.7,11.8,-65.9,2.0,best_effort_lp,BEST_EFFORT_LP,relaxed,1.0,824.27,17,,,True,42.2,3.0
v2_shipped,synth_2500_extremely_high_carbs,2500kcal / extremely high carbs,synthetic,full_day,2500.0,76.5,481.6,29.7,1339,81,136,52,-46.4,5.9,-71.8,75.1,best_effort_lp,BEST_EFFORT_LP,relaxed,1.0,859.87,17,,,True,15.6,2.0
v2_shipped,synth_2500_extremely_high_carbs,2500kcal / extremely high carbs,synthetic,lunch_snack_dinner,2500.0,76.5,481.6,29.7,1084,64,111,43,-56.6,-16.3,-77.0,44.8,best_effort_lp,BEST_EFFORT_LP,relaxed,1.0,853.15,17,,,True,19.3,2.0
v2_shipped,synth_2500_extremely_high_carbs,2500kcal / extremely high carbs,synthetic,lunch_dinner,2500.0,76.5,481.6,29.7,956,61,94,37,-61.8,-20.3,-80.5,24.6,best_effort_lp,BEST_EFFORT_LP,relaxed,1.0,885.17,17,,,True,21.8,2.0
v2_shipped,synth_2500_extremely_high_carbs,2500kcal / extremely high carbs,synthetic,lunch_only,2500.0,76.5,481.6,29.7,854,76,66,32,-65.8,-0.7,-86.3,7.7,best_effort_lp,BEST_EFFORT_LP,relaxed,1.0,830.02,17,,,True,48.8,2.0
v2_shipped,synth_2500_extremely_high_carbs,2500kcal / extremely high carbs,synthetic,dinner_only,2500.0,76.5,481.6,29.7,1648,77,215,54,-34.1,0.7,-55.4,81.8,best_effort_lp,BEST_EFFORT_LP,relaxed,1.0,855.1,17,,,True,53.4,10.0
v2_shipped,synth_2500_extremely_high_carbs,2500kcal / extremely high carbs,synthetic,lunch_snack,2500.0,76.5,481.6,29.7,913,75,80,32,-63.5,-2.0,-83.4,7.7,best_effort_lp,BEST_EFFORT_LP,relaxed,1.0,862.4,17,,,True,45.7,2.0
v2_shipped,synth_3000_balanced,3000kcal / balanced,synthetic,full_day,3000.0,152.0,384.2,95.0,3011,175,347,103,0.4,15.1,-9.7,8.4,strict_tight,0.08,strict,0.5,148.02,2,,,True,21.9,7.5
v2_shipped,synth_3000_balanced,3000kcal / balanced,synthetic,lunch_snack_dinner,3000.0,152.0,384.2,95.0,3072,178,352,106,2.4,17.1,-8.4,11.6,strict_tight,0.08,strict,0.5,140.31,2,,,True,25.0,7.5
v2_shipped,synth_3000_balanced,3000kcal / balanced,synthetic,lunch_dinner,3000.0,152.0,384.2,95.0,2816,186,305,95,-6.1,22.4,-20.6,0.0,best_effort_lp,BEST_EFFORT_LP,relaxed,1.0,877.68,17,,,True,31.2,10.0
v2_shipped,synth_3000_balanced,3000kcal / balanced,synthetic,lunch_only,3000.0,152.0,384.2,95.0,1792,178,102,75,-40.3,17.1,-73.5,-21.1,best_effort_lp,BEST_EFFORT_LP,relaxed,1.0,826.03,17,,,True,58.2,5.0
v2_shipped,synth_3000_balanced,3000kcal / balanced,synthetic,dinner_only,3000.0,152.0,384.2,95.0,2966,145,376,98,-1.1,-4.6,-2.1,3.2,strict_tight,0.08,strict,1.0,52.65,1,,,True,53.4,18.0
v2_shipped,synth_3000_balanced,3000kcal / balanced,synthetic,lunch_snack,3000.0,152.0,384.2,95.0,2281,161,199,93,-24.0,5.9,-48.2,-2.1,best_effort_lp,BEST_EFFORT_LP,relaxed,1.0,809.46,17,,,True,36.6,6.0
v2_shipped,synth_3000_low_protein,3000kcal / low protein,synthetic,full_day,3000.0,104.5,431.8,95.0,2219,109,242,91,-26.0,4.3,-44.0,-4.2,best_effort_lp,BEST_EFFORT_LP,relaxed,1.0,879.04,17,,,True,34.6,6.0
v2_shipped,synth_3000_low_protein,3000kcal / low protein,synthetic,lunch_snack_dinner,3000.0,104.5,431.8,95.0,2582,132,298,96,-13.9,26.3,-31.0,1.1,best_effort_lp,BEST_EFFORT_LP,relaxed,1.0,868.8,17,,,True,34.7,7.0
v2_shipped,synth_3000_low_protein,3000kcal / low protein,synthetic,lunch_dinner,3000.0,104.5,431.8,95.0,2154,136,223,80,-28.2,30.1,-48.4,-15.8,best_effort_lp,BEST_EFFORT_LP,relaxed,1.0,852.77,17,,,True,28.6,7.0
v2_shipped,synth_3000_low_protein,3000kcal / low protein,synthetic,lunch_only,3000.0,104.5,431.8,95.0,1237,112,92,47,-58.8,7.2,-78.7,-50.5,best_effort_lp,BEST_EFFORT_LP,relaxed,1.0,810.59,17,,,True,50.6,3.0
v2_shipped,synth_3000_low_protein,3000kcal / low protein,synthetic,dinner_only,3000.0,104.5,431.8,95.0,3065,146,409,94,2.2,39.7,-5.3,-1.1,strict_relaxed_tol,0.15,strict,0.5,301.63,6,,,True,57.4,20.0
v2_shipped,synth_3000_low_protein,3000kcal / low protein,synthetic,lunch_snack,3000.0,104.5,431.8,95.0,1876,125,178,74,-37.5,19.6,-58.8,-22.1,best_effort_lp,BEST_EFFORT_LP,relaxed,1.0,813.3,17,,,True,34.1,5.0
v2_shipped,synth_3000_extremely_low_protein,3000kcal / extremely low protein,synthetic,full_day,3000.0,57.0,479.2,95.0,1850,91,204,74,-38.3,59.6,-57.4,-22.1,best_effort_lp,BEST_EFFORT_LP,relaxed,1.0,874.14,17,,,True,34.6,5.0
v2_shipped,synth_3000_extremely_low_protein,3000kcal / extremely low protein,synthetic,lunch_snack_dinner,3000.0,57.0,479.2,95.0,1467,72,162,59,-51.1,26.3,-66.2,-37.9,best_effort_lp,BEST_EFFORT_LP,relaxed,1.0,974.1,17,,,True,34.9,4.0
v2_shipped,synth_3000_extremely_low_protein,3000kcal / extremely low protein,synthetic,lunch_dinner,3000.0,57.0,479.2,95.0,956,61,94,37,-68.1,7.0,-80.4,-61.1,best_effort_lp,BEST_EFFORT_LP,relaxed,1.0,866.0,17,,,True,21.8,2.0
v2_shipped,synth_3000_extremely_low_protein,3000kcal / extremely low protein,synthetic,lunch_only,3000.0,57.0,479.2,95.0,854,76,66,32,-71.5,33.3,-86.2,-66.3,best_effort_lp,BEST_EFFORT_LP,relaxed,1.0,1080.75,17,,,True,48.8,2.0
v2_shipped,synth_3000_extremely_low_protein,3000kcal / extremely low protein,synthetic,dinner_only,3000.0,57.0,479.2,95.0,1369,64,160,53,-54.4,12.3,-66.6,-44.2,best_effort_lp,BEST_EFFORT_LP,relaxed,1.0,970.5,17,,,True,45.0,7.0
v2_shipped,synth_3000_extremely_low_protein,3000kcal / extremely low protein,synthetic,lunch_snack,3000.0,57.0,479.2,95.0,1238,83,117,49,-58.7,45.6,-75.6,-48.4,best_effort_lp,BEST_EFFORT_LP,relaxed,1.0,982.26,17,,,True,33.7,3.0
v2_shipped,synth_3000_high_protein,3000kcal / high protein,synthetic,full_day,3000.0,190.0,346.2,95.0,2968,189,319,104,-1.1,-0.5,-7.9,9.5,strict_tight,0.08,strict,1.0,85.86,1,,,True,21.1,7.0
v2_shipped,synth_3000_high_protein,3000kcal / high protein,synthetic,lunch_snack_dinner,3000.0,190.0,346.2,95.0,3013,191,324,106,0.4,0.5,-6.4,11.6,strict_tight,0.08,strict,1.0,86.95,1,,,True,29.2,10.0
v2_shipped,synth_3000_high_protein,3000kcal / high protein,synthetic,lunch_dinner,3000.0,190.0,346.2,95.0,3008,207,319,100,0.3,8.9,-7.9,5.3,strict_tight,0.08,strict,0.5,132.9,2,,,True,32.2,11.0
v2_shipped,synth_3000_high_protein,3000kcal / high protein,synthetic,lunch_only,3000.0,190.0,346.2,95.0,2001,209,104,83,-33.3,10.0,-70.0,-12.6,best_effort_lp,BEST_EFFORT_LP,relaxed,1.0,935.85,17,,,True,62.6,6.0
v2_shipped,synth_3000_high_protein,3000kcal / high protein,synthetic,dinner_only,3000.0,190.0,346.2,95.0,3032,157,358,108,1.1,-17.4,3.4,13.7,strict_relaxed_tol,0.1,strict,1.0,159.04,3,,,True,49.3,17.0
v2_shipped,synth_3000_high_protein,3000kcal / high protein,synthetic,lunch_snack,3000.0,190.0,346.2,95.0,2421,188,199,97,-19.3,-1.1,-42.5,2.1,best_effort_lp,BEST_EFFORT_LP,relaxed,1.0,1005.94,17,,,True,43.1,6.0
v2_shipped,synth_3000_extremely_high_protein,3000kcal / extremely high protein,synthetic,full_day,3000.0,247.0,289.2,95.0,3015,229,286,106,0.5,-7.3,-1.1,11.6,strict_tight,0.08,strict,1.0,87.57,1,,,True,27.7,7.0
v2_shipped,synth_3000_extremely_high_protein,3000kcal / extremely high protein,synthetic,lunch_snack_dinner,3000.0,247.0,289.2,95.0,3002,230,282,106,0.1,-6.9,-2.5,11.6,strict_tight,0.08,strict,1.0,87.41,1,,,True,34.7,7.0
v2_shipped,synth_3000_extremely_high_protein,3000kcal / extremely high protein,synthetic,lunch_dinner,3000.0,247.0,289.2,95.0,3076,242,288,106,2.5,-2.0,-0.4,11.6,strict_tight,0.08,strict,1.0,53.52,1,,,True,33.9,9.0
v2_shipped,synth_3000_extremely_high_protein,3000kcal / extremely high protein,synthetic,lunch_only,3000.0,247.0,289.2,95.0,2209,239,106,92,-26.4,-3.2,-63.3,-3.2,best_effort_lp,BEST_EFFORT_LP,relaxed,1.0,1106.15,17,,,True,66.1,7.0
v2_shipped,synth_3000_extremely_high_protein,3000kcal / extremely high protein,synthetic,dinner_only,3000.0,247.0,289.2,95.0,2614,138,298,97,-12.9,-44.1,3.0,2.1,best_effort_lp,BEST_EFFORT_LP,relaxed,1.0,960.5,17,,,True,47.1,14.0
v2_shipped,synth_3000_extremely_high_protein,3000kcal / extremely high protein,synthetic,lunch_snack,3000.0,247.0,289.2,95.0,2956,248,234,114,-1.5,0.4,-19.1,20.0,best_effort_lp,BEST_EFFORT_LP,relaxed,1.0,992.23,17,,,True,49.4,8.0
v2_shipped,synth_3000_low_fat,3000kcal / low fat,synthetic,full_day,3000.0,152.0,491.1,47.5,2197,148,227,77,-26.8,-2.6,-53.8,62.1,best_effort_lp,BEST_EFFORT_LP,relaxed,1.0,1052.4,17,,,True,20.0,5.0
v2_shipped,synth_3000_low_fat,3000kcal / low fat,synthetic,lunch_snack_dinner,3000.0,152.0,491.1,47.5,2128,150,219,72,-29.1,-1.3,-55.4,51.6,best_effort_lp,BEST_EFFORT_LP,relaxed,1.0,994.38,17,,,True,29.4,5.0
v2_shipped,synth_3000_low_fat,3000kcal / low fat,synthetic,lunch_dinner,3000.0,152.0,491.1,47.5,2000,147,202,67,-33.3,-3.3,-58.9,41.1,best_effort_lp,BEST_EFFORT_LP,relaxed,1.0,939.78,17,,,True,31.3,5.0
v2_shipped,synth_3000_low_fat,3000kcal / low fat,synthetic,lunch_only,3000.0,152.0,491.1,47.5,1376,140,92,50,-54.1,-7.9,-81.3,5.3,best_effort_lp,BEST_EFFORT_LP,relaxed,1.0,1057.59,17,,,True,60.6,4.0
v2_shipped,synth_3000_low_fat,3000kcal / low fat,synthetic,dinner_only,3000.0,152.0,491.1,47.5,3142,148,416,99,4.7,-2.6,-15.3,108.4,best_effort_lp,BEST_EFFORT_LP,relaxed,1.0,1000.37,17,,,True,56.0,20.0
v2_shipped,synth_3000_low_fat,3000kcal / low fat,synthetic,lunch_snack,3000.0,152.0,491.1,47.5,1435,139,107,50,-52.2,-8.6,-78.2,5.3,best_effort_lp,BEST_EFFORT_LP,relaxed,1.0,1192.43,17,,,True,58.2,4.0
v2_shipped,synth_3000_extremely_low_fat,3000kcal / extremely low fat,synthetic,full_day,3000.0,152.0,544.6,23.8,1339,81,136,52,-55.4,-46.7,-75.0,118.5,best_effort_lp,BEST_EFFORT_LP,relaxed,1.0,1230.68,17,,,True,15.6,2.0
v2_shipped,synth_3000_extremely_low_fat,3000kcal / extremely low fat,synthetic,lunch_snack_dinner,3000.0,152.0,544.6,23.8,1084,64,111,43,-63.9,-57.9,-79.6,80.7,best_effort_lp,BEST_EFFORT_LP,relaxed,1.0,1174.59,17,,,True,19.3,2.0
v2_shipped,synth_3000_extremely_low_fat,3000kcal / extremely low fat,synthetic,lunch_dinner,3000.0,152.0,544.6,23.8,956,61,94,37,-68.1,-59.9,-82.7,55.5,best_effort_lp,BEST_EFFORT_LP,relaxed,1.0,1020.7,17,,,True,21.8,2.0
v2_shipped,synth_3000_extremely_low_fat,3000kcal / extremely low fat,synthetic,lunch_only,3000.0,152.0,544.6,23.8,785,73,63,27,-73.8,-52.0,-88.4,13.4,best_effort_lp,BEST_EFFORT_LP,relaxed,1.0,1015.83,17,,,True,53.1,2.0
v2_shipped,synth_3000_extremely_low_fat,3000kcal / extremely low fat,synthetic,dinner_only,3000.0,152.0,544.6,23.8,901,41,115,31,-70.0,-73.0,-78.9,30.3,best_effort_lp,BEST_EFFORT_LP,relaxed,1.0,997.12,17,,,True,48.8,5.0
v2_shipped,synth_3000_extremely_low_fat,3000kcal / extremely low fat,synthetic,lunch_snack,3000.0,152.0,544.6,23.8,600,42,56,23,-80.0,-72.4,-89.7,-3.4,best_effort_lp,BEST_EFFORT_LP,relaxed,1.0,917.76,17,,,True,34.8,1.0
v2_shipped,synth_3000_high_fat,3000kcal / high fat,synthetic,full_day,3000.0,152.0,256.0,152.0,2998,185,257,137,-0.1,21.7,0.4,-9.9,strict_relaxed_tol,0.1,strict,0.5,409.76,4,,,True,23.5,5.5
v2_shipped,synth_3000_high_fat,3000kcal / high fat,synthetic,lunch_snack_dinner,3000.0,152.0,256.0,152.0,2988,185,254,137,-0.4,21.7,-0.8,-9.9,strict_relaxed_tol,0.1,strict,0.5,287.2,4,,,True,23.5,5.5
v2_shipped,synth_3000_high_fat,3000kcal / high fat,synthetic,lunch_dinner,3000.0,152.0,256.0,152.0,2606,176,252,99,-13.1,15.8,-1.6,-34.9,best_effort_lp,BEST_EFFORT_LP,relaxed,1.0,943.75,17,,,True,24.0,7.0
v2_shipped,synth_3000_high_fat,3000kcal / high fat,synthetic,lunch_only,3000.0,152.0,256.0,152.0,1792,178,102,75,-40.3,17.1,-60.2,-50.7,best_effort_lp,BEST_EFFORT_LP,relaxed,1.0,900.52,17,,,True,58.2,5.0
v2_shipped,synth_3000_high_fat,3000kcal / high fat,synthetic,dinner_only,3000.0,152.0,256.0,152.0,2949,180,246,139,-1.7,18.4,-3.9,-8.6,strict_tight,0.08,strict,1.0,52.01,1,,,True,57.3,11.0
v2_shipped,synth_3000_high_fat,3000kcal / high fat,synthetic,lunch_snack,3000.0,152.0,256.0,152.0,2687,197,221,113,-10.4,29.6,-13.7,-25.7,best_effort_lp,BEST_EFFORT_LP,relaxed,1.0,865.68,17,,,True,38.8,7.0
v2_shipped,synth_3000_extremely_high_fat,3000kcal / extremely high fat,synthetic,full_day,3000.0,152.0,127.7,209.0,1975,152,133,93,-34.2,0.0,4.2,-55.5,best_effort_lp,BEST_EFFORT_LP,relaxed,1.0,932.89,17,,,True,31.1,4.0
v2_shipped,synth_3000_extremely_high_fat,3000kcal / extremely high fat,synthetic,lunch_snack_dinner,3000.0,152.0,127.7,209.0,2045,155,122,104,-31.8,2.0,-4.5,-50.2,best_effort_lp,BEST_EFFORT_LP,relaxed,1.0,923.82,17,,,True,37.5,5.0
v2_shipped,synth_3000_extremely_high_fat,3000kcal / extremely high fat,synthetic,lunch_dinner,3000.0,152.0,127.7,209.0,2021,155,127,99,-32.6,2.0,-0.5,-52.6,best_effort_lp,BEST_EFFORT_LP,relaxed,1.0,895.68,17,,,True,38.0,5.0
v2_shipped,synth_3000_extremely_high_fat,3000kcal / extremely high fat,synthetic,lunch_only,3000.0,152.0,127.7,209.0,1792,178,102,75,-40.3,17.1,-20.1,-64.1,best_effort_lp,BEST_EFFORT_LP,relaxed,1.0,871.59,17,,,True,58.2,5.0
v2_shipped,synth_3000_extremely_high_fat,3000kcal / extremely high fat,synthetic,dinner_only,3000.0,152.0,127.7,209.0,2268,156,127,126,-24.4,2.6,-0.5,-39.7,best_effort_lp,BEST_EFFORT_LP,relaxed,1.0,825.26,17,,,True,67.7,10.0
v2_shipped,synth_3000_extremely_high_fat,3000kcal / extremely high fat,synthetic,lunch_snack,3000.0,152.0,127.7,209.0,1793,150,126,77,-40.2,-1.3,-1.3,-63.2,best_effort_lp,BEST_EFFORT_LP,relaxed,1.0,867.92,17,,,True,46.5,4.0
v2_shipped,synth_3000_low_carbs,3000kcal / low carbs,synthetic,full_day,3000.0,190.0,260.8,133.0,2978,188,262,131,-0.7,-1.1,0.5,-1.5,strict_tight,0.08,strict,1.0,103.09,1,,,True,21.5,5.0
v2_shipped,synth_3000_low_carbs,3000kcal / low carbs,synthetic,lunch_snack_dinner,3000.0,190.0,260.8,133.0,2990,193,260,131,-0.3,1.6,-0.3,-1.5,strict_tight,0.08,strict,1.0,81.71,1,,,True,20.9,5.0
v2_shipped,synth_3000_low_carbs,3000kcal / low carbs,synthetic,lunch_dinner,3000.0,190.0,260.8,133.0,2913,203,254,121,-2.9,6.8,-2.6,-9.0,strict_tight,0.08,strict,1.0,55.92,1,,,True,26.4,7.0
v2_shipped,synth_3000_low_carbs,3000kcal / low carbs,synthetic,lunch_only,3000.0,190.0,260.8,133.0,2001,209,104,83,-33.3,10.0,-60.1,-37.6,best_effort_lp,BEST_EFFORT_LP,relaxed,1.0,842.75,17,,,True,62.6,6.0
v2_shipped,synth_3000_low_carbs,3000kcal / low carbs,synthetic,dinner_only,3000.0,190.0,260.8,133.0,3053,189,262,139,1.8,-0.5,0.5,4.5,strict_tight,0.08,strict,1.0,57.53,1,,,True,60.4,12.0
v2_shipped,synth_3000_low_carbs,3000kcal / low carbs,synthetic,lunch_snack,3000.0,190.0,260.8,133.0,2855,213,231,120,-4.8,12.1,-11.4,-9.8,relaxed_culinary,0.1,relaxed,0.5,579.6,12,,,True,40.2,7.5
v2_shipped,synth_3000_extremely_low_carbs,3000kcal / extremely low carbs,synthetic,full_day,3000.0,228.0,137.2,171.0,2937,250,137,154,-2.1,9.6,-0.1,-9.9,strict_tight,0.08,strict,0.5,181.21,2,,,True,34.0,6.5
v2_shipped,synth_3000_extremely_low_carbs,3000kcal / extremely low carbs,synthetic,lunch_snack_dinner,3000.0,228.0,137.2,171.0,3064,253,155,159,2.1,11.0,13.0,-7.0,strict_tight,0.08,strict,1.0,82.46,1,,,True,35.1,7.0
v2_shipped,synth_3000_extremely_low_carbs,3000kcal / extremely low carbs,synthetic,lunch_dinner,3000.0,228.0,137.2,171.0,3024,252,158,154,0.8,10.5,15.2,-9.9,strict_tight,0.08,strict,1.0,61.29,1,,,True,35.5,7.0
v2_shipped,synth_3000_extremely_low_carbs,3000kcal / extremely low carbs,synthetic,lunch_only,3000.0,228.0,137.2,171.0,2209,239,106,92,-26.4,4.8,-22.7,-46.2,best_effort_lp,BEST_EFFORT_LP,relaxed,1.0,835.25,17,,,True,66.1,7.0
v2_shipped,synth_3000_extremely_low_carbs,3000kcal / extremely low carbs,synthetic,dinner_only,3000.0,228.0,137.2,171.0,2985,220,147,169,-0.5,-3.5,7.1,-1.2,strict_tight,0.08,strict,1.0,59.52,1,,,True,77.1,15.0
v2_shipped,synth_3000_extremely_low_carbs,3000kcal / extremely low carbs,synthetic,lunch_snack,3000.0,228.0,137.2,171.0,2511,243,131,113,-16.3,6.6,-4.5,-33.9,best_effort_lp,BEST_EFFORT_LP,relaxed,1.0,851.79,17,,,True,58.2,7.0
v2_shipped,synth_3000_high_carbs,3000kcal / high carbs,synthetic,full_day,3000.0,114.0,507.8,57.0,1547,111,138,61,-48.4,-2.6,-72.8,7.0,best_effort_lp,BEST_EFFORT_LP,relaxed,1.0,879.81,17,,,True,27.0,2.0
v2_shipped,synth_3000_high_carbs,3000kcal / high carbs,synthetic,lunch_snack_dinner,3000.0,114.0,507.8,57.0,1815,116,195,63,-39.5,1.8,-61.6,10.5,best_effort_lp,BEST_EFFORT_LP,relaxed,1.0,887.83,17,,,True,24.2,5.0
v2_shipped,synth_3000_high_carbs,3000kcal / high carbs,synthetic,lunch_dinner,3000.0,114.0,507.8,57.0,1687,114,178,58,-43.8,0.0,-64.9,1.8,best_effort_lp,BEST_EFFORT_LP,relaxed,1.0,897.31,17,,,True,26.1,5.0
v2_shipped,synth_3000_high_carbs,3000kcal / high carbs,synthetic,lunch_only,3000.0,114.0,507.8,57.0,1237,112,92,47,-58.8,-1.8,-81.9,-17.5,best_effort_lp,BEST_EFFORT_LP,relaxed,1.0,828.48,17,,,True,50.6,3.0
v2_shipped,synth_3000_high_carbs,3000kcal / high carbs,synthetic,dinner_only,3000.0,114.0,507.8,57.0,2395,112,316,76,-20.2,-1.8,-37.8,33.3,best_effort_lp,BEST_EFFORT_LP,relaxed,1.0,809.84,17,,,True,55.1,15.0
v2_shipped,synth_3000_high_carbs,3000kcal / high carbs,synthetic,lunch_snack,3000.0,114.0,507.8,57.0,1610,117,156,58,-46.3,2.6,-69.3,1.8,best_effort_lp,BEST_EFFORT_LP,relaxed,1.0,857.53,17,,,True,38.9,4.0
v2_shipped,synth_3000_extremely_high_carbs,3000kcal / extremely high carbs,synthetic,full_day,3000.0,85.5,589.7,33.2,1339,81,136,52,-55.4,-5.3,-76.9,56.6,best_effort_lp,BEST_EFFORT_LP,relaxed,1.0,834.82,17,,,True,15.6,2.0
v2_shipped,synth_3000_extremely_high_carbs,3000kcal / extremely high carbs,synthetic,lunch_snack_dinner,3000.0,85.5,589.7,33.2,1084,64,111,43,-63.9,-25.1,-81.2,29.5,best_effort_lp,BEST_EFFORT_LP,relaxed,1.0,882.06,17,,,True,19.3,2.0
v2_shipped,synth_3000_extremely_high_carbs,3000kcal / extremely high carbs,synthetic,lunch_dinner,3000.0,85.5,589.7,33.2,956,61,94,37,-68.1,-28.7,-84.1,11.4,best_effort_lp,BEST_EFFORT_LP,relaxed,1.0,853.41,17,,,True,21.8,2.0
v2_shipped,synth_3000_extremely_high_carbs,3000kcal / extremely high carbs,synthetic,lunch_only,3000.0,85.5,589.7,33.2,854,76,66,32,-71.5,-11.1,-88.8,-3.6,best_effort_lp,BEST_EFFORT_LP,relaxed,1.0,851.72,17,,,True,48.8,2.0
v2_shipped,synth_3000_extremely_high_carbs,3000kcal / extremely high carbs,synthetic,dinner_only,3000.0,85.5,589.7,33.2,1648,77,215,54,-45.1,-9.9,-63.5,62.7,best_effort_lp,BEST_EFFORT_LP,relaxed,1.0,846.62,17,,,True,53.4,10.0
v2_shipped,synth_3000_extremely_high_carbs,3000kcal / extremely high carbs,synthetic,lunch_snack,3000.0,85.5,589.7,33.2,913,75,80,32,-69.6,-12.3,-86.4,-3.6,best_effort_lp,BEST_EFFORT_LP,relaxed,1.0,803.78,17,,,True,45.7,2.0
v2_shipped,synth_3500_balanced,3500kcal / balanced,synthetic,full_day,3500.0,176.0,451.5,110.0,3588,205,414,124,2.5,16.5,-8.3,12.7,strict_tight,0.08,strict,0.5,146.69,2,,,True,24.9,8.5
v2_shipped,synth_3500_balanced,3500kcal / balanced,synthetic,lunch_snack_dinner,3500.0,176.0,451.5,110.0,3535,199,408,123,1.0,13.1,-9.6,11.8,strict_tight,0.08,strict,0.5,107.32,2,,,True,24.9,10.0
v2_shipped,synth_3500_balanced,3500kcal / balanced,synthetic,lunch_dinner,3500.0,176.0,451.5,110.0,3215,206,348,111,-8.1,17.0,-22.9,0.9,best_effort_lp,BEST_EFFORT_LP,relaxed,1.0,810.35,17,,,True,32.8,12.0
v2_shipped,synth_3500_balanced,3500kcal / balanced,synthetic,lunch_only,3500.0,176.0,451.5,110.0,1792,178,102,75,-48.8,1.1,-77.4,-31.8,best_effort_lp,BEST_EFFORT_LP,relaxed,1.0,816.86,17,,,True,58.2,5.0
v2_shipped,synth_3500_balanced,3500kcal / balanced,synthetic,dinner_only,3500.0,176.0,451.5,110.0,3472,165,456,110,-0.8,-6.2,1.0,0.0,strict_tight,0.08,strict,1.0,50.18,1,,,True,55.8,22.0
v2_shipped,synth_3500_balanced,3500kcal / balanced,synthetic,lunch_snack,3500.0,176.0,451.5,110.0,2618,194,219,108,-25.2,10.2,-51.5,-1.8,best_effort_lp,BEST_EFFORT_LP,relaxed,1.0,832.49,17,,,True,39.8,7.0
v2_shipped,synth_3500_low_protein,3500kcal / low protein,synthetic,full_day,3500.0,121.0,506.5,110.0,2964,151,339,111,-15.3,24.8,-33.1,0.9,best_effort_lp,BEST_EFFORT_LP,relaxed,1.0,846.71,17,,,True,34.5,8.0
v2_shipped,synth_3500_low_protein,3500kcal / low protein,synthetic,lunch_snack_dinner,3500.0,121.0,506.5,110.0,3039,151,355,113,-13.2,24.8,-29.9,2.7,best_effort_lp,BEST_EFFORT_LP,relaxed,1.0,871.31,17,,,True,33.7,8.0
v2_shipped,synth_3500_low_protein,3500kcal / low protein,synthetic,lunch_dinner,3500.0,121.0,506.5,110.0,3023,195,312,111,-13.6,61.2,-38.4,0.9,best_effort_lp,BEST_EFFORT_LP,relaxed,1.0,905.45,17,,,True,29.1,10.0
v2_shipped,synth_3500_low_protein,3500kcal / low protein,synthetic,lunch_only,3500.0,121.0,506.5,110.0,1514,145,97,61,-56.7,19.8,-80.8,-44.5,best_effort_lp,BEST_EFFORT_LP,relaxed,1.0,875.11,17,,,True,55.1,4.0
v2_shipped,synth_3500_low_protein,3500kcal / low protein,synthetic,dinner_only,3500.0,121.0,506.5,110.0,3472,165,456,110,-0.8,36.4,-10.0,0.0,strict_relaxed_tol,0.15,strict,1.0,245.39,5,,,True,55.8,22.0
v2_shipped,synth_3500_low_protein,3500kcal / low protein,synthetic,lunch_snack,3500.0,121.0,506.5,110.0,1876,125,178,74,-46.4,3.3,-64.9,-32.7,best_effort_lp,BEST_EFFORT_LP,relaxed,1.0,866.23,17,,,True,34.1,5.0
v2_shipped,synth_3500_extremely_low_protein,3500kcal / extremely low protein,synthetic,full_day,3500.0,66.0,561.5,110.0,1850,91,204,74,-47.1,37.9,-63.7,-32.7,best_effort_lp,BEST_EFFORT_LP,relaxed,1.0,875.4,17,,,True,34.6,5.0
v2_shipped,synth_3500_extremely_low_protein,3500kcal / extremely low protein,synthetic,lunch_snack_dinner,3500.0,66.0,561.5,110.0,1467,72,162,59,-58.1,9.1,-71.1,-46.4,best_effort_lp,BEST_EFFORT_LP,relaxed,1.0,863.13,17,,,True,34.9,4.0
v2_shipped,synth_3500_extremely_low_protein,3500kcal / extremely low protein,synthetic,lunch_dinner,3500.0,66.0,561.5,110.0,1197,77,115,48,-65.8,16.7,-79.5,-56.4,best_effort_lp,BEST_EFFORT_LP,relaxed,1.0,885.27,17,,,True,25.6,3.0
v2_shipped,synth_3500_extremely_low_protein,3500kcal / extremely low protein,synthetic,lunch_only,3500.0,66.0,561.5,110.0,854,76,66,32,-75.6,15.2,-88.2,-70.9,best_effort_lp,BEST_EFFORT_LP,relaxed,1.0,836.71,17,,,True,48.8,2.0
v2_shipped,synth_3500_extremely_low_protein,3500kcal / extremely low protein,synthetic,dinner_only,3500.0,66.0,561.5,110.0,1787,82,220,64,-48.9,24.2,-60.8,-41.8,best_effort_lp,BEST_EFFORT_LP,relaxed,1.0,847.83,17,,,True,49.2,10.0
v2_shipped,synth_3500_extremely_low_protein,3500kcal / extremely low protein,synthetic,lunch_snack,3500.0,66.0,561.5,110.0,1238,83,117,49,-64.6,25.8,-79.2,-55.5,best_effort_lp,BEST_EFFORT_LP,relaxed,1.0,822.68,17,,,True,33.7,3.0
v2_shipped,synth_3500_high_protein,3500kcal / high protein,synthetic,full_day,3500.0,220.0,407.5,110.0,3594,238,381,124,2.7,8.2,-6.5,12.7,strict_tight,0.08,strict,1.0,92.39,1,,,True,24.5,10.0
v2_shipped,synth_3500_high_protein,3500kcal / high protein,synthetic,lunch_snack_dinner,3500.0,220.0,407.5,110.0,3467,224,373,120,-0.9,1.8,-8.5,9.1,strict_tight,0.08,strict,1.0,76.32,1,,,True,25.4,10.0
v2_shipped,synth_3500_high_protein,3500kcal / high protein,synthetic,lunch_dinner,3500.0,220.0,407.5,110.0,3624,246,375,127,3.5,11.8,-8.0,15.5,strict_relaxed_tol,0.1,strict,0.5,215.19,4,,,True,32.8,13.5
v2_shipped,synth_3500_high_protein,3500kcal / high protein,synthetic,lunch_only,3500.0,220.0,407.5,110.0,2209,239,106,92,-36.9,8.6,-74.0,-16.4,best_effort_lp,BEST_EFFORT_LP,relaxed,1.0,837.55,17,,,True,66.1,7.0
v2_shipped,synth_3500_high_protein,3500kcal / high protein,synthetic,dinner_only,3500.0,220.0,407.5,110.0,3526,187,412,126,0.7,-15.0,1.1,14.5,strict_relaxed_tol,0.1,strict,0.5,217.48,4,,,True,49.9,20.0
v2_shipped,synth_3500_high_protein,3500kcal / high protein,synthetic,lunch_snack,3500.0,220.0,407.5,110.0,2758,221,219,111,-21.2,0.5,-46.3,0.9,best_effort_lp,BEST_EFFORT_LP,relaxed,1.0,845.76,17,,,True,45.4,7.0
v2_shipped,synth_3500_extremely_high_protein,3500kcal / extremely high protein,synthetic,full_day,3500.0,286.0,341.5,110.0,3514,263,341,122,0.4,-8.0,-0.1,10.9,strict_tight,0.08,strict,1.0,73.78,1,,,True,29.7,10.0
v2_shipped,synth_3500_extremely_high_protein,3500kcal / extremely high protein,synthetic,lunch_snack_dinner,3500.0,286.0,341.5,110.0,3501,277,327,121,0.0,-3.1,-4.2,10.0,strict_tight,0.08,strict,1.0,53.11,1,,,True,35.8,10.0
v2_shipped,synth_3500_extremely_high_protein,3500kcal / extremely high protein,synthetic,lunch_dinner,3500.0,286.0,341.5,110.0,3494,261,348,118,-0.2,-8.7,1.9,7.3,strict_tight,0.08,strict,1.0,77.9,1,,,True,30.2,12.0
v2_shipped,synth_3500_extremely_high_protein,3500kcal / extremely high protein,synthetic,lunch_only,3500.0,286.0,341.5,110.0,2627,300,111,109,-24.9,4.9,-67.5,-0.9,best_effort_lp,BEST_EFFORT_LP,relaxed,1.0,847.42,17,,,True,71.5,9.0
v2_shipped,synth_3500_extremely_high_protein,3500kcal / extremely high protein,synthetic,dinner_only,3500.0,286.0,341.5,110.0,3013,158,340,113,-13.9,-44.8,-0.4,2.7,best_effort_lp,BEST_EFFORT_LP,relaxed,1.0,862.28,17,,,True,46.7,16.0
v2_shipped,synth_3500_extremely_high_protein,3500kcal / extremely high protein,synthetic,lunch_snack,3500.0,286.0,341.5,110.0,3292,281,253,128,-5.9,-1.7,-25.9,16.4,best_effort_lp,BEST_EFFORT_LP,relaxed,1.0,852.14,17,,,True,50.7,9.0
v2_shipped,synth_3500_low_fat,3500kcal / low fat,synthetic,full_day,3500.0,176.0,575.2,55.0,2383,167,244,82,-31.9,-5.1,-57.6,49.1,best_effort_lp,BEST_EFFORT_LP,relaxed,1.0,853.66,17,,,True,26.3,5.0
v2_shipped,synth_3500_low_fat,3500kcal / low fat,synthetic,lunch_snack_dinner,3500.0,176.0,575.2,55.0,2128,150,219,72,-39.2,-14.8,-61.9,30.9,best_effort_lp,BEST_EFFORT_LP,relaxed,1.0,837.9,17,,,True,29.4,5.0
v2_shipped,synth_3500_low_fat,3500kcal / low fat,synthetic,lunch_dinner,3500.0,176.0,575.2,55.0,2209,178,205,76,-36.9,1.1,-64.4,38.2,best_effort_lp,BEST_EFFORT_LP,relaxed,1.0,856.96,17,,,True,37.8,5.0
v2_shipped,synth_3500_low_fat,3500kcal / low fat,synthetic,lunch_only,3500.0,176.0,575.2,55.0,1516,167,92,53,-56.7,-5.1,-84.0,-3.6,best_effort_lp,BEST_EFFORT_LP,relaxed,1.0,899.6,17,,,True,68.8,5.0
v2_shipped,synth_3500_low_fat,3500kcal / low fat,synthetic,dinner_only,3500.0,176.0,575.2,55.0,3142,148,416,99,-10.2,-15.9,-27.7,80.0,best_effort_lp,BEST_EFFORT_LP,relaxed,1.0,827.64,17,,,True,56.0,20.0
v2_shipped,synth_3500_low_fat,3500kcal / low fat,synthetic,lunch_snack,3500.0,176.0,575.2,55.0,1644,170,109,59,-53.0,-3.4,-81.1,7.3,best_effort_lp,BEST_EFFORT_LP,relaxed,1.0,959.34,17,,,True,63.5,5.0
v2_shipped,synth_3500_extremely_low_fat,3500kcal / extremely low fat,synthetic,full_day,3500.0,176.0,637.1,27.5,1339,81,136,52,-61.7,-54.0,-78.7,89.1,best_effort_lp,BEST_EFFORT_LP,relaxed,1.0,1212.87,17,,,True,15.6,2.0
v2_shipped,synth_3500_extremely_low_fat,3500kcal / extremely low fat,synthetic,lunch_snack_dinner,3500.0,176.0,637.1,27.5,1084,64,111,43,-69.0,-63.6,-82.6,56.4,best_effort_lp,BEST_EFFORT_LP,relaxed,1.0,1039.25,17,,,True,19.3,2.0
v2_shipped,synth_3500_extremely_low_fat,3500kcal / extremely low fat,synthetic,lunch_dinner,3500.0,176.0,637.1,27.5,956,61,94,37,-72.7,-65.3,-85.2,34.5,best_effort_lp,BEST_EFFORT_LP,relaxed,1.0,935.42,17,,,True,21.8,2.0
v2_shipped,synth_3500_extremely_low_fat,3500kcal / extremely low fat,synthetic,lunch_only,3500.0,176.0,637.1,27.5,785,73,63,27,-77.6,-58.5,-90.1,-1.8,best_effort_lp,BEST_EFFORT_LP,relaxed,1.0,995.19,17,,,True,53.1,2.0
v2_shipped,synth_3500_extremely_low_fat,3500kcal / extremely low fat,synthetic,dinner_only,3500.0,176.0,637.1,27.5,901,41,115,31,-74.3,-76.7,-81.9,12.7,best_effort_lp,BEST_EFFORT_LP,relaxed,1.0,973.94,17,,,True,48.8,5.0
v2_shipped,synth_3500_extremely_low_fat,3500kcal / extremely low fat,synthetic,lunch_snack,3500.0,176.0,637.1,27.5,913,75,80,32,-73.9,-57.4,-87.4,16.4,best_effort_lp,BEST_EFFORT_LP,relaxed,1.0,1031.51,17,,,True,45.7,2.0
v2_shipped,synth_3500_high_fat,3500kcal / high fat,synthetic,full_day,3500.0,176.0,303.0,176.0,3589,215,321,161,2.5,22.2,5.9,-8.5,strict_relaxed_tol,0.1,strict,0.5,329.01,4,,,True,24.9,7.0
v2_shipped,synth_3500_high_fat,3500kcal / high fat,synthetic,lunch_snack_dinner,3500.0,176.0,303.0,176.0,3484,223,294,158,-0.5,26.7,-3.0,-10.2,strict_relaxed_tol,0.15,strict,1.0,376.84,5,,,True,26.4,6.0
v2_shipped,synth_3500_high_fat,3500kcal / high fat,synthetic,lunch_dinner,3500.0,176.0,303.0,176.0,3023,195,312,111,-13.6,10.8,3.0,-36.9,best_effort_lp,BEST_EFFORT_LP,relaxed,1.0,974.78,17,,,True,29.1,10.0
v2_shipped,synth_3500_high_fat,3500kcal / high fat,synthetic,lunch_only,3500.0,176.0,303.0,176.0,1792,178,102,75,-48.8,1.1,-66.3,-57.4,best_effort_lp,BEST_EFFORT_LP,relaxed,1.0,1005.27,17,,,True,58.2,5.0
v2_shipped,synth_3500_high_fat,3500kcal / high fat,synthetic,dinner_only,3500.0,176.0,303.0,176.0,3346,209,272,159,-4.4,18.8,-10.2,-9.7,strict_tight,0.08,strict,0.5,175.1,2,,,True,59.7,13.0
v2_shipped,synth_3500_high_fat,3500kcal / high fat,synthetic,lunch_snack,3500.0,176.0,303.0,176.0,2687,197,221,113,-23.2,11.9,-27.1,-35.8,best_effort_lp,BEST_EFFORT_LP,relaxed,1.0,1029.53,17,,,True,38.8,7.0
v2_shipped,synth_3500_extremely_high_fat,3500kcal / extremely high fat,synthetic,full_day,3500.0,176.0,154.5,242.0,2394,174,156,120,-31.6,-1.1,1.0,-50.4,best_effort_lp,BEST_EFFORT_LP,relaxed,1.0,1112.07,17,,,True,32.1,5.0
v2_shipped,synth_3500_extremely_high_fat,3500kcal / extremely high fat,synthetic,lunch_snack_dinner,3500.0,176.0,154.5,242.0,2355,176,158,113,-32.7,0.0,2.3,-53.3,best_effort_lp,BEST_EFFORT_LP,relaxed,1.0,993.17,17,,,True,26.6,4.0
v2_shipped,synth_3500_extremely_high_fat,3500kcal / extremely high fat,synthetic,lunch_dinner,3500.0,176.0,154.5,242.0,2303,179,152,108,-34.2,1.7,-1.6,-55.4,best_effort_lp,BEST_EFFORT_LP,relaxed,1.0,1080.65,17,,,True,27.2,4.0
v2_shipped,synth_3500_extremely_high_fat,3500kcal / extremely high fat,synthetic,lunch_only,3500.0,176.0,154.5,242.0,1792,178,102,75,-48.8,1.1,-34.0,-69.0,best_effort_lp,BEST_EFFORT_LP,relaxed,1.0,984.83,17,,,True,58.2,5.0
v2_shipped,synth_3500_extremely_high_fat,3500kcal / extremely high fat,synthetic,dinner_only,3500.0,176.0,154.5,242.0,2663,185,149,148,-23.9,5.1,-3.6,-38.8,best_effort_lp,BEST_EFFORT_LP,relaxed,1.0,1130.11,17,,,True,69.2,12.0
v2_shipped,synth_3500_extremely_high_fat,3500kcal / extremely high fat,synthetic,lunch_snack,3500.0,176.0,154.5,242.0,2212,182,156,96,-36.8,3.4,1.0,-60.3,best_effort_lp,BEST_EFFORT_LP,relaxed,1.0,1013.99,17,,,True,47.2,6.0
v2_shipped,synth_3500_low_carbs,3500kcal / low carbs,synthetic,full_day,3500.0,220.0,308.5,154.0,3465,219,309,151,-1.0,-0.5,0.2,-1.9,strict_tight,0.08,strict,1.0,108.56,1,,,True,22.1,6.0
v2_shipped,synth_3500_low_carbs,3500kcal / low carbs,synthetic,lunch_snack_dinner,3500.0,220.0,308.5,154.0,3519,223,313,153,0.5,1.4,1.5,-0.6,strict_tight,0.08,strict,1.0,97.18,1,,,True,26.2,6.0
v2_shipped,synth_3500_low_carbs,3500kcal / low carbs,synthetic,lunch_dinner,3500.0,220.0,308.5,154.0,3539,252,316,141,1.1,14.5,2.4,-8.4,strict_tight,0.08,strict,1.0,83.42,1,,,True,26.0,10.0
v2_shipped,synth_3500_low_carbs,3500kcal / low carbs,synthetic,lunch_only,3500.0,220.0,308.5,154.0,2209,239,106,92,-36.9,8.6,-65.6,-40.3,best_effort_lp,BEST_EFFORT_LP,relaxed,1.0,1030.65,17,,,True,66.1,7.0
v2_shipped,synth_3500_low_carbs,3500kcal / low carbs,synthetic,dinner_only,3500.0,220.0,308.5,154.0,3536,220,303,160,1.0,0.0,-1.8,3.9,strict_tight,0.08,strict,1.0,53.94,1,,,True,60.8,14.0
v2_shipped,synth_3500_low_carbs,3500kcal / low carbs,synthetic,lunch_snack,3500.0,220.0,308.5,154.0,3360,262,260,141,-4.0,19.1,-15.7,-8.4,relaxed_culinary,0.2,relaxed,1.0,773.34,15,,,True,43.5,9.0
v2_shipped,synth_3500_extremely_low_carbs,3500kcal / extremely low carbs,synthetic,full_day,3500.0,264.0,165.5,198.0,3508,287,188,179,0.2,8.7,13.6,-9.6,strict_tight,0.08,strict,1.0,97.95,1,,,True,30.6,7.0
v2_shipped,synth_3500_extremely_low_carbs,3500kcal / extremely low carbs,synthetic,lunch_snack_dinner,3500.0,264.0,165.5,198.0,3470,289,177,179,-0.9,9.5,6.9,-9.6,strict_tight,0.08,strict,1.0,95.3,1,,,True,31.0,7.0
v2_shipped,synth_3500_extremely_low_carbs,3500kcal / extremely low carbs,synthetic,lunch_dinner,3500.0,264.0,165.5,198.0,3478,296,167,181,-0.6,12.1,0.9,-8.6,strict_tight,0.08,strict,0.5,158.69,2,,,True,39.7,9.0
v2_shipped,synth_3500_extremely_low_carbs,3500kcal / extremely low carbs,synthetic,lunch_only,3500.0,264.0,165.5,198.0,2418,269,109,101,-30.9,1.9,-34.1,-49.0,best_effort_lp,BEST_EFFORT_LP,relaxed,1.0,885.0,17,,,True,69.0,8.0
v2_shipped,synth_3500_extremely_low_carbs,3500kcal / extremely low carbs,synthetic,dinner_only,3500.0,264.0,165.5,198.0,3449,252,171,195,-1.5,-4.5,3.3,-1.5,strict_tight,0.08,strict,1.0,56.59,1,,,True,75.7,17.0
v2_shipped,synth_3500_extremely_low_carbs,3500kcal / extremely low carbs,synthetic,lunch_snack,3500.0,264.0,165.5,198.0,2976,278,168,132,-15.0,5.3,1.5,-33.3,best_effort_lp,BEST_EFFORT_LP,relaxed,1.0,878.82,17,,,True,56.1,8.0
v2_shipped,synth_3500_high_carbs,3500kcal / high carbs,synthetic,full_day,3500.0,132.0,594.5,66.0,2069,133,220,73,-40.9,0.8,-63.0,10.6,best_effort_lp,BEST_EFFORT_LP,relaxed,1.0,850.07,17,,,True,21.3,5.0
v2_shipped,synth_3500_high_carbs,3500kcal / high carbs,synthetic,lunch_snack_dinner,3500.0,132.0,594.5,66.0,2144,133,236,74,-38.7,0.8,-60.3,12.1,best_effort_lp,BEST_EFFORT_LP,relaxed,1.0,849.96,17,,,True,28.7,7.0
v2_shipped,synth_3500_high_carbs,3500kcal / high carbs,synthetic,lunch_dinner,3500.0,132.0,594.5,66.0,2016,131,218,69,-42.4,-0.8,-63.3,4.5,best_effort_lp,BEST_EFFORT_LP,relaxed,1.0,833.43,17,,,True,30.5,7.0
v2_shipped,synth_3500_high_carbs,3500kcal / high carbs,synthetic,lunch_only,3500.0,132.0,594.5,66.0,1514,145,97,61,-56.7,9.8,-83.7,-7.6,best_effort_lp,BEST_EFFORT_LP,relaxed,1.0,827.97,17,,,True,55.1,4.0
v2_shipped,synth_3500_high_carbs,3500kcal / high carbs,synthetic,dinner_only,3500.0,132.0,594.5,66.0,2725,129,356,87,-22.1,-2.3,-40.1,31.8,best_effort_lp,BEST_EFFORT_LP,relaxed,1.0,815.76,17,,,True,54.9,17.0
v2_shipped,synth_3500_high_carbs,3500kcal / high carbs,synthetic,lunch_snack,3500.0,132.0,594.5,66.0,1748,123,160,68,-50.1,-6.8,-73.1,3.0,best_effort_lp,BEST_EFFORT_LP,relaxed,1.0,833.66,17,,,True,35.8,4.0
v2_shipped,synth_3500_extremely_high_carbs,3500kcal / extremely high carbs,synthetic,full_day,3500.0,99.0,689.4,38.5,1466,96,143,57,-58.1,-3.0,-79.3,48.1,best_effort_lp,BEST_EFFORT_LP,relaxed,1.0,889.9,17,,,True,17.4,2.0
v2_shipped,synth_3500_extremely_high_carbs,3500kcal / extremely high carbs,synthetic,lunch_snack_dinner,3500.0,99.0,689.4,38.5,1292,94,113,51,-63.1,-5.1,-83.6,32.5,best_effort_lp,BEST_EFFORT_LP,relaxed,1.0,872.63,17,,,True,32.3,2.0
v2_shipped,synth_3500_extremely_high_carbs,3500kcal / extremely high carbs,synthetic,lunch_dinner,3500.0,99.0,689.4,38.5,1164,92,96,46,-66.7,-7.1,-86.1,19.5,best_effort_lp,BEST_EFFORT_LP,relaxed,1.0,837.21,17,,,True,35.8,2.0
v2_shipped,synth_3500_extremely_high_carbs,3500kcal / extremely high carbs,synthetic,lunch_only,3500.0,99.0,689.4,38.5,1099,106,87,36,-68.6,7.1,-87.4,-6.5,best_effort_lp,BEST_EFFORT_LP,relaxed,1.0,824.08,17,,,True,57.0,3.0
v2_shipped,synth_3500_extremely_high_carbs,3500kcal / extremely high carbs,synthetic,dinner_only,3500.0,99.0,689.4,38.5,1648,77,215,54,-52.9,-22.2,-68.8,40.3,best_effort_lp,BEST_EFFORT_LP,relaxed,1.0,854.8,17,,,True,53.4,10.0
v2_shipped,synth_3500_extremely_high_carbs,3500kcal / extremely high carbs,synthetic,lunch_snack,3500.0,99.0,689.4,38.5,1017,102,61,40,-70.9,3.0,-91.2,3.9,best_effort_lp,BEST_EFFORT_LP,relaxed,1.0,818.08,17,,,True,61.5,3.0
